<?xml version="1.0" encoding="utf-8" standalone="no" ?>
<GUI onOpen="onOpen" onClose="onClose">
	
	<GuiElement type="empty" id="settingTemplate">
		<!-- Group title -->
		<GuiElement type="text" profile="ingameMenuAIParameterGroupTitle" name="title"/>
		<GuiElement type="cpOptionToggle" profile="ingameMenuJobTypeOption" name="element" onClick="onClickCpMultiTextOption">
			<GuiElement type="button" profile="multiTextOptionLeft" />
			<GuiElement type="button" profile="multiTextOptionRight" />
			<GuiElement type="text"   profile="multiTextOptionText" />
			<GuiElement type="bitmap" profile="multiTextOptionBg" />
		</GuiElement>
	</GuiElement>
	<GuiElement type="boxLayout" profile="cpControllerGuiLayout" id="layout">

	</GuiElement>
<!--	<GuiElement type="flowLayout" profile="buttonBoxDockedOnScreen" id="bottomButtons" size="316px 48px"> -->
	<GuiElement type="button" profile="buttonBack" text="$l10n_button_back" onClick="onClickBack" id="backButton" margin="0px 5px 0px 5px"/>
	<GuiElement type="button" profile="buttonOK" text="$l10n_button_ok" onClick="onClickOk" id="startButton"  margin="0px 5px 0px 5px"/>
	<GuiElement type="button" profile="buttonActivate" text="$l10n_button_ok" onClick="onClickRecord" id="recordButton"  margin="0px 5px 0px 5px"/>
	<GuiElement type="button" profile="buttonExtra1" text="$l10n_button_ok" onClick="onClickClearCourse" id="clearButton"  margin="0px 5px 0px 5px"/>
<!-- 	</GuiElement> -->
</GUI>
