﻿<?xml version="1.0" encoding="utf-8" standalone="no"?>
<GUI onOpen="onOpen" onClose="onClose" onCreate="onCreate">
    <Bitmap profile="fs25_fullScreenBackground" id="background" />
    <Paging profile="uiInGameMenuPaging" onPageChange="onPageChange" onPageUpdate="onPageUpdate"
        id="pagingElement">
        <FrameReference ref="cpInGameMenuGlobalSettings" name="cpInGameMenuGlobalSettings" id="pageGlobalSettings" />
        <FrameReference ref="cpInGameMenuVehicleSettings" name="cpInGameMenuVehicleSettings" id="pageVehicleSettings" />
        <FrameReference ref="cpInGameMenuCourseGenerator" name="cpInGameMenuCourseGenerator" id="pageCourseGenerator" />
        <FrameReference ref="cpInGameMenuCourseManager" name="cpInGameMenuCourseManager" id="pageCourseManager"/>
        <FrameReference ref="cpInGameMenuConstruction" name="cpInGameMenuConstruction" id="pageConstruction"/>
        <FrameReference ref="cpInGameMenuHelpLine" name="cpInGameMenuHelpLine" id="pageHelpLine"/>
    </Paging>
    <Bitmap profile="fs25_tabListContainer" id="header">
        <MultiTextOption profile="uiInGameMenuHeaderSelector" onClick="onClickPageSelection"
            id="pageSelector" soundDisabled="true" />
        <SmoothList profile="fs25_tabList" id="pagingTabList"
            onSelectionChanged="onTabMenuSelectionChanged" onScroll="onTabMenuScroll">
            <ListItem profile="fs25_tabListItem">
                <Button profile="fs25_tabListItemButton" name="tabButton" soundDisabled="true" />
                <Bitmap profile="fs25_tabListItemSeparator" />
                <Bitmap profile="fs25_tabListItemSeparatorBottom" />
            </ListItem>
        </SmoothList>
    </Bitmap>
    <BoxLayout profile="fs25_buttonBox" id="buttonsPanel">
        <Button profile="buttonBack" onClick="onClickBack" id="menuButton[1]">
            <Bitmap profile="fs25_buttonBoxSeparator" name="separator" />
        </Button>
        <Button profile="buttonBack" onClick="onClickBack" id="menuButton[2]">
            <Bitmap profile="fs25_buttonBoxSeparator" name="separator" />
        </Button>
        <Button profile="buttonBack" onClick="onClickBack" id="menuButton[3]">
            <Bitmap profile="fs25_buttonBoxSeparator" name="separator" />
        </Button>
        <Button profile="buttonBack" onClick="onClickBack" id="menuButton[4]">
            <Bitmap profile="fs25_buttonBoxSeparator" name="separator" />
        </Button>
        <Button profile="buttonBack" onClick="onClickBack" id="menuButton[5]">
            <Bitmap profile="fs25_buttonBoxSeparator" name="separator" />
        </Button>
        <Button profile="buttonBack" onClick="onClickBack" id="menuButton[6]">
            <Bitmap profile="fs25_buttonBoxSeparator" name="separator" />
        </Button>
        <Button profile="buttonBack" onClick="onClickBack" id="menuButton[7]">
            <Bitmap profile="fs25_buttonBoxSeparator" name="separator" />
        </Button>
    </BoxLayout>
    <GUIProfiles>

    </GUIProfiles>
</GUI>