<?xml version="1.0" encoding="UTF-8"?>


<!-- 
	All the course generator settings can be setup here.
	For documentation look up the CpSettingUtil.lua.
-->

<Settings prefixText="CP_vehicle_courseGeneratorSetting_">
	<!--Basic settings-->
	<SettingSubTitle title="basic">
		<Setting classType="AIParameterSettingList" name="workWidth" min="0.5" max="57" incremental="0.1" unit="2" setDefault="setAutomaticWorkWidthAndOffset" onChangeCallback="cpShowWorkWidth" isVisible="isWorkWidthSettingVisible"/>
		<Setting classType="AIParameterSettingList" name="multiTools" min="1" max="5" default="1" isExpertModeOnly="true"/>
		<Setting classType="AIParameterBooleanSetting" name="useSameTurnWidth" isVisible="hasMoreThenOneVehicle" isExpertModeOnly="true"/>
		<Setting classType="AIParameterSettingList" name="fieldMargin" min="-5" max="6" default="0" incremental="0.2" isExpertModeOnly="true"/>
		<Setting classType="AIParameterSettingList" name="numberOfHeadlands" min="0" max="40"/>
		<Setting classType="AIParameterBooleanSetting" name="narrowField" defaultBool="false" isVisible="isNarrowFieldEnabled" isExpertModeOnly="true"/>
		<Setting classType="AIParameterBooleanSetting" name="startOnHeadland" defaultBool="true" isVisible="canStartOnRows">
			<Texts>
				<Text>up_down_rows</Text>
				<Text>on_headland</Text>
			</Texts>
		</Setting>
	</SettingSubTitle>
	<!-- Only active with one or more headlands -->
	<!--Headland settings-->
	<SettingSubTitle title="headland" isVisible="hasHeadlandsSelected">	
		<Setting classType="AIParameterBooleanSetting" name="sharpenCorners" defaultBool="true"/>
		<Setting classType="AIParameterSettingList" name="headlandsWithRoundCorners" min="0" max="50" default="1"/>
		<Setting classType="AIParameterSettingList" name="turningRadius" min="5" max="12" setDefault="setDefaultTurningRadius"/>
		<Setting classType="AIParameterBooleanSetting" name="headlandClockwise" defaultBool="true">
			<Texts>
				<Text>counterclockwise</Text>
				<Text>clockwise</Text>
			</Texts>
		</Setting>
		<Setting classType="AIParameterSettingList" name="headlandOverlapPercent" min="0" max="25" default="7" unit="4" isExpertModeOnly="true"/>		
	</SettingSubTitle>
	<!--Center settings-->
	<SettingSubTitle title="center">
		<Setting classType="AIParameterSettingList" name="centerMode">
			<Values>
				<!-- These must match CourseGenerator.RowPattern.* constants -->
				<Value name="ROW_PATTERN_ALTERNATING">1</Value>
				<Value name="ROW_PATTERN_SPIRAL">3</Value>
				<Value name="ROW_PATTERN_LANDS">4</Value>
				<Value name="ROW_PATTERN_RACETRACK">5</Value>
			</Values>
			<Texts>
				<Text>up_down</Text>
				<Text>spiral</Text>
				<Text>lands</Text>
				<Text>circular</Text>
			</Texts>
		</Setting>
		<Setting classType="AIParameterBooleanSetting" name="centerClockwise" defaultBool="false">
			<Texts>
				<Text>counterclockwise</Text>
				<Text>clockwise</Text>
			</Texts>
		</Setting>
		<Setting classType="AIParameterBooleanSetting" name="evenRowWidth" defaultBool="false"/>
		<Setting classType="AIParameterBooleanSetting" name="useBaseLineEdge" defaultBool="false" isExpertModeOnly="true"/>
		<Setting classType="AIParameterBooleanSetting" name="autoRowAngle" defaultBool="true">
			<Texts>
				<Text>manual</Text>
				<Text>automatic</Text>
			</Texts>
		</Setting>
		<Setting classType="AIParameterSettingList" name="manualRowAngleDeg" min="0" max="175" incremental="5" unit="5" isVisible="isManualRowAngleVisible"/>
		<Setting classType="AIParameterSettingList" name="rowsToSkip" min="0" max="6" isVisible="isRowsToSkipVisible"/>
		<Setting classType="AIParameterSettingList" name="numberOfCircles" min="1" max="12" default="2" isVisible="isNumberOfCirclesVisible"/>
		<Setting classType="AIParameterSettingList" name="rowsPerLand" min="2" max="24" default="6" isVisible="isRowsPerLandVisible"/>
		<Setting classType="AIParameterBooleanSetting" name="spiralFromInside" defaultBool="false" isVisible="isSpiralFromInsideVisible"/>
	</SettingSubTitle>
	<!--Island settings-->
	<SettingSubTitle title="island">
		<Setting classType="AIParameterBooleanSetting" name="bypassIslands" defaultBool="true"/>
		<Setting classType="AIParameterSettingList" name="nIslandHeadlands" min="1" max="10" default="1"/>
		<Setting classType="AIParameterBooleanSetting" name="islandHeadlandClockwise" defaultBool="true">
			<Texts>
				<Text>counterclockwise</Text>
				<Text>clockwise</Text>
			</Texts>
		</Setting>
	</SettingSubTitle>
</Settings>
