<?xml version="1.0" encoding="UTF-8"?>
<Category>
	<Tab name="basic" iconSliceId="cpIconSprite.circle">
		<Brush name="move" class="CpBrushMoveWP" iconSliceId="cpUi.editorMove"/>
		<Brush name="insert" class="CpBrushInsertWP" iconSliceId="cpUi.editorInsert"/>
		<Brush name="delete" class="CpBrushDeleteWP" iconSliceId="cpUi.trashcan"/>
	</Tab>
	<!-- 
	<Tab name="changeAttributes" iconFilename="img/iconSprite.dds"  refSize="256 512" iconUVs="0 366px 28px 28px">
		<Brush name="changeHeadland" class="CpBrushChangeHeadlandWP" iconFilename="img/iconSprite.dds" refSize="256 512" iconUVs="0 366px 28px 28px"/>
		<Brush name="changeRowNumber" class="CpBrushChangeRowNumberWP" iconFilename="img/iconSprite.dds" refSize="256 512" iconUVs="0 366px 28px 28px"/>
		<Brush name="changeConnectingPath" class="CpBrushChangeConnectingPathWP" iconFilename="img/iconSprite.dds" refSize="256 512" iconUVs="0 366px 28px 28px"/>
	</Tab>
-->
	<Tab name="advanced" iconSliceId="cpIconSprite.circle">
		<Brush name="changeTurn" class="CpBrushChangeTurnWP" iconSliceId="cpUi.editorChangeTurn" isCourseOnly="true"/>
		<Brush name="moveExtended" class="CpBrushAdvancedMoveWP" iconSliceId="cpUi.editorAdvancedMove"/>
		<Brush name="curveInsert" class="CpBrushCurveInsertWP" iconSliceId="cpUi.editorAdvancedInsert"/>
	</Tab>
</Category>
