<?xml version="1.0" encoding="UTF-8"?>
<!-- 
	All info texts need to be placed here.
	 
	name: The name for the info text to call it in the lua scripts.
	text: The button text shown.

	optional: 
		hasFinished: Called when the driver has finished.
		event: Event called, when the info text is activated.
		aiMessageClass: string reference to a giants ai message.
		isOnlyShownOnPlayerStart: disables the message in the info panel, but enables start notification.

	The priority is from top to bottom, which makes the first the highest priority in the hud.
-->

<InfoTexts prefix="CP_infoTexts_">
	<InfoText name="ERROR_STOPPED"							text="errorStopped" class="AIMessageCpError"/>
	<InfoText name="ERROR_NO_PATH_FOUND"					text="errorNoPathFound" class="AIMessageCpErrorNoPathFound"/>
	<InfoText name="ERROR_GROUND_UNLOAD_NOT_SUPPORTED"		text="errorGroundUnloadNotSupported" class="AIMessageErrorGroundUnloadNotSupported"/>
	<InfoText name="ERROR_CUTTER_NOT_SUPPORTED"				text="errorCutterNotSupported" class="AIMessageErrorCutterNotSupported"/>
	<InfoText name="ERROR_AUTOMATIC_CUTTER_ATTACH_DISABLED" text="errorAutomaticCutterAttachNotActive" class="AIMessageErrorAutomaticCutterAttachNotActive" isOnlyShownOnPlayerStart="true"/>
	<InfoText name="ERROR_WRONG_SEASON"						text="errorWrongSeason" class="AIMessageErrorWrongSeason"/>
	<InfoText name="ERROR_WRONG_MISSION_FRUIT_TYPE" 		text="errorWrongMissionFruitType" class="AIMessageErrorWrongMissionFruitType"/>
	<InfoText name="ERROR_PALLETS_ARE_FULL" 				text="errorPalletsAreFull" class="pdlc_premiumExpansion.AIMessageErrorPalletsFull"/>
	<InfoText name="ERROR_PALLETS_ARE_EMPTY" 				text="errorPalletsAreEmpty" class="pdlc_premiumExpansion.AIMessageErrorNoPalletsLoaded"/>
	<InfoText name="ERROR_TOO_FAR_FROM_FIELD"				text="errorTooFarFromField" class="AIMessageErrorTooFarFromField"/>

	<InfoText name="IS_STUCK"								text="isStuck"/>
	<InfoText name="BLOCKED_BY_OBJECT"  					text="blockedByObject" class="AIMessageErrorBlockedByObject"/>

	<InfoText name="OUT_OF_MONEY"							text="outOfMoney"	  class="AIMessageErrorOutOfMoney"/>
	<InfoText name="WRONG_BALE_WRAP_TYPE"					text="wrongBaleWrapType" class="AIMessageErrorWrongBaleWrapType"/>
	<InfoText name="FUEL_IS_EMPTY"  						text="needsFuel"      hasFinished="true" event="onCpFuelEmpty" class="AIMessageErrorOutOfFuel"/>
	<InfoText name="IS_COMPLETELY_BROKEN"  					text="needsRepair"    hasFinished="true" event="onCpBroken" class="AIMessageErrorVehicleBroken"/>
	<InfoText name="NEEDS_FILLING"  						text="needsFilling"   hasFinished="true" event="onCpEmpty" class="AIMessageErrorOutOfFill"/>
	<InfoText name="NEEDS_UNLOADING"  						text="needsUnloading" hasFinished="true" event="onCpFull" class="AIMessageErrorIsFull"/>
	<InfoText name="FUEL_IS_LOW"							text="shouldRefuel"/>
	<InfoText name="WAITING_FOR_RAIN_TO_FINISH" 			text="waitForRainToFinish"/>
	<InfoText name="WAITING_FOR_SNOW_TO_CLEAR" 				text="waitForSnowToClear"/>
	<InfoText name="WAITING_FOR_UNLOADER" 					text="waitForUnloader"/>
	<InfoText name="WORK_FINISHED"							text="workFinished"   hasFinished="true" event="onCpFinished" class="AIMessageSuccessFinishedJob"/>
	<InfoText name="DRIVING_TO_COMBINE"						text="drivingToCombine"/>
	<InfoText name="DRIVING_TO_SELF_UNLOAD"					text="drivingToSelfUnload"/>
	<InfoText name="WAITING_FOR_FIELD_BOUNDARY_DETECTION"	text="waitingForFieldBoundaryDetection"/>
</InfoTexts>