<?xml version="1.0" encoding="utf-8" standalone="no" ?>
<GUI name="autoDriveCombineUnloadSettings">
	<GuiElement profile="fs25_menuContainer">
		<GuiElement profile="fs25_menuHeaderPanel">
			<Bitmap profile="fs25_menuHeaderIconBg">
				<Bitmap profile="fs25_menuHeaderIcon" imageSliceId="ad_gui.combine"/>
			</Bitmap>
			<Text profile="fs25_menuHeaderTitle" text="$l10n_gui_ad_combineUnloadSettingsPage_title"/>
		</GuiElement>

		<ScrollingLayout profile="fs25_settingsLayout" id="boxLayout">
			<Bitmap profile="fs25_multiTextOptionContainer" onCreate="onCreateAutoDriveSettingRow">
				<MultiTextOption profile="fs25_settingsMultiTextOption" onClick="onOptionChange" onCreate="onCreateAutoDriveSetting" name="preCallLevel" id="preCallLevel">
					<Text profile="fs25_multiTextOptionTooltip" name="ignore" text="$l10n_gui_ad_preCallLevel_tooltip"/>
				</MultiTextOption>
				<Text profile="fs25_settingsMultiTextOptionTitle" text="$l10n_gui_ad_preCallLevel"/>
			</Bitmap>
			<Bitmap profile="fs25_multiTextOptionContainer" onCreate="onCreateAutoDriveSettingRow">
				<BinaryOption profile="fs25_settingsBinaryOption" onClick="onOptionChange" onCreate="onCreateAutoDriveSetting" name="callSecondUnloader" id="callSecondUnloader">
					<Text profile="fs25_multiTextOptionTooltip" name="ignore" text="$l10n_gui_ad_callSecondUnloader_tooltip"/>
				</BinaryOption>
				<Text profile="fs25_settingsMultiTextOptionTitle" text="$l10n_gui_ad_callSecondUnloader"/>
			</Bitmap>
			<Bitmap profile="fs25_multiTextOptionContainer" onCreate="onCreateAutoDriveSettingRow">
				<BinaryOption profile="fs25_settingsBinaryOption" onClick="onOptionChange" onCreate="onCreateAutoDriveSetting" name="activeUnloading" id="activeUnloading">
					<Text profile="fs25_multiTextOptionTooltip" name="ignore" text="$l10n_gui_ad_activeUnloading_tooltip"/>
				</BinaryOption>
				<Text profile="fs25_settingsMultiTextOptionTitle" text="$l10n_gui_ad_activeUnloading"/>
			</Bitmap>
		</ScrollingLayout>
	</GuiElement>
	<ThreePartBitmap profile="fs25_sliderDockedBg">
		<ThreePartBitmap profile="fs25_sliderDockedBox">
			<Slider profile="fs25_helpLineSlider" dataElementId="boxLayout"/>
		</ThreePartBitmap>
	</ThreePartBitmap>
</GUI>