<?xml version="1.0" encoding="utf-8" standalone="no" ?>
<GUI name="autoDriveDebugSettings">
	<GuiElement profile="fs25_menuContainer">
		<GuiElement profile="fs25_menuHeaderPanel">
			<Bitmap profile="fs25_menuHeaderIconBg">
				<Bitmap profile="fs25_menuHeaderIcon" imageSliceId="ad_gui.settings_debug"/>
			</Bitmap>
			<Text profile="fs25_menuHeaderTitle" text="$l10n_gui_ad_debugSettingsPage_title"/>
		</GuiElement>

		<ScrollingLayout profile="fs25_settingsLayout" id="boxLayout">
			<Bitmap profile="fs25_multiTextOptionContainer" onCreate="onCreateAutoDriveDebugSettingRow" onCreateArgs="1">
				<BinaryOption profile="fs25_settingsBinaryOption" onClick="onClickDebug" id="ad_debugChannelVehicle">
					<Text profile="fs25_multiTextOptionTooltip" name="ignore" text="$l10n_gui_ad_debugChannelVehicle"/>
				</BinaryOption>
				<Text profile="fs25_settingsMultiTextOptionTitle" text="$l10n_gui_ad_debugChannelVehicle"/>
			</Bitmap>
			<Bitmap profile="fs25_multiTextOptionContainer" onCreate="onCreateAutoDriveDebugSettingRow" onCreateArgs="2">
				<BinaryOption profile="fs25_settingsBinaryOption" onClick="onClickDebug" id="ad_debugChannelCombine">
					<Text profile="fs25_multiTextOptionTooltip" name="ignore" text="$l10n_gui_ad_debugChannelCombine"/>
				</BinaryOption>
				<Text profile="fs25_settingsMultiTextOptionTitle" text="$l10n_gui_ad_debugChannelCombine"/>
			</Bitmap>
			<Bitmap profile="fs25_multiTextOptionContainer" onCreate="onCreateAutoDriveDebugSettingRow" onCreateArgs="4">
				<BinaryOption profile="fs25_settingsBinaryOption" onClick="onClickDebug" id="ad_debugChannelTrailer">
					<Text profile="fs25_multiTextOptionTooltip" name="ignore" text="$l10n_gui_ad_debugChannelTrailer"/>
				</BinaryOption>
				<Text profile="fs25_settingsMultiTextOptionTitle" text="$l10n_gui_ad_debugChannelTrailer"/>
			</Bitmap>
			<Bitmap profile="fs25_multiTextOptionContainer" onCreate="onCreateAutoDriveDebugSettingRow" onCreateArgs="8">
				<BinaryOption profile="fs25_settingsBinaryOption" onClick="onClickDebug" id="ad_debugChannelDev">
					<Text profile="fs25_multiTextOptionTooltip" name="ignore" text="$l10n_gui_ad_debugChannelDev"/>
				</BinaryOption>
				<Text profile="fs25_settingsMultiTextOptionTitle" text="$l10n_gui_ad_debugChannelDev"/>
			</Bitmap>
			<Bitmap profile="fs25_multiTextOptionContainer" onCreate="onCreateAutoDriveDebugSettingRow" onCreateArgs="16">
				<BinaryOption profile="fs25_settingsBinaryOption" onClick="onClickDebug" id="ad_debugChannelPath">
					<Text profile="fs25_multiTextOptionTooltip" name="ignore" text="$l10n_gui_ad_debugChannelPath"/>
				</BinaryOption>
				<Text profile="fs25_settingsMultiTextOptionTitle" text="$l10n_gui_ad_debugChannelPath"/>
			</Bitmap>
			<Bitmap profile="fs25_multiTextOptionContainer" onCreate="onCreateAutoDriveDebugSettingRow" onCreateArgs="32">
				<BinaryOption profile="fs25_settingsBinaryOption" onClick="onClickDebug" id="ad_debugChannelSensor">
					<Text profile="fs25_multiTextOptionTooltip" name="ignore" text="$l10n_gui_ad_debugChannelSensor"/>
				</BinaryOption>
				<Text profile="fs25_settingsMultiTextOptionTitle" text="$l10n_gui_ad_debugChannelSensor"/>
			</Bitmap>
			<Bitmap profile="fs25_multiTextOptionContainer" onCreate="onCreateAutoDriveDebugSettingRow" onCreateArgs="64">
				<BinaryOption profile="fs25_settingsBinaryOption" onClick="onClickDebug" id="ad_debugChannelNetwork">
					<Text profile="fs25_multiTextOptionTooltip" name="ignore" text="$l10n_gui_ad_debugChannelNetwork"/>
				</BinaryOption>
				<Text profile="fs25_settingsMultiTextOptionTitle" text="$l10n_gui_ad_debugChannelNetwork"/>
			</Bitmap>
			<Bitmap profile="fs25_multiTextOptionContainer" onCreate="onCreateAutoDriveDebugSettingRow" onCreateArgs="128">
				<BinaryOption profile="fs25_settingsBinaryOption" onClick="onClickDebug" id="ad_debugChannelExternalInterface">
					<Text profile="fs25_multiTextOptionTooltip" name="ignore" text="$l10n_gui_ad_debugChannelExternalInterface"/>
				</BinaryOption>
				<Text profile="fs25_settingsMultiTextOptionTitle" text="$l10n_gui_ad_debugChannelExternalInterface"/>
			</Bitmap>
			<Bitmap profile="fs25_multiTextOptionContainer" onCreate="onCreateAutoDriveDebugSettingRow" onCreateArgs="256">
				<BinaryOption profile="fs25_settingsBinaryOption" onClick="onClickDebug" id="ad_debugChannelRender">
					<Text profile="fs25_multiTextOptionTooltip" name="ignore" text="$l10n_gui_ad_debugChannelRender"/>
				</BinaryOption>
				<Text profile="fs25_settingsMultiTextOptionTitle" text="$l10n_gui_ad_debugChannelRender"/>
			</Bitmap>
			<Bitmap profile="fs25_multiTextOptionContainer" onCreate="onCreateAutoDriveDebugSettingRow" onCreateArgs="512">
				<BinaryOption profile="fs25_settingsBinaryOption" onClick="onClickDebug" id="ad_debugChannelRoadNetwork">
					<Text profile="fs25_multiTextOptionTooltip" name="ignore" text="$l10n_gui_ad_debugChannelRoadNetwork"/>
				</BinaryOption>
				<Text profile="fs25_settingsMultiTextOptionTitle" text="$l10n_gui_ad_debugChannelRoadNetwork"/>
			</Bitmap>
			<Bitmap profile="fs25_multiTextOptionContainer" onCreate="onCreateAutoDriveDebugSettingRow" onCreateArgs="2048">
				<BinaryOption profile="fs25_settingsBinaryOption" onClick="onClickDebug" id="ad_debugChannelTrains">
					<Text profile="fs25_multiTextOptionTooltip" name="ignore" text="$l10n_gui_ad_debugChannelTrains"/>
				</BinaryOption>
				<Text profile="fs25_settingsMultiTextOptionTitle" text="$l10n_gui_ad_debugChannelTrains"/>
			</Bitmap>
			<Bitmap profile="fs25_multiTextOptionContainer" onCreate="onCreateAutoDriveDebugSettingRow" onCreateArgs="65535">
				<BinaryOption profile="fs25_settingsBinaryOption" onClick="onClickDebug" id="ad_debugChannelAll">
					<Text profile="fs25_multiTextOptionTooltip" name="ignore" text="$l10n_gui_ad_debugChannelAll"/>
				</BinaryOption>
				<Text profile="fs25_settingsMultiTextOptionTitle" text="$l10n_gui_ad_debugChannelAll"/>
			</Bitmap>
		</ScrollingLayout>
	</GuiElement>
	<ThreePartBitmap profile="fs25_sliderDockedBg">
		<ThreePartBitmap profile="fs25_sliderDockedBox">
			<Slider profile="fs25_helpLineSlider" dataElementId="boxLayout"/>
		</ThreePartBitmap>
	</ThreePartBitmap>
</GUI>
