<?xml version="1.0" encoding="utf-8" standalone="no" ?>
<GUI onOpen="onOpen" onClose="onClose" onCreate="onCreate">
    <GuiElement profile="newLayer"/>
    <Bitmap profile="dialogFullscreenBg"/>
    <GuiElement profile="fs25_dialogBg" size="740px 280px">
        <ThreePartBitmap profile="fs25_dialogBgMiddleSmall"/>
        <ThreePartBitmap profile="fs25_dialogBgTopSmall"/>
        <ThreePartBitmap profile="fs25_dialogBgBottom"/>

        <BoxLayout profile="ad_common_dialogContentContainer">
            <Text profile="ad_common_dialogTitle" id="titleElement" />

            <ThreePartBitmap profile="ad_common_dialogTitleLineSeparator" />

            <BoxLayout profile="ad_common_hBox" absoluteSizeOffset="0 120px">
                <Text profile="ad_common_dialogText" text="$l10n_gui_ad_enterTargetNameText" textAutoWidth="true"/>
                <TextInput profile="fs25_dialogTextInput" id="textInputElement" onEnterPressed="onEnterPressed" onEscPressed="onEscPressed" enterWhenClickOutside="false" focusInit="onOpen" maxCharacters="30">
                    <ThreePartBitmap profile="fs25_textInputBg"/>
                    <Bitmap profile="fs25_textInputIconBox">
                        <Bitmap profile="fs25_textInputIcon"/>
                    </Bitmap>
                </TextInput>
            </BoxLayout>
        </BoxLayout>

        <!-- Hiding/showing one of these button-boxes does not work if they are part of the main container -->
        <BoxLayout profile="ad_common_dialogButtonBoxOutsideContentContainer" id="buttonsCreateElement">
            <Button profile="buttonOK" text="$l10n_button_ok" onClick="onClickOk"/>
            <Bitmap profile="fs25_dialogButtonBoxSeparator"/>
            <Button profile="buttonBack" text="$l10n_button_back" onClick="onClickBack"/>
        </BoxLayout>

        <BoxLayout profile="ad_common_dialogButtonBoxOutsideContentContainer" id="buttonsEditElement">
            <Button profile="buttonActivate" text="$l10n_button_delete" onClick="onClickDelete" />
            <Bitmap profile="fs25_dialogButtonBoxSeparator"/>
            <Button profile="buttonCancel" text="$l10n_button_reset" onClick="onClickReset" />
            <Bitmap profile="fs25_dialogButtonBoxSeparator"/>
            <Button profile="buttonOK" text="$l10n_button_rename" onClick="onClickOk" />
            <Bitmap profile="fs25_dialogButtonBoxSeparator"/>
            <Button profile="buttonBack" text="$l10n_button_back" onClick="onClickBack" />
        </BoxLayout>
    </GuiElement>
</GUI>
