<?xml version="1.0" encoding="utf-8" standalone="no" ?>
<GUI name="autoDriveEnvironmentSettings">
	<GuiElement profile="fs25_menuContainer">
		<GuiElement profile="fs25_menuHeaderPanel">
			<Bitmap profile="fs25_menuHeaderIconBg">
				<Bitmap profile="fs25_menuHeaderIcon" imageSliceId="gui.icon_weather_partiallyCloudy"/>
			</Bitmap>
			<Text profile="fs25_menuHeaderTitle" text="$l10n_gui_ad_environmentSettingsPage_title"/>
		</GuiElement>

		<ScrollingLayout profile="fs25_settingsLayout" id="boxLayout">
			<Bitmap profile="fs25_multiTextOptionContainer" onCreate="onCreateAutoDriveSettingRow">
				<MultiTextOption profile="fs25_settingsMultiTextOption" onClick="onOptionChange" onCreate="onCreateAutoDriveSetting" name="blinkValue" id="blinkValue">
					<Text profile="fs25_multiTextOptionTooltip" name="ignore" text="$l10n_gui_ad_blinkValue_tooltip"/>
				</MultiTextOption>
				<Text profile="fs25_settingsMultiTextOptionTitle" text="$l10n_gui_ad_blinkValue"/>
			</Bitmap>
			<Bitmap profile="fs25_multiTextOptionContainer" onCreate="onCreateAutoDriveSettingRow">
				<BinaryOption profile="fs25_settingsBinaryOption" onClick="onOptionChange" onCreate="onCreateAutoDriveSetting" name="useBeaconLights" id="useBeaconLights">
					<Text profile="fs25_multiTextOptionTooltip" name="ignore" text="$l10n_gui_ad_useBeaconLights_tooltip"/>
				</BinaryOption>
				<Text profile="fs25_settingsMultiTextOptionTitle" text="$l10n_gui_ad_useBeaconLights"/>
			</Bitmap>
			<Bitmap profile="fs25_multiTextOptionContainer" onCreate="onCreateAutoDriveSettingRow">
				<BinaryOption profile="fs25_settingsBinaryOption" onClick="onOptionChange" onCreate="onCreateAutoDriveSetting" name="useWorkLightsLoading" id="useWorkLightsLoading">
					<Text profile="fs25_multiTextOptionTooltip" name="ignore" text="$l10n_gui_ad_worklightsWhenLoading_tooltip"/>
				</BinaryOption>
				<Text profile="fs25_settingsMultiTextOptionTitle" text="$l10n_gui_ad_worklightsWhenLoading"/>
			</Bitmap>
			<Bitmap profile="fs25_multiTextOptionContainer" onCreate="onCreateAutoDriveSettingRow">
				<BinaryOption profile="fs25_settingsBinaryOption" onClick="onOptionChange" onCreate="onCreateAutoDriveSetting" name="useWorkLightsSilo" id="useWorkLightsSilo">
					<Text profile="fs25_multiTextOptionTooltip" name="ignore" text="$l10n_gui_ad_worklightsWhenSilo_tooltip"/>
				</BinaryOption>
				<Text profile="fs25_settingsMultiTextOptionTitle" text="$l10n_gui_ad_worklightsWhenSilo"/>
			</Bitmap>
			<Bitmap profile="fs25_multiTextOptionContainer" onCreate="onCreateAutoDriveSettingRow">
				<BinaryOption profile="fs25_settingsBinaryOption" onClick="onOptionChange" onCreate="onCreateAutoDriveSetting" name="useHazardLightReverse" id="useHazardLightReverse">
					<Text profile="fs25_multiTextOptionTooltip" name="ignore" text="$l10n_gui_ad_hazardLightReverse_tooltip"/>
				</BinaryOption>
				<Text profile="fs25_settingsMultiTextOptionTitle" text="$l10n_gui_ad_hazardLightReverse"/>
			</Bitmap>
			<Bitmap profile="fs25_multiTextOptionContainer" onCreate="onCreateAutoDriveSettingRow">
				<MultiTextOption profile="fs25_settingsMultiTextOption" onClick="onOptionChange" onCreate="onCreateAutoDriveSetting" name="remainingDriveTimeInterval" id="remainingDriveTimeInterval">
					<Text profile="fs25_multiTextOptionTooltip" name="ignore" text="$l10n_gui_ad_remainingDriveTimeInterval_tooltip"/>
				</MultiTextOption>
				<Text profile="fs25_settingsMultiTextOptionTitle" text="$l10n_gui_ad_remainingDriveTimeInterval"/>
			</Bitmap>
		</ScrollingLayout>
	</GuiElement>
	<ThreePartBitmap profile="fs25_sliderDockedBg">
		<ThreePartBitmap profile="fs25_sliderDockedBox">
			<Slider profile="fs25_helpLineSlider" dataElementId="boxLayout"/>
		</ThreePartBitmap>
	</ThreePartBitmap>
</GUI>