<?xml version="1.0" encoding="utf-8" standalone="no" ?>
<GUI name="autoDriveGlobalSettings">
	<GuiElement profile="fs25_menuContainer">
		<GuiElement profile="fs25_menuHeaderPanel">
			<Bitmap profile="fs25_menuHeaderIconBg">
				<Bitmap profile="fs25_menuHeaderIcon" imageSliceId="gui.icon_options_generalSettings2"/>
			</Bitmap>
			<Text profile="fs25_menuHeaderTitle" text="$l10n_gui_ad_settingsPage_title"/>
		</GuiElement>

		<ScrollingLayout profile="fs25_settingsLayout" id="boxLayout">
			<Bitmap profile="fs25_multiTextOptionContainer" onCreate="onCreateAutoDriveSettingRow">
				<MultiTextOption profile="fs25_settingsMultiTextOption" onClick="onOptionChange" onCreate="onCreateAutoDriveSetting" name="lookAheadTurning" id="lookAheadTurning">
					<Text profile="fs25_multiTextOptionTooltip" name="ignore" text="$l10n_gui_ad_lookahead_turning_tooltip"/>
				</MultiTextOption>
				<Text profile="fs25_settingsMultiTextOptionTitle" text="$l10n_gui_ad_lookahead_turning"/>
			</Bitmap>
			<Bitmap profile="fs25_multiTextOptionContainer" onCreate="onCreateAutoDriveSettingRow">
				<MultiTextOption profile="fs25_settingsMultiTextOption" onClick="onOptionChange" onCreate="onCreateAutoDriveSetting" name="mapMarkerDetour" id="mapMarkerDetour">
					<Text profile="fs25_multiTextOptionTooltip" name="ignore" text="$l10n_gui_ad_mapMarkerDetour_tooltip"/>
				</MultiTextOption>
				<Text profile="fs25_settingsMultiTextOptionTitle" text="$l10n_gui_ad_mapMarkerDetour"/>
			</Bitmap>
			<Bitmap profile="fs25_multiTextOptionContainer" onCreate="onCreateAutoDriveSettingRow">
				<MultiTextOption profile="fs25_settingsMultiTextOption" onClick="onOptionChange" onCreate="onCreateAutoDriveSetting" name="continueOnEmptySilo" id="continueOnEmptySilo">
					<Text profile="fs25_multiTextOptionTooltip" name="ignore" text="$l10n_gui_ad_siloEmpty_tooltip"/>
				</MultiTextOption>
				<Text profile="fs25_settingsMultiTextOptionTitle" text="$l10n_gui_ad_siloEmpty"/>
			</Bitmap>
			<Bitmap profile="fs25_multiTextOptionContainer" onCreate="onCreateAutoDriveSettingRow">
				<BinaryOption profile="fs25_settingsBinaryOption" onClick="onOptionChange" onCreate="onCreateAutoDriveSetting" name="autoConnectStart" id="autoConnectStart">
					<Text profile="fs25_multiTextOptionTooltip" name="ignore" text="$l10n_gui_ad_autoConnect_start_tooltip"/>
				</BinaryOption>
				<Text profile="fs25_settingsMultiTextOptionTitle" text="$l10n_gui_ad_autoConnect_start"/>
			</Bitmap>
			<Bitmap profile="fs25_multiTextOptionContainer" onCreate="onCreateAutoDriveSettingRow">
				<BinaryOption profile="fs25_settingsBinaryOption" onClick="onOptionChange" onCreate="onCreateAutoDriveSetting" name="autoConnectEnd" id="autoConnectEnd">
					<Text profile="fs25_multiTextOptionTooltip" name="ignore" text="$l10n_gui_ad_autoConnect_end_tooltip"/>
				</BinaryOption>
				<Text profile="fs25_settingsMultiTextOptionTitle" text="$l10n_gui_ad_autoConnect_end"/>
			</Bitmap>
			<Bitmap profile="fs25_multiTextOptionContainer" onCreate="onCreateAutoDriveSettingRow">
				<MultiTextOption profile="fs25_settingsMultiTextOption" onClick="onOptionChange" onCreate="onCreateAutoDriveSetting" name="driverWages" id="driverWages">
					<Text profile="fs25_multiTextOptionTooltip" name="ignore" text="$l10n_gui_ad_driverWages_tooltip"/>
				</MultiTextOption>
				<Text profile="fs25_settingsMultiTextOptionTitle" text="$l10n_gui_ad_driverWages"/>
			</Bitmap>
			<Bitmap profile="fs25_multiTextOptionContainer" onCreate="onCreateAutoDriveSettingRow">
				<BinaryOption profile="fs25_settingsBinaryOption" onClick="onOptionChange" onCreate="onCreateAutoDriveSetting" name="enableTrafficDetection" id="enableTrafficDetection">
					<Text profile="fs25_multiTextOptionTooltip" name="ignore" text="$l10n_gui_ad_enableTrafficDetection_tooltip"/>
				</BinaryOption>
				<Text profile="fs25_settingsMultiTextOptionTitle" text="$l10n_gui_ad_enableTrafficDetection"/>
			</Bitmap>
			<Bitmap profile="fs25_multiTextOptionContainer" onCreate="onCreateAutoDriveSettingRow">
				<BinaryOption profile="fs25_settingsBinaryOption" onClick="onOptionChange" onCreate="onCreateAutoDriveSetting" name="useFolders" id="useFolders">
					<Text profile="fs25_multiTextOptionTooltip" name="ignore" text="$l10n_gui_ad_useFolders_tooltip"/>
				</BinaryOption>
				<Text profile="fs25_settingsMultiTextOptionTitle" text="$l10n_gui_ad_useFolders"/>
			</Bitmap>
			<Bitmap profile="fs25_multiTextOptionContainer" onCreate="onCreateAutoDriveSettingRow">
				<MultiTextOption profile="fs25_settingsMultiTextOption" onClick="onOptionChange" onCreate="onCreateAutoDriveSetting" name="maxTriggerDistance" id="maxTriggerDistance">
					<Text profile="fs25_multiTextOptionTooltip" name="ignore" text="$l10n_gui_ad_maxTriggerDistance_tooltip"/>
				</MultiTextOption>
				<Text profile="fs25_settingsMultiTextOptionTitle" text="$l10n_gui_ad_maxTriggerDistance"/>
			</Bitmap>
			<Bitmap profile="fs25_multiTextOptionContainer" onCreate="onCreateAutoDriveSettingRow">
				<MultiTextOption profile="fs25_settingsMultiTextOption" onClick="onOptionChange" onCreate="onCreateAutoDriveSetting" name="collisionHeigth" id="collisionHeigth">
					<Text profile="fs25_multiTextOptionTooltip" name="ignore" text="$l10n_gui_ad_collisionHeigth_tooltip"/>
				</MultiTextOption>
				<Text profile="fs25_settingsMultiTextOptionTitle" text="$l10n_gui_ad_collisionHeigth"/>
			</Bitmap>
			<Bitmap profile="fs25_multiTextOptionContainer" onCreate="onCreateAutoDriveSettingRow">
				<MultiTextOption profile="fs25_settingsMultiTextOption" onClick="onOptionChange" onCreate="onCreateAutoDriveSetting" name="pathFinderTime" id="pathFinderTime">
					<Text profile="fs25_multiTextOptionTooltip" name="ignore" text="$l10n_gui_ad_pathFinderTime_tooltip"/>
				</MultiTextOption>
				<Text profile="fs25_settingsMultiTextOptionTitle" text="$l10n_gui_ad_pathFinderTime"/>
			</Bitmap>
			<Bitmap profile="fs25_multiTextOptionContainer" onCreate="onCreateAutoDriveSettingRow">
				<MultiTextOption profile="fs25_settingsMultiTextOption" onClick="onOptionChange" onCreate="onCreateAutoDriveSetting" name="UMRange" id="UMRange">
					<Text profile="fs25_multiTextOptionTooltip" name="ignore" text="$l10n_gui_ad_UMRange_tooltip"/>
				</MultiTextOption>
				<Text profile="fs25_settingsMultiTextOptionTitle" text="$l10n_gui_ad_UMRange"/>
			</Bitmap>
			<Bitmap profile="fs25_multiTextOptionContainer" onCreate="onCreateAutoDriveSettingRow">
				<MultiTextOption profile="fs25_settingsMultiTextOption" onClick="onOptionChange" onCreate="onCreateAutoDriveSetting" name="Pathfinder" id="Pathfinder">
					<Text profile="fs25_multiTextOptionTooltip" name="ignore" text="$l10n_gui_ad_pathfinder_tooltip"/>
				</MultiTextOption>
				<Text profile="fs25_settingsMultiTextOptionTitle" text="$l10n_gui_ad_pathfinder"/>
			</Bitmap>
			<Bitmap profile="fs25_multiTextOptionContainer" onCreate="onCreateAutoDriveSettingRow">
				<BinaryOption profile="fs25_settingsBinaryOption" onClick="onOptionChange" onCreate="onCreateAutoDriveSetting" name="enableRoutesManagerOnDediServer" id="enableRoutesManagerOnDediServer">
					<Text profile="fs25_multiTextOptionTooltip" name="ignore" text="$l10n_gui_ad_enableRoutesManagerOnDediServer_tooltip"/>
				</BinaryOption>
				<Text profile="fs25_settingsMultiTextOptionTitle" text="$l10n_gui_ad_enableRoutesManagerOnDediServer"/>
			</Bitmap>
			<Bitmap profile="fs25_multiTextOptionContainer" onCreate="onCreateAutoDriveSettingRow">
				<BinaryOption profile="fs25_settingsBinaryOption" onClick="onOptionChange" onCreate="onCreateAutoDriveSetting" name="autostartHelpers" id="autostartHelpers">
					<Text profile="fs25_multiTextOptionTooltip" name="ignore" text="$l10n_gui_ad_autostartHelpers_tooltip"/>
				</BinaryOption>
				<Text profile="fs25_settingsMultiTextOptionTitle" text="$l10n_gui_ad_autostartHelpers"/>
			</Bitmap>
			<Bitmap profile="fs25_multiTextOptionContainer" onCreate="onCreateAutoDriveSettingRow">
				<MultiTextOption profile="fs25_settingsMultiTextOption" onClick="onOptionChange" onCreate="onCreateAutoDriveSetting" name="RecordDriveDirectionOffset" id="RecordDriveDirectionOffset">
					<Text profile="fs25_multiTextOptionTooltip" name="ignore" text="$l10n_gui_ad_RecordDriveDirectionOffset_tooltip"/>
				</MultiTextOption>
				<Text profile="fs25_settingsMultiTextOptionTitle" text="$l10n_gui_ad_RecordDriveDirectionOffset"/>
			</Bitmap>
			<Bitmap profile="fs25_multiTextOptionContainer" onCreate="onCreateAutoDriveSettingRow">
				<MultiTextOption profile="fs25_settingsMultiTextOption" onClick="onOptionChange" onCreate="onCreateAutoDriveSetting" name="RecordOppositeDriveDirectionOffset" id="RecordOppositeDriveDirectionOffset">
					<Text profile="fs25_multiTextOptionTooltip" name="ignore" text="$l10n_gui_ad_RecordOppositeDriveDirectionOffset_tooltip"/>
				</MultiTextOption>
				<Text profile="fs25_settingsMultiTextOptionTitle" text="$l10n_gui_ad_RecordOppositeDriveDirectionOffset"/>
			</Bitmap>
		</ScrollingLayout>
	</GuiElement>
	<ThreePartBitmap profile="fs25_sliderDockedBg">
		<ThreePartBitmap profile="fs25_sliderDockedBox">
			<Slider profile="fs25_helpLineSlider" dataElementId="boxLayout"/>
		</ThreePartBitmap>
	</ThreePartBitmap>
</GUI>