<?xml version="1.0" encoding="utf-8" standalone="no" ?>
<GUI onOpen="onOpen" onClose="onClose" onCreate="onCreate">
    <GuiElement profile="newLayer"/>
    <Bitmap profile="dialogFullscreenBg" />
    <GuiElement profile="fs25_dialogBg" size="740px 540px">
        <ThreePartBitmap profile="fs25_dialogBgMiddleSmall"/>
        <ThreePartBitmap profile="fs25_dialogBgTopSmall"/>
        <ThreePartBitmap profile="fs25_dialogBgBottom"/>

        <BoxLayout profile="ad_common_dialogContentContainer">
            <Text profile="ad_common_dialogTitle" text="$l10n_gui_ad_routesManagerTitle"/>

            <ThreePartBitmap profile="ad_common_dialogTitleLineSeparator"/>
            
            <BoxLayout profile="ad_common_hBox" height="40px">
                <Text profile="ad_common_dialogText" text="$l10n_gui_ad_routesManagerTextTitle" textAutoWidth="true"/>
                <TextInput profile="fs25_dialogTextInput" id="textInputElement" onEnterPressed="onEnterPressed" onEscPressed="onEscPressed" enterWhenClickOutside="false" maxCharacters="20" text="Route 1">
                    <ThreePartBitmap profile="fs25_textInputBg"/>
                    <Bitmap profile="fs25_textInputIconBox">
                        <Bitmap profile="fs25_textInputIcon"/>
                    </Bitmap>
                </TextInput>
            </BoxLayout>
        
            <BoxLayout absoluteSizeOffset="40px 180px" margin="0 0 0 10px">
                <SmoothList id="routeList" profile="ad_common_list" onDoubleClick="onDoubleClick">
                    <ListItem profile="ad_common_listItem">
                        <Text name="listItemText" profile="ad_common_listItemText"/>
                        <Text name="listItemDate" profile="ad_common_listItemText" width="100%" textAlignment="right"/>
                    </ListItem>
                </SmoothList>

                <ThreePartBitmap profile="ad_common_listSliderBox">
                    <Slider profile="ad_common_listSlider" dataElementId="routeList" />
                </ThreePartBitmap>
            </BoxLayout>

            <BoxLayout profile="ad_common_dialogButtonBox">
                <Button profile="buttonActivate" text="$l10n_button_delete" onClick="onClickDelete" />
                <Bitmap profile="fs25_dialogButtonBoxSeparator"/>
                <Button profile="buttonCancel" text="$l10n_gui_ad_button_import" onClick="onClickLoad" />
                <Bitmap profile="fs25_dialogButtonBoxSeparator"/>
                <Button profile="buttonOK" text="$l10n_gui_ad_button_export" onClick="onClickSave" />
                <Bitmap profile="fs25_dialogButtonBoxSeparator"/>
                <Button profile="buttonBack" text="$l10n_button_back" onClick="onClickBack" />
            </BoxLayout>
        </BoxLayout>   
    </GuiElement>
</GUI>