<?xml version="1.0" encoding="utf-8" standalone="no" ?>
<GUI onOpen="onOpen" onClose="onClose" onCreate="onCreate">
    <GuiElement profile="newLayer"/>
    <Bitmap profile="dialogFullscreenBg"/>
    <GuiElement profile="fs25_dialogBg" size="740px 280px">
        <ThreePartBitmap profile="fs25_dialogBgMiddleSmall"/>
        <ThreePartBitmap profile="fs25_dialogBgTopSmall"/>
        <ThreePartBitmap profile="fs25_dialogBgBottom"/>

        <BoxLayout profile="ad_common_dialogContentContainer">
            <Text profile="ad_common_dialogTitle" text="$l10n_gui_ad_scanConfirmationTextTitle" />

            <ThreePartBitmap profile="ad_common_dialogTitleLineSeparator" />

            <Text profile="ad_common_dialogText" text="$l10n_gui_ad_scanConfirmationText" textSize="20px" absoluteSizeOffset="40px 130px" margin="0 0 0 10px"/>

            <BoxLayout profile="ad_common_dialogButtonBox">
                <Button profile="buttonYes" text="$l10n_button_yes" onClick="onYes" />
                <Bitmap profile="fs25_dialogButtonBoxSeparator"/>
                <Button profile="buttonNo" text="$l10n_button_no" onClick="onNo" />
            </BoxLayout>
        </BoxLayout>

    </GuiElement>
</GUI>