<?xml version="1.0" encoding="utf-8" standalone="no" ?>
<GUI name="autoDriveUserSettings">
	<GuiElement profile="fs25_menuContainer">
		<GuiElement profile="fs25_menuHeaderPanel">
			<Bitmap profile="fs25_menuHeaderIconBg">
				<Bitmap profile="fs25_menuHeaderIcon" imageSliceId="gui.wardrobe_character"/>
			</Bitmap>
			<Text profile="fs25_menuHeaderTitle" text="$l10n_gui_ad_userSettingsPage_title"/>
		</GuiElement>

		<ScrollingLayout profile="fs25_settingsLayout" id="boxLayout">
			<Bitmap profile="fs25_multiTextOptionContainer" onCreate="onCreateAutoDriveSettingRow">
				<MultiTextOption profile="fs25_settingsMultiTextOption" onClick="onOptionChange" onCreate="onCreateAutoDriveSetting" name="guiScale" id="guiScale">
					<Text profile="fs25_multiTextOptionTooltip" name="ignore" text="$l10n_gui_ad_gui_scale_tooltip"/>
				</MultiTextOption>
				<Text profile="fs25_settingsMultiTextOptionTitle" text="$l10n_gui_ad_gui_scale"/>
			</Bitmap>
			<Bitmap profile="fs25_multiTextOptionContainer" onCreate="onCreateAutoDriveSettingRow">
				<MultiTextOption profile="fs25_settingsMultiTextOption" onClick="onOptionChange" onCreate="onCreateAutoDriveSetting" name="notifications" id="notifications">
					<Text profile="fs25_multiTextOptionTooltip" name="ignore" text="$l10n_gui_ad_notifications_tooltip"/>
				</MultiTextOption>
				<Text profile="fs25_settingsMultiTextOptionTitle" text="$l10n_gui_ad_notifications"/>
			</Bitmap>
			<Bitmap profile="fs25_multiTextOptionContainer" onCreate="onCreateAutoDriveSettingRow">
				<BinaryOption profile="fs25_settingsBinaryOption" onClick="onOptionChange" onCreate="onCreateAutoDriveSetting" name="showHelp" id="showHelp">
					<Text profile="fs25_multiTextOptionTooltip" name="ignore" text="$l10n_gui_ad_showHelp_tooltip"/>
				</BinaryOption>
				<Text profile="fs25_settingsMultiTextOptionTitle" text="$l10n_gui_ad_showHelp"/>
			</Bitmap>
			<Bitmap profile="fs25_multiTextOptionContainer" onCreate="onCreateAutoDriveSettingRow">
				<BinaryOption profile="fs25_settingsBinaryOption" onClick="onOptionChange" onCreate="onCreateAutoDriveSetting" name="showNextPath" id="showNextPath">
					<Text profile="fs25_multiTextOptionTooltip" name="ignore" text="$l10n_gui_ad_showNextPath_tooltip"/>
				</BinaryOption>
				<Text profile="fs25_settingsMultiTextOptionTitle" text="$l10n_gui_ad_showNextPath"/>
			</Bitmap>
			<Bitmap profile="fs25_multiTextOptionContainer" onCreate="onCreateAutoDriveSettingRow">
				<MultiTextOption profile="fs25_settingsMultiTextOption" onClick="onOptionChange" onCreate="onCreateAutoDriveSetting" name="lineHeight" id="lineHeight">
					<Text profile="fs25_multiTextOptionTooltip" name="ignore" text="$l10n_gui_ad_lineHeight_tooltip"/>
				</MultiTextOption>
				<Text profile="fs25_settingsMultiTextOptionTitle" text="$l10n_gui_ad_lineHeight"/>
			</Bitmap>
			<Bitmap profile="fs25_multiTextOptionContainer" onCreate="onCreateAutoDriveSettingRow">
				<BinaryOption profile="fs25_settingsBinaryOption" onClick="onOptionChange" onCreate="onCreateAutoDriveSetting" name="showTooltips" id="showTooltips">
					<Text profile="fs25_multiTextOptionTooltip" name="ignore" text="$l10n_gui_ad_showTooltips_tooltip"/>
				</BinaryOption>
				<Text profile="fs25_settingsMultiTextOptionTitle" text="$l10n_gui_ad_showTooltips"/>
			</Bitmap>
			<Bitmap profile="fs25_multiTextOptionContainer" onCreate="onCreateAutoDriveSettingRow">
				<BinaryOption profile="fs25_settingsBinaryOption" onClick="onOptionChange" onCreate="onCreateAutoDriveSetting" name="showMarkersOnMap" id="showMarkersOnMap">
					<Text profile="fs25_multiTextOptionTooltip" name="ignore" text="$l10n_gui_ad_showMarkersOnMap_tooltip"/>
				</BinaryOption>
				<Text profile="fs25_settingsMultiTextOptionTitle" text="$l10n_gui_ad_showMarkersOnMap"/>
			</Bitmap>
			<Bitmap profile="fs25_multiTextOptionContainer" onCreate="onCreateAutoDriveSettingRow">
				<BinaryOption profile="fs25_settingsBinaryOption" onClick="onOptionChange" onCreate="onCreateAutoDriveSetting" name="switchToMarkersOnMap" id="switchToMarkersOnMap">
					<Text profile="fs25_multiTextOptionTooltip" name="ignore" text="$l10n_gui_ad_switchToMarkersOnMap_tooltip"/>
				</BinaryOption>
				<Text profile="fs25_settingsMultiTextOptionTitle" text="$l10n_gui_ad_switchToMarkersOnMap"/>
			</Bitmap>
			<Bitmap profile="fs25_multiTextOptionContainer" onCreate="onCreateAutoDriveSettingRow">
				<BinaryOption profile="fs25_settingsBinaryOption" onClick="onOptionChange" onCreate="onCreateAutoDriveSetting" name="addSettingsToHUD" id="addSettingsToHUD">
					<Text profile="fs25_multiTextOptionTooltip" name="ignore" text="$l10n_gui_ad_addSettingsToHUD_tooltip"/>
				</BinaryOption>
				<Text profile="fs25_settingsMultiTextOptionTitle" text="$l10n_gui_ad_addSettingsToHUD"/>
			</Bitmap>
			<Bitmap profile="fs25_multiTextOptionContainer" onCreate="onCreateAutoDriveSettingRow">
				<MultiTextOption profile="fs25_settingsMultiTextOption" onClick="onOptionChange" onCreate="onCreateAutoDriveSetting" name="iconSetToUse" id="iconSetToUse">
					<Text profile="fs25_multiTextOptionTooltip" name="ignore" text="$l10n_gui_ad_iconSetToUse_tooltip"/>
				</MultiTextOption>
				<Text profile="fs25_settingsMultiTextOptionTitle" text="$l10n_gui_ad_iconSetToUse"/>
			</Bitmap>
			<Bitmap profile="fs25_multiTextOptionContainer" onCreate="onCreateAutoDriveSettingRow">
				<BinaryOption profile="fs25_settingsBinaryOption" onClick="onOptionChange" onCreate="onCreateAutoDriveSetting" name="wideHUD" id="wideHUD">
					<Text profile="fs25_multiTextOptionTooltip" name="ignore" text="$l10n_gui_ad_wideHUD_tooltip"/>
				</BinaryOption>
				<Text profile="fs25_settingsMultiTextOptionTitle" text="$l10n_gui_ad_wideHUD"/>
			</Bitmap>
			<Bitmap profile="fs25_multiTextOptionContainer" onCreate="onCreateAutoDriveSettingRow">
				<BinaryOption profile="fs25_settingsBinaryOption" onClick="onOptionChange" onCreate="onCreateAutoDriveSetting" name="playSounds" id="playSounds">
					<Text profile="fs25_multiTextOptionTooltip" name="ignore" text="$l10n_gui_ad_playSounds_tooltip"/>
				</BinaryOption>
				<Text profile="fs25_settingsMultiTextOptionTitle" text="$l10n_gui_ad_playSounds"/>
			</Bitmap>
			<Bitmap profile="fs25_multiTextOptionContainer" onCreate="onCreateAutoDriveSettingRow">
				<MultiTextOption profile="fs25_settingsMultiTextOption" onClick="onOptionChange" onCreate="onCreateAutoDriveSetting" name="scaleLines" id="scaleLines">
					<Text profile="fs25_multiTextOptionTooltip" name="ignore" text="$l10n_gui_ad_scaleLines_tooltip"/>
				</MultiTextOption>
				<Text profile="fs25_settingsMultiTextOptionTitle" text="$l10n_gui_ad_scaleLines"/>
			</Bitmap>
			<Bitmap profile="fs25_multiTextOptionContainer" onCreate="onCreateAutoDriveSettingRow">
				<MultiTextOption profile="fs25_settingsMultiTextOption" onClick="onOptionChange" onCreate="onCreateAutoDriveSetting" name="scaleMarkerText" id="scaleMarkerText">
					<Text profile="fs25_multiTextOptionTooltip" name="ignore" text="$l10n_gui_ad_scaleMarkerText_tooltip"/>
				</MultiTextOption>
				<Text profile="fs25_settingsMultiTextOptionTitle" text="$l10n_gui_ad_scaleMarkerText"/>
			</Bitmap>
			<Bitmap profile="fs25_multiTextOptionContainer" onCreate="onCreateAutoDriveSettingRow">
				<BinaryOption profile="fs25_settingsBinaryOption" onClick="onOptionChange" onCreate="onCreateAutoDriveSetting" name="colorAssignmentMode" id="colorAssignmentMode">
					<Text profile="fs25_multiTextOptionTooltip" name="ignore" text="$l10n_gui_ad_colorAssignmentMode_tooltip"/>
				</BinaryOption>
				<Text profile="fs25_settingsMultiTextOptionTitle" text="$l10n_gui_ad_colorAssignmentMode"/>
			</Bitmap>
			<Bitmap profile="fs25_multiTextOptionContainer" onCreate="onCreateAutoDriveSettingRow">
				<BinaryOption profile="fs25_settingsBinaryOption" onClick="onOptionChange" onCreate="onCreateAutoDriveSetting" name="RecordWhileNotInVehicle" id="RecordWhileNotInVehicle">
					<Text profile="fs25_multiTextOptionTooltip" name="ignore" text="$l10n_gui_ad_RecordWhileNotInVehicle_tooltip"/>
				</BinaryOption>
				<Text profile="fs25_settingsMultiTextOptionTitle" text="$l10n_gui_ad_RecordWhileNotInVehicle"/>
			</Bitmap>
		</ScrollingLayout>
	</GuiElement>
	<ThreePartBitmap profile="fs25_sliderDockedBg">
		<ThreePartBitmap profile="fs25_sliderDockedBox">
			<Slider profile="fs25_helpLineSlider" dataElementId="boxLayout"/>
		</ThreePartBitmap>
	</ThreePartBitmap>
</GUI>