<?xml version="1.0" encoding="utf-8" standalone="no"?>
<vehicle type="combineDrivable" xmlns:xsi="http://www.w3.org/2001/XMLSchema-instance" xsi:noNamespaceSchemaLocation="../../../../shared/xml/schema/vehicle.xsd">
    <annotation>Copyright (C) GIANTS Software GmbH, All Rights Reserved.</annotation>

    <storeData>
        <name>Terra Dos 5‑40 (Modded)</name>
        <specs>
            <power>652</power>
            <maxSpeed>40</maxSpeed>
            <combination xmlFilename="$data/vehicles/holmer/terraDosT540Header/terraDosT540Header.xml"/>
        </specs>
        <functions>
            <function>$l10n_function_combine</function>
            <function>$l10n_function_combineNeedsCutter</function>
        </functions>
        <image>$data/vehicles/holmer/terraDosT540/store_terraDosT540.png</image>
        <price>685000</price>
        <lifetime>600</lifetime>
        <rotation>0</rotation>
        <brand>HOLMER</brand>
        <category>beetHarvesters</category>
        <shopTranslationOffset>0 0.063 0</shopTranslationOffset>
        <shopRotationOffset>-0.062 0 0</shopRotationOffset>
        <shopFoldingState>1</shopFoldingState>
        <vertexBufferMemoryUsage>5504512</vertexBufferMemoryUsage>
        <indexBufferMemoryUsage>2192384</indexBufferMemoryUsage>
        <textureMemoryUsage>2228224</textureMemoryUsage>
        <instanceVertexBufferMemoryUsage>0</instanceVertexBufferMemoryUsage>
        <instanceIndexBufferMemoryUsage>0</instanceIndexBufferMemoryUsage>
        <audioMemoryUsage>1372840</audioMemoryUsage>
    </storeData>

    <base>
        <typeDesc>$l10n_typeDesc_harvester</typeDesc>
        <filename>$data/vehicles/holmer/terraDosT540/terraDosT540.i3d</filename>
        <sounds filename="$data/vehicles/holmer/terraDosT540/sounds/terraDosT540.xml" volumeFactor="0.75"/>
        <size width="3.5" length="12.4" height="4.15" lengthOffset="0.85"/>
        <speedLimit value="10"/>
        <components maxMass="65000">
            <component centerOfMass="0 0.7 5.5" solverIterationCount="25" mass="2500" inertiaScale="6 6 6"/>
            <component centerOfMass="0 0.7 -0.5" solverIterationCount="20" mass="18620"/>
            <component centerOfMass="0 0 0" solverIterationCount="20" mass="5000"/>
            <joint component1="1" component2="2" node="componentJoint" rotLimit="0 0 0" transLimit="0 0 0"/>
            <joint component1="1" component2="3" node="componentJointAxle" rotLimit="0 0 10" transLimit="0 0 0"/>
            <collisionPair component1="2" component2="3" enabled="false"/>
        </components>
        <schemaOverlay attacherJointPosition="0 0" name="HARVESTER"/>
        <mapHotspot type="HARVESTER"/>
    </base>

    <powerConsumer ptoRpm="400" neededMaxPtoPower="10"/>

    <wheels>
        <wheelConfigurations>
            <wheelConfiguration name="$l10n_configuration_valueDefault" price="0" brand="MICHELIN" saveId="MICHELIN_DEFAULT">
                <wheels autoRotateBackSpeed="1.7">
                    <wheel filename="$data/shared/wheels/tires/michelin/cereXBib/800_70R38.xml" isLeft="true"  hasTireTracks="true" hasParticles="true" isCareWheel="true" rimOffset="-0.12">
                        <physics tipOcclusionAreaGroupId="1" rotSpeed="1" restLoad="5.9" repr="axisFrontLeft"   driveNode="wheelFrontLeft"   useDriveNodeDirection="true" forcePointRatio="0.45" initialCompression="25" suspTravel="0.2" spring="105" damper="100"/>
                    </wheel>
                    <wheel filename="$data/shared/wheels/tires/michelin/cereXBib/800_70R38.xml" isLeft="false" hasTireTracks="true" hasParticles="true" isCareWheel="true" rimOffset="-0.12">
                        <physics tipOcclusionAreaGroupId="1" rotSpeed="1" restLoad="5.9" repr="axisFrontRight"  driveNode="wheelFrontRight"  useDriveNodeDirection="true" forcePointRatio="0.45" initialCompression="25" suspTravel="0.2" spring="105" damper="100"/>
                    </wheel>
                    <wheel filename="$data/shared/wheels/tires/michelin/cereXBib/1000_55R32.xml" isLeft="true"  hasTireTracks="true" hasParticles="true" isCareWheel="true" rimOffset="-0.1">
                        <physics tipOcclusionAreaGroupId="1" rotSpeed="1" restLoad="4.7" repr="axisBack01Left"  driveNode="wheelBack01Left"  useDriveNodeDirection="true" forcePointRatio="0.45" initialCompression="20" suspTravel="0.2" spring="105" damper="110" yOffset="0.015"/>
                        <steering node="steeringBarRear01" rotNode="steeringBarRear01" nodeMinRotY="20" nodeMaxRotY="-20"/>
                    </wheel>
                    <wheel filename="$data/shared/wheels/tires/michelin/cereXBib/1000_55R32.xml" isLeft="false" hasTireTracks="true" hasParticles="true" isCareWheel="true" rimOffset="-0.1">
                        <physics tipOcclusionAreaGroupId="1" rotSpeed="1" restLoad="4.7" repr="axisBack01Right" driveNode="wheelBack01Right" useDriveNodeDirection="true" forcePointRatio="0.45" initialCompression="20" suspTravel="0.2" spring="105" damper="110" yOffset="0.015"/>
                    </wheel>
                    <wheel filename="$data/shared/wheels/tires/michelin/cereXBib/1000_55R32.xml" isLeft="true"  hasTireTracks="true" hasParticles="true" isCareWheel="true" rimOffset="-0.1">
                        <physics tipOcclusionAreaGroupId="1" rotSpeed="1" restLoad="3.9" repr="axisBack02Left"  driveNode="wheelBack02Left"  useDriveNodeDirection="true" forcePointRatio="0.45" initialCompression="12" suspTravel="0.2" spring="105" damper="100" yOffset="0.01"/>
                        <steering node="steeringBarRear02" rotNode="steeringBarRear02" nodeMinRotY="33" nodeMaxRotY="-33"/>
                    </wheel>
                    <wheel filename="$data/shared/wheels/tires/michelin/cereXBib/1000_55R32.xml" isLeft="false" hasTireTracks="true" hasParticles="true" isCareWheel="true" rimOffset="-0.1">
                        <physics tipOcclusionAreaGroupId="1" rotSpeed="1" restLoad="3.9" repr="axisBack02Right" driveNode="wheelBack02Right" useDriveNodeDirection="true" forcePointRatio="0.45" initialCompression="12" suspTravel="0.2" spring="105" damper="100" yOffset="0.01"/>
                    </wheel>
                    <wheel filename="$data/shared/wheels/tires/trelleborg/IM110/5_0__10.xml" isLeft="false" hasTireTracks="true" hasParticles="true" isCareWheel="true">
                        <physics tipOcclusionAreaGroupId="1" rotSpeed="0" restLoad="0.5" repr="extraWheelsLeft"  forcePointRatio="0.45" initialCompression="25" suspTravel="0.2" spring="8" damper="40" transRatio="0" brakeFactor="0" frictionScale="0.1"/>
                    </wheel>
                    <wheel filename="$data/shared/wheels/tires/trelleborg/IM110/5_0__10.xml" isLeft="false" hasTireTracks="true" hasParticles="true" isCareWheel="true">
                        <physics tipOcclusionAreaGroupId="1" rotSpeed="0" restLoad="0.5" repr="extraWheelsRight" forcePointRatio="0.45" initialCompression="25" suspTravel="0.2" spring="8" damper="40" transRatio="0" brakeFactor="0" frictionScale="0.1"/>
                    </wheel>
                </wheels>
            </wheelConfiguration>
        </wheelConfigurations>

        <hubMaterial materialTemplateName="HOLMER_RED1"/>

        <hubs>
            <hub linkNode="wheelFrontLeft"   filename="$data/shared/wheels/hubs/hub_n12_5.xml" isLeft="true"  scale="0.450 0.450 0.450" offset="-0.05"/>
            <hub linkNode="wheelFrontRight"  filename="$data/shared/wheels/hubs/hub_n12_5.xml" isLeft="false" scale="0.450 0.450 0.450" offset="-0.05"/>
            <hub linkNode="wheelBack01Left"  filename="$data/shared/wheels/hubs/hub_n12_5.xml" isLeft="true"  scale="0.450 0.450 0.450" offset="-0.047"/>
            <hub linkNode="wheelBack01Right" filename="$data/shared/wheels/hubs/hub_n12_5.xml" isLeft="false" scale="0.450 0.450 0.450" offset="-0.047"/>
            <hub linkNode="wheelBack02Left"  filename="$data/shared/wheels/hubs/hub_n12_5.xml" isLeft="true"  scale="0.450 0.450 0.450" offset="-0.047"/>
            <hub linkNode="wheelBack02Right" filename="$data/shared/wheels/hubs/hub_n12_5.xml" isLeft="false" scale="0.450 0.450 0.450" offset="-0.047"/>
        </hubs>

        <ackermannSteeringConfigurations>
            <ackermannSteering rotSpeed="40" rotMax="32" rotCenterNode="steeringCenterNode"/>
        </ackermannSteeringConfigurations>
    </wheels>

    <dynamicallyLoadedParts>
        <dynamicallyLoadedPart node="0|2" linkNode="wheelChock01" filename="$data/shared/assets/wheelChocks/wheelChock04.i3d"/>
        <dynamicallyLoadedPart node="0|2" linkNode="wheelChock02" filename="$data/shared/assets/wheelChocks/wheelChock04.i3d"/>
    </dynamicallyLoadedParts>

    <speedRotatingParts>
        <speedRotatingPart node="cardanPto01" wheelIndex="3" wheelScale="5"/>
    </speedRotatingParts>

    <articulatedAxis componentJointIndex="1" anchorActor="0" rotSpeed="-20" rotMax="25" rotMin="-25" aiReverserNode="aiReverserNode" customWheelIndices1="1 2" customWheelIndices2="3 4 5 6" maxTurningRadius="7.5"/>

    <crabSteering distFromCompJointToCenterOfBackWheels="5.282" aiSteeringModeIndex="2" toggleSpeedFactor="0.1">
        <steeringMode name="$l10n_action_steeringModeAllWheel" >
            <wheel index="1" />
            <wheel index="2" />
            <wheel index="3" />
            <wheel index="4" />
            <wheel index="5" />
            <wheel index="6" />
            <articulatedAxis offset="0" locked="true" />
        </steeringMode>
        <steeringMode name="$l10n_action_steeringModeTurnSteering" inputBindingName="CRABSTEERING_ALLWHEEL">
            <wheel index="1" />
            <wheel index="2" />
            <wheel index="3" />
            <wheel index="4" />
            <wheel index="5" />
            <wheel index="6" />
            <articulatedAxis offset="0" locked="false" />
        </steeringMode>
        <steeringMode name="$l10n_action_steeringModeCrabLeft" inputBindingName="CRABSTEERING_CRABLEFT">
            <wheel index="1" offset="0" />
            <wheel index="2" offset="0" />
            <wheel index="3" offset="15" locked="true" />
            <wheel index="4" offset="15" locked="true" />
            <wheel index="5" offset="15" locked="true" />
            <wheel index="6" offset="15" locked="true" />
            <articulatedAxis offset="-15" locked="true" wheelIndices="3 4 5 6" />
            <animation name="safetyBarLeft" speed="1.0" />
            <folding minLimit="0" maxLimit="0" />
        </steeringMode>
        <steeringMode name="$l10n_action_steeringModeCrabRight" inputBindingName="CRABSTEERING_CRABRIGHT">
            <wheel index="1" offset="0" />
            <wheel index="2" offset="0" />
            <wheel index="3" offset="-15" locked="true" />
            <wheel index="4" offset="-15" locked="true" />
            <wheel index="5" offset="-15" locked="true" />
            <wheel index="6" offset="-15" locked="true" />
            <articulatedAxis offset="15" locked="true" wheelIndices="3 4 5 6" />
            <animation name="safetyBarRight" speed="1.0" />
            <folding minLimit="0" maxLimit="0" />
        </steeringMode>
    </crabSteering>

    <lights>
        <sharedLight linkNode="sideMarker02_left" filename="$data/shared/assets/lights/lizard/sideMarker02_left.xml"/>
        <sharedLight linkNode="sideMarker02_right" filename="$data/shared/assets/lights/lizard/sideMarker02_right.xml"/>
        <sharedLight linkNode="rearLight11_left" filename="$data/shared/assets/lights/lizard/rearLight11_left.xml"/>
        <sharedLight linkNode="rearLight11_right" filename="$data/shared/assets/lights/lizard/rearLight11_right.xml"/>
        <sharedLight linkNode="workingLight30" lightTypes="1" filename="$data/shared/assets/lights/lizard/workingLight30.xml"/>
        <sharedLight linkNode="frontLight08_left1" lightTypes="0 3" filename="$data/shared/assets/lights/lizard/frontLight08_left.xml"/>
        <sharedLight linkNode="frontLight08_right1" lightTypes="0 3" filename="$data/shared/assets/lights/lizard/frontLight08_right.xml"/>
        <sharedLight linkNode="sideMarker06Orange_01" filename="$data/shared/assets/lights/lizard/sideMarker06Orange.xml"/>
        <sharedLight linkNode="sideMarker06Orange_02" filename="$data/shared/assets/lights/lizard/sideMarker06Orange.xml"/>
        <sharedLight linkNode="sideMarker06Orange_03" filename="$data/shared/assets/lights/lizard/sideMarker06Orange.xml"/>
        <sharedLight linkNode="sideMarker06Orange_04" filename="$data/shared/assets/lights/lizard/sideMarker06Orange.xml"/>
        <sharedLight linkNode="sideMarker06Orange_05" filename="$data/shared/assets/lights/lizard/sideMarker06Orange.xml"/>
        <sharedLight linkNode="sideMarker06Orange_06" filename="$data/shared/assets/lights/lizard/sideMarker06Orange.xml"/>
        <sharedLight linkNode="plateNumberLight01" filename="$data/shared/assets/lights/lizard/plateNumberLight01.xml"/>

        <states>
            <state lightTypes="0"/>
            <state lightTypes="0 1"/>
            <state lightTypes="0 1 2"/>
        </states>

        <realLights>
            <low>
                <light node="frontLightLow"        lightTypes="0" excludedLightTypes="2 3" />
                <light node="workLightBackLow"    lightTypes="1"/>
                <light node="workLightFrontLow"    lightTypes="2"/>
                <light node="highBeamLow"          lightTypes="3" />
            </low>
            <high>
                <light node="frontLightHigh"        lightTypes="0" excludedLightTypes="2 3" />
                <light node="workLightBackHigh"   lightTypes="1"/>
                <light node="workLightBackHigh1"   lightTypes="1"/>
                <light node="workLightBackHigh5"   lightTypes="1"/>
                <light node="workLightFrontHigh"   lightTypes="2"/>
                <light node="highBeamHigh"          lightTypes="3"/>
                <light node="backLightsHigh"       lightTypes="0"/>
                <light node="licensePlateLightHigh"       lightTypes="0"/>
                <brakeLight node="backLightsHigh" />
                <turnLightLeft node="turnLightLeftFront" />
                <turnLightLeft node="turnLightLeftBack" />
                <turnLightRight node="turnLightRightFront" />
                <turnLightRight node="turnLightRightBack" />
                <interiorLight node="interiorScreenLight"/>
            </high>
        </realLights>

        <staticLightCompounds>
            <staticLightCompound>
                <node node="lights_main_static" intensity="5"/>
                <node node="lights_main_static_glass" intensity="1"/>
                <node node="teraDosT540Lights_static" intensity="5"/>
                <node node="teraDosT540Lights_static_Glass" intensity="1"/>
                <node node="teraDosT540Lights_static2" intensity="5"/>
                <node node="teraDosT540Lights_static_Glass2" intensity="1"/>
            </staticLightCompound>
        </staticLightCompounds>

        <beaconLights>
            <beaconLight node="beaconLight01" filename="$data/shared/assets/beaconLights/lizard/beaconLight06.xml"/>
            <beaconLight node="beaconLight02" filename="$data/shared/assets/beaconLights/lizard/beaconLight06.xml"/>
            <beaconLight node="beaconLight03" filename="$data/shared/assets/beaconLights/lizard/beaconLight06.xml"/>
            <beaconLight node="beaconLight04" filename="$data/shared/assets/beaconLights/lizard/beaconLight06.xml"/>
        </beaconLights>

        <dashboards>
            <dashboard displayType="ROT"     valueType="turnLight"  node="switchTurnlight" minRot="0 12 0" maxRot="0 -12 0" doInterpolation="true" groups="MOTOR_ACTIVE"/>
            <dashboard displayType="ROT"     valueType="turnLightHazard" node="switchHazard" minRot="0 0 0" maxRot="16 0 0" doInterpolation="true" groups="MOTOR_ACTIVE"/>
            <dashboard displayType="EMITTER" valueType="beaconLight"  node="beaconLightDecal" idleValue="0" emitColor="ORANGE" intensity="0.2" lightTypes="0" groups="MOTOR_ACTIVE"/>
            <dashboard displayType="EMITTER" valueType="lightState"  node="worklightBackDecal" idleValue="0" emitColor="ORANGE" intensity="0.5" lightTypes="1" groups="MOTOR_ACTIVE"/>
            <dashboard displayType="EMITTER" valueType="lightState"  node="worklightFrontDecal" idleValue="0" emitColor="ORANGE" intensity="0.5" lightTypes="2" groups="MOTOR_ACTIVE"/>
            <dashboard displayType="EMITTER" valueType="lightState"  node="seatDecals" idleValue="0" intensity="0.5" lightTypes="0" groups="MOTOR_ACTIVE"/>
            <dashboard displayType="EMITTER" valueType="turnLightHazard"  node="switchHazardDecal" idleValue="0" intensity="0.5" lightTypes="0" groups="MOTOR_ACTIVE"/>

            <dashboard displayType="EMITTER" valueType="lightState" node="iconsWorkLightBack_decal" emitColor="GREEN" intensity="0.2" lightTypes="1" groups="MOTOR_ACTIVE"/>
            <dashboard displayType="EMITTER" valueType="lightState" node="iconsWorkLightFront_decal" emitColor="GREEN" intensity="0.2" lightTypes="2" groups="MOTOR_ACTIVE"/>
        </dashboards>
    </lights>

    <attacherJoints>
        <attacherJoint node="attacherJointFront" jointType="cutter" lowerRotationOffset="0.07" upperRotationOffset="0.16" lowerTransLimit="0 1 0" lowerRotLimit="0 0 10" moveTime="2.5" comboTime="0">
            <distanceToGround lower="0.85" upper="1.367"/>
            <rotationNode node="attacherJointFrontRot" lowerRotation="10 0 0" upperRotation="-32 0 0"/>
            <rotationNode2 node="attacherJointFrontRot2" />
            <schema position="1 0" rotation="0" invertX="true"/>
            <bottomArm rotationNode="attacherJointFrontArmBottom" translationNode="attacherJointFrontArmBottomTrans" referenceNode="referencePointFrontBottom" zScale="1" startRotation="-10 0 0" categoryRange="1 4"/>
            <topArm rotationNode="attacherJointFrontArmTop" translationNode="attacherJointFrontArmTopTrans" referenceNode="attacherJointFrontArmTopRef" zScale="1" toggleVisibility="true"/>
            <objectChange node="safetyBar" visibilityActive="false" visibilityInactive="true" />
        </attacherJoint>

        <attacherJoint node="trailerAttacherJoint" rootNode="terraDos540_back_component2" jointType="trailer" allowsJointLimitMovement="false" allowsLowering="false" lowerRotLimit="10 50 50" lowerTransLimit="0 0 0" canTurnOnImplement="false" comboTime="1" >
            <schema position="1 0" rotation="0" invertX="false" />
        </attacherJoint>

        <sounds>
            <attach template="attach01" linkNode="0>" />
            <hydraulic template="hydraulicOpen02" linkNode="0>" volumeScale="4"/>
        </sounds>
    </attacherJoints>

    <licensePlates>
        <licensePlate node="licensePlateFront" position="FRONT" preferedType="SQUARISH" placementArea="0.06 0.15 0.2 0.15"/>
        <licensePlate node="licensePlateBack"  position="BACK" preferedType="ELONGATED" placementArea="0.11 0.27 0.13 0.27"/>
    </licensePlates>

    <enterable>
        <exitPoint node="exitPoint"/>
        <enterReferenceNode node="terraDos540_front_component1"/>
        <enterAnimation name="ladderAnimation" />

        <characterNode node="playerSkin" cameraMinDistance="0.5">
            <target ikChain="rightFoot" targetNode="playerRightFootTarget" />
            <target ikChain="leftFoot" targetNode="playerLeftFootTarget" />
            <target ikChain="rightArm" targetNode="playerRightHandTarget" poseId="wideFingers"/>
            <target ikChain="leftArm" targetNode="playerLeftHandTarget" />
        </characterNode>

        <characterTargetNodeModifier node="playerRightFootTarget" transitionTime="0.1" >
            <state node="playerRightFootTargetGas" referenceNode="pedalGas" />
            <state node="playerRightFootTargetBrake" referenceNode="pedalBrake" />
        </characterTargetNodeModifier>

        <cameras>
            <camera node="outdoorCamera1" rotatable="true" rotateNode="outdoorCameraTarget" limit="true" useWorldXZRotation="true" rotMinX="-1.4" rotMaxX="1" transMin="7.5" transMax="40" translation="0 0 12.5" rotation="-17 180 0">
                <raycastNode node="cameraRaycastNode1"/>
                <raycastNode node="cameraRaycastNode2"/>
                <raycastNode node="cameraRaycastNode3"/>
            </camera>
            <camera node="indoorCamera1" rotatable="true" limit="true" rotMinX="-1.1" rotMaxX="0.4" transMin="0" transMax="0" useMirror="true" isInside="true" shadowFocusBox="shadowFocusBox" suspensionNodeIndex="1"/>
        </cameras>

        <mirrors>
            <mirror node="mirrorDecal01" prio="1"/>
            <mirror node="mirrorDecal02" prio="1"/>
            <mirror node="mirrorDecal03" prio="2"/>
            <mirror node="mirrorDecal04" prio="2"/>
        </mirrors>

        <dashboards>
            <dashboard displayType="TEXT" valueType="time" node="numbersTime" textColor="0.57 0.57 0.57 1" textSize="0.005" textMask="00:00" font="GENERIC" groups="MOTOR_ACTIVE"/>
        </dashboards>
    </enterable>

    <motorized>
        <consumerConfigurations>
            <consumerConfiguration>
                <consumer fillUnitIndex="2" usage="326" fillType="diesel" />   <!-- usage is per hour at max load and max rpm -->
                <consumer fillUnitIndex="3" usage="23" fillType="def" />      <!-- usage is per hour at max load and max rpm -->
            </consumerConfiguration>
        </consumerConfigurations>

        <differentialConfigurations>
            <differentialConfiguration>
                <differentials>
                    <differential torqueRatio="0.5" maxSpeedRatio="1.5" wheelIndex1="3" wheelIndex2="4" /> <!-- middle left-right -->
                    <differential torqueRatio="0.5" maxSpeedRatio="1.4" wheelIndex1="5" wheelIndex2="6" /> <!-- back left-right -->
                    <differential torqueRatio="0.5" maxSpeedRatio="1.6" wheelIndex1="1" wheelIndex2="2" /> <!-- front left-right -->
                    <differential torqueRatio="0.5" maxSpeedRatio="1.2" differentialIndex1="1" differentialIndex2="2" /> <!-- middle-back -->
                    <differential torqueRatio="0.5" maxSpeedRatio="1.2" differentialIndex1="3" differentialIndex2="4" /> <!-- front-'back' -->
                </differentials>
            </differentialConfiguration>
        </differentialConfigurations>

        <motorConfigurations>
            <motorConfiguration name="Terra Dos 5‑40" hp="652" price="0">
                <motor torqueScale="2.752" minRpm="850" maxRpm="2000" maxForwardSpeed="43" maxBackwardSpeed="15" brakeForce="21" lowBrakeForceScale="0.1" lowBrakeForceSpeedLimit="1" accelerationLimit="1.6" dampingRateScale="3.5">
                    <torque normRpm="0.45" torque="0.9"/>
                    <torque normRpm="0.5" torque="0.97"/>
                    <torque normRpm="0.59" torque="1"/>
                    <torque normRpm="0.72" torque="1"/>
                    <torque normRpm="0.86" torque="0.88"/>
                    <torque normRpm="1" torque="0.72"/>
                </motor>
                <transmission minForwardGearRatio="16" maxForwardGearRatio="320" minBackwardGearRatio="45" maxBackwardGearRatio="320" name="$l10n_info_transmission_cvt"/>
            </motorConfiguration>
        </motorConfigurations>

        <exhaustEffects>
            <exhaustEffect node="exhaustParticle" filename="$data/effects/exhaust/exhaust.i3d" minRpmColor="0.9 0.9 0.9 0.1" maxRpmColor="0.9 0.9 0.9 0.4" minRpmScale="0.05" maxRpmScale="0.5" />
        </exhaustEffects>

        <motorStartDuration>4700</motorStartDuration>

        <dashboards>
            <dashboard displayType="TEXT" valueType="speed" node="numbersSpeed01" textColor="1 1 1 1" textSize="0.007" textMask="00.0" textAlignment="CENTER" font="GENERIC" groups="MOTOR_ACTIVE"/>
            <dashboard displayType="TEXT" valueType="speed" node="numbersSpeed02" textColor="1 1 1 1" textSize="0.005" textMask="00.0" font="GENERIC" groups="MOTOR_ACTIVE"/>
            <dashboard displayType="TEXT" valueType="rpm" node="numbersRPM01" textColor="1 1 1 1" textSize="0.007" textMask="0000" textAlignment="CENTER" font="GENERIC" groups="MOTOR_ACTIVE"/>
            <dashboard displayType="TEXT" valueType="rpm" node="numbersRPM02" textColor="1 1 1 1" textSize="0.005" textMask="0000" font="GENERIC" groups="MOTOR_ACTIVE"/>
            <dashboard displayType="TEXT" valueType="motorTemperature" node="numbersTemperature" textColor="1 1 1 1" textSize="0.005" textMask="000" font="GENERIC" groups="MOTOR_ACTIVE"/>

            <dashboard displayType="ANIMATION" valueType="speed" animName="needleSpeedAnimation" minValueAnim="0" maxValueAnim="43" doInterpolation="true" interpolationSpeed="0.5" groups="MOTOR_ACTIVE"/>
            <dashboard displayType="ANIMATION" valueType="rpm" animName="needleRpmAnimation" minValueAnim="0" maxValueAnim="2000" doInterpolation="true" interpolationSpeed="0.5" groups="MOTOR_ACTIVE"/>

            <dashboard displayType="SLIDER" valueType="speed" node="sliderSpeed_decal" minValueSlider="0" maxValueSlider="50" doInterpolation="true" interpolationSpeed="0.5" groups="MOTOR_ACTIVE"/>
            <dashboard displayType="SLIDER" valueType="rpm" node="sliderRPM_decal" minValueSlider="0" maxValueSlider="2000" doInterpolation="true" interpolationSpeed="0.5" groups="MOTOR_ACTIVE"/>

            <dashboard displayType="MULTI_STATE" valueType="ignitionState" node="keyIgnition" doInterpolation="true" groups="MOTOR_ACTIVE">
                <state value="0" rotation="0 0 0"/>
                <state value="1" rotation="0 0 -90"/>
                <state value="2" rotation="0 0 -30"/>
            </dashboard>
        </dashboards>

        <animationNodes>
            <animationNode node="engineFan01" rotAxis="1" rotSpeed="1200" turnOnFadeTime="2" turnOffFadeTime="3"/>
        </animationNodes>
    </motorized>

    <drivable>
        <steeringWheel node="steeringWheel" indoorRotation="540" outdoorRotation="25"/>

        <dashboards>
            <dashboard displayType="ROT" valueType="accelerationAxis" node="pedalGas" minRot="0 0 0" maxRot="15 0 0" doInterpolation="true" groups="MOTOR_ACTIVE"/>
            <dashboard displayType="ROT" valueType="decelerationAxis" node="pedalBrake" minRot="0 0 0" maxRot="15 0 0" doInterpolation="true" groups="MOTOR_ACTIVE"/>
            <dashboard displayType="TEXT" valueType="cruiseControl" node="numbersCruiseControl" textColor="1 1 1 1" textSize="0.005" textMask="00.0" font="GENERIC" groups="MOTOR_ACTIVE"/>
        </dashboards>
    </drivable>

    <foldable>
        <foldingConfigurations>
            <foldingConfiguration>
                <foldingParts startMoveDirection="1" turnOnFoldMinLimit="0" turnOnFoldMaxLimit="0.15">
                    <foldingPart animationName="folding" speedScale="0.5"/>
                </foldingParts>
            </foldingConfiguration>
        </foldingConfigurations>
    </foldable>

    <animations>
        <animation name="needleSpeedAnimation" isKeyframe="true">
            <part node="needleSpeed" startTime="0" endTime="40" startRot="0 0 0" endRot="0 -180 0" />
            <part node="needleSpeed" startTime="40" endTime="43" startRot="0 -180 0" endRot="0 -193 0" />
        </animation>

        <animation name="needleRpmAnimation" isKeyframe="true">
            <part node="needleRPM" startTime="0" endTime="6" startRot="0 0 0" endRot="0 -29 0" />
            <part node="needleRPM" startTime="6" endTime="8" startRot="0 -29 0" endRot="0 -57 0" />
            <part node="needleRPM" startTime="8" endTime="20" startRot="0 -57 0" endRot="0 -227 0" />
        </animation>

        <animation name="wiperAnimation" isKeyframe="true">
            <part node="wiperArm02" startTime="0.0" endTime="0.24" startRot="37.545 78.007 90.001" endRot="37.915 84.681 103.372" />
            <part node="wiperArm02" startTime="0.24" endTime="0.5" startRot="37.915 84.681 103.372" endRot="4.834 88.104 94.081" />
            <part node="wiperArm02" startTime="0.5" endTime="0.76" startRot="4.834 88.104 94.081" endRot="-29.766 84.603 84.051" />
            <part node="wiperArm02" startTime="0.76" endTime="1.0" startRot="-29.766 84.603 84.051" endRot="-36.008 78.007 90.001" />
            <part node="wiperArm01" startTime="0.0" endTime="0.24" startRot="36.921 78.004 89.997" endRot="34.275 84.628 100.24" />
            <part node="wiperArm01" startTime="0.24" endTime="0.5" startRot="34.275 84.628 100.24" endRot="1.835 88.175 91.556" />
            <part node="wiperArm01" startTime="0.5" endTime="0.76" startRot="1.835 88.175 91.556" endRot="-32.464 84.544 81.628" />
            <part node="wiperArm01" startTime="0.76" endTime="1.0" startRot="-32.464 84.544 81.628" endRot="-36.359 78.004 89.997" />
            <part node="wiper" startTime="0.0" endTime="0.24" startRot="89.899 36.938 89.917" endRot="84.225 26.058 89.934" />
            <part node="wiper" startTime="0.24" endTime="0.5" startRot="84.225 26.058 89.934" endRot="81.606 5.871 89.966" />
            <part node="wiper" startTime="0.5" endTime="0.76" startRot="81.606 5.871 89.966" endRot="84.193 -14.634 89.998" />
            <part node="wiper" startTime="0.76" endTime="1.0" startRot="84.193 -14.634 89.998" endRot="89.911 -25.196 90.015" />
            <part node="wiperArm04" startTime="0.0" endTime="0.5" startRot="0.0 -29.198 0.0" endRot="-25.692 -19.255 -8.291" />
            <part node="wiperArm04" startTime="0.5" endTime="1.0" startRot="-25.692 -19.255 -8.291" endRot="-53.655 -13.046 -9.43" />

            <sound template="wiper1" startTime="0" endTime="1.0" direction="1"  volumeScale="0.6" pitchScale="0.8" fadeOut="0.1" linkNode="wiper"/>
            <sound template="wiper2" startTime="0" endTime="1.0" direction="-1" volumeScale="0.6" pitchScale="0.8" fadeOut="0.1" linkNode="wiper"/>
        </animation>

        <animation name="folding" soundVolumeFactor="0.8">
            <!-- wheels -->
            <part node="extraWheelsTrans"     startTime="0.5" endTime="2.5" startTrans="0 0 0" endTrans="0 -1.25 0"/>
            <part node="extraWheelsRot"       startTime="0.5" endTime="2.5" startRot="0 0 0" endRot="-118 0 0"/>
            <part node="extraWheelsRotPart01" startTime="0.5" endTime="2.5" startRot="0 0 0" endRot="-105.023 0 0"/>
            <part node="extraWheelsRotPart02" startTime="0.5" endTime="2.5" startRot="0 0 0" endRot="24.594 0 0"/>
            <!-- bunker -->
            <part node="foldingFront"         startTime="0.5" endTime="2.5" startRot="0 0 0" endRot="-90 0 0"/>
            <part node="foldingLeft"          startTime="0.5" endTime="2.5" startRot="0 0 0" endRot="0 0 90"/>
            <part node="foldingRight"         startTime="0.5" endTime="2.5" startRot="0 0 0" endRot="0 0 -83"/>
            <part node="foldingRightPart"     startTime="0.5" endTime="2.5" startRot="0 0 0" endRot="0 0 60"/>
            <part node="foldingBack"          startTime="0.5" endTime="2.5" startRot="0 0 0" endRot="-90 0 0"/>
            <!-- unloading -->
            <part node="unloadingArm01"     startTime="0" endTime="2.5" startRot="0 0 68" endRot="0 0 68"/>
            <part node="unloadingArm02"     startTime="0" endTime="2.5" startRot="0 0 20" endRot="0 0 110"/>
            <part node="unloadingArm03"     startTime="0" endTime="2.5" startRot="0 0 -75" endRot="0 0 -120"/>
            <part node="unloadingArm02Part" startTime="0" endTime="2.5" startRot="0 0 0" endRot="0 0 55"/>

            <part node="animJoint03" startTime="0.5" endTime="2.5" startTrans="1.081 1.362 1.27" endTrans="0.893 1.288 1.27" startRot="0.0 0.0 0.0" endRot="0.0 0.0 99.829" />
            <part node="animJoint04" startTime="0.5" endTime="2.5" startTrans="1.079 1.363 -0.053" endTrans="0.829 1.32 -0.044" startRot="0.0 0.0 0.0" endRot="0.0 0.0 105.765" />
            <part node="animJoint02" startTime="0.5" endTime="2.5" startTrans="-0.648 0.192 -0.064" endTrans="-0.664 0.015 -0.343" startRot="34.368 0.0 0.0" endRot="-91.463 0.0 0.0" />
            <part node="animJoint01" startTime="0.5" endTime="2.5" startTrans="0.669 0.191 -0.062" endTrans="0.669 0.061 -0.279" startRot="34.447 0.0 0.0" endRot="-71.661 0.0 0.0" />

            <part node="animatedJoint04" startTime="0.5" endTime="0.9" startTrans="-0.566 4.95 1.158" endTrans="-0.305 4.658 1.158" startRot="0.0 0.0 0.0" endRot="0.0 0.0 -15.684" />
            <part node="animatedJoint04" startTime="0.9" endTime="1.5" startTrans="-0.305 4.658 1.158" endTrans="-0.03 4.07 1.158" startRot="0.0 0.0 -15.684" endRot="0.0 0.0 -46.358" />
            <part node="animatedJoint04" startTime="1.5" endTime="2.06" startTrans="-0.03 4.07 1.158" endTrans="-0.114 3.542 1.158" startRot="0.0 0.0 -46.358" endRot="0.0 0.0 -64.535" />
            <part node="animatedJoint04" startTime="2.06" endTime="2.5" startTrans="-0.114 3.542 1.158" endTrans="-0.258 3.037 1.158" startRot="0.0 0.0 -64.535" endRot="0.0 0.0 -56.643" />
            <part node="animatedJoint03" startTime="0.5" endTime="0.9" startTrans="-0.054 4.934 1.158" endTrans="0.303 4.473 1.158" startRot="0.0 0.0 0.0" endRot="0.0 0.0 -12.437" />
            <part node="animatedJoint03" startTime="0.9" endTime="1.5" startTrans="0.303 4.473 1.158" endTrans="0.337 3.69 1.158" startRot="0.0 0.0 -12.437" endRot="0.0 0.0 -37.74" />
            <part node="animatedJoint03" startTime="1.5" endTime="2.06" startTrans="0.337 3.69 1.158" endTrans="0.102 3.103 1.158" startRot="0.0 0.0 -37.74" endRot="0.0 0.0 -59.11" />
            <part node="animatedJoint03" startTime="2.06" endTime="2.5" startTrans="0.102 3.103 1.158" endTrans="0.107 2.846 1.158" startRot="0.0 0.0 -59.11" endRot="0.0 0.0 6.058" />
            <part node="animatedJoint02" startTime="0.5" endTime="1.5" startTrans="1.079 4.157 1.158" endTrans="0.995 4.03 1.158" startRot="0.0 0.0 0.0" endRot="0.0 0.0 46.379" />
            <part node="animatedJoint02" startTime="1.5" endTime="2.5" startTrans="0.995 4.03 1.158" endTrans="0.954 3.84 1.158" startRot="0.0 0.0 46.379" endRot="0.0 0.0 88.514" />
            <part node="animatedJoint01" startTime="0.5" endTime="0.9" startTrans="0.338 4.732 1.158" endTrans="0.582 4.272 1.158" startRot="0.0 0.0 0.0" endRot="0.0 0.0 12.414" />
            <part node="animatedJoint01" startTime="0.9" endTime="1.5" startTrans="0.582 4.272 1.158" endTrans="0.616 3.656 1.158" startRot="0.0 0.0 12.414" endRot="0.0 0.0 48.492" />
            <part node="animatedJoint01" startTime="1.5" endTime="2.06" startTrans="0.616 3.656 1.158" endTrans="0.257 3.071 1.158" startRot="0.0 0.0 48.492" endRot="0.0 0.0 82.811" />
            <part node="animatedJoint01" startTime="2.06" endTime="2.5" startTrans="0.257 3.071 1.158" endTrans="0.417 3.261 1.158" startRot="0.0 0.0 82.811" endRot="0.0 0.0 91.581" />


            <sound template="hydraulicOpen02"  startTime="0.01" endTime="2.49" volumeScale="4"   pitchScale="1.4" fadeIn="0.1" fadeOut="0.1" />
            <sound template="hydraulicOpen04"  startTime="0.01" endTime="2.49" volumeScale="4"   pitchScale="1.4" fadeIn="0.1" fadeOut="0.1" />
            <sound template="hydraulicClose01" startTime="0.5"  endTime="2.49" volumeScale="9"   pitchScale="0.6" fadeIn="0.1" fadeOut="0.1" />
            <sound template="hydraulicClose03" startTime="0.5"  endTime="2.49" volumeScale="5"   pitchScale="1.6" fadeIn="0.1" fadeOut="0.1" />
            <sound template="cylinderPunch"    startTime="2.49" direction="1"  volumeScale="2"   pitchScale="1" />
            <sound template="vibratingImp"     startTime="2.49" direction="1"  volumeScale="5"   pitchScale="1" />
            <sound template="foldStartMed02"   startTime="2.49" direction="1"  volumeScale="9"   pitchScale="0.7" />
            <sound template="cylinderPunch"    startTime="0.01" direction="-1" volumeScale="1.5" pitchScale="1.6" />
            <sound template="vibratingImp"     startTime="0.01" direction="-1" volumeScale="5"   pitchScale="1.3" />
            <sound template="foldStartMed02"   startTime="0.01" direction="-1" volumeScale="9"   pitchScale="0.7" />
            <sound template="cylinderPunch"    startTime="0.5"  direction="-1" volumeScale="1.5" pitchScale="1.0" />
            <sound template="clackVar6"        startTime="0.5"  direction="-1" volumeScale="5"   pitchScale="0.7" />
        </animation>

        <animation name="ladderAnimation" soundVolumeFactor="1">
            <part node="ladderPart01" startTime="0" endTime="2" startRot="0 0 0" endRot="0 0 151.5"/>

            <sound template="hydraulicOpen02" startTime="0.01" endTime="1.99" volumeScale="1" pitchScale="1.6" fadeIn="0.1" fadeOut="0.1" linkNode="ladderPart01"/>

            <sound template="vibratingImp" startTime="0.01" direction="-1" volumeScale="1.2" pitchScale="1.3" linkNode="ladderPart01"/>
            <sound template="vibratingImp" startTime="1.99" direction="1" volumeScale="1.2" pitchScale="1.3" linkNode="ladderPart01"/>
        </animation>

        <animation name="safetyBarLeft" soundVolumeFactor="0.7">
            <part node="safetyBarLeft" startTime="0" endTime="3" startRot="0 0 0" endRot="0 0 70"/>

            <sound template="hydraulicClose01"   startTime="0.0" endTime="3.0" pitchScale="1.8" volumeScale="0.6" linkNode="safetyBarLeft" direction="0" fadeIn="0.2" fadeOut="0.05"/>
            <sound template="metalClose" startTime="0.0"  pitchScale="2.5" volumeScale="2.00" linkNode="safetyBarLeft" direction="-1" />
            <sound template="metalClose" startTime="3.00" pitchScale="3.2" volumeScale="1.70" linkNode="safetyBarLeft" direction="1" />
        </animation>
        <animation name="safetyBarRight" soundVolumeFactor="0.7">
            <part node="safetyBarRight" startTime="0" endTime="3" startRot="0 0 0" endRot="0 0 -70"/>

            <sound template="hydraulicClose01"   startTime="0.0" endTime="3.0" pitchScale="2.0" volumeScale="0.6" linkNode="safetyBarRight" direction="0" fadeIn="0.2" fadeOut="0.05"/>
            <sound template="metalClose" startTime="0.0"  pitchScale="2.5" volumeScale="2.00" linkNode="safetyBarRight" direction="-1" />
            <sound template="metalClose" startTime="3.00" pitchScale="3.2" volumeScale="1.70" linkNode="safetyBarRight" direction="1" />
        </animation>
    </animations>

    <cylindered loadMovingToolStatesAfterFolding="true" loadMovingToolStatesFoldTime="0">
        <movingTools>
            <movingTool node="unloadingArm01" freezingPipeStates="1" foldMinLimit="0" foldMaxLimit="0.15" playSound="true">
                <controls axis="AXIS_PIPE2" invertAxis="false" mouseSpeedFactor="0.3" iconName="PIPE_END_ROTATE"/>
                <rotation rotSpeed="10" rotAcceleration="125" rotMax="20" rotMin="-20" rotationAxis="3"/>
                <dependentPart node="unloadingArm01Hydraulic" />
            </movingTool>
            <movingTool node="unloadingArm02" playSound="true">
                <dependentPart node="unloadingArm02Hydraulic"/>
            </movingTool>
            <movingTool node="unloadingArm03" freezingPipeStates="1" foldMinLimit="0" foldMaxLimit="0.15" playSound="true" >
                <controls axis="AXIS_PIPE" invertAxis="false" mouseSpeedFactor="0.3" iconName="CRANE_ARM1_ROTATE_X" />
                <rotation rotSpeed="30" rotAcceleration="125" rotMax="0" rotMin="-70" rotationAxis="3"/>
                <dependentPart node="unloadingArm03Hydraulic"/>
            </movingTool>
            <movingTool node="attacherJointFrontArmBottom">
                <dependentPart node="attacherJointFrontHydraulic"/>
                <dependentPart node="bottomFrame"/>
                <dependentPart node="bottomFramePart"/>
            </movingTool>
            <movingTool node="extraWheelsTrans" wheelNodes="extraWheelsLeft extraWheelsRight"/>
            <movingTool node="ladderPart01">
                <dependentPart node="ladderPart02"/>
            </movingTool>
            <movingTool node="foldingFront">
                <dependentPart node="foldingFrontHydraulic"/>
            </movingTool>
            <movingTool node="foldingLeft">
                <dependentPart node="foldingLeftHydraulic"/>
            </movingTool>
            <movingTool node="foldingRight">
                <dependentPart node="foldingRightHydraulic"/>
                <dependentPart node="foldingRightArmHydraulic"/>
                <dependentPart node="foldingLeftFront"/>
            </movingTool>
            <movingTool node="foldingBack">
                <dependentPart node="foldingBackHydraulic"/>
            </movingTool>
            <movingTool node="safetyBarLeft">
                <dependentPart node="safetyBarLeftHydraulic"/>
            </movingTool>
            <movingTool node="safetyBarRight">
                <dependentPart node="safetyBarRightHydraulic"/>
            </movingTool>
        </movingTools>

        <movingParts>
            <movingPart node="safetyBarLeftHydraulic" referencePoint="safetyBarLeftHydraulicRef" referenceFrame="safetyBarLeftHydraulicRef">
                <translatingPart node="safetyBarLeftHydraulicPunch"/>
            </movingPart>
            <movingPart node="safetyBarRightHydraulic" referencePoint="safetyBarRightHydraulicRef" referenceFrame="safetyBarRightHydraulicRef">
                <translatingPart node="safetyBarRightHydraulicPunch"/>
            </movingPart>
            <!-- steering activeDirty -->
            <movingPart node="steeringBarRear01Left" referencePoint="steeringBarRear01LeftRef" referenceFrame="steeringBarRear01LeftRef" isActiveDirty="true" maxUpdateDistance="50" scaleZ="true" debug="false"/>
            <movingPart node="steeringBarRear01Right" referencePoint="steeringBarRear01RightRef" referenceFrame="steeringBarRear01RightRef" isActiveDirty="true" maxUpdateDistance="50" scaleZ="true" debug="false"/>
            <movingPart node="steeringBarRear01LeftHydraulic" referencePoint="steeringBarRear01LeftHydraulicRef" referenceFrame="steeringBarRear01LeftHydraulicRef" isActiveDirty="true" maxUpdateDistance="50">
                <translatingPart node="steeringBarRear01LeftHydraulicPunch"/>
            </movingPart>
            <movingPart node="steeringBarRear01RightHydraulic" referencePoint="steeringBarRear01RightHydraulicRef" referenceFrame="steeringBarRear01RightHydraulicRef" isActiveDirty="true" maxUpdateDistance="50">
                <translatingPart node="steeringBarRear01RightHydraulicPunch"/>
            </movingPart>
            <movingPart node="steeringBarRear02Left" referencePoint="steeringBarRear02LeftRef" referenceFrame="steeringBarRear02LeftRef" isActiveDirty="true" maxUpdateDistance="50" scaleZ="true" debug="false"/>
            <movingPart node="steeringBarRear02Right" referencePoint="steeringBarRear02RightRef" referenceFrame="steeringBarRear02RightRef" isActiveDirty="true" maxUpdateDistance="50" scaleZ="true" debug="false"/>
            <movingPart node="steeringBarRear02LeftHydraulic" referencePoint="steeringBarRear02LeftHydraulicRef" referenceFrame="steeringBarRear02LeftHydraulicRef" isActiveDirty="true" maxUpdateDistance="50">
                <translatingPart node="steeringBarRear02LeftHydraulicPunch"/>
            </movingPart>
            <movingPart node="steeringBarRear02RightHydraulic" referencePoint="steeringBarRear02RightHydraulicRef" referenceFrame="steeringBarRear02RightHydraulicRef" isActiveDirty="true" maxUpdateDistance="50">
                <translatingPart node="steeringBarRear02RightHydraulicPunch"/>
            </movingPart>
            <movingPart node="steeringBarFront" referencePoint="steeringBarFrontRef" referenceFrame="steeringBarFrontRef" isActiveDirty="true" maxUpdateDistance="50" scaleZ="true" debug="false"/>
            <movingPart node="axleFrontLeftHydraulic" referencePoint="axleFrontLeftHydraulicRef" referenceFrame="axleFrontLeftHydraulicRef" isActiveDirty="true" maxUpdateDistance="50">
                <translatingPart node="axleFrontLeftHydraulicPunch"/>
            </movingPart>
            <movingPart node="axleFrontRightHydraulic" referencePoint="axleFrontRightHydraulicRef" referenceFrame="axleFrontRightHydraulicRef" isActiveDirty="true" maxUpdateDistance="50">
                <translatingPart node="axleFrontRightHydraulicPunch"/>
            </movingPart>
            <movingPart node="steeringBarFrontLeftHydraulic" referencePoint="steeringBarFrontLeftHydraulicRef" referenceFrame="steeringBarFrontLeftHydraulicRef" isActiveDirty="true" maxUpdateDistance="50">
                <translatingPart node="steeringBarFrontLeftHydraulicPunch"/>
            </movingPart>
            <movingPart node="steeringBarFrontRightHydraulic" referencePoint="steeringBarFrontRightHydraulicRef" referenceFrame="steeringBarFrontRightHydraulicRef" isActiveDirty="true" maxUpdateDistance="50">
                <translatingPart node="steeringBarFrontRightHydraulicPunch"/>
            </movingPart>
            <movingPart node="steeringLeftHydraulic" referencePoint="steeringLeftHydraulicRef" referenceFrame="steeringLeftHydraulicRef" isActiveDirty="true" maxUpdateDistance="50">
                <translatingPart node="steeringLeftHydraulicPunch"/>
            </movingPart>
            <movingPart node="steeringRightHydraulic" referencePoint="steeringRightHydraulicRef" referenceFrame="steeringRightHydraulicRef" isActiveDirty="true" maxUpdateDistance="50">
                <translatingPart node="steeringRightHydraulicPunch"/>
            </movingPart>

            <!-- attacherJoint -->
            <movingPart node="attacherJointFrontHydraulic" referencePoint="attacherJointFrontHydraulicRef" referenceFrame="attacherJointFrontHydraulicRef">
                <translatingPart node="attacherJointFrontHydraulicPunch"/>
            </movingPart>
            <movingPart node="bottomFrame" referencePoint="bottomFrameRef" referenceFrame="bottomFrameRef"/>
            <movingPart node="bottomFramePart" referencePoint="bottomFramePartRef" referenceFrame="bottomFramePartRef"/>

            <!-- cleaning -->
            <movingPart node="cleaningBelt" referencePoint="cleaningBeltRef" referenceFrame="cleaningBeltRef" isActiveDirty="true" maxUpdateDistance="300"/>
            <movingPart node="cleaningPart01Arm01" localReferencePoint="cleaningPart01Arm02" referencePoint="cleaningPart01Arm02Ref" referenceFrame="cleaningPart01Arm01RefFrame" isActiveDirty="true" maxUpdateDistance="300">
                <dependentPart node="cleaningPart01"/>
                <dependentPart node="cleaningPart01Arm02"/>
                <dependentPart node="cleaningPart01Arm"/>
                <dependentPart node="cleaningPart01BarPart01"/>
            </movingPart>
            <movingPart node="cleaningPart01" referencePoint="cleaningPart01Ref" referenceFrame="cleaningPart01RefFrame" limitedAxis="1"/>
            <movingPart node="cleaningPart01Arm02" referencePoint="cleaningPart01Arm02Ref" referenceFrame="cleaningPart01Arm02Ref"/>
            <movingPart node="cleaningPart01Arm" referencePoint="cleaningPart01ArmRef" referenceFrame="cleaningPart01ArmRef" scaleZ="true"/>
            <movingPart node="cleaningPart01BarPart01" localReferencePoint="cleaningPart01BarPart02" referencePoint="cleaningPart01BarPart02Ref" referenceFrame="cleaningPart01BarPart01RefFrame">
                <dependentPart node="cleaningPart01BarPart02"/>
            </movingPart>
            <movingPart node="cleaningPart01BarPart02" referencePoint="cleaningPart01BarPart02Ref" referenceFrame="cleaningPart01BarPart02Ref" limitedAxis="1"/>

            <!-- ladder -->
            <movingPart node="ladderPart02" localReferencePoint="ladderPart03" referencePoint="ladderPart03Ref" referenceFrame="ladderPart02RefFrame">
                <dependentPart node="ladderPart03"/>
                <dependentPart node="ladderPart01Damper"/>
            </movingPart>
            <movingPart node="ladderPart03" referencePoint="ladderPart03Ref" referenceFrame="ladderPart03RefFrame"/>
            <movingPart node="ladderPart01Damper" referencePoint="ladderPart01DamperRef" referenceFrame="ladderPart01DamperRefFrame">
                <translatingPart node="ladderPart01DamperPunch"/>
            </movingPart>

            <!-- bunker -->
            <movingPart node="foldingFrontHydraulic" referencePoint="foldingFrontHydraulicRef" referenceFrame="foldingFrontHydraulicRefFrame">
                <translatingPart node="foldingFrontHydraulicPunch"/>
            </movingPart>
            <movingPart node="foldingLeftHydraulic" referencePoint="foldingLeftHydraulicRef" referenceFrame="foldingLeftHydraulicRefFrame">
                <translatingPart node="foldingLeftHydraulicPunch"/>
            </movingPart>
            <movingPart node="foldingRightHydraulic" referencePoint="foldingRightHydraulicRef" referenceFrame="foldingRightHydraulicRef">
                <translatingPart node="foldingRightHydraulicPunch"/>
            </movingPart>
            <movingPart node="foldingRightArmHydraulic" referencePoint="foldingRightArmHydraulicRef" referenceFrame="foldingRightArmHydraulicRefFrame">
                <translatingPart node="foldingRightArmHydraulicPunch"/>
            </movingPart>
            <movingPart node="foldingLeftFront" localReferencePoint="foldingLeftFrontArm" referencePoint="foldingLeftFrontArmRef" referenceFrame="foldingLeftFrontRefFrame">
                <dependentPart node="foldingLeftFrontArm"/>
            </movingPart>
            <movingPart node="foldingLeftFrontArm" referencePoint="foldingLeftFrontArmRef" referenceFrame="foldingLeftFrontArmRef"/>
            <movingPart node="foldingBackHydraulic" referencePoint="foldingBackHydraulicRef" referenceFrame="foldingBackHydraulicRefFrame">
                <translatingPart node="foldingBackHydraulicPunch"/>
            </movingPart>

            <!-- unloading -->
            <movingPart node="unloadingArm01Hydraulic" referencePoint="unloadingArm01HydraulicRef" referenceFrame="unloadingArm01HydraulicRefFrame">
                <translatingPart node="unloadingArm01HydraulicPunch"/>
            </movingPart>
            <movingPart node="unloadingArm02Hydraulic" referencePoint="unloadingArm02HydraulicRef" referenceFrame="unloadingArm02HydraulicRefFrame">
                <translatingPart node="unloadingArm02HydraulicPunch"/>
            </movingPart>
            <movingPart node="unloadingArm03Hydraulic" referencePoint="unloadingArm03HydraulicRef" referenceFrame="unloadingArm03HydraulicRefFrame">
                <translatingPart node="unloadingArm03HydraulicPunch"/>
            </movingPart>

            <!-- mist -->
            <movingPart node="connector" localReferencePoint="connectorArm" referencePoint="connectorArmRef" referenceFrame="connectorRefFrame" isActiveDirty="true" maxUpdateDistance="300">
                <dependentPart node="connectorArm"/>
            </movingPart>
            <movingPart node="connectorArm" referencePoint="connectorArmRef" referenceFrame="connectorArmRef"/>
        </movingParts>
        <sounds>
            <actionSound template="hydraulicOpen05"  volumeScale="5"   pitchScale="1.3" linkNode="unloadingArm01" actionNames="TOOL_MOVE_POS TOOL_MOVE_NEG" nodes="unloadingArm01" fadeIn="0.1" fadeOut="0.1" />
            <actionSound template="hydraulicOpen02"  volumeScale="3"   pitchScale="1.3" linkNode="unloadingArm01" actionNames="TOOL_MOVE_POS TOOL_MOVE_NEG" nodes="unloadingArm01" fadeIn="0.1" fadeOut="0.1" />
            <actionSound template="hydraulicClose03" volumeScale="2.5" pitchScale="2.8" linkNode="unloadingArm03" actionNames="TOOL_MOVE_POS TOOL_MOVE_NEG" nodes="unloadingArm03" fadeIn="0.1" fadeOut="0.1" />
            <actionSound template="vibratingImp"     volumeScale="3"   pitchScale="1.3" linkNode="unloadingArm01" actionNames="TOOL_MOVE_END_POS_LIMIT TOOL_MOVE_END_NEG_LIMIT" nodes="unloadingArm01" />
            <actionSound template="cylinderPunch"    volumeScale="1"   pitchScale="1.8" linkNode="unloadingArm01" actionNames="TOOL_MOVE_END_POS_LIMIT"     nodes="unloadingArm01" />
            <actionSound template="vibratingImp"     volumeScale="2.1" pitchScale="1.8" linkNode="unloadingArm03" actionNames="TOOL_MOVE_END_POS_LIMIT TOOL_MOVE_END_NEG_LIMIT" nodes="unloadingArm03" />
        </sounds>
    </cylindered>

    <wipers>
        <wiper animName="wiperAnimation" >
            <state animSpeed="0.5" animPause="2.0" />
            <state animSpeed="0.5" animPause="0.0" />
            <state animSpeed="1.0" animPause="0.0" />
        </wiper>
    </wipers>

    <fillUnit>
        <fillUnitConfigurations>
            <fillUnitConfiguration>
                <fillUnits>
                    <fillUnit shopDisplayUnit="CUBICMETER" fillTypes="sugarBeet beetroot" capacity="450000" ignoreFillLimit="true">
                        <fillMassNode node="terraDos540_back_component2"/>
                        <exactFillRootNode node="exactFillRootNode" />
                    </fillUnit>
                    <fillUnit unitTextOverride="$l10n_unit_literShort" showOnHud="false" showInShop="false" fillTypes="diesel" capacity="1150" ignoreFillLimit="true">
                        <dashboard displayType="TEXT" valueType="fillLevel" node="numbersFuel" textColor="1 1 1 1" textSize="0.005" textMask="0000" font="GENERIC" groups="MOTOR_ACTIVE"/>
                        <exactFillRootNode node="exactFillRootNodeFuel" />
                    </fillUnit>
                    <fillUnit unitTextOverride="$l10n_unit_literShort" showOnHud="false" showInShop="false" showOnInfoHud="false" fillTypes="def" capacity="95" ignoreFillLimit="true">
                        <dashboard displayType="TEXT" valueType="fillLevel" node="numbersDef" textColor="1 1 1 1" textSize="0.005" textMask="0000" font="GENERIC" groups="MOTOR_ACTIVE"/>
                    </fillUnit>
                </fillUnits>
            </fillUnitConfiguration>
        </fillUnitConfigurations>
    </fillUnit>

    <fillVolume>
        <fillVolumeConfigurations>
            <fillVolumeConfiguration>
                <volumes>
                    <volume node="fillVolume" maxDelta="0.5" maxAllowedHeapAngle="25" fillUnitIndex="1"/>
                </volumes>
            </fillVolumeConfiguration>
        </fillVolumeConfigurations>

        <unloadInfos>
            <unloadInfo>
                <node node="fillVolumeUnloadInfo" width="2.4" length="3.5" minHeight="1.0" />
                <node node="fillVolumeUnloadInfo1" width="1.4" length="4.1" />
                <node node="fillVolumeUnloadInfo2" width="1.4" length="3.1" />
            </unloadInfo>
        </unloadInfos>

        <loadInfos>
            <loadInfo>
                <node node="fillVolumeLoadInfo" width="0.6" length="0.5" priority="3" maxHeight="1.65" />
                <node node="fillVolumeLoadInfoBack" width="1.4" length="0.5" priority="2" maxFillLevelPercentage="0.8" minHeight="-1" heightForTranslation="1.6" translationStart="0 4.634 1.121" translationEnd="0 4.634 -2.969" />
                <node node="fillVolumeLoadInfoFront" width="1.4" length="1.5" />
            </loadInfo>
        </loadInfos>
    </fillVolume>

    <pipe foldMinState="1" foldMaxState="1" foldMinLimit="0" foldMaxLimit="0.15" dischargeNodeIndex="1">
        <states num="2" unloading="2" />

        <unloadingTriggers>
            <unloadingTrigger node="trailerTrigger"/>
        </unloadingTriggers>

        <pipeNodes>
            <pipeNode node="unloadingArm01" rotationSpeeds="0 0 20">
                <state rotation="0 0 68"/>
                <state rotation="0 0 0"/>
            </pipeNode>
            <pipeNode node="unloadingArm02" rotationSpeeds="0 0 20">
                <state rotation="0 0 20"/>
                <state rotation="0 0 0"/>
            </pipeNode>
            <pipeNode node="unloadingArm03" rotationSpeeds="0 0 20">
                <state rotation="0 0 -75"/>
                <state rotation="0 0 0"/>
            </pipeNode>
        </pipeNodes>

        <animationNodes>
            <animationNode class="ScrollingAnimation" node="unloadingBeltUVScroll" scrollSpeed="0.5" scrollLength="10" shaderParameterName="offsetUV" shaderParameterComponent="2" turnOnFadeTime="2" turnOffFadeTime="3"/>
            <animationNode class="ScrollingAnimation" node="unloadingBeltWrapped1" scrollSpeed="0.5" scrollLength="10" shaderParameterName="offsetUV" shaderParameterComponent="2" turnOnFadeTime="2" turnOffFadeTime="3"/>
            <animationNode node="unloadingRoll01" rotAxis="3" rotSpeed="-100" turnOnFadeTime="2" turnOffFadeTime="3" />
            <animationNode node="unloadingRoll02" rotAxis="1" rotSpeed="100"  turnOnFadeTime="2" turnOffFadeTime="3" />
            <animationNode node="unloadingRoll03" rotAxis="1" rotSpeed="100"  turnOnFadeTime="2" turnOffFadeTime="3" />
            <animationNode node="unloadingRoll04" rotAxis="1" rotSpeed="-100" turnOnFadeTime="2" turnOffFadeTime="3" />
            <animationNode node="unloadingRoll05" rotAxis="1" rotSpeed="-100" turnOnFadeTime="2" turnOffFadeTime="3" />
            <animationNode node="unloadingRoll06" rotAxis="3" rotSpeed="-100" turnOnFadeTime="2" turnOffFadeTime="3" />
            <animationNode node="unloadingRoll07" rotAxis="3" rotSpeed="-100" turnOnFadeTime="2" turnOffFadeTime="3" />
        </animationNodes>
    </pipe>

    <dischargeable>
        <dischargeNode node="dischargeNode" emptySpeed="2800" fillUnitIndex="1" maxDistance="6">
            <info width="2" length="1" useRaycastHitPosition="true"/>
            <raycast useWorldNegYDirection="true"/>
            <effects>
                <effectNode effectNode="effectUnloadBunker"  effectClass="MorphPositionEffect" materialType="belt" delay="0" fadeTime="0" speed="0.5" scrollLength="10" scrollSpeed="0.65"/>
                <effectNode effectNode="effectUnload"  effectClass="MorphPositionEffect" materialType="belt" delay="0" fadeTime="2.5" speed="0.5" scrollLength="10" scrollSpeed="0.65"/>
                <effectNode effectNode="effectParticleUnloading" effectClass="ParticleEffect" materialType="unloadingParticle" particleType="unloading" emitCountScale="1" lifespan="0.11" delay="2.5"/>
            </effects>
            <dischargeStateSound template="harvesterToolRopaWork" fadeIn="0.4" fadeOut="4" volumeScale="1.5" linkNode="unloadingArm03"/>
        </dischargeNode>
    </dischargeable>

    <combine allowThreshingDuringRain="true">
        <chopper available="false"/>
        <swath available="false"/>

        <fillEffect>
            <effectNode effectClass="MorphPositionEffect"  effectNode="effectBeltDirt"  materialType="belt_cropDirt"  delay="0.0" fadeTime="3.0" scrollLength="10" scrollSpeed="0.65"/>
            <effectNode effectClass="MorphPositionEffect"  effectNode="effectBeltClean" materialType="belt_cropClean" delay="3.0" fadeTime="2.0" scrollLength="10" scrollSpeed="0.65"/>
            <effectNode effectClass="ParticleEffect"       effectNode="cleaning_dust01" particleType="CLEANING_DUST" emitCountScale="0.2"/>
            <effectNode effectClass="ParticleEffect"       effectNode="cleaning_soil01" particleType="CLEANING_SOIL" emitCountScale="0.2"/>
            <effectNode effectNode="effectParticleLoading" effectClass="ParticleEffect" materialType="unloadingParticle" particleType="unloading" emitCountScale="1" lifespan="0.6" delay="4.5"/>
        </fillEffect>

        <animationNodes speedReverseFillLevel="0.8">
            <animationNode node="cleaningBeltRotors01"  rotSpeed="-150" rotAxis="3" turnOnFadeTime="2" turnOffFadeTime="2"/>
            <animationNode node="cleaningBeltRotors02"  rotSpeed="-150" rotAxis="3" turnOnFadeTime="2" turnOffFadeTime="2"/>
            <animationNode node="cleaningBeltRotors03"  rotSpeed="150" rotAxis="3" turnOnFadeTime="2" turnOffFadeTime="2"/>
            <animationNode node="bunkerAuger"           rotSpeed="350" rotAxis="3" turnOnFadeTime="2" turnOffFadeTime="2"/>
            <animationNode node="rotationPart01"        rotSpeed="350" rotAxis="3" turnOnFadeTime="2" turnOffFadeTime="2"/>
            <animationNode node="loadingBelt"           shaderParameterName="offsetUV" shaderComponentScale="0 1 0 0" rotSpeed="-50" turnOnFadeTime="2" turnOffFadeTime="2"/>
            <animationNode class="ScrollingAnimation" node="loadingBelt02Wrapped1" scrollSpeed="-1" scrollLength="1" shaderParameterName="offsetUV" shaderParameterComponent="2" turnOnFadeTime="2" turnOffFadeTime="3"/>
        </animationNodes>
    </combine>

    <suspensions>
        <suspension node="seat"              weight="90" minTranslation="-0.05 -0.15 0.0" maxTranslation="0.05 0.15 0.0" suspensionParametersX="20 4" suspensionParametersY="5 1" suspensionParametersZ="20 4" />
        <suspension useCharacterTorso="true" weight="90" minRotation="0 -5 -5" maxRotation="0 5 5" suspensionParametersY="7 1" suspensionParametersZ="7 1" />
    </suspensions>

    <dashboard>
        <groups>
            <group name="MOTOR_STARTING" electronicsStarting="true"/>
            <group name="MOTOR_ACTIVE" electronicsStarting="true" electronicsRunning="true"/>
        </groups>

        <default>
            <dashboard displayType="EMITTER" node="display_decals" idleValue="-1" intensity="0.3" hideInactiveChildren="true" groups="MOTOR_ACTIVE" />
            <dashboard displayType="EMITTER" node="monitor_decals" idleValue="-1" intensity="0.3" groups="MOTOR_ACTIVE" />
        </default>
    </dashboard>

    <ai>
        <agent frontWheelNodes="wheelFrontLeft wheelFrontRight"/>
        <steeringNode node="aiSteeringNode"/>
        <toolReverserDirectionNode node="aiToolReverserDirectionNode"/>
        <collisionTrigger useSize="true"/>
        <headlandTailAvoidance enabled="true"/>
    </ai>

    <foliageBending>
        <bendingNode minX="-1.62" maxX="1.62" minZ="4" maxZ="6.6" yOffset="0.6"/>
        <bendingNode minX="-1.62" maxX="1.62" minZ="-3.7" maxZ="4" yOffset="0.6" node="terraDos540_back_component2"/>
        <bendingNode minX="-1.52" maxX="1.52" minZ="-5.35" maxZ="-3.7" yOffset="0.8" node="terraDos540_back_component2"/>
    </foliageBending>

    <wearable wearDuration="480" workMultiplier="5" fieldMultiplier="2"/>
    <washable dirtDuration="90" washDuration="1" workMultiplier="4" fieldMultiplier="2"/>

    <i3dMappings>
        <i3dMapping id="terraDos540_front_component1" node="0>" />
        <i3dMapping id="terraDos540_front_vis" node="0>0" />
        <i3dMapping id="outdoorCameraTarget" node="0>0|0|0" />
        <i3dMapping id="outdoorCamera1" node="0>0|0|0|0" />
        <i3dMapping id="indoorCamera1" node="0>0|0|1" />
        <i3dMapping id="cameraRaycastNode3" node="0>0|0|2" />
        <i3dMapping id="cameraRaycastNode2" node="0>0|0|3" />
        <i3dMapping id="cameraRaycastNode1" node="0>0|0|4" />
        <i3dMapping id="shadowFocusBox" node="0>0|0|5" />
        <i3dMapping id="indoorCamera2" node="0>0|0|6" />
        <i3dMapping id="exitPoint" node="0>0|1" />
        <i3dMapping id="componentJoint" node="0>0|2" />
        <i3dMapping id="componentJointAxle" node="0>0|3" />
        <i3dMapping id="attacherJointFrontRot" node="0>0|4|0|0" />
        <i3dMapping id="attacherJointFrontRot2" node="0>0|4|0|0|0" />
        <i3dMapping id="attacherJointFront" node="0>0|4|0|0|0|0" />
        <i3dMapping id="attacherJointFrontArmBottom" node="0>0|4|0|1" />
        <i3dMapping id="attacherJointFrontArmBottomTrans" node="0>0|4|0|1|0" />
        <i3dMapping id="referencePointFrontBottom" node="0>0|4|0|1|0|0" />
        <i3dMapping id="attacherJointFrontHydraulicRef" node="0>0|4|0|1|0|1" />
        <i3dMapping id="safetyBar" node="0>0|4|0|1|0|2" />
        <i3dMapping id="frontLight08_left1" node="0>0|4|0|1|0|2|2" />
        <i3dMapping id="frontLight08_right1" node="0>0|4|0|1|0|2|3" />
        <i3dMapping id="frontLightLow" node="0>0|4|0|1|0|2|4|0" />
        <i3dMapping id="highBeamLow" node="0>0|4|0|1|0|2|4|1" />
        <i3dMapping id="frontLightHigh" node="0>0|4|0|1|0|2|4|2" />
        <i3dMapping id="highBeamHigh" node="0>0|4|0|1|0|2|4|3" />
        <i3dMapping id="turnLightLeftFront" node="0>0|4|0|1|0|2|5|0" />
        <i3dMapping id="turnLightRightFront" node="0>0|4|0|1|0|2|5|1" />
        <i3dMapping id="bottomFrame" node="0>0|4|0|1|0|3" />
        <i3dMapping id="loadingBelt" node="0>0|4|0|1|0|3|0" />
        <i3dMapping id="bottomFramePart" node="0>0|4|0|1|0|3|1" />
        <i3dMapping id="cleaningPart01Arm02Ref" node="0>0|4|0|1|0|3|2" />
        <i3dMapping id="cleaningPart01Ref" node="0>0|4|0|1|0|3|3" />
        <i3dMapping id="connectorRefFrame" node="0>0|4|0|1|0|5" />
        <i3dMapping id="connector" node="0>0|4|0|1|0|5|0" />
        <i3dMapping id="connectorArm" node="0>0|4|0|1|0|5|0|0" />
        <i3dMapping id="attacherJointFrontHydraulic" node="0>0|4|0|2" />
        <i3dMapping id="attacherJointFrontHydraulicPunch" node="0>0|4|0|2|0" />
        <i3dMapping id="connectorArmRef" node="0>0|4|1" />
        <i3dMapping id="attacherJointFrontArmTop" node="0>0|4|2" />
        <i3dMapping id="attacherJointFrontArmTopTrans" node="0>0|4|2|0" />
        <i3dMapping id="attacherJointFrontArmTopRef" node="0>0|4|2|0|0" />
        <i3dMapping id="beaconLight04" node="0>0|5|0|0" />
        <i3dMapping id="beaconLight03" node="0>0|5|0|1" />
        <i3dMapping id="lights_main_static" node="0>0|5|1|0" />
        <i3dMapping id="lights_main_static_glass" node="0>0|5|1|1" />
        <i3dMapping id="workLightFrontLow" node="0>0|5|2" />
        <i3dMapping id="workLightFrontHigh" node="0>0|5|3" />
        <i3dMapping id="sideMarker06Orange_05" node="0>0|5|4" />
        <i3dMapping id="sideMarker06Orange_06" node="0>0|5|5" />
        <i3dMapping id="axleFrontLeftHydraulic" node="0>0|6|0" />
        <i3dMapping id="axleFrontLeftHydraulicPunch" node="0>0|6|0|0" />
        <i3dMapping id="axleFrontRightHydraulic" node="0>0|6|1" />
        <i3dMapping id="axleFrontRightHydraulicPunch" node="0>0|6|1|0" />
        <i3dMapping id="steeringLeftHydraulic" node="0>0|6|2" />
        <i3dMapping id="steeringLeftHydraulicPunch" node="0>0|6|2|0" />
        <i3dMapping id="steeringRightHydraulic" node="0>0|6|3" />
        <i3dMapping id="steeringRightHydraulicPunch" node="0>0|6|3|0" />
        <i3dMapping id="cleaningBelt" node="0>0|6|4" />
        <i3dMapping id="cleaningPart01RefFrame" node="0>0|6|4|0" />
        <i3dMapping id="cleaningPart01" node="0>0|6|4|0|0" />
        <i3dMapping id="cleaningPart01Arm01RefFrame" node="0>0|6|4|0|0|0" />
        <i3dMapping id="cleaningPart01Arm01" node="0>0|6|4|0|0|0|0" />
        <i3dMapping id="cleaningPart01Arm02" node="0>0|6|4|0|0|0|0|0" />
        <i3dMapping id="cleaningPart01BarPart01RefFrame" node="0>0|6|4|0|0|0|0|0|0" />
        <i3dMapping id="cleaningPart01BarPart01" node="0>0|6|4|0|0|0|0|0|0|0" />
        <i3dMapping id="cleaningPart01BarPart02" node="0>0|6|4|0|0|0|0|0|0|0|0" />
        <i3dMapping id="cleaningPart01Arm" node="0>0|6|4|0|0|1" />
        <i3dMapping id="cleaningPart01BarPart02Ref" node="0>0|6|4|0|0|2" />
        <i3dMapping id="cleaningBeltRotors01" node="0>0|6|4|1|0" />
        <i3dMapping id="cleaningBeltRotors02" node="0>0|6|4|2|0" />
        <i3dMapping id="cleaningBeltRotors03" node="0>0|6|4|3|0" />
        <i3dMapping id="cleaningPart01ArmRef" node="0>0|6|5" />
        <i3dMapping id="bottomFrameRef" node="0>0|6|6" />
        <i3dMapping id="bottomFramePartRef" node="0>0|6|7" />
        <i3dMapping id="ladderPart01" node="0>0|6|8|0" />
        <i3dMapping id="ladderPart03Ref" node="0>0|6|8|0|0" />
        <i3dMapping id="ladderPart02RefFrame" node="0>0|6|8|0|1" />
        <i3dMapping id="ladderPart02" node="0>0|6|8|1" />
        <i3dMapping id="ladderPart03" node="0>0|6|8|1|0" />
        <i3dMapping id="ladderPart01DamperRef" node="0>0|6|8|1|1" />
        <i3dMapping id="ladderPart03RefFrame" node="0>0|6|8|2" />
        <i3dMapping id="ladderPart01DamperRefFrame" node="0>0|6|8|3" />
        <i3dMapping id="ladderPart01Damper" node="0>0|6|8|3|0" />
        <i3dMapping id="ladderPart01DamperPunch" node="0>0|6|8|3|0|0" />
        <i3dMapping id="seat" node="0>0|7|0" />
        <i3dMapping id="display_decals" node="0>0|7|0|0|0" />
        <i3dMapping id="iconsWorkLightBack_decal" node="0>0|7|0|0|0|0|0" />
        <i3dMapping id="iconsWorkLightFront_decal" node="0>0|7|0|0|0|0|1" />
        <i3dMapping id="numbersSpeed01" node="0>0|7|0|0|0|1|0" />
        <i3dMapping id="numbersSpeed02" node="0>0|7|0|0|0|1|1" />
        <i3dMapping id="numbersRPM01" node="0>0|7|0|0|0|1|2" />
        <i3dMapping id="numbersRPM02" node="0>0|7|0|0|0|1|3" />
        <i3dMapping id="numbersTemperature" node="0>0|7|0|0|0|1|4" />
        <i3dMapping id="numbersCruiseControl" node="0>0|7|0|0|0|1|5" />
        <i3dMapping id="numbersTime" node="0>0|7|0|0|0|1|6" />
        <i3dMapping id="numbersFuel" node="0>0|7|0|0|0|1|7" />
        <i3dMapping id="numbersDef" node="0>0|7|0|0|0|1|8" />
        <i3dMapping id="needleRPM" node="0>0|7|0|0|0|2|0" />
        <i3dMapping id="needleSpeed" node="0>0|7|0|0|0|2|1" />
        <i3dMapping id="sliderRPM_decal" node="0>0|7|0|0|0|3|0" />
        <i3dMapping id="sliderSpeed_decal" node="0>0|7|0|0|0|3|1" />
        <i3dMapping id="seatDecals" node="0>0|7|0|0|1" />
        <i3dMapping id="beaconLightDecal" node="0>0|7|0|0|2" />
        <i3dMapping id="worklightBackDecal" node="0>0|7|0|0|3" />
        <i3dMapping id="worklightFrontDecal" node="0>0|7|0|0|4" />
        <i3dMapping id="interiorScreenLight" node="0>0|7|0|1|0" />
        <i3dMapping id="playerSkin" node="0>0|7|0|2|0" />
        <i3dMapping id="playerRightHandTarget" node="0>0|7|0|2|1" />
        <i3dMapping id="steeringWheel" node="0>0|7|1|0" />
        <i3dMapping id="playerLeftHandTarget" node="0>0|7|1|0|1" />
        <i3dMapping id="playerRightFootTarget" node="0>0|7|2|0" />
        <i3dMapping id="playerLeftFootTarget" node="0>0|7|2|1" />
        <i3dMapping id="switchTurnlight" node="0>0|7|3|0|0" />
        <i3dMapping id="switchHazard" node="0>0|7|3|0|1" />
        <i3dMapping id="switchHazardDecal" node="0>0|7|3|0|1|0" />
        <i3dMapping id="pedalGas" node="0>0|7|3|1|0" />
        <i3dMapping id="playerRightFootTargetGas" node="0>0|7|3|1|0|1" />
        <i3dMapping id="pedalBrake" node="0>0|7|3|1|1" />
        <i3dMapping id="playerRightFootTargetBrake" node="0>0|7|3|1|1|1" />
        <i3dMapping id="keyIgnition" node="0>0|7|3|2|0" />
        <i3dMapping id="mirrorDecal04" node="0>0|7|4|0" />
        <i3dMapping id="mirrorDecal03" node="0>0|7|4|1" />
        <i3dMapping id="mirrorDecal02" node="0>0|7|4|2" />
        <i3dMapping id="mirrorDecal01" node="0>0|7|4|3" />
        <i3dMapping id="monitor_decals" node="0>0|7|5|4" />
        <i3dMapping id="wiperArm02" node="0>0|7|5|5" />
        <i3dMapping id="wiperArm03" node="0>0|7|5|5|1" />
        <i3dMapping id="wiperArm04" node="0>0|7|5|5|1|0" />
        <i3dMapping id="wiperArm01" node="0>0|7|5|6" />
        <i3dMapping id="wiper" node="0>0|7|5|6|1" />
        <i3dMapping id="steeringCenterNode" node="0>0|8" />
        <i3dMapping id="aiSteeringNode" node="0>0|9" />
        <i3dMapping id="licensePlateFront" node="0>0|10|3" />
        <i3dMapping id="loadingBelt02Wrapped1" node="0>1|4" />
        <i3dMapping id="unloadingBeltWrapped1" node="0>1|5" />
        <i3dMapping id="effectUnload" node="0>1|6" />
        <i3dMapping id="effectBeltDirt" node="0>1|7" />
        <i3dMapping id="effectBeltClean" node="0>1|8" />
        <i3dMapping id="terraDos540_back_component2" node="1>" />
        <i3dMapping id="terraDos540_back_vis" node="1>0" />
        <i3dMapping id="axisBack01Left" node="1>0|0|0|0" />
        <i3dMapping id="wheelBack01Left" node="1>0|0|0|0|0|0" />
        <i3dMapping id="steeringBarRear01LeftRef" node="1>0|0|0|0|1" />
        <i3dMapping id="axisBack01Right" node="1>0|0|1|0" />
        <i3dMapping id="wheelBack01Right" node="1>0|0|1|0|0|0" />
        <i3dMapping id="steeringBarRear01RightRef" node="1>0|0|1|0|1" />
        <i3dMapping id="axisBack02Left" node="1>0|0|2|0" />
        <i3dMapping id="wheelBack02Left" node="1>0|0|2|0|0|0" />
        <i3dMapping id="steeringBarRear02LeftRef" node="1>0|0|2|0|1" />
        <i3dMapping id="axisBack02Right" node="1>0|0|3|0" />
        <i3dMapping id="wheelBack02Right" node="1>0|0|3|0|0|0" />
        <i3dMapping id="steeringBarRear02RightRef" node="1>0|0|3|0|1" />
        <i3dMapping id="steeringBarRear01" node="1>0|0|4" />
        <i3dMapping id="steeringBarRear01Left" node="1>0|0|4|0" />
        <i3dMapping id="steeringBarRear01Right" node="1>0|0|4|1" />
        <i3dMapping id="steeringBarRear01LeftHydraulicRef" node="1>0|0|4|2" />
        <i3dMapping id="steeringBarRear01RightHydraulicRef" node="1>0|0|4|3" />
        <i3dMapping id="steeringBarRear01LeftHydraulic" node="1>0|0|5" />
        <i3dMapping id="steeringBarRear01LeftHydraulicPunch" node="1>0|0|5|0" />
        <i3dMapping id="steeringBarRear01RightHydraulic" node="1>0|0|6" />
        <i3dMapping id="steeringBarRear01RightHydraulicPunch" node="1>0|0|6|0" />
        <i3dMapping id="steeringBarRear02" node="1>0|0|7" />
        <i3dMapping id="steeringBarRear02Left" node="1>0|0|7|0" />
        <i3dMapping id="steeringBarRear02Right" node="1>0|0|7|1" />
        <i3dMapping id="steeringBarRear02LeftHydraulicRef" node="1>0|0|7|2" />
        <i3dMapping id="steeringBarRear02RightHydraulicRef" node="1>0|0|7|3" />
        <i3dMapping id="steeringBarRear02LeftHydraulic" node="1>0|0|8" />
        <i3dMapping id="steeringBarRear02LeftHydraulicPunch" node="1>0|0|8|0" />
        <i3dMapping id="steeringBarRear02RightHydraulic" node="1>0|0|9" />
        <i3dMapping id="steeringBarRear02RightHydraulicPunch" node="1>0|0|9|0" />
        <i3dMapping id="aiReverserNode" node="1>0|0|10" />
        <i3dMapping id="aiToolReverserDirectionNode" node="1>0|0|11" />
        <i3dMapping id="teraDosT540Lights_static" node="1>0|1|0|0" />
        <i3dMapping id="teraDosT540Lights_static_Glass" node="1>0|1|0|1" />
        <i3dMapping id="sideMarker02_left" node="1>0|1|1|0" />
        <i3dMapping id="sideMarker02_right" node="1>0|1|1|1" />
        <i3dMapping id="rearLight11_right" node="1>0|1|1|2" />
        <i3dMapping id="rearLight11_left" node="1>0|1|1|3" />
        <i3dMapping id="beaconLight01" node="1>0|1|1|4" />
        <i3dMapping id="beaconLight02" node="1>0|1|1|5" />
        <i3dMapping id="sideMarker06Orange_04" node="1>0|1|1|6" />
        <i3dMapping id="sideMarker06Orange_03" node="1>0|1|1|7" />
        <i3dMapping id="sideMarker06Orange_02" node="1>0|1|1|8" />
        <i3dMapping id="sideMarker06Orange_01" node="1>0|1|1|9" />
        <i3dMapping id="plateNumberLight01" node="1>0|1|1|10" />
        <i3dMapping id="turnLightLeftBack" node="1>0|1|2" />
        <i3dMapping id="turnLightRightBack" node="1>0|1|3" />
        <i3dMapping id="backLightsHigh" node="1>0|1|4" />
        <i3dMapping id="workLightBackHigh1" node="1>0|1|5" />
        <i3dMapping id="licensePlateLightHigh" node="1>0|1|6" />
        <i3dMapping id="exactFillRootNode" node="1>0|2" />
        <i3dMapping id="exactFillRootNodeFuel" node="1>0|3" />
        <i3dMapping id="trailerTrigger" node="1>0|4" />
        <i3dMapping id="fillVolume" node="1>0|5|0" />
        <i3dMapping id="fillVolumeUnloadInfo" node="1>0|5|1" />
        <i3dMapping id="fillVolumeLoadInfo" node="1>0|5|2" />
        <i3dMapping id="fillVolumeUnloadInfo1" node="1>0|5|3" />
        <i3dMapping id="fillVolumeUnloadInfo2" node="1>0|5|4" />
        <i3dMapping id="fillVolumeLoadInfoBack" node="1>0|5|5" />
        <i3dMapping id="fillVolumeLoadInfoFront" node="1>0|5|6" />
        <i3dMapping id="engineFan01" node="1>0|6|0" />
        <i3dMapping id="cardanPto01" node="1>0|6|1|0" />
        <i3dMapping id="extraWheelsTrans" node="1>0|6|2|0" />
        <i3dMapping id="extraWheelsRot" node="1>0|6|2|0|0" />
        <i3dMapping id="extraWheelsRotPart02" node="1>0|6|2|0|0|0" />
        <i3dMapping id="extraWheelsLeft" node="1>0|6|2|0|0|1" />
        <i3dMapping id="extraWheelsRight" node="1>0|6|2|0|0|2" />
        <i3dMapping id="extraWheelsRotPart01" node="1>0|6|2|0|1" />
        <i3dMapping id="steeringLeftHydraulicRef" node="1>0|6|3" />
        <i3dMapping id="steeringRightHydraulicRef" node="1>0|6|4" />
        <i3dMapping id="cleaningBeltRef" node="1>0|6|5" />
        <i3dMapping id="unloadingBeltUVScroll" node="1>0|6|6|0" />
        <i3dMapping id="foldingFront" node="1>0|6|7|0" />
        <i3dMapping id="foldingFrontHydraulicRef" node="1>0|6|7|0|0" />
        <i3dMapping id="workingLight30" node="1>0|6|7|0|1|0" />
        <i3dMapping id="workLightBackLow" node="1>0|6|7|0|1|1" />
        <i3dMapping id="workLightBackHigh" node="1>0|6|7|0|1|2" />
        <i3dMapping id="foldingFrontHydraulicRefFrame" node="1>0|6|7|1" />
        <i3dMapping id="foldingFrontHydraulic" node="1>0|6|7|1|0" />
        <i3dMapping id="foldingFrontHydraulicPunch" node="1>0|6|7|1|0|0" />
        <i3dMapping id="foldingLeft" node="1>0|6|7|2" />
        <i3dMapping id="foldingLeftHydraulicRef" node="1>0|6|7|2|0" />
        <i3dMapping id="foldingLeftHydraulicRefFrame" node="1>0|6|7|3" />
        <i3dMapping id="foldingLeftHydraulic" node="1>0|6|7|3|0" />
        <i3dMapping id="foldingLeftHydraulicPunch" node="1>0|6|7|3|0|0" />
        <i3dMapping id="foldingRight" node="1>0|6|7|4" />
        <i3dMapping id="foldingRightPart" node="1>0|6|7|4|0" />
        <i3dMapping id="foldingRightHydraulicRef" node="1>0|6|7|4|1" />
        <i3dMapping id="bunkerAuger" node="1>0|6|7|4|2" />
        <i3dMapping id="foldingRightArmHydraulicRef" node="1>0|6|7|4|3" />
        <i3dMapping id="rotationPart01" node="1>0|6|7|4|4" />
        <i3dMapping id="animJoint03" node="1>0|6|7|4|8" />
        <i3dMapping id="animJoint04" node="1>0|6|7|4|10" />
        <i3dMapping id="foldingRightHydraulic" node="1>0|6|7|5" />
        <i3dMapping id="foldingRightHydraulicPunch" node="1>0|6|7|5|0" />
        <i3dMapping id="foldingRightArmHydraulicRefFrame" node="1>0|6|7|6" />
        <i3dMapping id="foldingRightArmHydraulic" node="1>0|6|7|6|0" />
        <i3dMapping id="foldingRightArmHydraulicPunch" node="1>0|6|7|6|0|0" />
        <i3dMapping id="animJoint01" node="1>0|6|7|6|0|0|2" />
        <i3dMapping id="animJoint02" node="1>0|6|7|6|0|0|4" />
        <i3dMapping id="foldingLeftFrontArmRef" node="1>0|6|7|6|0|1" />
        <i3dMapping id="foldingLeftFrontRefFrame" node="1>0|6|7|7" />
        <i3dMapping id="foldingLeftFront" node="1>0|6|7|7|0" />
        <i3dMapping id="foldingLeftFrontArm" node="1>0|6|7|7|0|0" />
        <i3dMapping id="foldingBack" node="1>0|6|7|8" />
        <i3dMapping id="foldingBackHydraulicRef" node="1>0|6|7|8|0" />
        <i3dMapping id="foldingBackHydraulicRefFrame" node="1>0|6|7|9" />
        <i3dMapping id="foldingBackHydraulic" node="1>0|6|7|9|0" />
        <i3dMapping id="foldingBackHydraulicPunch" node="1>0|6|7|9|0|0" />
        <i3dMapping id="unloadingArm01" node="1>0|6|8|0" />
        <i3dMapping id="unloadingArm02" node="1>0|6|8|0|0" />
        <i3dMapping id="unloadingArm03" node="1>0|6|8|0|0|0" />
        <i3dMapping id="unloadingArm03HydraulicRef" node="1>0|6|8|0|0|0|0" />
        <i3dMapping id="unloadingRoll07" node="1>0|6|8|0|0|0|1" />
        <i3dMapping id="dischargeNode" node="1>0|6|8|0|0|0|4" />
        <i3dMapping id="effectParticleUnloading" node="1>0|6|8|0|0|0|5" />
        <i3dMapping id="unloadingArm02HydraulicRef" node="1>0|6|8|0|0|1" />
        <i3dMapping id="unloadingArm03HydraulicRefFrame" node="1>0|6|8|0|0|2" />
        <i3dMapping id="unloadingArm03Hydraulic" node="1>0|6|8|0|0|2|0" />
        <i3dMapping id="unloadingArm03HydraulicPunch" node="1>0|6|8|0|0|2|0|0" />
        <i3dMapping id="teraDosT540Lights_static2" node="1>0|6|8|0|0|3|0" />
        <i3dMapping id="teraDosT540Lights_static_Glass2" node="1>0|6|8|0|0|3|1" />
        <i3dMapping id="workLightBackHigh5" node="1>0|6|8|0|0|3|2" />
        <i3dMapping id="unloadingArm02HydraulicRefFrame" node="1>0|6|8|0|1" />
        <i3dMapping id="unloadingArm02Hydraulic" node="1>0|6|8|0|1|0" />
        <i3dMapping id="unloadingArm02HydraulicPunch" node="1>0|6|8|0|1|0|0" />
        <i3dMapping id="unloadingArm01HydraulicRef" node="1>0|6|8|0|2" />
        <i3dMapping id="unloadingArm02Part" node="1>0|6|8|0|4" />
        <i3dMapping id="unloadingArm01HydraulicRefFrame" node="1>0|6|8|1" />
        <i3dMapping id="unloadingArm01Hydraulic" node="1>0|6|8|1|0" />
        <i3dMapping id="unloadingArm01HydraulicPunch" node="1>0|6|8|1|0|0" />
        <i3dMapping id="unloadingRoll01" node="1>0|6|8|2" />
        <i3dMapping id="unloadingRoll02" node="1>0|6|8|3" />
        <i3dMapping id="unloadingRoll03" node="1>0|6|8|4" />
        <i3dMapping id="unloadingRoll04" node="1>0|6|8|5" />
        <i3dMapping id="unloadingRoll05" node="1>0|6|8|6" />
        <i3dMapping id="unloadingRoll06" node="1>0|6|8|7" />
        <i3dMapping id="safetyBarLeft" node="1>0|6|9" />
        <i3dMapping id="safetyBarLeftHydraulicRef" node="1>0|6|9|0" />
        <i3dMapping id="safetyBarLeftHydraulic" node="1>0|6|10" />
        <i3dMapping id="safetyBarLeftHydraulicPunch" node="1>0|6|10|0" />
        <i3dMapping id="safetyBarRight" node="1>0|6|11" />
        <i3dMapping id="safetyBarRightHydraulicRef" node="1>0|6|11|0" />
        <i3dMapping id="safetyBarRightHydraulic" node="1>0|6|12" />
        <i3dMapping id="safetyBarRightHydraulicPunch" node="1>0|6|12|0" />
        <i3dMapping id="trailerAttacherJoint" node="1>0|7" />
        <i3dMapping id="exhaustParticle" node="1>0|8" />
        <i3dMapping id="cleaning_dust01" node="1>0|9|0" />
        <i3dMapping id="cleaning_soil01" node="1>0|9|1" />
        <i3dMapping id="effectParticleLoading" node="1>0|9|2" />
        <i3dMapping id="effectUnloadBunker" node="1>0|9|3" />
        <i3dMapping id="wheelChock01" node="1>0|10|7" />
        <i3dMapping id="wheelChock02" node="1>0|10|8" />
        <i3dMapping id="licensePlateBack" node="1>0|10|9" />
        <i3dMapping id="animatedJoint04" node="1>0|11|0" />
        <i3dMapping id="animatedJoint03" node="1>0|11|1" />
        <i3dMapping id="animatedJoint02" node="1>0|11|2" />
        <i3dMapping id="animatedJoint01" node="1>0|11|3" />
        <i3dMapping id="axisFrontLeft" node="2>0|0|0" />
        <i3dMapping id="wheelFrontLeft" node="2>0|0|0|0|0" />
        <i3dMapping id="steeringBarFront" node="2>0|0|0|1" />
        <i3dMapping id="steeringBarFrontLeftHydraulicRef" node="2>0|0|0|2" />
        <i3dMapping id="axisFrontRight" node="2>0|1|0" />
        <i3dMapping id="wheelFrontRight" node="2>0|1|0|0|0" />
        <i3dMapping id="steeringBarFrontRef" node="2>0|1|0|1" />
        <i3dMapping id="steeringBarFrontRightHydraulicRef" node="2>0|1|0|2" />
        <i3dMapping id="axleFrontRightHydraulicRef" node="2>0|2" />
        <i3dMapping id="axleFrontLeftHydraulicRef" node="2>0|3" />
        <i3dMapping id="steeringBarFrontLeftHydraulic" node="2>0|4" />
        <i3dMapping id="steeringBarFrontLeftHydraulicPunch" node="2>0|4|0" />
        <i3dMapping id="steeringBarFrontRightHydraulic" node="2>0|5" />
        <i3dMapping id="steeringBarFrontRightHydraulicPunch" node="2>0|5|0" />
    </i3dMappings>
</vehicle>
