<texture>
    <meta>
        <filename>ad_gui.png</filename>
        <size width="2048" height="2048"/>
    </meta>
    <slices>
        <slice id="Background" uvs="0px 0px 512px 256px"/>
        <slice id="error_icon" uvs="516px 0px 256px 256px"/>
        <slice id="info_icon" uvs="776px 0px 256px 256px"/>
        <slice id="warn_icon" uvs="1036px 0px 256px 256px"/>
        <slice id="debug_marker" uvs="1296px 0px 234px 234px"/>
        <slice id="4xlongBorderFilled" uvs="1296px 238px 512px 128px"/>
        <slice id="arrowCollapse" uvs="1534px 0px 128px 128px"/>
        <slice id="arrowCollapseAll" uvs="1666px 0px 128px 128px"/>
        <slice id="arrowExpand" uvs="1798px 0px 128px 128px"/>
        <slice id="avoidFruit_1" uvs="1812px 132px 128px 128px"/>
        <slice id="avoidFruit_2" uvs="1812px 264px 128px 128px"/>
        <slice id="combine" uvs="0px 396px 128px 128px"/>
        <slice id="enableTrafficDetection_1" uvs="132px 396px 128px 128px"/>
        <slice id="enableTrafficDetection_2" uvs="264px 396px 128px 128px"/>
        <slice id="enableTrafficDetection_3" uvs="396px 396px 128px 128px"/>
        <slice id="exitField_1" uvs="528px 396px 128px 128px"/>
        <slice id="exitField_2" uvs="660px 396px 128px 128px"/>
        <slice id="exitField_3" uvs="792px 396px 128px 128px"/>
        <slice id="input_bunkerUnloadType_1" uvs="924px 396px 128px 128px"/>
        <slice id="input_bunkerUnloadType_2" uvs="1056px 396px 128px 128px"/>
        <slice id="input_continue_1" uvs="1188px 396px 128px 128px"/>
        <slice id="input_createMapMarker_1" uvs="1320px 396px 128px 128px"/>
        <slice id="input_debug_1" uvs="1452px 396px 128px 128px"/>
        <slice id="input_debug_2" uvs="1584px 396px 128px 128px"/>
        <slice id="input_editMapMarker_1" uvs="1716px 396px 128px 128px"/>
        <slice id="input_openGUI_1" uvs="1848px 396px 128px 128px"/>
        <slice id="input_parkVehicle_1" uvs="0px 528px 128px 128px"/>
        <slice id="input_parkVehicle_2" uvs="132px 528px 128px 128px"/>
        <slice id="input_record_1" uvs="264px 528px 128px 128px"/>
        <slice id="input_record_2" uvs="396px 528px 128px 128px"/>
        <slice id="input_record_3" uvs="528px 528px 128px 128px"/>
        <slice id="input_record_4" uvs="660px 528px 128px 128px"/>
        <slice id="input_record_5" uvs="792px 528px 128px 128px"/>
        <slice id="input_record_6" uvs="924px 528px 128px 128px"/>
        <slice id="input_record_7" uvs="1056px 528px 128px 128px"/>
        <slice id="input_record_8" uvs="1188px 528px 128px 128px"/>
        <slice id="input_record_9" uvs="1320px 528px 128px 128px"/>
        <slice id="input_removeMapMarker_1" uvs="1452px 528px 128px 128px"/>
        <slice id="input_removeWaypoint_1" uvs="1584px 528px 128px 128px"/>
        <slice id="input_routesManager_1" uvs="1716px 528px 128px 128px"/>
        <slice id="input_silomode_1" uvs="1848px 528px 128px 128px"/>
        <slice id="input_silomode_2" uvs="0px 660px 128px 128px"/>
        <slice id="input_silomode_3" uvs="132px 660px 128px 128px"/>
        <slice id="input_silomode_4" uvs="264px 660px 128px 128px"/>
        <slice id="input_silomode_5" uvs="396px 660px 128px 128px"/>
        <slice id="input_silomode_6" uvs="528px 660px 128px 128px"/>
        <slice id="input_startHelper_1" uvs="660px 660px 128px 128px"/>
        <slice id="input_startHelper_10" uvs="792px 660px 128px 128px"/>
        <slice id="input_startHelper_2" uvs="924px 660px 128px 128px"/>
        <slice id="input_startHelper_3" uvs="1056px 660px 128px 128px"/>
        <slice id="input_startHelper_4" uvs="1188px 660px 128px 128px"/>
        <slice id="input_startHelper_5" uvs="1320px 660px 128px 128px"/>
        <slice id="input_startHelper_6" uvs="1452px 660px 128px 128px"/>
        <slice id="input_startHelper_9" uvs="1584px 660px 128px 128px"/>
        <slice id="input_start_stop_1" uvs="1716px 660px 128px 128px"/>
        <slice id="input_start_stop_2" uvs="1848px 660px 128px 128px"/>
        <slice id="input_toggleAutomaticUnloadTarget_1" uvs="0px 792px 128px 128px"/>
        <slice id="input_toggleAutomaticUnloadTarget_2" uvs="132px 792px 128px 128px"/>
        <slice id="input_toggleAutomaticUnloadTarget_3" uvs="264px 792px 128px 128px"/>
        <slice id="input_toggleAutomaticUnloadTarget_4" uvs="396px 792px 128px 128px"/>
        <slice id="input_toggleAutomaticUnloadTarget_5" uvs="528px 792px 128px 128px"/>
        <slice id="input_toggleLoadByFillLevel_1" uvs="660px 792px 128px 128px"/>
        <slice id="input_toggleLoadByFillLevel_2" uvs="792px 792px 128px 128px"/>
        <slice id="input_toggleLoadByFillLevel_3" uvs="924px 792px 128px 128px"/>
        <slice id="loop_counter_active" uvs="1056px 792px 128px 128px"/>
        <slice id="loop_counter_inactive" uvs="1188px 792px 128px 128px"/>
        <slice id="loop_counter_inf" uvs="1320px 792px 128px 128px"/>
        <slice id="marker" uvs="1452px 792px 128px 128px"/>
        <slice id="minusSign" uvs="1584px 792px 128px 128px"/>
        <slice id="plusSign" uvs="1716px 792px 128px 128px"/>
        <slice id="restrictToField_1" uvs="1848px 792px 128px 128px"/>
        <slice id="restrictToField_2" uvs="0px 924px 128px 128px"/>
        <slice id="rotateTargets_1" uvs="132px 924px 128px 128px"/>
        <slice id="rotateTargets_2" uvs="264px 924px 128px 128px"/>
        <slice id="rotateTargets_3" uvs="396px 924px 128px 128px"/>
        <slice id="rotateTargets_4" uvs="528px 924px 128px 128px"/>
        <slice id="settings_debug" uvs="660px 924px 128px 128px"/>
        <slice id="speedmeter" uvs="792px 924px 128px 128px"/>
        <slice id="speedmeter_field" uvs="924px 924px 128px 128px"/>
        <slice id="tipper_load" uvs="1056px 924px 128px 128px"/>
        <slice id="tipper_overlay" uvs="1188px 924px 128px 128px"/>
        <slice id="zoom" uvs="1320px 924px 128px 128px"/>
        <slice id="arrowDown" uvs="1930px 0px 64px 64px"/>
        <slice id="arrowRight" uvs="1944px 68px 64px 64px"/>
        <slice id="arrowUp" uvs="1944px 136px 64px 64px"/>
        <slice id="messageBackground" uvs="1452px 924px 512px 64px"/>
        <slice id="destination" uvs="1998px 0px 32px 32px"/>
        <slice id="Header" uvs="1452px 992px 512px 32px"/>
        <slice id="Header_message" uvs="1452px 1028px 512px 32px"/>
        <slice id="input_goTo_1" uvs="2012px 36px 32px 32px"/>
        <slice id="input_toggleHudExtension_1" uvs="2012px 72px 32px 32px"/>
        <slice id="input_toggleHud_1" uvs="2012px 108px 32px 32px"/>
        <slice id="4xlongBorderBottomFilled" uvs="0px 1064px 512px 16px"/>
        <slice id="4xlongBorderStretchFilled" uvs="516px 1064px 512px 16px"/>
        <slice id="4xlongBorderTopFilled" uvs="1032px 1064px 512px 16px"/>
    </slices>
</texture>
