﻿<?xml version="1.0" encoding="utf-8" standalone="no" ?>
<vehicle type="combineDrivable" xmlns:xsi="http://www.w3.org/2001/XMLSchema-instance" xsi:noNamespaceSchemaLocation="../../../../shared/xml/schema/vehicle.xsd">
    <annotation>Copyright (C) GIANTS Software GmbH, All Rights Reserved.</annotation>

    <storeData>
        <name>EVION 450 (Modded)</name>
        <specs>
            <power>258</power>
            <maxSpeed>30</maxSpeed>
            <combination xmlFilename="$data/vehicles/claas/vario620/vario620.xml"/>
            <combination xmlFilename="$data/vehicles/capello/diamant8/diamant8.xml"/>
        </specs>
        <functions>
            <function>$l10n_function_combine</function>
            <function>$l10n_function_combineNeedsCutter</function>
        </functions>
        <image>$data/vehicles/claas/evion450/store_evion450.png</image>
        <price>226500</price>
        <lifetime>600</lifetime>
        <rotation>0</rotation>
        <brand>CLAAS</brand>
        <category>harvesters</category>
        <shopFoldingState>1</shopFoldingState>
        <shopTranslationOffset>0 0.062 0</shopTranslationOffset>
        <shopRotationOffset>0.851 0 0</shopRotationOffset>
        <vertexBufferMemoryUsage>5961216</vertexBufferMemoryUsage>
        <indexBufferMemoryUsage>2063872</indexBufferMemoryUsage>
        <textureMemoryUsage>1769472</textureMemoryUsage>
        <instanceVertexBufferMemoryUsage>0</instanceVertexBufferMemoryUsage>
        <instanceIndexBufferMemoryUsage>0</instanceIndexBufferMemoryUsage>
        <audioMemoryUsage>426776</audioMemoryUsage>
    </storeData>

    <base>
        <typeDesc>$l10n_typeDesc_combine</typeDesc>
        <filename>$data/vehicles/claas/evion450/evion450.i3d</filename>
        <sounds filename="$data/vehicles/claas/evion450/sounds/evion450.xml" volumeFactor="0.68"/>
        <size width="3.5" length="8.7" height="4.1" lengthOffset="-0.2"/>

        <components>
            <component centerOfMass="0 0.9 -0.05" solverIterationCount="10" mass="5000"/>
            <component centerOfMass="0 0 0" solverIterationCount="25" mass="4785"/>
            <joint component1="1" component2="2" node="componentJointAxleBack" rotLimit="0 0 7.3" transLimit="0 0 0" maxRotDriveForce="0 0 30" rotDriveSpring="0 0 30" rotDriveDamping="0 0 30" breakable="false"/>
        </components>
        <schemaOverlay attacherJointPosition="0 0" name="HARVESTER"/>
        <mapHotspot type="HARVESTER"/>
    </base>

    <wheels>
        <wheelConfigurations tireCategories="HARVESTER">
            <wheelConfiguration name="$l10n_configuration_valueWheelBroad" price="0" saveId="BROAD">
                <wheels autoRotateBackSpeed="2.1">
                    <wheel dimensions="800_65R32" isLeft="true" hasTireTracks="true" hasParticles="true">
                        <physics tipOcclusionAreaGroupId="1" rotSpeed="0" restLoad="1.5" repr="wheelFrontLeft"  forcePointRatio="0.3" initialCompression="15" suspTravel="0.12" spring="60" damper="45" yOffset="0.035"/>
                    </wheel>
                    <wheel dimensions="800_65R32" isLeft="false" hasTireTracks="true" hasParticles="true">
                        <physics tipOcclusionAreaGroupId="1" rotSpeed="0" restLoad="1.5" repr="wheelFrontRight" forcePointRatio="0.3" initialCompression="15" suspTravel="0.12" spring="60" damper="45" yOffset="0.035"/>
                    </wheel>
                    <wheel dimensions="500_85R24" isLeft="true" hasTireTracks="true" hasParticles="true">
                        <physics tipOcclusionAreaGroupId="1" rotSpeed="1" restLoad="4.2" repr="wheelBackLeft_rerp"  driveNode="wheelBackLeft"  forcePointRatio="0.25" frictionScale="2" initialCompression="47" suspTravel="0.1" spring="85" damper="45" yOffset="0.015"/>
                        <steering node="steeringBar" nodeMinTransX="-0.11" nodeMaxTransX="0.11"/>
                    </wheel>
                    <wheel dimensions="500_85R24" isLeft="false" hasTireTracks="true" hasParticles="true">
                        <physics tipOcclusionAreaGroupId="1" rotSpeed="1" restLoad="4.2" repr="wheelBackRight_repr" driveNode="wheelBackRight" forcePointRatio="0.25" frictionScale="2" initialCompression="47" suspTravel="0.1" spring="85" damper="45" yOffset="0.015"/>
                    </wheel>
                </wheels>
            </wheelConfiguration>
        </wheelConfigurations>

        <ackermannSteeringConfigurations>
            <ackermannSteering rotSpeed="35" rotMax="45" rotCenterWheel1="1" rotCenterWheel2="2" />
        </ackermannSteeringConfigurations>

        <rimMaterial materialTemplateName="CLAAS_RED1"/>
        <hubMaterial materialTemplateName="CLAAS_DARKGREY2"/>

        <hubs>
            <hub linkNode="wheelFrontLeft"  filename="$data/shared/wheels/hubs/hub_n8_2.xml"  isLeft="true"  scale="0.28 0.28 0.28"/>
            <hub linkNode="wheelFrontRight" filename="$data/shared/wheels/hubs/hub_n8_2.xml"  isLeft="false" scale="0.28 0.28 0.28"/>
            <hub linkNode="wheelBackLeft"   filename="$data/shared/wheels/hubs/hub_n10_1.xml" isLeft="true"  scale="0.28 0.28 0.28" offset="0.012"/>
            <hub linkNode="wheelBackRight"  filename="$data/shared/wheels/hubs/hub_n10_1.xml" isLeft="false" scale="0.28 0.28 0.28" offset="0.012"/>
        </hubs>
    </wheels>

    <powerConsumer ptoRpm="400" neededMaxPtoPower="10"/>

    <lights>
        <sharedLight linkNode="plateNumberLight03" filename="$data/shared/assets/lights/lizard/plateNumberLight03.xml" />

        <states>
            <state lightTypes="0" />
            <state lightTypes="0 1" />
            <state lightTypes="0 1 2" />
            <state lightTypes="0 1 2 4" />
        </states>

        <realLights>
            <low>
                <light node="frontLightLow" lightTypes="0" excludedLightTypes="2 3"/>
                <light node="workLightBackLow" lightTypes="1"/>
                <light node="workLightFrontLow" lightTypes="2"/>
                <light node="highBeamLow" lightTypes="3"/>
            </low>
            <high>
                <light node="frontLightHigh" lightTypes="0" excludedLightTypes="2 3"/>
                <light node="licensePlateLightHigh" lightTypes="0"/>
                <light node="backLightsHigh" lightTypes="0"/>
                <light node="workLightBackHigh" lightTypes="1"/>
                <light node="workLightBackHigh2" lightTypes="1" hasShadows="false"/>
                <light node="workLightFrontHigh" lightTypes="2"/>
                <light node="graintankLightHigh" lightTypes="2"/>
                <light node="highBeamHigh" lightTypes="3" />
                <light node="workLightPipeHigh" lightTypes="4" />
                <brakeLight node="backLightsHigh"/>
                <turnLightLeft node="turnLightLeftFront"/>
                <turnLightRight node="turnLightRightFront"/>
                <interiorLight node="interiorScreenLight"/>
            </high>
        </realLights>

        <staticLightCompounds>
            <staticLightCompound>
                <node node="lights_static" intensity="15"/>
                <node node="lightsInner_static" intensity="15"/>
                <node node="lightsGlass_static" intensity="1"/>
                <node node="lightsPipe_static" intensity="15"/>
                <node node="lightsPipeGlass_static" intensity="1"/>
            </staticLightCompound>
        </staticLightCompounds>

        <beaconLights>
            <beaconLight node="beaconLight07" filename="$data/shared/assets/beaconLights/lizard/beaconLight07.xml" />
            <beaconLight node="beaconLight08" filename="$data/shared/assets/beaconLights/lizard/beaconLight07.xml" />
        </beaconLights>

        <dashboards>
            <dashboard displayType="EMITTER" valueType="lightState" node="workLightFrontDecal" intensity="0.3" lightTypes="2" emitColor="SHARED_WHITE2" groups="MOTOR_ACTIVE"/>
            <dashboard displayType="EMITTER" valueType="lightState" node="workLightBackDecal" intensity="0.3" lightTypes="1" emitColor="SHARED_WHITE2" groups="MOTOR_ACTIVE"/>
            <dashboard displayType="EMITTER" valueType="lightState" node="frontLight0Decal" intensity="0.3" lightTypes="0" emitColor="SHARED_WHITE2" groups="MOTOR_ACTIVE"/>
            <dashboard displayType="EMITTER" valueType="lightState" node="highBeamDecal" intensity="0.3" lightTypes="3" baseColor="SHARED_BLACK4" groups="MOTOR_ACTIVE"/>
            <dashboard displayType="EMITTER" valueType="beaconLight" node="beaconLightDecal" intensity="0.3" emitColor="SHARED_WHITE2" groups="MOTOR_ACTIVE"/>
            <dashboard displayType="EMITTER" valueType="turnLightLeft" node="turnlightLeftDecal" intensity="0.3" baseColor="SHARED_BLACK4" groups="MOTOR_ACTIVE"/>
            <dashboard displayType="EMITTER" valueType="turnLightRight" node="turnlightRightDecal" intensity="0.3" baseColor="SHARED_BLACK4" groups="MOTOR_ACTIVE"/>
            <dashboard displayType="EMITTER" valueType="turnLightAny" node="turnlightAnyDecal" intensity="0.3" baseColor="SHARED_BLACK4" groups="MOTOR_ACTIVE BACK_ATTACHMENT"/>
            <dashboard displayType="ROT" valueType="turnLight" node="leverTurnLight" rotAxis="2" minRot="15" maxRot="-15" doInterpolation="true"/>
        </dashboards>
    </lights>

    <licensePlates>
        <licensePlate node="licensePlateFront" position="FRONT" preferedType="SQUARISH" placementArea="0.065 0.18 0.2 0.18"/>
        <licensePlate node="licensePlateBack" position="BACK" preferedType="ELONGATED" placementArea="0.15 0.245 0.15 0.245"/>
    </licensePlates>

    <enterable isTabbable="true">
        <enterReferenceNode node="exitPoint" />
        <exitPoint node="exitPoint" />

        <cameras>
            <camera node="outdoorCamera" rotatable="true" rotateNode="outdoorCameraTarget" limit="true" useWorldXZRotation="true" rotMinX="-1.4" rotMaxX="1" transMin="5.5" transMax="40" translation="0 0 8.9" rotation="-21 180 0">
                <raycastNode node="cameraRaycastNode1"/>
                <raycastNode node="cameraRaycastNode2"/>
                <raycastNode node="cameraRaycastNode3"/>
            </camera>
            <camera node="indoorCamera" rotation="-25 180 0" rotatable="true" limit="true" rotMinX="-1.1" rotMaxX="0.4" transMin="0" transMax="0" useMirror="true" isInside="true" shadowFocusBox="shadowFocusBox" positionSmoothingParameter="0.45" suspensionNodeIndex="1"/>
        </cameras>

        <mirrors>
            <mirror node="topLeftMirror" prio="1" />
            <mirror node="bottomLeftMirror" prio="2" />
            <mirror node="topRightMirror" prio="1" />
            <mirror node="bottomRightMirror" prio="2" />
        </mirrors>

        <characterNode node="playerSkin" cameraMinDistance="0.5">
            <target ikChain="rightFoot" targetNode="playerRightFootTarget" />
            <target ikChain="leftFoot" targetNode="playerLeftFootTarget" />
            <target ikChain="rightArm" targetNode="playerRightHandTarget" poseId="flatFingers"/>
            <target ikChain="leftArm" targetNode="playerLeftHandTarget" poseId="wideFingers"/>
        </characterNode>

        <characterTargetNodeModifier node="playerRightFootTarget" transitionTime="0.1">
            <state node="playerRightFootTargetBrake" referenceNode="brakePedal" />
        </characterTargetNodeModifier>
    </enterable>

    <motorized>
        <consumerConfigurations>
            <consumerConfiguration>
                <consumer fillUnitIndex="2" usage="129" fillType="diesel" />
                <!-- usage is per hour at max load and max rpm -->
                <consumer fillUnitIndex="3" usage="20.5" fillType="def" />
                <!-- usage is per hour at max load and max rpm -->
            </consumerConfiguration>
        </consumerConfigurations>

        <differentialConfigurations>
            <differentialConfiguration>
                <differentials>
                    <differential torqueRatio="0.5" maxSpeedRatio="1.9" wheelIndex1="1" wheelIndex2="2" />
                    <differential torqueRatio="0.5" maxSpeedRatio="1.6" wheelIndex1="3" wheelIndex2="4" />
                    <differential torqueRatio="0.5" maxSpeedRatio="1.4" differentialIndex1="1" differentialIndex2="2" />
                </differentials>
            </differentialConfiguration>
        </differentialConfigurations>

        <motorConfigurations>
            <motorConfiguration name="EVION 450" hp="258">
                <motor torqueScale="1.09" minRpm="1200" maxRpm="2200" minSpeed="0.01" maxForwardSpeed="32" maxBackwardSpeed="15" brakeForce="10" lowBrakeForceScale="0.1" dampingRateScale="1.4">
                    <torque normRpm="0.45" torque="0.9"/>
                    <torque normRpm="0.5" torque="0.97"/>
                    <torque normRpm="0.59" torque="1"/>
                    <torque normRpm="0.72" torque="1"/>
                    <torque normRpm="0.86" torque="0.88"/>
                    <torque normRpm="1" torque="0.72"/>
                </motor>
                <transmission minForwardGearRatio="22.2" maxForwardGearRatio="380" minBackwardGearRatio="47.5" maxBackwardGearRatio="380" name="$l10n_info_transmission_cvt"/>
            </motorConfiguration>
        </motorConfigurations>

        <exhaustEffects>
            <exhaustEffect node="exhaustParticle" filename="$data/effects/exhaust/exhaust.i3d" minRpmColor="0.9 0.9 0.9 0.1" maxRpmColor="0.9 0.9 0.9 0.4" minRpmScale="0.05" maxRpmScale="0.5" />
        </exhaustEffects>

        <animationNodes>
            <animationNode node="airFilterCleaner" rotSpeed="400" rotAxis="1" turnOnFadeTime="2" turnOffFadeTime="4" />
            <animationNode node="engineDisc01" rotSpeed="100" rotAxis="1" turnOnFadeTime="2" turnOffFadeTime="2" />
            <animationNode node="engineDisc02" rotSpeed="100" rotAxis="1" turnOnFadeTime="2" turnOffFadeTime="2" />
            <animationNode node="engineDisc03" rotSpeed="100" rotAxis="1" turnOnFadeTime="2" turnOffFadeTime="2" />
            <animationNode node="beltEngine" rotSpeed="-100" rotAxis="1" turnOnFadeTime="2" turnOffFadeTime="2" shaderComponentScale="0 1 0 0" shaderParameterName="offsetUV" />
        </animationNodes>

        <brakeCompressor capacity="2000" fillSpeed="250" />
        <motorStartDuration>3500</motorStartDuration>

        <dashboards>
            <dashboard displayType="ANIMATION" valueType="speedDir" animName="joystickMovement" groups="MOTOR_ACTIVE"/>
            <dashboard displayType="MULTI_STATE" valueType="ignitionState" node="ignitionKey" doInterpolation="true" groups="MOTOR_ACTIVE">
                <state value="0" rotation="0 0 0"/>
                <state value="1" rotation="0 -140 0"/>
                <state value="2" rotation="0 -65 0"/>
            </dashboard>
        </dashboards>
    </motorized>

    <drivable>
        <steeringWheel node="steeringWheel" indoorRotation="540" outdoorRotation="15" />

        <dashboards>
            <dashboard displayType="ROT" valueType="decelerationAxis" node="brakePedal" minRot="0 0 0" maxRot="0 0 20" doInterpolation="true" groups="MOTOR_ACTIVE"/>
        </dashboards>
    </drivable>

    <attacherJoints>
        <attacherJoint jointType="cutter" node="attacherJointCutter" jointPositionOffset="0 0 -1.77" lowerTransLimit="0 0 0" lowerRotLimit="0 0 15" dynamicLowerRotLimit="true" lockDownRotLimit="true" moveTime="2.5" comboTime="0">
            <distanceToGround lower="1.0" upper="2.09" />
            <rotationNode node="attacherJointRot" lowerRotation="20 0 0" upperRotation="-16 0 0" startRotation="0 0 0"/>
            <bottomArm rotationNode="feeder" referenceNode="feederRef" startRotation="0 0 0" categoryRange="1 4"/>
            <schema position="1 0" rotation="0" invertX="true" />
            <attachSound template="headerAttach01" linkNode="attacherJointCutter"/>
        </attacherJoint>
        <attacherJoint node="trailerAttacherJointBack" jointType="trailer" lowerRotLimit="25 75 50" upperRotationOffset="0" allowsJointLimitMovement="false" canTurnOnImplement="false" comboTime="1">
            <schema position="1 0" rotation="0" invertX="false"/>
            <attachSound template="attach01" linkNode="trailerAttacherJointBack"/>
        </attacherJoint>
    </attacherJoints>

    <powerTakeOffs>
        <output attacherJointIndices="1" outputNode="ptoOutputLeft" ptoName="LEFT_PTO"/>
    </powerTakeOffs>

    <connectionHoses>
        <customHose node="claasConnector" type="claasMultiCoupler" attacherJointIndices="1"/>
        <localHose>
            <hose type="CABLE_BUNDLE" node="localHoseStart" length="1.6" diameter="0.065" minCenterPointAngle="30" straighteningFactor="1" isWorldSpaceHose="false" isTwoPointHose="true"/>
            <target type="CABLE_BUNDLE" node="localHoseEnd" straighteningFactor="2"/>
        </localHose>

        <target attacherJointIndices="2" type="electric" node="electricIn01" socket="electric"/>
    </connectionHoses>

    <fillUnit>
        <fillUnitConfigurations>
            <fillUnitConfiguration>
                <fillUnits>
                    <fillUnit unitTextOverride="$l10n_unit_literShort" fillTypeCategories="combine" capacity="80000" foldMinLimit="1" foldMaxLimit="1">
                        <exactFillRootNode node="exactFillRootNode"/>
                    </fillUnit>
                    <fillUnit unitTextOverride="$l10n_unit_literShort" showOnHud="false" showInShop="false" fillTypes="diesel" capacity="500">
                        <exactFillRootNode node="exactFillRootNodeFuel" />
                    </fillUnit>
                    <fillUnit unitTextOverride="$l10n_unit_literShort" showOnHud="false" showInShop="false" showOnInfoHud="false" fillTypes="def" capacity="80"/>
                </fillUnits>
            </fillUnitConfiguration>
        </fillUnitConfigurations>
    </fillUnit>

    <fillVolume>
        <fillVolumeConfigurations>
            <fillVolumeConfiguration>
                <volumes>
                    <volume node="fillVolume" maxDelta="0.15" maxAllowedHeapAngle="5" fillUnitIndex="1" />
                </volumes>
            </fillVolumeConfiguration>
        </fillVolumeConfigurations>

        <unloadInfos>
            <unloadInfo>
                <node node="unloadInfo" width="0.4" length="0.4" />
            </unloadInfo>
        </unloadInfos>

        <loadInfos>
            <loadInfo>
                <node node="loadInfo" width="0.4" length="0.4" />
            </loadInfo>
        </loadInfos>
    </fillVolume>

    <foldable>
        <foldingConfigurations>
            <foldingConfiguration>
                <foldingParts startMoveDirection="0" turnOnFoldMinLimit="0.99" turnOnFoldMaxLimit="1" turnOnFoldDirection="1">
                    <foldingPart animationName="folding" speedScale="1"/>
                </foldingParts>
            </foldingConfiguration>
        </foldingConfigurations>
    </foldable>

    <animations>
        <animation name="foldPipe">
            <part node="pipe" startTime="0" endTime="6" startRot="0 0 0" endRot="0 -105 0" />

            <sound template="hydraulicOpen02" startTime="0.01" endTime="5.99" volumeScale="4"   pitchScale="1.1" fadeIn="0.1" fadeOut="0.1" />
            <sound template="hydraulicOpen04" startTime="0.01" endTime="5.99" volumeScale="2"   pitchScale="1.1" fadeIn="0.1" fadeOut="0.1" />
            <sound template="cylinderPunch"   startTime="0.1"  direction="-1" volumeScale="0.8" pitchScale="1.4" linkNode="pipe"/>
            <sound template="vibratingImp"    startTime="0.1"  direction="-1" volumeScale="1.2" pitchScale="1.0" linkNode="pipe" linkNodeOffset="0 1.5 -3" />
            <sound template="hingeImp"        startTime="0.35" direction="-1" volumeScale="0.7" pitchScale="0.5" linkNode="pipe" linkNodeOffset="0 1.5 -3" />
            <sound template="metalClose"      startTime="0.12" direction="-1" volumeScale="0.7" pitchScale="2.5" linkNode="pipe"/>
            <sound template="cylinderPunch"   startTime="5.99" direction="1"  volumeScale="0.7" pitchScale="1.5" linkNode="pipe"/>
            <sound template="clackVar6"       startTime="5.99" direction="1"  volumeScale="1.7" pitchScale="0.5" linkNode="pipe"/>
        </animation>

        <animation name="joystickMovement" isKeyframe="true">
            <part node="joystick" startTime="0" endTime="0.96" startRot="-15.171 0 0" endRot="0 0 2.705" />
            <part node="joystick" startTime="0.96" endTime="1.04" startRot="0 0 2.705" endRot="0 0 -4.756" />
            <part node="joystick" startTime="1.04" endTime="2" startRot="0 0 -4.756" endRot="21.24 0 -4.756" />
        </animation>

        <animation name="toggleChopper" soundVolumeFactor="1.8">
            <part node="chopperSwitchPlate" startTime="0" endTime="2" startRot="45 0 0" endRot="0 0 0" />
            <part node="chopper" startTime="0" endTime="2" startRot="-35 0 0" endRot="0 0 0" />
            <part node="strawFlapLeft" startTime="0" endTime="2" startRot="0 0 -50" endRot="0 0 0" />
            <part node="strawFlapRight" startTime="0" endTime="2" startRot="0 0 50" endRot="0 0 0" />
            <part node="chopperArm" startTime="0" endTime="2" startRot="9.413 0 0" endRot="0 0 0" />

            <sound template="hydraulicClose03" startTime="0.01" endTime="1.99" volumeScale="2.2" pitchScale="1.3" linkNode="chopper" fadeIn="0.1" fadeOut="0.1"/>
            <sound template="vibratingImp"     startTime="0.01" direction="-1" volumeScale="0.8" pitchScale="1.2" linkNode="chopper"/>
            <sound template="clackVar6"        startTime="0.01" direction="-1" volumeScale="1.5" pitchScale="0.7" linkNode="chopper"/>
            <sound template="vibratingImp"     startTime="1.99" direction="1"  volumeScale="0.7" pitchScale="1.0" linkNode="chopper"/>
            <sound template="clackVar4"        startTime="1.99" direction="1"  volumeScale="1.2" pitchScale="1.2" linkNode="chopper"/>
            <sound template="clackVar6"        startTime="1.99" direction="1"  volumeScale="1.2" pitchScale="0.6" linkNode="chopper"/>
        </animation>

        <animation name="wiperFrontAnimation" isKeyframe="true">
            <part node="wiper" startTime="0.0" endTime="1.0" startRot="0.0 0.0 0.0" endRot="0.0 0.0 180.0" />
            <part node="wiper" startTime="1.0" endTime="2.0" startRot="0.0 0.0 180.0" endRot="0.0 0.0 360.0" />

            <sound template="wiper1" startTime="0" endTime="2" direction="1"  volumeScale="1" pitchScale="0.7" fadeOut="0.1" linkNode="wiper"/>
            <sound template="wiper2" startTime="0" endTime="2" direction="-1" volumeScale="1" pitchScale="0.7" fadeOut="0.1" linkNode="wiper"/>
        </animation>

        <animation name="folding" soundVolumeFactor="1.8">
            <part node="graintankLightToggle" startTime="2.98" endTime="2.97" visibility="false" />
            <part node="graintankLightToggle" startTime="2.99" endTime="3.0" visibility="true" />

            <part node="grainTankAugerBase" startTime="0.0" endTime="6.0" startRot="0.0 0.0 33.0" endRot="0.0 0.0 0.0" />
            <part node="grainTankDoorFront" startTime="0.0" endTime="6.0" startRot="-135.0 0.0 0.0" endRot="0.0 0.0 0.0" />
            <part node="grainTankDoorBack" startTime="0.0" endTime="6.0" startRot="135.0 0.0 0.0" endRot="0.0 0.0 0.0" />
            <part node="grainTankDoorLeft" startTime="0.0" endTime="0.6" startRot="0.0 0.0 90.0" endRot="0.0 0.0 84.263" />
            <part node="grainTankDoorLeft" startTime="0.6" endTime="1.2" startRot="0.0 0.0 84.263" endRot="0.0 0.0 83.245" />
            <part node="grainTankDoorLeft" startTime="1.2" endTime="1.8" startRot="0.0 0.0 83.245" endRot="0.0 0.0 79.868" />
            <part node="grainTankDoorLeft" startTime="1.8" endTime="2.4" startRot="0.0 0.0 79.868" endRot="0.0 0.0 77.107" />
            <part node="grainTankDoorLeft" startTime="2.4" endTime="3.0" startRot="0.0 0.0 77.107" endRot="0.0 0.0 73.113" />
            <part node="grainTankDoorLeft" startTime="3.0" endTime="3.9" startRot="0.0 0.0 73.113" endRot="0.0 0.0 65.645" />
            <part node="grainTankDoorLeft" startTime="3.9" endTime="4.5" startRot="0.0 0.0 65.645" endRot="0.0 0.0 59.37" />
            <part node="grainTankDoorLeft" startTime="4.5" endTime="4.8" startRot="0.0 0.0 59.37" endRot="0.0 0.0 54.989" />
            <part node="grainTankDoorLeft" startTime="4.8" endTime="5.1" startRot="0.0 0.0 54.989" endRot="0.0 0.0 49.191" />
            <part node="grainTankDoorLeft" startTime="5.1" endTime="5.4" startRot="0.0 0.0 49.191" endRot="0.0 0.0 42.064" />
            <part node="grainTankDoorLeft" startTime="5.4" endTime="5.7" startRot="0.0 0.0 42.064" endRot="0.0 0.0 30.748" />
            <part node="grainTankDoorLeft" startTime="5.7" endTime="5.88" startRot="0.0 0.0 30.748" endRot="0.0 0.0 19.508" />
            <part node="grainTankDoorLeft" startTime="5.88" endTime="5.94" startRot="0.0 0.0 19.508" endRot="0.0 0.0 13.729" />
            <part node="grainTankDoorLeft" startTime="5.94" endTime="6.0" startRot="0.0 0.0 13.729" endRot="0.0 0.0 0.0" />
            <part node="grainTankDoorLeftPartBack" startTime="0.0" endTime="0.6" startRot="0.0 0.0 181.297" endRot="0.0 0.0 166.475" />
            <part node="grainTankDoorLeftPartBack" startTime="0.6" endTime="1.2" startRot="0.0 0.0 166.475" endRot="0.0 0.0 151.861" />
            <part node="grainTankDoorLeftPartBack" startTime="1.2" endTime="1.8" startRot="0.0 0.0 151.861" endRot="0.0 0.0 137.073" />
            <part node="grainTankDoorLeftPartBack" startTime="1.8" endTime="2.4" startRot="0.0 0.0 137.073" endRot="0.0 0.0 121.982" />
            <part node="grainTankDoorLeftPartBack" startTime="2.4" endTime="3.0" startRot="0.0 0.0 121.982" endRot="0.0 0.0 106.891" />
            <part node="grainTankDoorLeftPartBack" startTime="3.0" endTime="3.9" startRot="0.0 0.0 106.891" endRot="0.0 0.0 83.551" />
            <part node="grainTankDoorLeftPartBack" startTime="3.9" endTime="4.5" startRot="0.0 0.0 83.551" endRot="0.0 0.0 67.019" />
            <part node="grainTankDoorLeftPartBack" startTime="4.5" endTime="4.8" startRot="0.0 0.0 67.019" endRot="0.0 0.0 58.569" />
            <part node="grainTankDoorLeftPartBack" startTime="4.8" endTime="5.1" startRot="0.0 0.0 58.569" endRot="0.0 0.0 48.89" />
            <part node="grainTankDoorLeftPartBack" startTime="5.1" endTime="5.4" startRot="0.0 0.0 48.89" endRot="0.0 0.0 39.424" />
            <part node="grainTankDoorLeftPartBack" startTime="5.4" endTime="5.7" startRot="0.0 0.0 39.424" endRot="0.0 0.0 26.073" />
            <part node="grainTankDoorLeftPartBack" startTime="5.7" endTime="5.88" startRot="0.0 0.0 26.073" endRot="0.0 0.0 15.99" />
            <part node="grainTankDoorLeftPartBack" startTime="5.88" endTime="5.94" startRot="0.0 0.0 15.99" endRot="0.0 0.0 11.064" />
            <part node="grainTankDoorLeftPartBack" startTime="5.94" endTime="6.0" startRot="0.0 0.0 11.064" endRot="0.0 0.0 0.0" />
            <part node="grainTankDoorLeftPartFront" startTime="0.0" endTime="0.6" startRot="0.0 0.0 -181.297" endRot="0.0 0.0 -166.475" />
            <part node="grainTankDoorLeftPartFront" startTime="0.6" endTime="1.2" startRot="0.0 0.0 -166.475" endRot="0.0 0.0 -151.861" />
            <part node="grainTankDoorLeftPartFront" startTime="1.2" endTime="1.8" startRot="0.0 0.0 -151.861" endRot="0.0 0.0 -137.073" />
            <part node="grainTankDoorLeftPartFront" startTime="1.8" endTime="2.4" startRot="0.0 0.0 -137.073" endRot="0.0 0.0 -121.982" />
            <part node="grainTankDoorLeftPartFront" startTime="2.4" endTime="3.0" startRot="0.0 0.0 -121.982" endRot="0.0 0.0 -106.891" />
            <part node="grainTankDoorLeftPartFront" startTime="3.0" endTime="3.9" startRot="0.0 0.0 -106.891" endRot="0.0 0.0 -83.551" />
            <part node="grainTankDoorLeftPartFront" startTime="3.9" endTime="4.5" startRot="0.0 0.0 -83.551" endRot="0.0 0.0 -67.019" />
            <part node="grainTankDoorLeftPartFront" startTime="4.5" endTime="4.8" startRot="0.0 0.0 -67.019" endRot="0.0 0.0 -58.569" />
            <part node="grainTankDoorLeftPartFront" startTime="4.8" endTime="5.1" startRot="0.0 0.0 -58.569" endRot="0.0 0.0 -48.89" />
            <part node="grainTankDoorLeftPartFront" startTime="5.1" endTime="5.4" startRot="0.0 0.0 -48.89" endRot="0.0 0.0 -39.424" />
            <part node="grainTankDoorLeftPartFront" startTime="5.4" endTime="5.7" startRot="0.0 0.0 -39.424" endRot="0.0 0.0 -26.073" />
            <part node="grainTankDoorLeftPartFront" startTime="5.7" endTime="5.88" startRot="0.0 0.0 -26.073" endRot="0.0 0.0 -15.99" />
            <part node="grainTankDoorLeftPartFront" startTime="5.88" endTime="5.94" startRot="0.0 0.0 -15.99" endRot="0.0 0.0 -11.064" />
            <part node="grainTankDoorLeftPartFront" startTime="5.94" endTime="6.0" startRot="0.0 0.0 -11.064" endRot="0.0 0.0 0.0" />
            <part node="grainTankDoorRight" startTime="0.0" endTime="0.6" startRot="0.0 0.0 -90.0" endRot="0.0 0.0 -84.263" />
            <part node="grainTankDoorRight" startTime="0.6" endTime="1.2" startRot="0.0 0.0 -84.263" endRot="0.0 0.0 -83.245" />
            <part node="grainTankDoorRight" startTime="1.2" endTime="1.8" startRot="0.0 0.0 -83.245" endRot="0.0 0.0 -79.868" />
            <part node="grainTankDoorRight" startTime="1.8" endTime="2.4" startRot="0.0 0.0 -79.868" endRot="0.0 0.0 -77.107" />
            <part node="grainTankDoorRight" startTime="2.4" endTime="3.0" startRot="0.0 0.0 -77.107" endRot="0.0 0.0 -73.113" />
            <part node="grainTankDoorRight" startTime="3.0" endTime="3.9" startRot="0.0 0.0 -73.113" endRot="0.0 0.0 -65.645" />
            <part node="grainTankDoorRight" startTime="3.9" endTime="4.5" startRot="0.0 0.0 -65.645" endRot="0.0 0.0 -59.37" />
            <part node="grainTankDoorRight" startTime="4.5" endTime="4.8" startRot="0.0 0.0 -59.37" endRot="0.0 0.0 -54.989" />
            <part node="grainTankDoorRight" startTime="4.8" endTime="5.1" startRot="0.0 0.0 -54.989" endRot="0.0 0.0 -49.191" />
            <part node="grainTankDoorRight" startTime="5.1" endTime="5.4" startRot="0.0 0.0 -49.191" endRot="0.0 0.0 -42.064" />
            <part node="grainTankDoorRight" startTime="5.4" endTime="5.7" startRot="0.0 0.0 -42.064" endRot="0.0 0.0 -30.748" />
            <part node="grainTankDoorRight" startTime="5.7" endTime="5.88" startRot="0.0 0.0 -30.748" endRot="0.0 0.0 -19.508" />
            <part node="grainTankDoorRight" startTime="5.88" endTime="5.94" startRot="0.0 0.0 -19.508" endRot="0.0 0.0 -13.729" />
            <part node="grainTankDoorRight" startTime="5.94" endTime="6.0" startRot="0.0 0.0 -13.729" endRot="0.0 0.0 0.0" />
            <part node="grainTankDoorRightBackPart" startTime="0.0" endTime="0.6" startRot="0.0 0.0 -181.297" endRot="0.0 0.0 -166.475" />
            <part node="grainTankDoorRightBackPart" startTime="0.6" endTime="1.2" startRot="0.0 0.0 -166.475" endRot="0.0 0.0 -151.861" />
            <part node="grainTankDoorRightBackPart" startTime="1.2" endTime="1.8" startRot="0.0 0.0 -151.861" endRot="0.0 0.0 -137.073" />
            <part node="grainTankDoorRightBackPart" startTime="1.8" endTime="2.4" startRot="0.0 0.0 -137.073" endRot="0.0 0.0 -121.982" />
            <part node="grainTankDoorRightBackPart" startTime="2.4" endTime="3.0" startRot="0.0 0.0 -121.982" endRot="0.0 0.0 -106.891" />
            <part node="grainTankDoorRightBackPart" startTime="3.0" endTime="3.9" startRot="0.0 0.0 -106.891" endRot="0.0 0.0 -83.551" />
            <part node="grainTankDoorRightBackPart" startTime="3.9" endTime="4.5" startRot="0.0 0.0 -83.551" endRot="0.0 0.0 -67.019" />
            <part node="grainTankDoorRightBackPart" startTime="4.5" endTime="4.8" startRot="0.0 0.0 -67.019" endRot="0.0 0.0 -58.569" />
            <part node="grainTankDoorRightBackPart" startTime="4.8" endTime="5.1" startRot="0.0 0.0 -58.569" endRot="0.0 0.0 -48.89" />
            <part node="grainTankDoorRightBackPart" startTime="5.1" endTime="5.4" startRot="0.0 0.0 -48.89" endRot="0.0 0.0 -39.424" />
            <part node="grainTankDoorRightBackPart" startTime="5.4" endTime="5.7" startRot="0.0 0.0 -39.424" endRot="0.0 0.0 -26.073" />
            <part node="grainTankDoorRightBackPart" startTime="5.7" endTime="5.88" startRot="0.0 0.0 -26.073" endRot="0.0 0.0 -15.99" />
            <part node="grainTankDoorRightBackPart" startTime="5.88" endTime="5.94" startRot="0.0 0.0 -15.99" endRot="0.0 0.0 -11.064" />
            <part node="grainTankDoorRightBackPart" startTime="5.94" endTime="6.0" startRot="0.0 0.0 -11.064" endRot="0.0 0.0 0.0" />
            <part node="grainTankDoorRightFrontPart" startTime="0.0" endTime="0.6" startRot="0.0 0.0 181.297" endRot="0.0 0.0 166.475" />
            <part node="grainTankDoorRightFrontPart" startTime="0.6" endTime="1.2" startRot="0.0 0.0 166.475" endRot="0.0 0.0 151.861" />
            <part node="grainTankDoorRightFrontPart" startTime="1.2" endTime="1.8" startRot="0.0 0.0 151.861" endRot="0.0 0.0 137.073" />
            <part node="grainTankDoorRightFrontPart" startTime="1.8" endTime="2.4" startRot="0.0 0.0 137.073" endRot="0.0 0.0 121.982" />
            <part node="grainTankDoorRightFrontPart" startTime="2.4" endTime="3.0" startRot="0.0 0.0 121.982" endRot="0.0 0.0 106.891" />
            <part node="grainTankDoorRightFrontPart" startTime="3.0" endTime="3.9" startRot="0.0 0.0 106.891" endRot="0.0 0.0 83.551" />
            <part node="grainTankDoorRightFrontPart" startTime="3.9" endTime="4.5" startRot="0.0 0.0 83.551" endRot="0.0 0.0 67.019" />
            <part node="grainTankDoorRightFrontPart" startTime="4.5" endTime="4.8" startRot="0.0 0.0 67.019" endRot="0.0 0.0 58.569" />
            <part node="grainTankDoorRightFrontPart" startTime="4.8" endTime="5.1" startRot="0.0 0.0 58.569" endRot="0.0 0.0 48.89" />
            <part node="grainTankDoorRightFrontPart" startTime="5.1" endTime="5.4" startRot="0.0 0.0 48.89" endRot="0.0 0.0 39.424" />
            <part node="grainTankDoorRightFrontPart" startTime="5.4" endTime="5.7" startRot="0.0 0.0 39.424" endRot="0.0 0.0 26.073" />
            <part node="grainTankDoorRightFrontPart" startTime="5.7" endTime="5.88" startRot="0.0 0.0 26.073" endRot="0.0 0.0 15.99" />
            <part node="grainTankDoorRightFrontPart" startTime="5.88" endTime="5.94" startRot="0.0 0.0 15.99" endRot="0.0 0.0 11.064" />
            <part node="grainTankDoorRightFrontPart" startTime="5.94" endTime="6.0" startRot="0.0 0.0 11.064" endRot="0.0 0.0 0.0" />

            <sound template="hydraulicOpen02"  startTime="0.01" endTime="5.99" volumeScale="1.1" pitchScale="1.4"                  fadeIn="0.1" fadeOut="0.1" linkNode="grainTankAugerBase"/>
            <sound template="hydraulicOpen04"  startTime="0.01" endTime="5.99" direction="1"     volumeScale="2"  pitchScale="1.2" fadeIn="0.1" fadeOut="0.1" linkNode="grainTankAugerBase"/>
            <sound template="hydraulicClose01" startTime="0.01" endTime="5.99" direction="-1"    volumeScale="2"  pitchScale="0.5" fadeIn="0.1" fadeOut="0.1" linkNode="grainTankAugerBase"/>
            <sound template="metalClose"       startTime="0.01" direction="-1" volumeScale="1"   pitchScale="1.2" linkNode="grainTankAugerBase"/>
            <sound template="vibratingImp"     startTime="0.01" direction="-1" volumeScale="0.8" pitchScale="0.9" linkNode="grainTankAugerBase"/>
            <sound template="cylinderPunch"    startTime="0.01" direction="-1" volumeScale="0.5" pitchScale="1.6" linkNode="grainTankAugerBase"/>
            <sound template="clackVar6"        startTime="0.01" direction="-1" volumeScale="1.5" pitchScale="0.5" linkNode="grainTankAugerBase"/>
            <sound template="clackVar4"        startTime="0.01" direction="-1" volumeScale="1"   pitchScale="1.5" linkNode="grainTankAugerBase"/>
            <sound template="vibratingImp"     startTime="5.9"  direction="1"  volumeScale="0.8" pitchScale="1.2" linkNode="grainTankAugerBase"/>
            <sound template="metalImpHigh01"   startTime="5.9"  direction="1"  volumeScale="0.4" pitchScale="0.8" linkNode="grainTankAugerBase"/>
            <sound template="cylinderPunch"    startTime="5.9"  direction="1"  volumeScale="0.4" pitchScale="1.8" linkNode="grainTankAugerBase"/>
        </animation>

        <animation name="sieveAnimation" looping="true" isKeyframe="true">
            <part node="sieveArm01" startTime="0.0" endTime="0.5" startRot="-3 0 0" endRot="3 0 0" />
            <part node="sieveArm01" startTime="0.5" endTime="1.0" startRot="3 0 0" endRot="-3 0 0" />
        </animation>

        <animation name="ladderAnimation" soundVolumeFactor="1.8">
            <part node="ladder" startTime="0" endTime="1" startRot="0 -90 0" endRot="0 0 0" />
            <part node="ladderPart" startTime="0" endTime="1" startRot="0 -90 0" endRot="0 0 0" />

            <sound template="slideOpen"      startTime="0.01" endTime="0.99" volumeScale="2"   pitchScale="0.7" linkNode="ladder"/>
            <sound template="vibratingImp"   startTime="0.01" direction="-1" volumeScale="0.7" pitchScale="1"   linkNode="ladder"/>
            <sound template="vibratingImp"   startTime="0.99" direction="1"  volumeScale="0.7" pitchScale="1.2" linkNode="ladder"/>
            <sound template="metalImpHigh01" startTime="0.99" direction="1"  volumeScale="0.4" pitchScale="1.2" linkNode="ladder"/>
        </animation>
        <animation name="dischargeNodeRotAnimation">
            <part node="dischargeNode"  startTime="0.0" endTime="0.8" startRot="0 0 -13" endRot="0 0 0" />
        </animation>
    </animations>

    <cylindered loadMovingToolStatesAfterFolding="true">
        <movingTools>
            <movingTool node="pipeFlap" playSound="true">
                <controls axis="AXIS_PIPE" invertAxis="false" mouseSpeedFactor="0.25" iconName="PIPE_END_ROTATE" />
                <rotation rotSpeed="25" rotAcceleration="200" rotMax="37" rotMin="20" startRot="37" rotationAxis="3"/>
                <dependentAnimation name="dischargeNodeRotAnimation" rotationAxis="3" minValue="20" maxValue="37" invert="false" />
                <dependentPart node="pipeFlapHydraulic" />
                <dependentPart node="pipeFlapDamper" />
            </movingTool>
            <movingTool node="feeder" playSound="true">
                <dependentPart node="feederHydraulic" />
                <dependentPart node="feederSensorArm01" />
                <connectionHoses customHoseIndices="1" />
            </movingTool>
            <movingTool node="headerTilt" playSound="true">
                <dependentPart node="headerTiltLeftHydraulic" />
                <dependentPart node="headerTiltRightHydraulic" />
            </movingTool>
            <movingTool node="pipe" playSound="true">
                <dependentPart node="pipeHydraulic" />
            </movingTool>
            <movingTool node="grainTankAugerBase" playSound="true">
                <dependentPart node="grainTankAugerBaseHydraulic"/>
                <dependentPart node="grainTankDoorBackArm"/>
                <dependentPart node="grainTankDoorFrontArm"/>
            </movingTool>
            <movingTool node="ladder" playSound="true">
                <dependentPart node="ladderPart01"/>
            </movingTool>
            <movingTool node="chopper" playSound="true">
                <dependentPart node="strawFlapLeftArm"/>
                <dependentPart node="strawFlapRightArm"/>
                <dependentPart node="chopperSensorArm01"/>
                <dependentPart node="chopperDamper"/>
            </movingTool>
            <movingTool node="chopperSwitchPlate" playSound="true">
                <dependentPart node="chopperSwitchPlateSensorArm01"/>
            </movingTool>
            <movingTool node="sieveArm01">
                <dependentPart node="sieveMainPart"/>
            </movingTool>
        </movingTools>

        <movingParts>
            <!-- ladder -->
            <movingPart node="ladderPart01" localReferencePoint="ladderPart02" referencePoint="ladderPart02Ref" referenceFrame="ladderPart01RefFrame">
                <dependentPart node="ladderPart02"/>
            </movingPart>
            <movingPart node="ladderPart02" referencePoint="ladderPart02Ref" referenceFrame="ladderPart02Ref"/>
            <!-- steering -->
            <movingPart node="steeringBarLeft" referencePoint="steeringBarLeftRef" referenceFrame="steeringBarLeftRef" isActiveDirty="true" maxUpdateDistance="50" scaleZ="true"/>
            <movingPart node="steeringBarRight" referencePoint="steeringBarRightRef" referenceFrame="steeringBarRightRef" isActiveDirty="true" maxUpdateDistance="50" scaleZ="true"/>
            <movingPart node="steeringBarSensorArm01" localReferencePoint="steeringBarSensorArm02" referencePoint="steeringBarSensorArm02Ref" referenceFrame="steeringBarSensorArm01RefFrame" isActiveDirty="true" maxUpdateDistance="50">
                <dependentPart node="steeringBarSensorArm02"/>
            </movingPart>
            <movingPart node="steeringBarSensorArm02" referencePoint="steeringBarSensorArm02Ref" referenceFrame="steeringBarSensorArm02Ref"/>

            <!-- feeder -->
            <movingPart node="feederHydraulic" referencePoint="feederHydraulicRef" referenceFrame="feederHydraulicRef">
                <translatingPart node="feederHydraulicPunch"/>
            </movingPart>
            <movingPart node="feederSensorArm01" localReferencePoint="feederSensorArm02" referencePoint="feederSensorArm02Ref" referenceFrame="feederSensorArm01RefFrame">
                <dependentPart node="feederSensorArm02"/>
            </movingPart>
            <movingPart node="feederSensorArm02" referencePoint="feederSensorArm02Ref" referenceFrame="feederSensorArm02Ref"/>
            <movingPart node="headerTiltLeftHydraulic" referencePoint="headerTiltLeftHydraulicRef" referenceFrame="headerTiltLeftHydraulicRef" limitedAxis="1">
                <translatingPart node="headerTiltLeftHydraulicPunch"/>
            </movingPart>
            <movingPart node="headerTiltRightHydraulic" referencePoint="headerTiltRightHydraulicRef" referenceFrame="headerTiltRightHydraulicRef" limitedAxis="1">
                <translatingPart node="headerTiltRightHydraulicPunch"/>
            </movingPart>

            <!-- pipe -->
            <movingPart node="pipeHydraulic" referencePoint="pipeHydraulicRef" referenceFrame="pipeHydraulicRef">
                <translatingPart node="pipeHydraulicPunch"/>
            </movingPart>
            <movingPart node="pipeFlapHydraulic" referencePoint="pipeFlapHydraulicRef" referenceFrame="pipeFlapHydraulicRef">
                <translatingPart node="pipeFlapHydraulicPunch"/>
            </movingPart>
            <movingPart node="pipeFlapDamper" referencePoint="pipeFlapDamperRef" referenceFrame="pipeFlapDamperRef">
                <translatingPart node="pipeFlapDamperPunch"/>
            </movingPart>

            <!-- grainTank -->
            <movingPart node="grainTankAugerBaseHydraulic" referencePoint="grainTankAugerBaseHydraulicRef" referenceFrame="grainTankAugerBaseHydraulicRef">
                <translatingPart node="grainTankAugerBaseHydraulicPunch"/>
            </movingPart>

            <movingPart node="grainTankDoorBackArm" referencePoint="grainTankDoorBackArmRef" referenceFrame="grainTankDoorBackArmRef" scaleZ="true"/>
            <movingPart node="grainTankDoorFrontArm" referencePoint="grainTankDoorFrontArmRef" referenceFrame="grainTankDoorFrontArmRef" scaleZ="true"/>

            <!-- chopper -->
            <movingPart node="strawFlapLeftArm" referencePoint="strawFlapLeftArmRef" referenceFrame="strawFlapLeftArmRef"/>
            <movingPart node="strawFlapRightArm" referencePoint="strawFlapRightArmRef" referenceFrame="strawFlapRightArmRef"/>
            <movingPart node="chopperDamper" referencePoint="chopperDamperRef" referenceFrame="chopperDamperRef">
                <translatingPart node="chopperDamperPunch"/>
            </movingPart>
            <movingPart node="chopperSensorArm01" localReferencePoint="chopperSensorArm02" referencePoint="chopperSensorArm02Ref" referenceFrame="chopperSensorArm01RefFrame">
                <dependentPart node="chopperSensorArm02"/>
            </movingPart>
            <movingPart node="chopperSensorArm02" referencePoint="chopperSensorArm02Ref" referenceFrame="chopperSensorArm02Ref"/>
            <movingPart node="chopperSwitchPlateSensorArm01" localReferencePoint="chopperSwitchPlateSensorArm02" referencePoint="chopperSwitchPlateSensorArm02Ref" referenceFrame="chopperSwitchPlateSensorArm01RefFrame">
                <dependentPart node="chopperSwitchPlateSensorArm02"/>
            </movingPart>
            <movingPart node="chopperSwitchPlateSensorArm02" referencePoint="chopperSwitchPlateSensorArm02Ref" referenceFrame="chopperSwitchPlateSensorArm02Ref"/>

            <!-- sieve -->
            <movingPart node="sieveMainPart" localReferencePoint="sieveArm02" referencePoint="sieveArm02Ref" referenceFrame="sieveMainPartRefFrame">
                <dependentPart node="sieveArm02"/>
                <dependentPart node="sieveBackPart"/>
            </movingPart>
            <movingPart node="sieveArm02" referencePoint="sieveArm02Ref" referenceFrame="sieveArm02Ref"/>
            <movingPart node="sieveBackPart" localReferencePoint="sieveBackPartArm" referencePoint="sieveBackPartArmRef" referenceFrame="sieveBackPartRefFrame">
                <dependentPart node="sieveBackPartArm"/>
            </movingPart>
            <movingPart node="sieveBackPartArm" referencePoint="sieveBackPartArmRef" referenceFrame="sieveBackPartArmRef"/>
        </movingParts>
    </cylindered>

    <wipers>
        <wiper animName="wiperFrontAnimation">
            <state animSpeed="1.0" animPause="2.0" />
            <state animSpeed="1.0" animPause="0.0" />
            <state animSpeed="1.5" animPause="0.0" />
        </wiper>
    </wipers>

    <turnOnVehicle turnOffIfNotAllowed="true">
        <turnedOnAnimation name="sieveAnimation" speedScale="5"/>
    </turnOnVehicle>

    <workAreas>
        <workArea type="combineSwath" functionName="processCombineSwathArea" requiresGroundContact="false" disableBackwards="false">
            <area startNode="workAreaStrawStart" widthNode="workAreaStrawWidth" heightNode="workAreaStrawHeight" />
        </workArea>
        <workArea type="combineChopper" functionName="processCombineChopperArea" requiresGroundContact="false" disableBackwards="false">
            <area startNode="workAreaChopperStart" widthNode="workAreaChopperWidth" heightNode="workAreaChopperHeight" />
        </workArea>
    </workAreas>

    <combine fillUnitIndex="1" allowThreshingDuringRain="false">
        <swath available="true" workAreaIndex="1" isDefaultActive="false"/>
        <chopper available="true" workAreaIndex="2" animName="toggleChopper" animSpeedScale="1"/>
        <processing toggleTime="4"/>
        <ladder animName="ladderAnimation" animSpeedScale="1" foldDirection="1" foldMinLimit="0.0" foldMaxLimit="0.01"/>
        <folding direction="-1"/>

        <chopperEffect>
            <effectNode effectClass="TypedMotionPathEffect" effectType="STRAW_CHOPPER" materialType="CHAFFER" linkNode="sieveEffectNode">
                <motionPathEffect textureFilename="$data/vehicles/claas/evion450/sieveEffectArray.dds" numRows="16" rowLength="18" minFade="0.04" shapeScale="1.25" maxShapeScale="1.25" speedScale="0.75"/>
            </effectNode>
            <effectNode effectClass="TypedMotionPathEffect" effectType="STRAW_CHOPPER" materialType="CHAFFER" linkNode="chafferCenterEffectNode">
                <motionPathEffect textureFilename="$data/vehicles/claas/evion450/chafferCenterArray.dds" numRows="16" rowLength="18" minFade="0.04"/>
            </effectNode>
            <effectNode effectClass="TypedMotionPathEffect" effectType="STRAW_CHOPPER" materialType="CHOPPER" linkNode="chopperCenterEffectNode">
                <motionPathEffect textureFilename="$data/vehicles/claas/evion450/chopperCenterArray.dds" numRows="29" rowLength="31" minFade="0.04"/>
            </effectNode>

            <effectNode effectClass="ParticleEffect" effectNode="chafferSmokeEmitter" particleType="smoke" materialType="smokeParticle" useFruitColor="true"/>
            <effectNode effectClass="ParticleEffect" effectNode="chopperSmokeEmitter" particleType="smoke" materialType="smokeParticle" useFruitColor="true"/>
        </chopperEffect>

        <strawEffect>
            <effectNode effectClass="TypedMotionPathEffect" effectType="STRAW_CHOPPER" materialType="CHAFFER" linkNode="sieveEffectNode">
                <motionPathEffect textureFilename="$data/vehicles/claas/evion450/sieveEffectArray.dds" numRows="16" rowLength="18" minFade="0.04" shapeScale="1.25" maxShapeScale="1.25" speedScale="0.75"/>
            </effectNode>
            <effectNode effectClass="TypedMotionPathEffect" effectType="STRAW_CHOPPER" materialType="CHAFFER" linkNode="chafferCenterEffectNode">
                <motionPathEffect textureFilename="$data/vehicles/claas/evion450/chafferCenterArray.dds" numRows="16" rowLength="18" minFade="0.04"/>
            </effectNode>
            <effectNode effectClass="TypedMotionPathEffect" effectType="STRAW_CHOPPER" materialType="DROP" linkNode="strawUnloadEffectNode">
                <motionPathEffect textureFilename="$data/vehicles/claas/evion450/unloadCenterArray.dds" numRows="16" rowLength="12" minFade="0.04" visibilityX="0.7 -0.7"/>
            </effectNode>

            <effectNode effectClass="ParticleEffect" effectNode="chafferSmokeEmitter" particleType="smoke" materialType="smokeParticle" useFruitColor="true"/>
            <effectNode effectClass="ParticleEffect" effectNode="strawEffectSmokeEmitter" particleType="smoke" materialType="smokeParticle" useFruitColor="true"/>
        </strawEffect>

        <fillEffect>
            <effectNode effectNode="grainTankEffect" materialType="unloading" delay="0" />
            <effectNode effectNode="grainTankSmoke" materialType="unloadingSmoke" delay="0.1" />
        </fillEffect>

        <animationNodes>
            <animationNode node="disc01" rotSpeed="-500" rotAxis="1" turnOnFadeTime="2" turnOffFadeTime="5" />
            <animationNode node="disc02" rotSpeed="-500" rotAxis="1" turnOnFadeTime="2" turnOffFadeTime="5" />
            <animationNode node="disc03" rotSpeed="-500" rotAxis="1" turnOnFadeTime="2" turnOffFadeTime="5" />
            <animationNode node="disc04" rotSpeed="-500" rotAxis="1" turnOnFadeTime="2" turnOffFadeTime="5" />
            <animationNode node="disc05" rotSpeed="-500" rotAxis="1" turnOnFadeTime="2" turnOffFadeTime="5" />
            <animationNode node="disc06" rotSpeed="-500" rotAxis="1" turnOnFadeTime="2" turnOffFadeTime="5" />
            <animationNode node="disc07" rotSpeed="-500" rotAxis="1" turnOnFadeTime="2" turnOffFadeTime="5" />
            <animationNode node="disc08" rotSpeed="-500" rotAxis="1" turnOnFadeTime="2" turnOffFadeTime="5" />
            <animationNode node="disc09" rotSpeed="-500" rotAxis="1" turnOnFadeTime="2" turnOffFadeTime="5" />
            <animationNode node="disc10" rotSpeed="-500" rotAxis="1" turnOnFadeTime="2" turnOffFadeTime="5" />
            <animationNode node="disc11" rotSpeed="-500" rotAxis="1" turnOnFadeTime="2" turnOffFadeTime="5" />
            <animationNode node="disc12" rotSpeed="-500" rotAxis="1" turnOnFadeTime="2" turnOffFadeTime="5" />
            <animationNode node="disc13" rotSpeed="-500" rotAxis="1" turnOnFadeTime="2" turnOffFadeTime="5" />
            <animationNode node="disc14" rotSpeed="-500" rotAxis="1" turnOnFadeTime="2" turnOffFadeTime="5" />
            <animationNode node="disc15" rotSpeed="-500" rotAxis="1" turnOnFadeTime="2" turnOffFadeTime="5" />
            <animationNode node="disc16" rotSpeed="-500" rotAxis="1" turnOnFadeTime="2" turnOffFadeTime="5" />
            <animationNode node="disc17" rotSpeed="-500" rotAxis="1" turnOnFadeTime="2" turnOffFadeTime="5" />
            <animationNode node="disc18" rotSpeed="-500" rotAxis="1" turnOnFadeTime="2" turnOffFadeTime="5" />
            <animationNode node="disc19" rotSpeed="-500" rotAxis="1" turnOnFadeTime="2" turnOffFadeTime="5" />
            <animationNode node="disc20" rotSpeed="-500" rotAxis="1" turnOnFadeTime="2" turnOffFadeTime="5" />
            <animationNode node="disc21" rotSpeed="-500" rotAxis="1" turnOnFadeTime="2" turnOffFadeTime="5" />
            <animationNode node="disc22" rotSpeed="-500" rotAxis="1" turnOnFadeTime="2" turnOffFadeTime="5" />

            <animationNode node="grainTankAuger" rotSpeed="-500" rotAxis="3" turnOnFadeTime="2" turnOffFadeTime="2" />
            <animationNode node="grainTankAugerPart" rotSpeed="-500" rotAxis="3" turnOnFadeTime="2" turnOffFadeTime="2" />

            <animationNode node="chafferLeft" rotSpeed="-1200" rotAxis="2" turnOnFadeTime="2" turnOffFadeTime="5" />
            <animationNode node="chafferRight" rotSpeed="1200" rotAxis="2" turnOnFadeTime="2" turnOffFadeTime="5" />

            <animationNode node="upperSieveRot" rotSpeed="1200" rotAxis="1" turnOnFadeTime="2" turnOffFadeTime="5" />
            <animationNode node="upperSieve01" rotSpeed="-1200" rotAxis="1" turnOnFadeTime="2" turnOffFadeTime="5" />
            <animationNode node="upperSieve02" rotSpeed="-1200" rotAxis="1" turnOnFadeTime="2" turnOffFadeTime="5" />
            <animationNode node="upperSieve03" rotSpeed="-1200" rotAxis="1" turnOnFadeTime="2" turnOffFadeTime="5" />
            <animationNode node="upperSieve04" rotSpeed="-1200" rotAxis="1" turnOnFadeTime="2" turnOffFadeTime="5" />
            <animationNode node="upperSieve05" rotSpeed="-1200" rotAxis="1" turnOnFadeTime="2" turnOffFadeTime="5" />

            <animationNode node="feederRotatingPart01" rotSpeed="200" rotAxis="1" turnOnFadeTime="2" turnOffFadeTime="5" />
            <animationNode node="feederRotatingPart02" rotSpeed="200" rotAxis="1" turnOnFadeTime="2" turnOffFadeTime="5" />
            <animationNode node="belts" rotSpeed="-100" rotAxis="1" turnOnFadeTime="2" turnOffFadeTime="5" shaderComponentScale="0 1 0 0" shaderParameterName="offsetUV" />
            <animationNode node="beltsFeeder" rotSpeed="-100" rotAxis="1" turnOnFadeTime="2" turnOffFadeTime="5" shaderComponentScale="0 1 0 0" shaderParameterName="offsetUV" />
            <animationNode node="feederChain" rotSpeed="-10" rotAxis="1" turnOnFadeTime="2" turnOffFadeTime="5" shaderComponentScale="1 0 0 0" shaderParameterName="scrollPos" />
        </animationNodes>

        <chopperAnimationNodes>
            <animationNode node="chopperRotatingPart" rotSpeed="1200" rotAxis="1" turnOnFadeTime="2" turnOffFadeTime="5" />
        </chopperAnimationNodes>

        <automaticTilt>
            <automaticTiltNode node="headerTilt" minAngle="-5" maxAngle="5" maxSpeed="4" />
            <automaticTiltNode node="headerTiltJoint" minAngle="-5" maxAngle="5" maxSpeed="4" updateAttacherJoint="true"/>
        </automaticTilt>
    </combine>

    <pipe foldMinState="0" foldMaxState="1" dischargeNodeIndex="1">
        <states num="2" unloading="2" />
        <animation name="foldPipe" speedScale="1" />
        <unloadingTriggers>
            <unloadingTrigger node="trailerTrigger" />
        </unloadingTriggers>

        <animationNodes>
            <animationNode node="beltPipe" rotSpeed="100" rotAxis="1" turnOnFadeTime="2" turnOffFadeTime="2" shaderComponentScale="0 1 0 0" shaderParameterName="offsetUV" />
            <animationNode node="pipeDisc01" rotSpeed="-250" rotAxis="1" turnOnFadeTime="2" turnOffFadeTime="2" />
            <animationNode node="pipeDisc02" rotSpeed="-250" rotAxis="1" turnOnFadeTime="2" turnOffFadeTime="2" />
            <animationNode node="pipeDisc03" rotSpeed="-250" rotAxis="1" turnOnFadeTime="2" turnOffFadeTime="2" />
            <animationNode node="pipeDisc04" rotSpeed="250" rotAxis="1" turnOnFadeTime="2" turnOffFadeTime="2" />
            <animationNode node="grainTankAugerTank" rotSpeed="500" rotAxis="1" turnOnFadeTime="2" turnOffFadeTime="2" />
        </animationNodes>
    </pipe>

    <dischargeable>
        <dischargeNode node="dischargeNode" emptySpeed="1235" fillUnitIndex="1" maxDistance="8">
            <raycast yOffset="1"/>
            <info width="0.4" length="0.4" useRaycastHitPosition="true"/>

            <effects>
                <effectNode effectClass="PipeEffect" effectNode="pipeEffect" materialType="pipe" delay="0" maxBending="0.8" positionUpdateNodes="pipeSmoke" extraDistance="0.1"/>
                <effectNode effectNode="pipeSmoke" materialType="unloadingSmoke" delay="0.1" alignToWorldY="true"/>
            </effects>
            <dischargeStateSound template="harvesterDischargeStartCabin" loops="1"/>
        </dischargeNode>
    </dischargeable>

    <suspensions>
        <suspension node="seat" weight="100" minTranslation="-0.05 -0.05 0.0" maxTranslation="0.05 0.05 0.0" suspensionParametersX="20 4" suspensionParametersY="5 1" suspensionParametersZ="20 4" />
        <suspension useCharacterTorso="true" weight="90" minRotation="0 -5 -5" maxRotation="0 5 5" suspensionParametersY="7 1" suspensionParametersZ="7 1" />
    </suspensions>

    <dashboard>
        <groups>
            <group name="MOTOR_STARTING" electronicsStarting="true"/>
            <group name="MOTOR_RUNNING"  electronicsRunning="true"/>
            <group name="MOTOR_ACTIVE" electronicsStarting="true" electronicsRunning="true"/>
            <group name="BACK_ATTACHMENT" attacherJointIndices="2" electronicsStarting="true" electronicsRunning="true"/>
            <group name="LIGHT_ENABLED" lightTypes="0"/>
        </groups>

        <default>
            <dashboard displayType="EMITTER" node="radioDisplayDecal" idleValue="-1" intensity="0.6" groups="MOTOR_ACTIVE" />
            <dashboard displayType="EMITTER" node="startingDecals" intensity="0.5" baseColor="SHARED_BLACK4" groups="MOTOR_STARTING" />
            <dashboard displayType="EMITTER" node="decalsJoystick" intensity="0.2" groups="LIGHT_ENABLED"/>
            <dashboard displayType="EMITTER" node="decalsSeatGlow" intensity="0.2" groups="LIGHT_ENABLED"/>
            <dashboard displayType="EMITTER" node="decalsInteriorGlow" intensity="0.2" groups="LIGHT_ENABLED"/>
        </default>

        <compounds>
            <compound linkNode="mainDisplay" filename="$data/vehicles/claas/shared/displays/displays.xml" name="CEBIS_LEXION_MAINPAGE" configIds="HEADER_620m"/>
        </compounds>
    </dashboard>

    <ai>
        <agent frontWheelNodes="wheelBackLeft wheelBackRight"/>
        <collisionTrigger useSize="true"/>
    </ai>

    <foliageBending>
        <bendingNode wheelIndices="1 2" minZ="1.05" maxZ="3.1" yOffset="0.55"/>
        <bendingNode wheelIndices="3 4" minZ="-2.4" maxZ="1.05" yOffset="0.55"/>
        <bendingNode minX="-1.05" maxX="1.05" minZ="-4.5" maxZ="-2.4" yOffset="1.1"/>
        <bendingNode minX="-1.2" maxX="0.9" minZ="-0.85" maxZ="0.2" yOffset="-0.8" node="feederRef"/>
    </foliageBending>

    <wearable wearDuration="480" workMultiplier="5" fieldMultiplier="2"/>
    <washable dirtDuration="90" washDuration="1" workMultiplier="4" fieldMultiplier="2"/>

    <i3dMappings>
        <i3dMapping id="evion450_main_component1" node="0>" />
        <i3dMapping id="wheelFrontLeft" node="0>0|0|0" />
        <i3dMapping id="wheelFrontRight" node="0>0|0|1" />
        <i3dMapping id="componentJointAxleBack" node="0>0|0|2" />
        <i3dMapping id="outdoorCameraTarget" node="0>0|1|0" />
        <i3dMapping id="outdoorCamera" node="0>0|1|0|0" />
        <i3dMapping id="indoorCamera" node="0>0|1|1" />
        <i3dMapping id="cameraRaycastNode1" node="0>0|1|2" />
        <i3dMapping id="cameraRaycastNode2" node="0>0|1|3" />
        <i3dMapping id="cameraRaycastNode3" node="0>0|1|4" />
        <i3dMapping id="shadowFocusBox" node="0>0|1|5" />
        <i3dMapping id="attacherJointRot" node="0>0|2|0" />
        <i3dMapping id="headerTiltJoint" node="0>0|2|0|0|0" />
        <i3dMapping id="attacherJointCutter" node="0>0|2|0|0|0|0|0" />
        <i3dMapping id="feederRef" node="0>0|2|0|1" />
        <i3dMapping id="feeder" node="0>0|2|1" />
        <i3dMapping id="headerTilt" node="0>0|2|1|0|0" />
        <i3dMapping id="headerTiltLeftHydraulicRef" node="0>0|2|1|0|0|0" />
        <i3dMapping id="headerTiltRightHydraulicRef" node="0>0|2|1|0|0|1" />
        <i3dMapping id="headerTiltLeftHydraulic" node="0>0|2|1|1|0" />
        <i3dMapping id="headerTiltLeftHydraulicPunch" node="0>0|2|1|1|0|0" />
        <i3dMapping id="headerTiltRightHydraulic" node="0>0|2|1|2|0" />
        <i3dMapping id="headerTiltRightHydraulicPunch" node="0>0|2|1|2|0|0" />
        <i3dMapping id="ptoOutputLeft" node="0>0|2|1|3" />
        <i3dMapping id="feederHydraulicRef" node="0>0|2|1|5" />
        <i3dMapping id="feederRotatingPart02" node="0>0|2|1|6" />
        <i3dMapping id="feederChain" node="0>0|2|1|7|0" />
        <i3dMapping id="feederSensorArm02Ref" node="0>0|2|1|8" />
        <i3dMapping id="claasConnector" node="0>0|2|1|9" />
        <i3dMapping id="localHoseEnd" node="0>0|2|1|9|0" />
        <i3dMapping id="trailerAttacherJointBack" node="0>0|2|2" />
        <i3dMapping id="localHoseStart" node="0>0|2|3|0" />
        <i3dMapping id="electricIn01" node="0>0|2|3|1" />
        <i3dMapping id="exactFillRootNode" node="0>0|3|0" />
        <i3dMapping id="exactFillRootNodeFuel" node="0>0|3|1" />
        <i3dMapping id="exhaustParticle" node="0>0|4" />
        <i3dMapping id="trailerTrigger" node="0>0|5|0" />
        <i3dMapping id="pipe" node="0>0|5|1|0" />
        <i3dMapping id="pipeFlap" node="0>0|5|1|0|0|0" />
        <i3dMapping id="pipeFlapDamper" node="0>0|5|1|0|0|0|0" />
        <i3dMapping id="pipeFlapDamperPunch" node="0>0|5|1|0|0|0|0|0" />
        <i3dMapping id="pipeFlapHydraulicRef" node="0>0|5|1|0|0|0|1" />
        <i3dMapping id="dischargeNode" node="0>0|5|1|0|0|0|2|0" />
        <i3dMapping id="yellowRound_03" node="0>0|5|1|0|0|0|3|0|0" />
        <i3dMapping id="yellowRound_02" node="0>0|5|1|0|0|0|3|0|1" />
        <i3dMapping id="pipeEffect" node="0>0|5|1|0|0|0|4|0" />
        <i3dMapping id="pipeSmoke" node="0>0|5|1|0|0|0|4|1" />
        <i3dMapping id="pipeFlapHydraulic" node="0>0|5|1|0|1" />
        <i3dMapping id="pipeFlapHydraulicPunch" node="0>0|5|1|0|1|0" />
        <i3dMapping id="pipeHydraulicRef" node="0>0|5|1|0|2" />
        <i3dMapping id="pipeFlapDamperRef" node="0>0|5|1|0|3" />
        <i3dMapping id="lightsPipe_static" node="0>0|5|1|0|4|0|0" />
        <i3dMapping id="lightsPipeGlass_static" node="0>0|5|1|0|4|0|2" />
        <i3dMapping id="workLightPipeHigh" node="0>0|5|1|0|4|1" />
        <i3dMapping id="pipeHydraulic" node="0>0|5|2" />
        <i3dMapping id="pipeHydraulicPunch" node="0>0|5|2|0" />
        <i3dMapping id="pipeDisc01" node="0>0|5|3|0" />
        <i3dMapping id="pipeDisc02" node="0>0|5|3|1" />
        <i3dMapping id="pipeDisc03" node="0>0|5|3|2" />
        <i3dMapping id="pipeDisc04" node="0>0|5|3|3" />
        <i3dMapping id="beltPipe" node="0>0|5|4" />
        <i3dMapping id="exitPoint" node="0>0|6" />
        <i3dMapping id="lightsGlass_static" node="0>0|7|0|0" />
        <i3dMapping id="lights_static" node="0>0|7|0|1" />
        <i3dMapping id="lightsInner_static" node="0>0|7|0|2" />
        <i3dMapping id="plateNumberLight03" node="0>0|7|1|0" />
        <i3dMapping id="yellowRound_07" node="0>0|7|1|1" />
        <i3dMapping id="redRound_03" node="0>0|7|1|2" />
        <i3dMapping id="redRound_02" node="0>0|7|1|3" />
        <i3dMapping id="yellowRound_06" node="0>0|7|1|4" />
        <i3dMapping id="yellowRound_05" node="0>0|7|1|5" />
        <i3dMapping id="yellowRound_04" node="0>0|7|1|6" />
        <i3dMapping id="yellowRectangle_02" node="0>0|7|1|7" />
        <i3dMapping id="yellowRectangle_01" node="0>0|7|1|8" />
        <i3dMapping id="frontLightLow" node="0>0|7|2|0" />
        <i3dMapping id="highBeamLow" node="0>0|7|2|1" />
        <i3dMapping id="frontLightHigh" node="0>0|7|2|2" />
        <i3dMapping id="highBeamHigh" node="0>0|7|2|3" />
        <i3dMapping id="licensePlateLightHigh" node="0>0|7|2|4" />
        <i3dMapping id="workLightFrontLow" node="0>0|7|3|0" />
        <i3dMapping id="workLightFrontHigh" node="0>0|7|3|1" />
        <i3dMapping id="workLightBackLow" node="0>0|7|3|2" />
        <i3dMapping id="workLightBackHigh" node="0>0|7|3|3" />
        <i3dMapping id="workLightBackHigh2" node="0>0|7|3|4" />
        <i3dMapping id="backLightsHigh" node="0>0|7|4|0" />
        <i3dMapping id="turnLightLeftFront" node="0>0|7|5|0" />
        <i3dMapping id="turnLightRightFront" node="0>0|7|5|1" />
        <i3dMapping id="beaconLight07" node="0>0|7|6|0" />
        <i3dMapping id="beaconLight08" node="0>0|7|6|1" />
        <i3dMapping id="graintankLightToggle" node="0>0|7|7" />
        <i3dMapping id="graintankLightHigh" node="0>0|7|7|0" />
        <i3dMapping id="fillVolume" node="0>0|8|0" />
        <i3dMapping id="unloadInfo" node="0>0|8|1" />
        <i3dMapping id="loadInfo" node="0>0|8|2" />
        <i3dMapping id="ladder" node="0>0|9|0" />
        <i3dMapping id="ladderPart02Ref" node="0>0|9|0|1" />
        <i3dMapping id="ladderPart" node="0>0|9|1" />
        <i3dMapping id="ladderPart01" node="0>0|9|1|0" />
        <i3dMapping id="ladderPart02" node="0>0|9|1|0|0" />
        <i3dMapping id="ladderPart01RefFrame" node="0>0|9|2" />
        <i3dMapping id="feederHydraulic" node="0>0|9|3" />
        <i3dMapping id="feederHydraulicPunch" node="0>0|9|3|0" />
        <i3dMapping id="chafferLeft" node="0>0|9|4|0" />
        <i3dMapping id="chafferRight" node="0>0|9|5|0" />
        <i3dMapping id="grainTankAugerBase" node="0>0|9|6|0|0" />
        <i3dMapping id="grainTankAuger" node="0>0|9|6|0|0|0|0" />
        <i3dMapping id="grainTankAugerPart" node="0>0|9|6|0|0|1|0" />
        <i3dMapping id="grainTankAugerBaseHydraulicRef" node="0>0|9|6|0|0|2" />
        <i3dMapping id="grainTankDoorFrontArmRef" node="0>0|9|6|0|0|3" />
        <i3dMapping id="grainTankDoorBackArmRef" node="0>0|9|6|0|0|4" />
        <i3dMapping id="grainTankAugerBaseHydraulic" node="0>0|9|6|1" />
        <i3dMapping id="grainTankAugerBaseHydraulicPunch" node="0>0|9|6|1|0" />
        <i3dMapping id="grainTankDoorFront" node="0>0|9|6|2" />
        <i3dMapping id="grainTankDoorFrontArm" node="0>0|9|6|2|0" />
        <i3dMapping id="grainTankDoorBack" node="0>0|9|6|3" />
        <i3dMapping id="grainTankDoorBackArm" node="0>0|9|6|3|0" />
        <i3dMapping id="grainTankDoorLeft" node="0>0|9|6|4" />
        <i3dMapping id="grainTankDoorLeftPartFront" node="0>0|9|6|4|0|0" />
        <i3dMapping id="grainTankDoorLeftPartBack" node="0>0|9|6|4|1|0" />
        <i3dMapping id="grainTankDoorRight" node="0>0|9|6|5" />
        <i3dMapping id="grainTankDoorRightFrontPart" node="0>0|9|6|5|0|0" />
        <i3dMapping id="grainTankDoorRightBackPart" node="0>0|9|6|5|1|0" />
        <i3dMapping id="grainTankAugerTank" node="0>0|9|6|6" />
        <i3dMapping id="chopperRotatingPart" node="0>0|9|7" />
        <i3dMapping id="beltEngine" node="0>0|9|8" />
        <i3dMapping id="belts" node="0>0|9|9" />
        <i3dMapping id="disc01" node="0>0|9|10|0" />
        <i3dMapping id="disc02" node="0>0|9|10|1" />
        <i3dMapping id="disc03" node="0>0|9|10|2" />
        <i3dMapping id="disc04" node="0>0|9|10|3" />
        <i3dMapping id="disc05" node="0>0|9|10|4" />
        <i3dMapping id="disc06" node="0>0|9|10|5" />
        <i3dMapping id="disc07" node="0>0|9|10|6|0" />
        <i3dMapping id="disc08" node="0>0|9|10|7" />
        <i3dMapping id="disc09" node="0>0|9|10|8" />
        <i3dMapping id="disc10" node="0>0|9|10|9" />
        <i3dMapping id="disc11" node="0>0|9|10|10" />
        <i3dMapping id="disc12" node="0>0|9|10|11" />
        <i3dMapping id="disc13" node="0>0|9|10|12" />
        <i3dMapping id="disc14" node="0>0|9|10|13" />
        <i3dMapping id="disc15" node="0>0|9|10|14" />
        <i3dMapping id="disc16" node="0>0|9|10|15" />
        <i3dMapping id="disc17" node="0>0|9|10|16" />
        <i3dMapping id="engineDisc03" node="0>0|9|10|17" />
        <i3dMapping id="engineDisc02" node="0>0|9|10|18" />
        <i3dMapping id="engineDisc01" node="0>0|9|10|19" />
        <i3dMapping id="disc22" node="0>0|9|10|20" />
        <i3dMapping id="disc21" node="0>0|9|10|21" />
        <i3dMapping id="disc20" node="0>0|9|10|22" />
        <i3dMapping id="disc19" node="0>0|9|10|23" />
        <i3dMapping id="disc18" node="0>0|9|10|24" />
        <i3dMapping id="airFilterCleaner" node="0>0|9|11" />
        <i3dMapping id="feederRotatingPart01" node="0>0|9|12" />
        <i3dMapping id="chopper" node="0>0|9|13|0" />
        <i3dMapping id="strawFlapLeft" node="0>0|9|13|0|0|0" />
        <i3dMapping id="strawFlapLeftArm" node="0>0|9|13|0|0|0|1" />
        <i3dMapping id="strawFlapRight" node="0>0|9|13|0|1|0" />
        <i3dMapping id="strawFlapRightArm" node="0>0|9|13|0|1|0|1" />
        <i3dMapping id="chopperSensorArm02Ref" node="0>0|9|13|0|3" />
        <i3dMapping id="chopperDamperRef" node="0>0|9|13|0|4" />
        <i3dMapping id="chopperDamper" node="0>0|9|13|1" />
        <i3dMapping id="chopperDamperPunch" node="0>0|9|13|1|0" />
        <i3dMapping id="chopperSensorArm01RefFrame" node="0>0|9|13|2" />
        <i3dMapping id="chopperSensorArm01" node="0>0|9|13|2|0" />
        <i3dMapping id="chopperSensorArm02" node="0>0|9|13|2|0|0" />
        <i3dMapping id="strawFlapLeftArmRef" node="0>0|9|13|3" />
        <i3dMapping id="strawFlapRightArmRef" node="0>0|9|13|4" />
        <i3dMapping id="chopperArm" node="0>0|9|13|5" />
        <i3dMapping id="chopperSwitchPlate" node="0>0|9|13|6" />
        <i3dMapping id="chopperSwitchPlateSensorArm02Ref" node="0>0|9|13|6|0" />
        <i3dMapping id="chopperSwitchPlateSensorArm01RefFrame" node="0>0|9|13|7" />
        <i3dMapping id="chopperSwitchPlateSensorArm01" node="0>0|9|13|7|0" />
        <i3dMapping id="chopperSwitchPlateSensorArm02" node="0>0|9|13|7|0|0" />
        <i3dMapping id="upperSieveRot" node="0>0|9|14" />
        <i3dMapping id="upperSieve01" node="0>0|9|14|0" />
        <i3dMapping id="upperSieve02" node="0>0|9|14|1" />
        <i3dMapping id="upperSieve03" node="0>0|9|14|2" />
        <i3dMapping id="upperSieve04" node="0>0|9|14|3" />
        <i3dMapping id="upperSieve05" node="0>0|9|14|4" />
        <i3dMapping id="feederSensorArm01RefFrame" node="0>0|9|15" />
        <i3dMapping id="feederSensorArm01" node="0>0|9|15|0" />
        <i3dMapping id="feederSensorArm02" node="0>0|9|15|0|0" />
        <i3dMapping id="sieveArm01" node="0>0|9|16" />
        <i3dMapping id="sieveMainPartRefFrame" node="0>0|9|16|0" />
        <i3dMapping id="sieveMainPart" node="0>0|9|16|0|0" />
        <i3dMapping id="sieveArm02" node="0>0|9|16|0|0|0" />
        <i3dMapping id="sieveBackPartRefFrame" node="0>0|9|16|0|0|1" />
        <i3dMapping id="sieveBackPart" node="0>0|9|16|0|0|1|0" />
        <i3dMapping id="sieveBackPartArm" node="0>0|9|16|0|0|1|0|0" />
        <i3dMapping id="sieveArm02Ref" node="0>0|9|17" />
        <i3dMapping id="sieveBackPartArmRef" node="0>0|9|18" />
        <i3dMapping id="grainTankEffect" node="0>0|10|0" />
        <i3dMapping id="grainTankSmoke" node="0>0|10|1" />
        <i3dMapping id="chafferCenterEffectNode" node="0>0|10|2" />
        <i3dMapping id="sieveEffectNode" node="0>0|10|3" />
        <i3dMapping id="chopperCenterEffectNode" node="0>0|10|4" />
        <i3dMapping id="chafferSmokeEmitter" node="0>0|10|5|0" />
        <i3dMapping id="strawEffectSmokeEmitter" node="0>0|10|5|1" />
        <i3dMapping id="chopperSmokeEmitter" node="0>0|10|5|2" />
        <i3dMapping id="strawUnloadEffectNode" node="0>0|10|6" />
        <i3dMapping id="seat" node="0>0|11|0" />
        <i3dMapping id="mainDisplay" node="0>0|11|0|0|0" />
        <i3dMapping id="joystick" node="0>0|11|0|1|0" />
        <i3dMapping id="decalsJoystick" node="0>0|11|0|1|0|0" />
        <i3dMapping id="playerRightHandTarget" node="0>0|11|0|1|0|1" />
        <i3dMapping id="decalsSeatGlow" node="0>0|11|0|2|1" />
        <i3dMapping id="playerSkin" node="0>0|11|0|3|0" />
        <i3dMapping id="interiorScreenLight" node="0>0|11|0|4" />
        <i3dMapping id="steeringWheel" node="0>0|11|1|0|0" />
        <i3dMapping id="playerLeftHandTarget" node="0>0|11|1|0|0|0" />
        <i3dMapping id="leverTurnLight" node="0>0|11|1|1|0" />
        <i3dMapping id="brakePedal" node="0>0|11|2|0" />
        <i3dMapping id="playerRightFootTargetBrake" node="0>0|11|2|0|1" />
        <i3dMapping id="ignitionKey" node="0>0|11|3|0" />
        <i3dMapping id="lightsCabin_static" node="0>0|11|4|1|0" />
        <i3dMapping id="lightsCabinGlass_static" node="0>0|11|4|1|1" />
        <i3dMapping id="startingDecals" node="0>0|11|4|2|1" />
        <i3dMapping id="highBeamDecal" node="0>0|11|4|2|2" />
        <i3dMapping id="turnlightLeftDecal" node="0>0|11|4|2|3" />
        <i3dMapping id="turnlightRightDecal" node="0>0|11|4|2|4" />
        <i3dMapping id="turnlightAnyDecal" node="0>0|11|4|2|5" />
        <i3dMapping id="frontLight0Decal" node="0>0|11|4|2|6" />
        <i3dMapping id="workLightFrontDecal" node="0>0|11|4|2|7" />
        <i3dMapping id="workLightBackDecal" node="0>0|11|4|2|8" />
        <i3dMapping id="beaconLightDecal" node="0>0|11|4|2|9" />
        <i3dMapping id="radioDisplayDecal" node="0>0|11|4|2|10" />
        <i3dMapping id="decalsInteriorGlow" node="0>0|11|4|2|11" />
        <i3dMapping id="wiper" node="0>0|11|5|0" />
        <i3dMapping id="topLeftMirror" node="0>0|11|6|0" />
        <i3dMapping id="bottomLeftMirror" node="0>0|11|6|1" />
        <i3dMapping id="topRightMirror" node="0>0|11|6|2" />
        <i3dMapping id="bottomRightMirror" node="0>0|11|6|3" />
        <i3dMapping id="playerRightFootTarget" node="0>0|11|7|0" />
        <i3dMapping id="playerLeftFootTarget" node="0>0|11|7|1" />
        <i3dMapping id="workAreaStrawStart" node="0>0|12|0" />
        <i3dMapping id="workAreaStrawWidth" node="0>0|12|1" />
        <i3dMapping id="workAreaStrawHeight" node="0>0|12|2" />
        <i3dMapping id="workAreaChopperStart" node="0>0|12|3" />
        <i3dMapping id="workAreaChopperWidth" node="0>0|12|4" />
        <i3dMapping id="workAreaChopperHeight" node="0>0|12|5" />
        <i3dMapping id="licensePlateFront" node="0>0|13|0" />
        <i3dMapping id="licensePlateBack" node="0>0|13|1" />
        <i3dMapping id="extinguisher" node="0>0|14|3" />
        <i3dMapping id="evion450_vis" node="0>0|14|5" />
        <i3dMapping id="rubberParts" node="0>2|1" />
        <i3dMapping id="beltsFeeder" node="0>2|2" />
        <i3dMapping id="wheelBackLeft_rerp" node="1>0|0|0" />
        <i3dMapping id="wheelBackLeft" node="1>0|0|0|0|0" />
        <i3dMapping id="steeringBarLeftRef" node="1>0|0|0|1" />
        <i3dMapping id="wheelBackRight_repr" node="1>0|1|0" />
        <i3dMapping id="wheelBackRight" node="1>0|1|0|0|0" />
        <i3dMapping id="steeringBarRightRef" node="1>0|1|0|1" />
        <i3dMapping id="steeringBar" node="1>0|2" />
        <i3dMapping id="steeringBarLeft" node="1>0|2|0" />
        <i3dMapping id="steeringBarRight" node="1>0|2|1" />
        <i3dMapping id="steeringBarSensorArm02Ref" node="1>0|2|2" />
        <i3dMapping id="steeringBarSensorArm01RefFrame" node="1>0|3" />
        <i3dMapping id="steeringBarSensorArm01" node="1>0|3|0" />
        <i3dMapping id="steeringBarSensorArm02" node="1>0|3|0|0" />
        <i3dMapping id="redRectangle_02" node="1>0|4|0|0" />
        <i3dMapping id="redRectangle_01" node="1>0|4|0|1" />
    </i3dMappings>
</vehicle>
