<?xml version="1.0" encoding="utf-8" standalone="no"?>
<vehicle type="tractor" xmlns:xsi="http://www.w3.org/2001/XMLSchema-instance" xsi:noNamespaceSchemaLocation="../../../../shared/xml/schema/vehicle.xsd">
    <annotation>Copyright (C) GIANTS Software GmbH, All Rights Reserved.</annotation>

    <parentFile xmlFilename="$data/vehicles/claas/lexion8900/lexion8900.xml">
        <attributes>
            <!-- Store data -->
            <set path="vehicle.storeData.name"  value="LEXION 6900 (Modded)"/>
            <set path="vehicle.storeData.specs.power" value="507"/>
            <set path="vehicle.storeData.image" value="$data/vehicles/claas/lexion6900/store_lexion6900.png"/>
            <set path="vehicle.storeData.price" value="405500"/>
            <set path="vehicle.storeData.shopTranslationOffset" value="0 -0.085 0"/>
            <set path="vehicle.storeData.shopRotationOffset" value="-0.149 0 0"/>

            <!-- Configs -->
            <set path="vehicle.wheels.wheelConfigurations.wheelConfiguration(0)#price" value="25000"/>
            <set path="vehicle.wheels.wheelConfigurations.wheelConfiguration(1)#isSelectable" value="true"/>
            <set path="vehicle.wheels.wheelConfigurations.wheelConfiguration(1)#isDefault" value="true"/>
            <set path="vehicle.wheels.wheelConfigurations.wheelConfiguration(2)#isSelectable" value="true"/>

            <set path="vehicle.foldable.foldingConfigurations.foldingConfiguration(0)#isSelectable" value="true"/>
            <set path="vehicle.foldable.foldingConfigurations.foldingConfiguration(1)#isSelectable" value="false"/>

            <set path="vehicle.fillUnit.fillUnitConfigurations.fillUnitConfiguration(0)#isSelectable" value="true"/>
            <set path="vehicle.fillUnit.fillUnitConfigurations.fillUnitConfiguration(1)#isSelectable" value="false"/>
            <set path="vehicle.fillVolume.fillVolumeConfigurations.fillVolumeConfiguration(0)#isSelectable" value="true"/>
            <set path="vehicle.fillVolume.fillVolumeConfigurations.fillVolumeConfiguration(1)#isSelectable" value="false"/>

            <set path="vehicle.dischargeable.dischargeableConfigurations.dischargeableConfiguration(0)#isSelectable" value="true"/>
            <set path="vehicle.dischargeable.dischargeableConfigurations.dischargeableConfiguration(1)#isSelectable" value="false"/>

            <set path="vehicle.motorized.motorConfigurations.motorConfiguration(0)#isSelectable" value="true"/>
            <set path="vehicle.motorized.motorConfigurations.motorConfiguration(1)#isSelectable" value="false"/>
            <set path="vehicle.motorized.motorConfigurations.motorConfiguration(2)#isSelectable" value="false"/>

            <set path="vehicle.pipe.pipeConfigurations.pipeConfiguration(0)#isSelectable" value="true"/>
            <set path="vehicle.pipe.pipeConfigurations.pipeConfiguration(1)#isSelectable" value="false"/>

            <set path="vehicle.cylindered.cylinderedConfigurations.cylinderedConfiguration(0)#isSelectable" value="true"/>
            <set path="vehicle.cylindered.cylinderedConfigurations.cylinderedConfiguration(1)#isSelectable" value="false"/>
         </attributes>
    </parentFile>

    <!-- ONLY FOR ICON GENERATION -->
    <storeData>
        <name>LEXION 6900 (Modded)</name>
        <image>$data/vehicles/claas/lexion6900/store_lexion6900.png</image>
        <brand>CLAAS</brand>
        <category>harvesters</category>
        <vertexBufferMemoryUsage>0</vertexBufferMemoryUsage>
        <indexBufferMemoryUsage>0</indexBufferMemoryUsage>
        <textureMemoryUsage>0</textureMemoryUsage>
        <audioMemoryUsage>0</audioMemoryUsage>
        <instanceVertexBufferMemoryUsage>0</instanceVertexBufferMemoryUsage>
        <instanceIndexBufferMemoryUsage>0</instanceIndexBufferMemoryUsage>
    </storeData>
</vehicle>