<?xml version="1.0" encoding="utf-8" standalone="no" ?>
<modDesc descVersion="93">
    <author>Allen</author>
    <version>1.0.0.2</version>
<!--=================================================================-->
    <title>
        <en>Enhanced Capacities</en>
        <de>Erweiterte Kapazitäten</de>
        <fr>Capacités améliorées</fr>
    </title>
    <iconFilename>icon_EnhancedCapacity.dds</iconFilename>
	<multiplayer supported="true"/>
<!--=================================================================-->	
    <storeItems>
        <storeItem xmlFilename="Vehicles/sks30_150.xml"/>
        <storeItem xmlFilename="Vehicles/distinctionTripleHopper.xml"/>
        <storeItem xmlFilename="Vehicles/prestigeSuperB.xml"/>
        <storeItem xmlFilename="Vehicles/ans1900.xml"/>
        <storeItem xmlFilename="Vehicles/asw271.xml"/>
        <storeItem xmlFilename="Vehicles/bigBodyS750.xml"/>
        <storeItem xmlFilename="Vehicles/dd24073.xml"/>
        <storeItem xmlFilename="Vehicles/ddk2400.xml"/>
        <storeItem xmlFilename="Vehicles/dk280RP.xml"/>
        <storeItem xmlFilename="Vehicles/edk650.xml"/>
        <storeItem xmlFilename="Vehicles/gx520.xml"/>
        <storeItem xmlFilename="Vehicles/hp20.xml"/>
        <storeItem xmlFilename="Vehicles/htw65.xml"/>
        <storeItem xmlFilename="Vehicles/radium255.xml"/>
        <storeItem xmlFilename="Vehicles/ramBodyAS750.xml"/>
        <storeItem xmlFilename="Vehicles/tdk301RA.xml"/>
        <storeItem xmlFilename="Vehicles/tdk301RP.xml"/>
        <storeItem xmlFilename="Vehicles/tr34090.xml"/>
        <storeItem xmlFilename="Vehicles/z18051.xml"/>
        <storeItem xmlFilename="Vehicles/aeon5200.xml"/>
        <storeItem xmlFilename="Vehicles/condorEndurance2.xml"/>
        <storeItem xmlFilename="Vehicles/dinoII.xml"/>
        <storeItem xmlFilename="Vehicles/planter4900.xml"/>
        <storeItem xmlFilename="Vehicles/ux5201Super.xml"/>
        <storeItem xmlFilename="Vehicles/aw2207.xml"/>
        <storeItem xmlFilename="Vehicles/aw2216.xml"/>
        <storeItem xmlFilename="Vehicles/aw2217.xml"/>
        <storeItem xmlFilename="Vehicles/aw2227.xml"/>
        <storeItem xmlFilename="Vehicles/bueffel.xml"/>
        <storeItem xmlFilename="Vehicles/cc1000.xml"/>
        <storeItem xmlFilename="Vehicles/conveyAllCST1550.xml"/>
        <storeItem xmlFilename="Vehicles/gtw330.xml"/>
        <storeItem xmlFilename="Vehicles/haulMaster.xml"/>
        <storeItem xmlFilename="Vehicles/kuw2000.xml"/>
        <storeItem xmlFilename="Vehicles/motherBin4000.xml"/>
        <storeItem xmlFilename="Vehicles/rrw500.xml"/>
        <storeItem xmlFilename="Vehicles/series850.xml"/>
        <storeItem xmlFilename="Vehicles/suw5000.xml"/>
        <storeItem xmlFilename="Vehicles/x1112.xml"/>
        <storeItem xmlFilename="Vehicles/aquilaDrive400.xml"/>
        <storeItem xmlFilename="Vehicles/citan15001C.xml"/>
        <storeItem xmlFilename="Vehicles/espro6000RC.xml"/>
        <storeItem xmlFilename="Vehicles/fenix3000.xml"/>
        <storeItem xmlFilename="Vehicles/maestro975RX.xml"/>
        <storeItem xmlFilename="Vehicles/maestro2450SV.xml"/>
        <storeItem xmlFilename="Vehicles/matrix1800.xml"/>
        <storeItem xmlFilename="Vehicles/maxima3TIL.xml"/>
        <storeItem xmlFilename="Vehicles/omega6000FL.xml"/>
        <storeItem xmlFilename="Vehicles/optimaRS9m.xml"/>
        <storeItem xmlFilename="Vehicles/precea4500.xml"/>
        <storeItem xmlFilename="Vehicles/proTil4TX.xml"/>
        <storeItem xmlFilename="Vehicles/scorpio550.xml"/>
        <storeItem xmlFilename="Vehicles/seeder1500.xml"/>
        <storeItem xmlFilename="Vehicles/solitair12.xml"/>
        <storeItem xmlFilename="Vehicles/tForcePlus950.xml"/>
        <storeItem xmlFilename="Vehicles/ultima800.xml"/>
        <!--NEW-->
        <storeItem xmlFilename="Vehicles/at5105.xml"/>
        <storeItem xmlFilename="Vehicles/axialFlow150.xml"/>
        <storeItem xmlFilename="Vehicles/beta7360AL4.xml"/>
        <storeItem xmlFilename="Vehicles/bigX1180.xml"/>
        <storeItem xmlFilename="Vehicles/cr11.xml"/>
        <storeItem xmlFilename="Vehicles/dst16.xml"/>
        <storeItem xmlFilename="Vehicles/evion450.xml"/>
        <storeItem xmlFilename="Vehicles/fr780.xml"/>
        <storeItem xmlFilename="Vehicles/frc65.xml"/>
        <storeItem xmlFilename="Vehicles/jaguar990TT.xml"/>
        <storeItem xmlFilename="Vehicles/k105.xml"/>
        <storeItem xmlFilename="Vehicles/katana.xml"/>
        <storeItem xmlFilename="Vehicles/lexion8900.xml"/>
        <storeItem xmlFilename="Vehicles/mf8570.xml"/>
        <storeItem xmlFilename="Vehicles/pfw18000MaxxLinePlus.xml"/>
        <storeItem xmlFilename="Vehicles/pgII28Genesis.xml"/>
        <storeItem xmlFilename="Vehicles/pq32000.xml"/>
        <storeItem xmlFilename="Vehicles/profi2.xml"/>
        <storeItem xmlFilename="Vehicles/rzk300H.xml"/>
        <storeItem xmlFilename="Vehicles/series9000.xml"/>
        <storeItem xmlFilename="Vehicles/seriesS7.xml"/>
        <storeItem xmlFilename="Vehicles/seriesX9.xml"/>
        <storeItem xmlFilename="Vehicles/supercis800.xml"/>
        <storeItem xmlFilename="Vehicles/ta12050.xml"/>
        <storeItem xmlFilename="Vehicles/tsa.xml"/>
        <storeItem xmlFilename="Vehicles/tsw6240w.xml"/>
        <storeItem xmlFilename="Vehicles/ult18.xml"/>
        <storeItem xmlFilename="Vehicles/ult24.xml"/>
        <storeItem xmlFilename="Vehicles/us235.xml"/>
        <storeItem xmlFilename="Vehicles/variofex750.xml"/>
        <storeItem xmlFilename="Vehicles/zats3200.xml"/>
        <storeItem xmlFilename="Vehicles/zgts10001.xml"/>
    </storeItems>
<!--=================================================================-->
	<description>
        <en><![CDATA[Upgrade your farming efficiency with the Enhanced Capacities mod! This mod increases the storage capacities of trailers, planters, and fertilizer spreaders, allowing you to work longer without refilling. Perfect for large-scale operations, this mod reduces downtime and boosts productivity.
        ]]>
		</en>
        <de><![CDATA[Verbessern Sie Ihre landwirtschaftliche Effizienz mit dem Enhanced Capacities-Mod! Dieser Mod erhöht die Lagerkapazität von Anhängern, Pflanzmaschinen und Düngerstreuern, sodass Sie länger arbeiten können, ohne nachfüllen zu müssen. Dieser Mod eignet sich perfekt für Großbetriebe, reduziert Ausfallzeiten und steigert die Produktivität.
        ]]>
		</de>
        <fr><![CDATA[Améliorez votre efficacité agricole avec le mod Enhanced Capacities ! Ce mod augmente les capacités de stockage des remorques, des jardinières et des épandeurs d'engrais, vous permettant de travailler plus longtemps sans faire le plein. Parfait pour les opérations à grande échelle, ce mod réduit les temps d'arrêt et augmente la productivité.
        ]]>
        </fr>
	</description>
    <l10n filenamePrefix="translations/translation"/>
</modDesc>