﻿<?xml version="1.0" encoding="utf-8" standalone="no" ?>
<vehicle type="augerWagon" xmlns:xsi="http://www.w3.org/2001/XMLSchema-instance" xsi:noNamespaceSchemaLocation="../../../../shared/xml/schema/vehicle.xsd">
    <annotation>Copyright (C) GIANTS Software GmbH, All Rights Reserved.</annotation>

    <storeData>
        <name>AW 22.16</name>
        <specs>
            <combination xmlFilename="$data/vehicles/annaburger/hts22b79/hts22b79.xml"/>
        </specs>
        <functions>
            <function>$l10n_function_augerWagon</function>
        </functions>
        <image>$data/vehicles/annaburger/aw2216/store_aw2216.png</image>
        <price>52000</price>
        <lifetime>600</lifetime>
        <rotation>0</rotation>
        <brand>ANNABURGER</brand>
        <category>trailersChangingSystem</category>
        <shopTranslationOffset>0 0.347 0</shopTranslationOffset>
        <shopRotationOffset>-2.587 0 0</shopRotationOffset>
        <vertexBufferMemoryUsage>954880</vertexBufferMemoryUsage>
        <indexBufferMemoryUsage>248064</indexBufferMemoryUsage>
        <textureMemoryUsage>524288</textureMemoryUsage>
        <instanceVertexBufferMemoryUsage>0</instanceVertexBufferMemoryUsage>
        <instanceIndexBufferMemoryUsage>0</instanceIndexBufferMemoryUsage>
        <audioMemoryUsage>0</audioMemoryUsage>
    </storeData>

    <base>
        <typeDesc>$l10n_typeDesc_tipper</typeDesc>
        <filename>$data/vehicles/annaburger/aw2216/aw2216.i3d</filename>
        <size width="3.5" length="8.25" height="4.2" lengthOffset="-1.8"/>
        <components maxMass="20000">
            <component centerOfMass="0 0.9 -1.5" solverIterationCount="30" mass="3800"/>
        </components>
        <schemaOverlay attacherJointPosition="0 0" name="IMPLEMENT" />
        <mapHotspot type="TRAILER" />
        <objectChanges>
            <objectChange node="localPTO_start" visibilityActive="false" visibilityInactive="true"/>
        </objectChanges>
    </base>

    <configurationSets title="$l10n_configuration_cover" isYesNoOption="true">
        <configurationSet name="$l10n_configuration_valueNo">
            <configuration name="cover"       index="1" />
            <configuration name="designColor" index="1" />
        </configurationSet>
        <configurationSet name="$l10n_configuration_valueYes">
            <configuration name="cover"       index="2" />
        </configurationSet>
    </configurationSets>

    <attachable>
        <inputAttacherJoints>
            <inputAttacherJoint node="attacherJoint" jointType="implement" lowerRotLimitScale="0 0 0" upperRotLimitScale="0 0 0" upperRotationOffset="0" lowerTransLimitScale="0 0 0" upperTransLimitScale="0 0 0" allowsJointRotLimitMovement="false" allowsLowering="false">
                <subType name="annaburgerAW2216" showWarning="false"/>
                <distanceToGround lower="1.1" upper="1.1"/>
                <objectChange node="localPTO_start" visibilityActive="true"  visibilityInactive="false"/>
                <objectChange node="localPTO_end"   visibilityActive="true"  visibilityInactive="false"/>
            </inputAttacherJoint>
        </inputAttacherJoints>
        <support animationName="moveSupport" delayedOnAttach="false" detachAnimationTime="0.75"/>
    </attachable>

    <powerConsumer ptoRpm="400" neededMinPtoPower="10" neededMaxPtoPower="30" />

    <powerTakeOffs>
        <local startNode="localPTO_start" endNode="localPTO_end" filename="$data/shared/assets/powerTakeOffs/walterscheidW.xml"/>
    </powerTakeOffs>

    <connectionHoses>
        <customHose type="fastCouplerAnnaburger" node="fastCoupler" inputAttacherJointIndices="1"/>
    </connectionHoses>

    <lights>
        <sharedLight linkNode="plateNumberLight03" filename="$data/shared/assets/lights/lizard/plateNumberLight02.xml" />
        <sharedLight linkNode="plateNumberLight04" filename="$data/shared/assets/lights/lizard/plateNumberLight02.xml" />

        <realLights>
            <high>
                <light node="licensePlateLightHigh" lightTypes="0" />
            </high>
        </realLights>
    </lights>

    <animations>
        <animation name="moveSupport">
            <part node="supportFrontLeft"          startTime="0.1" endTime="0.2" startTrans="0 0 0"     endTrans="0.13 0 0" />
            <part node="supportFrontLeft"          startTime="0.2" endTime="0.5" startRot="0 0 0"       endRot="-100 0 0" tangentType="spline"/>
            <part node="supportFrontLeft"          startTime="0.5" endTime="0.6" startTrans="0.13 0 0"  endTrans="0.42 0 0" />
            <part node="supportFrontLeftPart"      startTime="0.6" endTime="1.0" startTrans="0 0 0"     endTrans="0 0 0.65" />
            <part node="supportFrontLeftBoltTop"   startTime="0.0" endTime="0.2" visibility="true" />
            <part node="supportFrontLeftBoltTop"   startTime="0.2" endTime="1.2" visibility="false" />
            <part node="supportFrontLeftBoltArm"   startTime="0.0" endTime="0.6" visibility="false" />
            <part node="supportFrontLeftBoltArm"   startTime="0.6" endTime="1.2" visibility="true" />
            <part node="supportFrontLeftBoltFoot"  startTime="0.4" endTime="0.6" startTrans="0 0 0"     endTrans="0 0 -0.15" />
            <part node="supportFrontLeftBoltFoot"  startTime="0.6" endTime="1.0" startRot="0 0 0"       endRot="0 0 180" tangentType="spline"/>
            <part node="supportFrontLeftBoltFoot"  startTime="1.0" endTime="1.2" startTrans="0 0 -0.15" endTrans="0 0 0" />

            <part node="supportFrontRight"         startTime="0.1" endTime="0.2" startTrans="0 0 0"     endTrans="-0.13 0 0" />
            <part node="supportFrontRight"         startTime="0.2" endTime="0.5" startRot="0 0 0"       endRot="-100 0 0" tangentType="spline"/>
            <part node="supportFrontRight"         startTime="0.5" endTime="0.6" startTrans="-0.13 0 0" endTrans="-0.42 0 0" />
            <part node="supportFrontRightPart"     startTime="0.6" endTime="1.0" startTrans="0 0 0"     endTrans="0 0 0.65" />
            <part node="supportFrontRightBoltTop"  startTime="0.0" endTime="0.2" visibility="true" />
            <part node="supportFrontRightBoltTop"  startTime="0.2" endTime="1.2" visibility="false" />
            <part node="supportFrontRightBoltArm"  startTime="0.0" endTime="0.6" visibility="false" />
            <part node="supportFrontRightBoltArm"  startTime="0.6" endTime="1.2" visibility="true" />
            <part node="supportFrontRightBoltFoot" startTime="0.4" endTime="0.6" startTrans="0 0 0"     endTrans="0 0 -0.15" />
            <part node="supportFrontRightBoltFoot" startTime="0.6" endTime="1.0" startRot="0 0 0"       endRot="0 0 180" tangentType="spline"/>
            <part node="supportFrontRightBoltFoot" startTime="1.0" endTime="1.2" startTrans="0 0 -0.15" endTrans="0 0 0" />

            <part node="supportBackLeft"           startTime="0.1" endTime="0.2" startTrans="0 0 0"     endTrans="0.13 0 0" />
            <part node="supportBackLeft"           startTime="0.2" endTime="0.5" startRot="0 0 0"       endRot="-85 0 0" tangentType="spline"/>
            <part node="supportBackLeft"           startTime="0.5" endTime="0.6" startTrans="0.13 0 0"  endTrans="0.42 0 0" />
            <part node="supportBackLeftPart"       startTime="0.6" endTime="1.0" startTrans="0 0 0"     endTrans="0 0 0.46" />
            <part node="supportBackLeftBoltTop"    startTime="0.0" endTime="0.2" visibility="true" />
            <part node="supportBackLeftBoltTop"    startTime="0.2" endTime="1.2" visibility="false" />
            <part node="supportBackLeftBoltArm"    startTime="0.0" endTime="0.6" visibility="false" />
            <part node="supportBackLeftBoltArm"    startTime="0.6" endTime="1.2" visibility="true" />
            <part node="supportBackLeftBoltFoot"   startTime="0.4" endTime="0.6" startTrans="0 0 0"     endTrans="0 0 -0.15" />
            <part node="supportBackLeftBoltFoot"   startTime="0.6" endTime="1.0" startRot="0 0 0"       endRot="0 0 180" tangentType="spline"/>
            <part node="supportBackLeftBoltFoot"   startTime="1.0" endTime="1.2" startTrans="0 0 -0.15" endTrans="0 0 0" />

            <part node="supportBackRight"          startTime="0.1" endTime="0.2" startTrans="0 0 0"     endTrans="-0.13 0 0" />
            <part node="supportBackRight"          startTime="0.2" endTime="0.5" startRot="0 0 0"       endRot="-85 0 0" tangentType="spline"/>
            <part node="supportBackRight"          startTime="0.5" endTime="0.6" startTrans="-0.13 0 0" endTrans="-0.42 0 0" />
            <part node="supportBackRightPart"      startTime="0.6" endTime="1.0" startTrans="0 0 0"     endTrans="0 0 0.46" />
            <part node="supportBackRightBoltTop"   startTime="0.0" endTime="0.2" visibility="true" />
            <part node="supportBackRightBoltTop"   startTime="0.2" endTime="1.2" visibility="false" />
            <part node="supportBackRightBoltArm"   startTime="0.0" endTime="0.6" visibility="false" />
            <part node="supportBackRightBoltArm"   startTime="0.6" endTime="1.2" visibility="true" />
            <part node="supportBackRightBoltFoot"  startTime="0.4" endTime="0.6" startTrans="0 0 0"     endTrans="0 0 -0.15" />
            <part node="supportBackRightBoltFoot"  startTime="0.6" endTime="1.0" startRot="0 0 0"       endRot="0 0 180" tangentType="spline"/>
            <part node="supportBackRightBoltFoot"  startTime="1.0" endTime="1.2" startTrans="0 0 -0.15" endTrans="0 0 0" />

            <sound template="slideOpen"    startTime="0.01" endTime="1"    direction="0"     volumeScale="2" pitchScale="2" />
            <sound template="metalClose"   startTime="0.1"  direction="-1" volumeScale="2"   pitchScale="2" />
            <sound template="hingeImp"     startTime="0.1"  direction="-1" volumeScale="0.6" pitchScale="1.2" />
            <sound template="vibratingImp" startTime="0.1"  direction="-1" volumeScale="0.8" pitchScale="1.2" />
        </animation>

        <animation name="foldPipe">
            <part node="armMain" startTime="0.0" endTime="2.0" startRot="0 0 168.5" endRot="0 0 0"/>

            <sound template="hydraulicOpen02"       startTime="0.01" endTime="3" direction="0" volumeScale="3.2" pitchScale="0.8" fadeIn="0.1" fadeOut="0.1"/>
            <sound template="trailerCloseImpact_01" startTime="1.99"    direction="1"             volumeScale="1.3" pitchScale="1.2" />
            <sound template="metalImpLow"           startTime="1.99"    direction="1"             volumeScale="1"   pitchScale="1.2" />
            <sound template="cylinderPunch"         startTime="1.99"    direction="1"             volumeScale="0.7" pitchScale="1.2" />
            <sound template="metalImpHigh01"        startTime="0.01" direction="-1"            volumeScale="0.8" pitchScale="1.2" />
            <sound template="metalImpLow"           startTime="0.01" direction="-1"            volumeScale="1"   pitchScale="1.6" />
            <sound template="cylinderPunch"         startTime="0.01" direction="-1"            volumeScale="0.7" pitchScale="1.4" />
        </animation>

        <animation name="toggleCover">
            <part node="coverClosed" startTime="1.00" endTime="1.02" visibility="true" />
            <part node="coverClosed" startTime="1.02" endTime="1.04" visibility="false" />
            <part node="coverOpen"   startTime="1.00" endTime="1.02" visibility="false" />
            <part node="coverOpen"   startTime="1.02" endTime="1.04" visibility="true" />

            <sound template="fabricCover1" startTime="0.01" direction="1"  volumeScale="4" pitchScale="1" />
            <sound template="fabricCover2" startTime="0.01" direction="-1" volumeScale="4" pitchScale="1" />
        </animation>

        <animation name="dischargeNodeRotAnimation">
            <part node="dischargeNode" startTime="0.0" endTime="1.0" startRot="-2.3 0 0" endRot="0.5 0 0"/>
        </animation>
    </animations>

    <cylindered>
        <movingTools>
            <movingTool node="armMainPipe" freezingPipeStates="1">
                <controls axis="AXIS_PIPE" invertAxis="false" mouseSpeedFactor="0.2" iconName="PIPE_END_ROTATE" />
                <rotation rotSpeed="15" rotAcceleration="200" rotMin="-4" rotMax="3" startRot="0" rotationAxis="3"/>
                <dependentAnimation name="dischargeNodeRotAnimation" rotationAxis="3" minValue="-4" maxValue="3" invert="false" />
                <dependentPart node="armMainPipeHydraulic" />
            </movingTool>

            <movingTool node="armMain">
                <dependentPart node="armMainPart01" />
            </movingTool>
        </movingTools>

        <movingParts>
            <movingPart node="armMainPipeHydraulic" referencePoint="armMainPipeHydraulicRef" referenceFrame="armMainPipeHydraulicRef" isActiveDirty="true" maxUpdateDistance="50">
                <translatingPart node="armMainPipePunch" />
            </movingPart>

            <movingPart node="armMainPart01" localReferencePoint="armMainPart02" referencePoint="armMainPart02Ref" referenceFrame="armMainPart01RefFrame" limitedAxis="1">
                <dependentPart node="armMainPart02" />
                <dependentPart node="armMainHydraulic" />
            </movingPart>
            <movingPart node="armMainPart02" referencePoint="armMainPart02Ref" referenceFrame="armMainPart02RefFrame" limitedAxis="1" />

            <movingPart node="armMainHydraulic" referencePoint="armMainHydraulicRef" referenceFrame="armMainHydraulicRefFrame">
                <translatingPart node="armMainPunch" />
            </movingPart>
        </movingParts>
        <sounds>
            <actionSound template="hydraulicClose01" volumeScale="0.7"  pitchScale="2.5" linkNode="armMainPipe" actionNames="TOOL_MOVE_POS TOOL_MOVE_NEG" nodes="armMainPipe" fadeIn="0.1" fadeOut="0.1"/>
            <actionSound template="vibratingImp"     volumeScale=" 0.5" pitchScale="2"   linkNode="armMainPipe" actionNames="TOOL_MOVE_END_POS_LIMIT TOOL_MOVE_END_NEG_LIMIT" nodes="armMainPipe"/>
            <actionSound template="grabImp"          volumeScale="0.5"  pitchScale="1"   linkNode="armMainPipe" actionNames="TOOL_MOVE_END_POS_LIMIT TOOL_MOVE_END_NEG_LIMIT" nodes="armMainPipe"/>
            <actionSound template="cylinderPunch"    volumeScale="0.2"  pitchScale="3"   linkNode="armMainPipe" actionNames="TOOL_MOVE_END_POS_LIMIT TOOL_MOVE_END_NEG_LIMIT" nodes="armMainPipe"/>
        </sounds>
    </cylindered>

    <fillUnit>
        <fillUnitConfigurations>
            <fillUnitConfiguration>
                <fillUnits>
                    <fillUnit shopDisplayUnit="CUBICMETER" fillTypeCategories="AUGERWAGON" capacity="56000" allowAILoading="true">
                        <exactFillRootNode node="exactFillRootNode" />
                    </fillUnit>
                </fillUnits>
            </fillUnitConfiguration>
        </fillUnitConfigurations>
    </fillUnit>

    <fillVolume>
        <fillVolumeConfigurations>
            <fillVolumeConfiguration>
                <volumes>
                    <volume node="fillVolume" maxDelta="0.1" fillUnitIndex="1"/>
                </volumes>
            </fillVolumeConfiguration>
        </fillVolumeConfigurations>

        <unloadInfos>
            <unloadInfo>
                <node node="unloadInfo" width="3" length="5"/>
            </unloadInfo>
        </unloadInfos>
    </fillVolume>

    <pipe dischargeNodeIndex="1">
        <states num="2" unloading="2" />
        <animation name="foldPipe" speedScale="0.4"/>
        <unloadingTriggers>
            <unloadingTrigger node="trailerTrigger"/>
        </unloadingTriggers>

        <animationNodes>
            <animationNode node="augerPart01" rotSpeed="1000" rotAxis="3" turnOnFadeTime="1" turnOffFadeTime="2"/>
            <animationNode node="augerPart02" rotSpeed="1000" rotAxis="3" turnOnFadeTime="1" turnOffFadeTime="2"/>
        </animationNodes>
    </pipe>

    <dischargeable>
        <dischargeNode node="dischargeNode" emptySpeed="1000" fillUnitIndex="1" unloadInfoIndex="1" maxDistance="8">
            <info width="0.3" length="0.3" useRaycastHitPosition="true"/>

            <effects>
                <effectNode effectClass="PipeEffect" effectNode="pipeEffect"      materialType="pipe" delay="0" maxBending="0.8" positionUpdateNodes="pipeEffectSmoke" extraDistance="0.7"/>
                <effectNode                          effectNode="pipeEffectSmoke" materialType="unloadingSmoke"  delay="0.1" alignToWorldY="true"/>
            </effects>
            <dischargeStateSound template="augerBelt" pitchScale="0.65" volumeScale="1.1" fadeIn="0.5" fadeOut="2.7"/>
        </dischargeNode>
    </dischargeable>

    <tipOccluder>
        <occlusionArea start="tipOcclusionAreaStart" width="tipOcclusionAreaWidth" height="tipOcclusionAreaHeight" />
    </tipOccluder>

    <cover>
        <coverConfigurations isYesNoOption="true">
            <coverConfiguration name="$l10n_configuration_valueNo"  price="0"/>
            <coverConfiguration name="$l10n_configuration_valueYes" price="2500" >
                <cover openAnimation="toggleCover" fillUnitIndices="1" openOnBuy="false"/>
                <objectChange node="cover" visibilityActive="true" visibilityInactive="false"/>
            </coverConfiguration>
        </coverConfigurations>
    </cover>

    <ai>
        <allowTurnBackward value="false"/>
        <agentAttachment jointNode="attacherJoint" width="2.75" height="3.9" length="8.25" lengthOffset="-1.7"/>
    </ai>

    <licensePlates>
        <licensePlate node="licensePlateNodeBack" position="BACK" preferedType="ELONGATED" placementArea="0.05 0.275 0.08 0.275">
            <objectChange node="licensePlateLightHighRef" visibilityActive="true" visibilityInactive="false"/>
            <objectChange node="plateNumberLight03"       visibilityActive="true" visibilityInactive="false"/>
            <objectChange node="plateNumberLight04"       visibilityActive="true" visibilityInactive="false"/>
        </licensePlate>
    </licensePlates>

    <baseColorConfigurations title="$l10n_configuration_chassisColor" useDefaultColors="true" price="0" defaultColorMaterialTemplateName="calibratedPaint">
        <baseColorConfiguration materialTemplateName="ANNABURGER_RED1"/>
        <material materialSlotName="chassis_mat"/>
    </baseColorConfigurations>

    <designColorConfigurations title="$l10n_configuration_coverColor" useDefaultColors="true" price="0" defaultColorMaterialTemplateName="calibratedPaint">
        <designColorConfiguration materialTemplateName="ANNABURGER_RED1"/>

        <material materialSlotName="cover_mat"/>
    </designColorConfigurations>

    <foliageBending>
        <bendingNode minX="-1.35" maxX="1.35" minZ="-5.5" maxZ="2.3" yOffset="1.3" />
    </foliageBending>

    <wearable wearDuration="480" workMultiplier="5" fieldMultiplier="2"/>
    <washable dirtDuration="90"  workMultiplier="3" fieldMultiplier="2" washDuration="1"/>

    <i3dMappings>
        <i3dMapping id="aw2216_main_component1" node="0>" />
        <i3dMapping id="attacherJoint" node="0>0|0|0" />
        <i3dMapping id="localPTO_start" node="0>0|0|1|0" />
        <i3dMapping id="localPTO_end" node="0>0|0|1|1" />
        <i3dMapping id="supportFrontLeft" node="0>0|0|2|0|0" />
        <i3dMapping id="supportFrontLeftPart" node="0>0|0|2|0|0|0|0" />
        <i3dMapping id="supportFrontLeftBoltTop" node="0>0|0|2|0|0|1|0" />
        <i3dMapping id="supportFrontLeftBoltFoot" node="0>0|0|2|0|0|2|0" />
        <i3dMapping id="supportFrontLeftBoltArm" node="0>0|0|2|0|1" />
        <i3dMapping id="supportBackLeft" node="0>0|0|2|1|0" />
        <i3dMapping id="supportBackLeftPart" node="0>0|0|2|1|0|0|0" />
        <i3dMapping id="supportBackLeftBoltTop" node="0>0|0|2|1|0|1|0" />
        <i3dMapping id="supportBackLeftBoltFoot" node="0>0|0|2|1|0|2|0" />
        <i3dMapping id="supportBackLeftBoltArm" node="0>0|0|2|1|1" />
        <i3dMapping id="supportFrontRight" node="0>0|0|2|2|0" />
        <i3dMapping id="supportFrontRightPart" node="0>0|0|2|2|0|0|0" />
        <i3dMapping id="supportFrontRightBoltTop" node="0>0|0|2|2|0|1|0" />
        <i3dMapping id="supportFrontRightBoltFoot" node="0>0|0|2|2|0|2|0" />
        <i3dMapping id="supportFrontRightBoltArm" node="0>0|0|2|2|1" />
        <i3dMapping id="supportBackRight" node="0>0|0|2|3|0" />
        <i3dMapping id="supportBackRightPart" node="0>0|0|2|3|0|0|0" />
        <i3dMapping id="supportBackRightBoltTop" node="0>0|0|2|3|0|1|0" />
        <i3dMapping id="supportBackRightBoltFoot" node="0>0|0|2|3|0|2|0" />
        <i3dMapping id="supportBackRightBoltArm" node="0>0|0|2|3|1" />
        <i3dMapping id="fastCoupler" node="0>0|0|3|0" />
        <i3dMapping id="hosesConnectors" node="0>0|0|3|0|0" />
        <i3dMapping id="plateNumberLight03" node="0>0|1|0|0" />
        <i3dMapping id="plateNumberLight04" node="0>0|1|0|1" />
        <i3dMapping id="licensePlateLightHighRef" node="0>0|1|1|0" />
        <i3dMapping id="licensePlateLightHigh" node="0>0|1|1|0|0" />
        <i3dMapping id="armMain" node="0>0|2|0" />
        <i3dMapping id="armMainPart01RefFrame" node="0>0|2|0|0" />
        <i3dMapping id="armMainPart01" node="0>0|2|0|0|0" />
        <i3dMapping id="armMainPart02RefFrame" node="0>0|2|0|0|0|0" />
        <i3dMapping id="armMainPart02" node="0>0|2|0|0|0|0|0" />
        <i3dMapping id="armMainHydraulicRef" node="0>0|2|0|0|0|1" />
        <i3dMapping id="armMainPipeRefFrame" node="0>0|2|0|1" />
        <i3dMapping id="armMainPipe" node="0>0|2|0|1|0" />
        <i3dMapping id="pipeEffect" node="0>0|2|0|1|0|0|0" />
        <i3dMapping id="pipeEffectSmoke" node="0>0|2|0|1|0|0|1" />
        <i3dMapping id="dischargeNode" node="0>0|2|0|1|0|1|0" />
        <i3dMapping id="armMainPipeHydraulicRef" node="0>0|2|0|1|0|2" />
        <i3dMapping id="armMainPipeHydraulic" node="0>0|2|0|2" />
        <i3dMapping id="armMainPipePunch" node="0>0|2|0|2|0" />
        <i3dMapping id="augerPart02" node="0>0|2|0|3|0" />
        <i3dMapping id="armMainHydraulicRefFrame" node="0>0|2|1" />
        <i3dMapping id="armMainHydraulic" node="0>0|2|1|0" />
        <i3dMapping id="armMainPunch" node="0>0|2|1|0|0" />
        <i3dMapping id="augerPart01" node="0>0|2|2|0" />
        <i3dMapping id="trailerTrigger" node="0>0|3|0" />
        <i3dMapping id="unloadInfo" node="0>0|3|1" />
        <i3dMapping id="fillVolume" node="0>0|3|2" />
        <i3dMapping id="exactFillRootNode" node="0>0|3|3" />
        <i3dMapping id="cover" node="0>0|4|0" />
        <i3dMapping id="coverOpen" node="0>0|4|0|0" />
        <i3dMapping id="coverClosed" node="0>0|4|0|1" />
        <i3dMapping id="licensePlateNodeBack" node="0>0|4|1" />
        <i3dMapping id="tipOcclusionAreaStart" node="0>0|5|0" />
        <i3dMapping id="tipOcclusionAreaWidth" node="0>0|5|1" />
        <i3dMapping id="tipOcclusionAreaHeight" node="0>0|5|2" />
        <i3dMapping id="armMainPart02Ref" node="0>0|6" />
    </i3dMappings>
</vehicle>
