﻿<?xml version="1.0" encoding="utf-8" standalone="no" ?>
<vehicle type="trailer" xmlns:xsi="http://www.w3.org/2001/XMLSchema-instance" xsi:noNamespaceSchemaLocation="../../../../shared/xml/schema/vehicle.xsd">
    <annotation>Copyright (C) GIANTS Software GmbH, All Rights Reserved.</annotation>

    <storeData>
        <name>AW 22.07</name>
        <specs>
            <combination xmlFilename="$data/vehicles/annaburger/hts22b79/hts22b79.xml"/>
        </specs>
        <functions>
            <function>$l10n_function_tipper</function>
        </functions>
        <image>$data/vehicles/annaburger/aw2207/store_aw2207.png</image>
        <price>39500</price>
        <lifetime>600</lifetime>
        <rotation>0</rotation>
        <brand>ANNABURGER</brand>
        <category>trailersChangingSystem</category>
        <shopTranslationOffset>0 0.143 0</shopTranslationOffset>
        <shopRotationOffset>-0.695 0 0</shopRotationOffset>
        <vertexBufferMemoryUsage>1958144</vertexBufferMemoryUsage>
        <indexBufferMemoryUsage>432384</indexBufferMemoryUsage>
        <textureMemoryUsage>851968</textureMemoryUsage>
        <instanceVertexBufferMemoryUsage>0</instanceVertexBufferMemoryUsage>
        <instanceIndexBufferMemoryUsage>0</instanceIndexBufferMemoryUsage>
        <audioMemoryUsage>0</audioMemoryUsage>
    </storeData>

    <base>
        <typeDesc>$l10n_typeDesc_tipper</typeDesc>
        <filename>$data/vehicles/annaburger/aw2207/aw2207.i3d</filename>
        <size width="3.45" length="8.3" height="3.9" lengthOffset="-1.95"/>
        <components maxMass="20000">
            <component centerOfMass="0 1 -1.7" solverIterationCount="30" mass="3800"/>
        </components>
        <schemaOverlay attacherJointPosition="0 0" name="IMPLEMENT" />
        <mapHotspot type="TRAILER" />
    </base>

    <attachable>
        <inputAttacherJoints>
            <inputAttacherJoint node="attacherJoint" jointType="implement" lowerRotLimitScale="0 0 0" upperRotLimitScale="0 0 0" upperRotationOffset="0" lowerTransLimitScale="0 0 0" upperTransLimitScale="0 0 0" allowsJointRotLimitMovement="false" allowsLowering="false">
                <subType name="annaburgerAW2207" showWarning="false"/>
                <distanceToGround lower="1.1" upper="1.1"/>
            </inputAttacherJoint>
        </inputAttacherJoints>
        <support animationName="moveSupport" delayedOnAttach="false" detachAnimationTime="0.75"/>
    </attachable>

    <powerConsumer ptoRpm="400" neededMinPtoPower="10" neededMaxPtoPower="30" />

    <powerTakeOffs>
        <input inputAttacherJointIndices="1" inputNode="ptoInputNode" aboveAttacher="true" filename="$data/shared/assets/powerTakeOffs/walterscheidW_SC25.xml" materialTemplateName="SHARED_BLACK2" decalMaterialTemplateName="WALTERSCHEID_YELLOW1"/>
    </powerTakeOffs>

    <connectionHoses>
        <hose inputAttacherJointIndices="1" type="electric" node="electric" adapterNode="electric_detached" length="0.4" diameter="0.01" straighteningFactor="1.5" isTwoPointHose="true">
            <objectChange node="electric_detached" visibilityActive="false" visibilityInactive="true"/>
        </hose>
    </connectionHoses>

    <lights>
        <sharedLight linkNode="rearLight33_left"   filename="$data/shared/assets/lights/lizard/rearLight33_left.xml" />
        <sharedLight linkNode="rearLight33_right"  filename="$data/shared/assets/lights/lizard/rearLight33_right.xml" />
        <sharedLight linkNode="plateNumberLight01" filename="$data/shared/assets/lights/lizard/plateNumberLight02.xml" />
        <sharedLight linkNode="plateNumberLight02" filename="$data/shared/assets/lights/lizard/plateNumberLight02.xml" />

        <realLights>
            <high>
                <light          node="backLightsHigh"        lightTypes="0" />
                <light          node="licensePlateLightHigh" lightTypes="0" />
                <turnLightLeft  node="turnLightLeftBack" />
                <turnLightRight node="turnLightRightBack" />
                <reverseLight   node="reverseLightHigh" />
            </high>
        </realLights>
    </lights>

    <animations>
        <animation name="moveSupport">
            <part node="supportFrontLeft"          startTime="0.0" endTime="0.3" startTrans="0 0 0"    endTrans="0.39 0 0"/>
            <part node="supportFrontLeft"          startTime="0.3" endTime="0.6" startRot="0 0 0"      endRot="85 0 0" tangentType="spline"/>
            <part node="supportFrontLeftPart"      startTime="0.5" endTime="1.0" startTrans="0 0 0"    endTrans="0 0 0.5"/>
            <part node="supportFrontLeftBoltTop"   startTime="0.0" endTime="0.2" visibility="true" />
            <part node="supportFrontLeftBoltTop"   startTime="0.2" endTime="1.2" visibility="false" />
            <part node="supportFrontLeftBoltArm"   startTime="0.0" endTime="0.6" visibility="false" />
            <part node="supportFrontLeftBoltArm"   startTime="0.6" endTime="1.2" visibility="true" />
            <part node="supportFrontLeftBoltFoot"  startTime="0.4" endTime="1.0" startTrans="0 0 0"    endTrans="0 0.140 0"/>
            <part node="supportFrontLeftBoltFoot"  startTime="0.6" endTime="1.0" startRot="0 0 0"      endRot="0 180 0" tangentType="spline"/>
            <part node="supportFrontLeftBoltFoot"  startTime="1.0" endTime="1.4" startTrans="0 0.14 0" endTrans="0 0 0"/>

            <part node="supportFrontRight"         startTime="0.0" endTime="0.3" startTrans="0 0 0"    endTrans="-0.39 0 0"/>
            <part node="supportFrontRight"         startTime="0.3" endTime="0.6" startRot="0 0 0"      endRot="85 0 0" tangentType="spline"/>
            <part node="supportFrontRightPart"     startTime="0.5" endTime="1.0" startTrans="0 0 0"    endTrans="0 0 0.5"/>
            <part node="supportFrontRightBoltTop"  startTime="0.0" endTime="0.2" visibility="true" />
            <part node="supportFrontRightBoltTop"  startTime="0.2" endTime="1.2" visibility="false" />
            <part node="supportFrontRightBoltArm"  startTime="0.0" endTime="0.6" visibility="false" />
            <part node="supportFrontRightBoltArm"  startTime="0.6" endTime="1.2" visibility="true" />
            <part node="supportFrontRightBoltFoot" startTime="0.4" endTime="1.0" startTrans="0 0 0"    endTrans="0 0.140 0"/>
            <part node="supportFrontRightBoltFoot" startTime="0.6" endTime="1.0" startRot="0 0 0"      endRot="0 180 0" tangentType="spline"/>
            <part node="supportFrontRightBoltFoot" startTime="1.0" endTime="1.4" startTrans="0 0.14 0" endTrans="0 0 0"/>

            <part node="supportBackLeft"           startTime="0.0" endTime="0.3" startTrans="0 0 0"    endTrans="0.39 0 0"/>
            <part node="supportBackLeft"           startTime="0.3" endTime="0.6" startRot="0 0 0"      endRot="-85 0 0" tangentType="spline"/>
            <part node="supportBackLeftPart"       startTime="0.5" endTime="1.0" startTrans="0 0 0"    endTrans="0 0 -0.45"/>
            <part node="supportBackLeftBoltTop"    startTime="0.0" endTime="0.2" visibility="true" />
            <part node="supportBackLeftBoltTop"    startTime="0.2" endTime="1.2" visibility="false" />
            <part node="supportBackLeftBoltArm"    startTime="0.0" endTime="0.6" visibility="false" />
            <part node="supportBackLeftBoltArm"    startTime="0.6" endTime="1.2" visibility="true" />
            <part node="supportBackLeftBoltFoot"   startTime="0.4" endTime="1.0" startTrans="0 0 0"    endTrans="0 0.140 0"/>
            <part node="supportBackLeftBoltFoot"   startTime="0.6" endTime="1.0" startRot="0 0 0"      endRot="0 180 0" tangentType="spline"/>
            <part node="supportBackLeftBoltFoot"   startTime="1.0" endTime="1.4" startTrans="0 0.14 0" endTrans="0 0 0"/>

            <part node="supportBackRight"          startTime="0.0" endTime="0.3" startTrans="0 0 0"    endTrans="-0.39 0 0"/>
            <part node="supportBackRight"          startTime="0.3" endTime="0.6" startRot="0 0 0"      endRot="-85 0 0" tangentType="spline"/>
            <part node="supportBackRightPart"      startTime="0.5" endTime="1.0" startTrans="0 0 0"    endTrans="0 0 -0.45"/>
            <part node="supportBackRightBoltTop"   startTime="0.0" endTime="0.2" visibility="true" />
            <part node="supportBackRightBoltTop"   startTime="0.2" endTime="1.2" visibility="false" />
            <part node="supportBackRightBoltArm"   startTime="0.0" endTime="0.6" visibility="false" />
            <part node="supportBackRightBoltArm"   startTime="0.6" endTime="1.2" visibility="true" />
            <part node="supportBackRightBoltFoot"  startTime="0.4" endTime="1.0" startTrans="0 0 0"    endTrans="0 0.140 0"/>
            <part node="supportBackRightBoltFoot"  startTime="0.6" endTime="1.0" startRot="0 0 0"      endRot="0 180 0" tangentType="spline"/>
            <part node="supportBackRightBoltFoot"  startTime="1.0" endTime="1.4" startTrans="0 0.14 0" endTrans="0 0 0"/>

            <sound template="slideOpen"    startTime="0.01" endTime="1"    direction="0"     volumeScale="2" pitchScale="2" />
            <sound template="metalClose"   startTime="0.1"  direction="-1" volumeScale="2"   pitchScale="2" />
            <sound template="hingeImp"     startTime="0.1"  direction="-1" volumeScale="0.6" pitchScale="1.2" />
            <sound template="vibratingImp" startTime="0.1"  direction="-1" volumeScale="0.8" pitchScale="1.2" />
        </animation>

        <animation name="tipAnimationBack" soundVolumeFactor="1.8">
            <part node="backDoor" startTime="0.0" endTime="1.0" startTrans="0 0 0" endTrans="0 0.025 0"/>
            <part node="backDoor" startTime="1.0" endTime="5.0" startRot="0 0 0"   endRot="90 0 0"/>
            <part node="deformerScaleNodeEnd" startTime="1.0" endTime="2.0" startScale="1 1 1" endScale="1 1 0.15"/>

            <sound template="hydraulicOpen06"       startTime="0.01" endTime="4.99" direction="-1"    volumeScale="0.8" startPitchScale="0.5" endPitchScale="0.6" fadeIn="0.1" fadeOut="0.1"/>
            <sound template="hydraulicOpen02"       startTime="0.01" endTime="4.99" direction="-1"    volumeScale="1.2" startPitchScale="1.5" endPitchScale="1.6" fadeIn="0.1" fadeOut="0.1"/>
            <sound template="hydraulicClose02"      startTime="0.01" endTime="4.99" direction="1"     volumeScale="2"   pitchScale="1.2" fadeIn="0.1" fadeOut="0.1"/>
            <sound template="hydraulicClose01"      startTime="0.01" endTime="4.99" direction="1"     volumeScale="1.3" pitchScale="1.8" fadeIn="0.1" fadeOut="0.1"/>
            <sound template="metalLowVar2"          startTime="4.99" direction="1"  volumeScale="2.5" pitchScale="1.2"/>
            <sound template="metalClose"            startTime="4.99" direction="1"  volumeScale="1.2" pitchScale="0.7"/>
            <sound template="thudVar2"              startTime="4.9"  direction="-1" volumeScale="2"   pitchScale="0.7"/>
            <sound template="hingeImp"              startTime="4.9"  direction="1"  volumeScale="0.5" pitchScale="0.8"/>
            <sound template="clackVar6"             startTime="4.9"  direction="1"  volumeScale="1.5" pitchScale="0.4"/>
            <sound template="thudVar2"              startTime="4.9"  direction="1"  volumeScale="1.5" pitchScale="0.8"/>
            <sound template="trailerCloseImpact_01" startTime="1.1"  direction="-1" volumeScale="1.3" pitchScale="0.8" />
            <sound template="cylinderPunch"         startTime="1.1"  direction="-1" volumeScale="1.0" pitchScale="1.0" />
            <sound template="hingeImp"              startTime="1.1"  direction="-1" volumeScale="0.8" pitchScale="0.8" />
            <sound template="vibratingImp"          startTime="1.1"  direction="-1" volumeScale="0.8" pitchScale="1.2" />
            <sound template="hingeImp"              startTime="0.4"  direction="1"  volumeScale="1.4" pitchScale="0.4" />
        </animation>
    </animations>

    <cylindered>
        <movingTools>
            <movingTool node="backDoor" playSound="false" >
              <dependentPart node="hydraulicBackDoor" />
            </movingTool>

            <movingTool node="deformerScaleNodeEnd">
                <fillVolume fillVolumeIndex="1" deformerNodeIndices="1 2"/>
            </movingTool>
        </movingTools>

        <movingParts>
            <movingPart node="hydraulicBackDoor" referencePoint="hydraulicBackDoorRef" referenceFrame="hydraulicBackDoorRef" limitedAxis="1" >
                <translatingPart node="hydraulicBackDoorPunch" />
            </movingPart>
        </movingParts>
    </cylindered>

    <fillUnit>
        <fillUnitConfigurations>
            <fillUnitConfiguration>
                <fillUnits>
                    <fillUnit shopDisplayUnit="CUBICMETER" fillTypeCategories="SILAGETRAILER" capacity="70000" allowAILoading="true">
                        <fillRootNode node="aw2207_main_component1" />
                        <exactFillRootNode node="exactFillRootNode" />
                        <autoAimTargetNode node="autoAimTarget" startZ="1.17" endZ="-5.22" invert="false" startPercentage="25"/>
                    </fillUnit>
                </fillUnits>
            </fillUnitConfiguration>
        </fillUnitConfigurations>
    </fillUnit>

    <fillVolume>
        <fillVolumeConfigurations>
            <fillVolumeConfiguration>
                <volumes>
                    <volume node="fillVolume" maxDelta="0.1" fillUnitIndex="1" maxAllowedHeapAngle="25">
                        <deformNode node="deformNode01" />
                        <deformNode node="deformNode02" />
                    </volume>
                </volumes>
            </fillVolumeConfiguration>
        </fillVolumeConfigurations>

        <unloadInfos>
            <unloadInfo>
                <node node="unloadNode" width="2.1" length="1" />
            </unloadInfo>
        </unloadInfos>

        <heightNodes>
            <heightNode>
                <refNode node="fillVolumeHeightNode1" />
                <refNode node="fillVolumeHeightNode2" />
                <node node="unloadingParticle" baseScale="1 0.2 1" scaleAxis="0 0.5 0"/>
                <node node="unloadingEffect"   baseScale="1 1 1"   transAxis="0 1 0" />
            </heightNode>
        </heightNodes>
    </fillVolume>

    <trailer>
        <trailerConfigurations>
            <trailerConfiguration>
                <trailer>
                    <tipSide name="$l10n_info_tipSideBack" dischargeNodeIndex="1">
                        <animation name="tipAnimationBack" speedScale="1.15" closeSpeedScale="1.5" startTipTime="0.5"/>
                        <animationNodes>
                            <animationNode node="beaterRotors01"     rotSpeed="1100" rotAxis="1" turnOnFadeTime="2" turnOffFadeTime="3"/>
                            <animationNode node="beaterRotors02"     rotSpeed="1100" rotAxis="1" turnOnFadeTime="2" turnOffFadeTime="3"/>
                            <animationNode node="beaterRotors03"     rotSpeed="1100" rotAxis="1" turnOnFadeTime="2" turnOffFadeTime="3"/>
                            <animationNode node="scraperFloorRoll01" rotSpeed="-250" rotAxis="1" turnOnFadeTime="2" turnOffFadeTime="2"/>
                            <animationNode node="scraperFloorRoll02" rotSpeed="-250" rotAxis="1" turnOnFadeTime="2" turnOffFadeTime="2"/>
                            <animationNode node="scraperFloor" class="ScrollingAnimation" shaderParameterName="scrollPos" scrollSpeed="-0.012" scrollLength="4.8224" />
                        </animationNodes>
                    </tipSide>
                </trailer>
            </trailerConfiguration>
        </trailerConfigurations>
    </trailer>

    <dischargeable>
        <dischargeNode emptySpeed="2500" node="dischargeNode" fillUnitIndex="1" unloadInfoIndex="1" allowAIDischarge="true">
            <info width="2.5" length="0.5" zOffset="-0.7"/>
            <effects>
                <effectNode effectClass="TipEffect" startDelay="3">
                    <effectNode effectNode="unloadingParticle" materialType="unloadingParticle" effectClass="ParticleEffect" emitCountScale="4"/>
                    <effectNode effectNode="unloadingEffect"   materialType="unloading" fadeTime="1.5" extraDistanceNode="dischargeNode" extraDistance="0.3"/>
                </effectNode>
                <effectNode effectNode="smokeEffect" materialType="unloadingSmoke" fadeTime="1.5"/>
            </effects>
            <dischargeStateSound template="forageTrailerRotatingBars" pitchScale="1.0" volumeScale="1.6" fadeIn="1.5" fadeOut="1.7" linkNode="beaterRotors01"/>
            <dischargeStateSound template="bigChainPulling"           pitchScale="0.8" volumeScale="1.3" fadeIn="1.5" fadeOut="1.7" />
            <dischargeStateSound template="dischargeLoop"             pitchScale="0.8" volumeScale="0.9" fadeIn="0.5" fadeOut="1.7"/>
        </dischargeNode>
    </dischargeable>

    <tipOccluder>
        <occlusionArea start="tipOcclusionAreaStart" width="tipOcclusionAreaWidth" height="tipOcclusionAreaHeight" />
    </tipOccluder>

    <ai>
        <agentAttachment jointNode="aw2207_main_component1" width="2.8" height="3" length="8.25" lengthOffset="-1.95" heightOffset="0.7"/>
    </ai>

    <licensePlates>
        <licensePlate node="licensePlateNodeBack" position="BACK" preferedType="ELONGATED" placementArea="0.062 0.27 0.09 0.27">
            <objectChange node="licensePlateLightHighRef" visibilityActive="true" visibilityInactive="false"/>
            <objectChange node="plateNumberLight01"       visibilityActive="true" visibilityInactive="false"/>
            <objectChange node="plateNumberLight02"       visibilityActive="true" visibilityInactive="false"/>
        </licensePlate>
    </licensePlates>

    <baseColorConfigurations title="$l10n_configuration_chassisColor" useDefaultColors="true" price="0" defaultColorMaterialTemplateName="calibratedPaint">
        <baseColorConfiguration materialTemplateName="ANNABURGER_RED1"/>
        <material materialSlotName="chassis_mat"/>
        <material materialSlotName="design_mat"/>
        <material materialSlotName="grid_mat"/>
    </baseColorConfigurations>

    <foliageBending>
        <bendingNode minX="-1.35" maxX="1.35" minZ="-6.1" maxZ="2.1" yOffset="1.35" />
    </foliageBending>

    <wearable wearDuration="480" workMultiplier="5" fieldMultiplier="2"/>
    <washable dirtDuration="90"  workMultiplier="3" fieldMultiplier="2" washDuration="1"/>

    <i3dMappings>
        <i3dMapping id="aw2207_main_component1" node="0>" />
        <i3dMapping id="aw2207_vis" node="0>0" />
        <i3dMapping id="attacherJoint" node="0>0|0|0" />
        <i3dMapping id="ptoInputNode" node="0>0|0|1" />
        <i3dMapping id="supportFrontLeft" node="0>0|0|2|0|0" />
        <i3dMapping id="supportFrontLeftPart" node="0>0|0|2|0|0|0|0" />
        <i3dMapping id="supportFrontLeftBoltTop" node="0>0|0|2|0|0|1|0" />
        <i3dMapping id="supportFrontLeftBoltFoot" node="0>0|0|2|0|0|2|0" />
        <i3dMapping id="supportFrontLeftBoltArm" node="0>0|0|2|0|1" />
        <i3dMapping id="supportFrontRight" node="0>0|0|2|1|0" />
        <i3dMapping id="supportFrontRightPart" node="0>0|0|2|1|0|0|0" />
        <i3dMapping id="supportFrontRightBoltTop" node="0>0|0|2|1|0|1|0" />
        <i3dMapping id="supportFrontRightBoltFoot" node="0>0|0|2|1|0|2|0" />
        <i3dMapping id="supportFrontRightBoltArm" node="0>0|0|2|1|1" />
        <i3dMapping id="supportBackLeft" node="0>0|0|2|2|0" />
        <i3dMapping id="supportBackLeftPart" node="0>0|0|2|2|0|0|0" />
        <i3dMapping id="supportBackLeftBoltTop" node="0>0|0|2|2|0|1|0" />
        <i3dMapping id="supportBackLeftBoltFoot" node="0>0|0|2|2|0|2|0" />
        <i3dMapping id="supportBackLeftBoltArm" node="0>0|0|2|2|1" />
        <i3dMapping id="supportBackRight" node="0>0|0|2|3|0" />
        <i3dMapping id="supportBackRightPart" node="0>0|0|2|3|0|0|0" />
        <i3dMapping id="supportBackRightBoltTop" node="0>0|0|2|3|0|1|0" />
        <i3dMapping id="supportBackRightBoltFoot" node="0>0|0|2|3|0|2|0" />
        <i3dMapping id="supportBackRightBoltArm" node="0>0|0|2|3|1" />
        <i3dMapping id="electric_detached" node="0>0|0|3|0" />
        <i3dMapping id="electric" node="0>0|0|3|1" />
        <i3dMapping id="backDoor" node="0>0|1|0|0" />
        <i3dMapping id="rearLight33_left" node="0>0|1|0|0|0|0|0" />
        <i3dMapping id="rearLight33_right" node="0>0|1|0|0|0|0|1" />
        <i3dMapping id="plateNumberLight01" node="0>0|1|0|0|0|0|2" />
        <i3dMapping id="plateNumberLight02" node="0>0|1|0|0|0|0|3" />
        <i3dMapping id="licensePlateLightHighRef" node="0>0|1|0|0|0|1|0" />
        <i3dMapping id="licensePlateLightHigh" node="0>0|1|0|0|0|1|0|0" />
        <i3dMapping id="backLightsHigh" node="0>0|1|0|0|0|2|0" />
        <i3dMapping id="turnLightLeftBack" node="0>0|1|0|0|0|3|0" />
        <i3dMapping id="turnLightRightBack" node="0>0|1|0|0|0|3|1" />
        <i3dMapping id="reverseLightHigh" node="0>0|1|0|0|0|4|0" />
        <i3dMapping id="hydraulicBackDoorRef" node="0>0|1|0|0|1|0" />
        <i3dMapping id="licensePlateNodeBack" node="0>0|1|0|0|1|1" />
        <i3dMapping id="sideDoorLeft" node="0>0|1|1|0" />
        <i3dMapping id="sideDoorRight" node="0>0|1|2|0" />
        <i3dMapping id="hydraulicBackDoor" node="0>0|1|3" />
        <i3dMapping id="hydraulicBackDoorPunch" node="0>0|1|3|0" />
        <i3dMapping id="scraperFloorRoll01" node="0>0|1|4" />
        <i3dMapping id="scraperFloorRoll02" node="0>0|1|5" />
        <i3dMapping id="scraperFloor" node="0>0|1|6" />
        <i3dMapping id="beaterRotors01" node="0>0|1|7" />
        <i3dMapping id="beaterRotors02" node="0>0|1|8" />
        <i3dMapping id="beaterRotors03" node="0>0|1|9" />
        <i3dMapping id="fillVolume" node="0>0|2|0" />
        <i3dMapping id="exactFillRootNode" node="0>0|2|1" />
        <i3dMapping id="dischargeNode" node="0>0|2|2" />
        <i3dMapping id="autoAimTarget" node="0>0|2|3" />
        <i3dMapping id="unloadNode" node="0>0|2|4" />
        <i3dMapping id="fillVolumeHeightNode1" node="0>0|2|5" />
        <i3dMapping id="fillVolumeHeightNode2" node="0>0|2|6" />
        <i3dMapping id="deformerScaleNodeEnd" node="0>0|2|7" />
        <i3dMapping id="deformNode01" node="0>0|2|7|0" />
        <i3dMapping id="deformNode02" node="0>0|2|7|1" />
        <i3dMapping id="effects" node="0>0|3" />
        <i3dMapping id="unloadingEffect" node="0>0|3|0|0" />
        <i3dMapping id="smokeEffect" node="0>0|3|0|1" />
        <i3dMapping id="unloadingParticle" node="0>0|3|1|0" />
        <i3dMapping id="tipOcclusionAreaStart" node="0>0|4|0" />
        <i3dMapping id="tipOcclusionAreaWidth" node="0>0|4|1" />
        <i3dMapping id="tipOcclusionAreaHeight" node="0>0|4|2" />
        <i3dMapping id="doorModuleHoses" node="0>1|0" />
    </i3dMappings>
</vehicle>
