﻿<?xml version="1.0" encoding="utf-8" standalone="no" ?>
<vehicle type="combineDrivable" xmlns:xsi="http://www.w3.org/2001/XMLSchema-instance" xsi:noNamespaceSchemaLocation="../../../../shared/xml/schema/vehicle.xsd">
    <annotation>Copyright (C) GIANTS Software GmbH, All Rights Reserved.</annotation>

    <storeData>
        <name>Axial-Flow 7150</name>
        <specs>
            <power>449</power>
            <maxSpeed>30</maxSpeed>
            <combination xmlFilename="$data/vehicles/caseIH/terraFlex3020/terraFlex3020.xml"/>
            <combination xmlFilename="$data/vehicles/caseIH/terraFlex3050_28/terraFlex3050_28.xml"/>
            <combination xmlFilename="$data/vehicles/caseIH/header4408/header4408.xml"/>
            <combination xmlFilename="$data/vehicles/capello/diamant8/diamant8.xml"/>
            <combination xmlFilename="$data/vehicles/geringhoff/northStar1230FB/northStar1230FB.xml"/>
        </specs>
        <functions>
            <function>$l10n_function_combine</function>
            <function>$l10n_function_combineNeedsCutter</function>
        </functions>
        <image>$data/vehicles/caseIH/axialFlow150/store_axialFlow150.png</image>
        <price>301500</price>
        <lifetime>600</lifetime>
        <rotation>0</rotation>
        <brand>CASEIH</brand>
        <category>harvesters</category>
        <shopFoldingState>1</shopFoldingState>
        <shopTranslationOffset>0 -0.018 0</shopTranslationOffset>
        <shopRotationOffset>-0.056 0 0</shopRotationOffset>
        <vertexBufferMemoryUsage>4765440</vertexBufferMemoryUsage>
        <indexBufferMemoryUsage>1649408</indexBufferMemoryUsage>
        <textureMemoryUsage>2293760</textureMemoryUsage>
        <instanceVertexBufferMemoryUsage>0</instanceVertexBufferMemoryUsage>
        <instanceIndexBufferMemoryUsage>0</instanceIndexBufferMemoryUsage>
        <audioMemoryUsage>409773</audioMemoryUsage>
    </storeData>

    <base>
        <typeDesc>$l10n_typeDesc_combine</typeDesc>
        <filename>$data/vehicles/caseIH/axialFlow150/axialFlow150.i3d</filename>
        <sounds filename="$data/vehicles/caseIH/axialFlow150/sounds/axialFlow150.xml"/>
        <size width="4.05" length="10.4" height="3.95" lengthOffset="-0.9"/>
        <components>
            <component centerOfMass="0 1 0" solverIterationCount="25" mass="6910"/>
            <component centerOfMass="0 0 0" solverIterationCount="10" mass="6900"/>
            <joint component1="1" component2="2" node="componentJoint" rotLimit="0 0 7.3" transLimit="0 0 0" maxRotDriveForce="0 0 33" rotDriveRotation="0 0 0" rotDriveSpring="0 0 33" rotDriveDamping="0 0 33" breakable="false"/>
        </components>
        <schemaOverlay attacherJointPosition="0 0" name="HARVESTER"/>
        <mapHotspot type="HARVESTER"/>
    </base>

    <powerConsumer ptoRpm="350" neededMaxPtoPower="10"/>

    <wheels>
        <wheelConfigurations tireCategories="HARVESTER TRACTOR">
            <wheelConfiguration name="$l10n_configuration_valueDefault" price="0" saveId="DEFAULT" numDynamicConfigurations="1">
                <wheels autoRotateBackSpeed="2.2">
                    <wheel dimensions="800_65R32" isLeft="true" hasTireTracks="true" hasParticles="true">
                        <physics tipOcclusionAreaGroupId="1" restLoad="2.4" repr="wheelFrontLeft"  forcePointRatio="0.35" initialCompression="20" suspTravel="0.15" spring="65" damper="70" frictionScale="1.8" yOffset="0.04"/>
                    </wheel>
                    <wheel dimensions="800_65R32" isLeft="false" hasTireTracks="true" hasParticles="true">
                        <physics tipOcclusionAreaGroupId="1" restLoad="2.4" repr="wheelFrontRight" forcePointRatio="0.35" initialCompression="20" suspTravel="0.15" spring="65" damper="70" frictionScale="1.8" yOffset="0.04"/>
                    </wheel>
                    <wheel dimensions="600_65R28" isLeft="true" hasTireTracks="true" hasParticles="true">
                        <physics tipOcclusionAreaGroupId="1" rotSpeed="-1" restLoad="5.7" repr="axisBackLeft"  driveNode="wheelBackLeft"  forcePointRatio="0.35" initialCompression="50" suspTravel="0.15" spring="71" damper="70" frictionScale="2" yOffset="0.045"/>
                        <steering node="steeringBar" nodeMinTransX="-0.1" nodeMaxTransX="0.1"/>
                    </wheel>
                    <wheel dimensions="600_65R28" isLeft="false" hasTireTracks="true" hasParticles="true">
                        <physics tipOcclusionAreaGroupId="1" rotSpeed="-1" restLoad="5.7" repr="axisBackRight" driveNode="wheelBackRight" forcePointRatio="0.35" initialCompression="50" suspTravel="0.15" spring="71" damper="70" frictionScale="2" yOffset="0.045"/>
                    </wheel>
                </wheels>
            </wheelConfiguration>

            <wheelConfiguration name="$l10n_configuration_valueWheelBroad" price="3000" saveId="BROAD" numDynamicConfigurations="1">
                <wheels baseConfig="DEFAULT">
                    <wheel dimensions="1050_50R32"/>
                    <wheel dimensions="1050_50R32"/>
                    <wheel dimensions="710_55R28"/>
                    <wheel dimensions="710_55R28"/>
                </wheels>
            </wheelConfiguration>

            <wheelConfiguration name="$l10n_configuration_valueTwinWheelsAll" price="3500" saveId="TWIN_ALL" numDynamicConfigurations="1" isDefault="true">
                <wheels baseConfig="DEFAULT">
                    <wheel dimensions="520_85R38">
                        <physics restLoad="2.5"/>
                        <additionalWheel configId="dual" offset="0.13">
                            <connector filename="$data/shared/wheels/rims/dual002.i3d" node="0|0|0" useWidthAndDiam="true" width="28"/>
                        </additionalWheel>
                    </wheel>
                    <wheel dimensions="520_85R38">
                        <physics restLoad="2.5"/>
                        <additionalWheel configId="dual" offset="0.13">
                            <connector filename="$data/shared/wheels/rims/dual002.i3d" node="0|0|0" useWidthAndDiam="true" width="28"/>
                        </additionalWheel>
                    </wheel>
                    <wheel/>
                    <wheel/>
                </wheels>
                <objectChange node="axisFrontLeftPart" translationActive="-0.3 0 0" translationInactive="0 0 0"/>
                <objectChange node="axisFrontRightPart" translationActive="0.3 0 0" translationInactive="0 0 0"/>
                <objectChange node="hubFrontLeft" translationActive="0.33 0 0" translationInactive="0 0 0"/>
                <objectChange node="hubFrontRight" translationActive="-0.33 0 0" translationInactive="0 0 0"/>
                <size width="3.55"/>
            </wheelConfiguration>
        </wheelConfigurations>

        <ackermannSteeringConfigurations>
            <ackermannSteering rotSpeed="35" rotMax="40" rotCenterWheel1="1" rotCenterWheel2="2" />
        </ackermannSteeringConfigurations>

        <hubMaterial materialTemplateName="SHARED_DA_METAL_BLACK" />


        <hubs>
            <hub linkNode="hubFrontLeft"  filename="$data/shared/wheels/hubs/hub_n10_7.xml" isLeft="true"  scale="0.35 0.36 0.36" offset="-0.015"/>
            <hub linkNode="hubFrontRight" filename="$data/shared/wheels/hubs/hub_n10_7.xml" isLeft="false" scale="0.35 0.36 0.36" offset="-0.015"/>
            <hub linkNode="wheelBackLeft"  filename="$data/shared/wheels/hubs/hub_n10_6.xml" isLeft="true"  scale="0.28 0.28 0.28" offset="-0.005">
                <boltMaterial materialTemplateName="SHARED_GREY4" />
            </hub>
            <hub linkNode="wheelBackRight" filename="$data/shared/wheels/hubs/hub_n10_6.xml" isLeft="false" scale="0.28 0.28 0.28" offset="-0.005">
                <boltMaterial materialTemplateName="SHARED_GREY4" />
            </hub>
        </hubs>
    </wheels>

    <lights>
        <states>
            <state lightTypes="0" />
            <state lightTypes="0 1" />
            <state lightTypes="0 1 2" />
        </states>

        <realLights>
            <low>
                <light node="frontLightLow"         lightTypes="0" excludedLightTypes="2 3" />
                <light node="highBeamLow"           lightTypes="3" />
                <light node="workLightBackLow"      lightTypes="1"/>
                <light node="workLightFrontLow"     lightTypes="2"/>
            </low>
            <high>
                <light node="frontLightHigh"        lightTypes="0" excludedLightTypes="2 3" />
                <light node="workLightBackHigh1"    lightTypes="1"/>
                <light node="workLightBackLow1"     lightTypes="1"/>
                <light node="workLightFrontHigh1"   lightTypes="2"/>
                <light node="highBeamHigh"          lightTypes="3"/>
                <light node="backLightsHigh1"       lightTypes="0"/>
                <brakeLight node="backLightsHigh1" />
                <turnLightLeft node="turnLightLeftFront" />
                <turnLightRight node="turnLightRightFront" />
                <interiorLight node="interiorScreenLight" />
                <reverseLight node="reverseLightHigh" />
            </high>
        </realLights>

        <staticLightCompounds>
            <staticLightCompound>
                <node node="axialFlow150Lights_static" intensity="5"/>
                <node node="axialFlow150LightsGlass_static" intensity="1"/>
                <node node="axialFlow150LightsPipe_static" intensity="5"/>
                <node node="axialFlow150LightsGlassPipe_static" intensity="1"/>
                <node node="axialFlow150LightsGrainTank_static" intensity="5"/>
                <node node="axialFlow150LightsGlassGrainTank_static" intensity="1"/>
            </staticLightCompound>
        </staticLightCompounds>

        <beaconLights>
           <beaconLight node="beaconLight01" speed="0.015" filename="$data/shared/assets/beaconLights/lizard/beaconLight03.xml" />
           <beaconLight node="beaconLight02" speed="0.015" filename="$data/shared/assets/beaconLights/lizard/beaconLight03.xml" />
           <beaconLight node="beaconLight03" speed="0.015" filename="$data/shared/assets/beaconLights/lizard/beaconLight03.xml" />
        </beaconLights>

        <dashboards>
            <dashboard displayType="EMITTER" valueType="lightState"  node="joystickDecalsLit" intensity="0.2" lightTypes="0" groups="MOTOR_ACTIVE"/>
            <dashboard displayType="EMITTER" valueType="lightState"  node="seatDecalsLit" intensity="0.2" lightTypes="0" groups="MOTOR_ACTIVE"/>
            <dashboard displayType="EMITTER" valueType="lightState"  node="interiorDecalLit" intensity="0.1" lightTypes="0" groups="MOTOR_ACTIVE"/>
            <dashboard displayType="EMITTER" valueType="lightState"  node="workLightFrontDecal" intensity="0.2" lightTypes="2" groups="MOTOR_ACTIVE"/>
            <dashboard displayType="EMITTER" valueType="lightState"  node="workLightBackDecal" intensity="0.2" lightTypes="1" groups="MOTOR_ACTIVE"/>
            <dashboard displayType="EMITTER" valueType="beaconLight" node="beaconLightDecal" intensity="0.2" groups="MOTOR_ACTIVE"/>
        </dashboards>
    </lights>

    <enterable isTabbable="true" >
        <enterReferenceNode node="axialFlow150_main_component1" />
        <exitPoint node="exitPoint" />

        <cameras>
            <camera node="outdoorCamera1" rotatable="true" rotateNode="outdoorCameraTarget" limit="true" useWorldXZRotation="true" rotMinX="-1.4" rotMaxX="1" transMin="7" transMax="40" translation="0 0 7.6" rotation="-22 180 0" >
                <raycastNode node="cameraRaycastNode1"/>
                <raycastNode node="cameraRaycastNode2"/>
                <raycastNode node="cameraRaycastNode3"/>
            </camera>
            <camera node="indoorCamera1" rotatable="true" limit="true" rotMinX="-1.1" rotMaxX="0.4" transMin="0" transMax="0" useMirror="true" isInside="true" shadowFocusBox="shadowFocusBox" positionSmoothingParameter="0.45" suspensionNodeIndex="1"/>
        </cameras>

        <mirrors>
            <mirror node="mirrorDecal01" prio="1" />
            <mirror node="mirrorDecal02" prio="1" />
        </mirrors>

        <characterNode node="playerSkin" cameraMinDistance="0.5" >
            <target ikChain="rightFoot" targetNode="playerRightFootTarget" />
            <target ikChain="leftFoot"  targetNode="playerLeftFootTarget" />
            <target ikChain="rightArm"  targetNode="playerRightHandTarget" poseId="wideFingers"/>
            <target ikChain="leftArm"   targetNode="playerLeftHandTarget"/>
        </characterNode>

        <characterTargetNodeModifier node="playerRightFootTarget" transitionTime="0.1" >
            <state node="playerRightFootTargetBrake" referenceNode="pedalBrake" />
        </characterTargetNodeModifier>
    </enterable>

    <motorized>
        <consumerConfigurations>
            <consumerConfiguration>
                <consumer fillUnitIndex="2" usage="224" fillType="diesel" />  <!-- usage is per hour at max load and max rpm -->
                <consumer fillUnitIndex="3" usage="39"  fillType="def" />     <!-- usage is per hour at max load and max rpm -->
            </consumerConfiguration>
        </consumerConfigurations>

        <differentialConfigurations>
          <differentialConfiguration>
              <differentials>
                  <differential torqueRatio="0.5" maxSpeedRatio="1.65" wheelIndex1="1" wheelIndex2="2" /> <!-- back left-right -->
                  <differential torqueRatio="0.5" maxSpeedRatio="1.55" wheelIndex1="3" wheelIndex2="4" /> <!-- front left-right -->
                  <differential torqueRatio="0.5" maxSpeedRatio="1.25" differentialIndex1="1" differentialIndex2="2" /> <!-- front-back -->
              </differentials>
          </differentialConfiguration>
        </differentialConfigurations>

        <motorConfigurations>
            <motorConfiguration name="Axial-Flow 7150" hp="449">
                <motor torqueScale="1.895" minRpm="850" maxRpm="2200" maxForwardSpeed="32" maxBackwardSpeed="15" brakeForce="11" lowBrakeForceScale="0.1" accelerationLimit="1.7" dampingRateScale="2.6">
                    <torque normRpm="0.45" torque="0.9"/>
                    <torque normRpm="0.5" torque="0.97"/>
                    <torque normRpm="0.59" torque="1"/>
                    <torque normRpm="0.72" torque="1"/>
                    <torque normRpm="0.86" torque="0.88"/>
                    <torque normRpm="1" torque="0.72"/>
                </motor>
                <transmission minForwardGearRatio="22.3" maxForwardGearRatio="320" minBackwardGearRatio="47.5" maxBackwardGearRatio="320" name="$l10n_info_transmission_cvt"/>
            </motorConfiguration>
        </motorConfigurations>

        <exhaustEffects>
            <exhaustEffect node="exhaustParticle1" filename="$data/effects/exhaust/exhaust.i3d" minRpmColor="0.9 0.9 0.9 0.1" maxRpmColor="0.9 0.9 0.9 0.4" minRpmScale="0.05" maxRpmScale="0.5" />
        </exhaustEffects>

        <animationNodes>
            <animationNode node="airFilterCleaner" rotSpeed="400" rotAxis="1" turnOnFadeTime="2" turnOffFadeTime="4" />
            <animationNode node="airFilterCleaner1" rotSpeed="150" rotAxis="1" turnOnFadeTime="2" turnOffFadeTime="4" />
        </animationNodes>

        <exhaustFlap node="exhaustFlap" maxRot="90" />

        <brakeCompressor capacity="2000" fillSpeed="250" />
        <motorStartDuration>3200</motorStartDuration>

        <dashboards>
            <dashboard displayType="ANIMATION" valueType="speedDir" animName="joystickMovement" groups="MOTOR_ACTIVE"/>
            <dashboard displayType="MULTI_STATE" valueType="ignitionState" node="ignitionKey" doInterpolation="true" groups="MOTOR_ACTIVE">
                <state value="0" rotation="0 0 0"/>
                <state value="1" rotation="0 0 -90"/>
                <state value="2" rotation="0 0 -30"/>
            </dashboard>
        </dashboards>
    </motorized>

    <drivable>
        <steeringWheel node="steeringWheel" indoorRotation="540" outdoorRotation="15" />

        <dashboards>
            <dashboard displayType="ROT" valueType="decelerationAxis" node="pedalBrake" minRot="0 0 0" maxRot="0 12 0" doInterpolation="true" groups="MOTOR_ACTIVE"/>
        </dashboards>
    </drivable>

    <attacherJoints>
        <attacherJoint jointType="cutter" node="attacherJointCutter" jointPositionOffset="0 0 -1.69775" lowerTransLimit="0 0 0" lowerRotLimit="0 0 15" dynamicLowerRotLimit="true" lockDownRotLimit="true" moveTime="2.5" comboTime="0">
            <distanceToGround lower="0.63" upper="2.2" />
            <rotationNode node="attacherJointRot" lowerRotation="25 0 0" upperRotation="-30 0 0" startRotation="0 0 0"/>
            <bottomArm rotationNode="feeder" referenceNode="feederRef" startRotation="0 0 0"/>
            <schema position="1 0" rotation="0" invertX="true" />
            <objectChange node="hosesAttached" visibilityActive="true" visibilityInactive="false"/>
            <objectChange node="hosesDetached" visibilityActive="false" visibilityInactive="true"/>
            <attachSound template="headerAttach01" linkNode="attacherJointCutter"/>
        </attacherJoint>
        <attacherJoint node="trailerAttacherJointBack" jointType="trailer" rootNode="axialFlow150_axis_component2" lowerRotLimit="25 75 50" upperRotationOffset="0" allowsJointLimitMovement="false" canTurnOnImplement="false" comboTime="1">
            <schema position="1 0" rotation="0" invertX="false"/>
            <attachSound template="attach01" linkNode="trailerAttacherJointBack"/>
        </attacherJoint>
    </attacherJoints>

    <powerTakeOffs>
        <output attacherJointIndices="1" outputNode="ptoOutputLeft"  ptoName="LEFT_PTO"/>
        <output attacherJointIndices="1" outputNode="ptoOutputRight" ptoName="RIGHT_PTO"/>
    </powerTakeOffs>

    <connectionHoses>
        <customHose node="cnhMultiCoupler" type="cnhMultiCoupler" attacherJointIndices="1"/>
        <customHose node="electricConnector" type="cnhElectricConnector" attacherJointIndices="1"/>

        <localHose>
            <hose type="hydraulicIn"  node="localHose01Start" length="0.8" diameter="0.022" straighteningFactor="2" isWorldSpaceHose="false" isTwoPointHose="true" adapterType="NONE"/>
            <target type="hydraulicIn" node="localHose01End" straighteningFactor="2"/>
        </localHose>
        <localHose>
            <hose type="hydraulicIn"  node="localHose02Start" length="0.8" diameter="0.022" straighteningFactor="2" isWorldSpaceHose="false" isTwoPointHose="true" adapterType="NONE"/>
            <target type="hydraulicIn" node="localHose02End" straighteningFactor="2"/>
        </localHose>
        <localHose>
            <hose type="hydraulicIn"  node="localHose03Start" length="0.8" diameter="0.022" straighteningFactor="2" isWorldSpaceHose="false" isTwoPointHose="true" adapterType="NONE"/>
            <target type="hydraulicIn" node="localHose03End" straighteningFactor="2"/>
        </localHose>
        <localHose>
            <hose type="hydraulicIn"  node="localHose04Start" length="0.8" diameter="0.022" straighteningFactor="2" isWorldSpaceHose="false" isTwoPointHose="true" adapterType="NONE"/>
            <target type="hydraulicIn" node="localHose04End" straighteningFactor="2"/>
        </localHose>
        <localHose>
            <hose type="hydraulicIn"  node="localHose05Start" length="0.8" diameter="0.022" straighteningFactor="2" isWorldSpaceHose="false" isTwoPointHose="true" adapterType="NONE"/>
            <target type="hydraulicIn" node="localHose05End" straighteningFactor="2"/>
        </localHose>
        <localHose>
            <hose type="hydraulicIn"  node="localHose06Start" length="0.8" diameter="0.024" straighteningFactor="2" isWorldSpaceHose="false" isTwoPointHose="true" adapterType="NONE"/>
            <target type="hydraulicIn" node="localHose06End" />
        </localHose>
    </connectionHoses>

    <fillUnit>
        <fillUnitConfigurations>
            <fillUnitConfiguration>
                <fillUnits>
                    <fillUnit unitTextOverride="$l10n_unit_literShort" fillTypeCategories="combine" capacity="21140" foldMinLimit="1" foldMaxLimit="1">
                        <exactFillRootNode node="exactFillRootNode"/>
                    </fillUnit>
                    <fillUnit unitTextOverride="$l10n_unit_literShort" showOnHud="false" showInShop="false" fillTypes="diesel" capacity="1900">
                        <exactFillRootNode node="exactFillRootNodeFuel"/>
                    </fillUnit>
                    <fillUnit unitTextOverride="$l10n_unit_literShort" showOnHud="false" showInShop="false" showOnInfoHud="false" fillTypes="def" capacity="332"/>
                </fillUnits>
            </fillUnitConfiguration>
        </fillUnitConfigurations>
    </fillUnit>

    <fillVolume>
        <fillVolumeConfigurations>
            <fillVolumeConfiguration>
                <volumes>
                    <volume node="fillVolume" maxDelta="0.15" maxAllowedHeapAngle="15" fillUnitIndex="1" />
                </volumes>
            </fillVolumeConfiguration>
        </fillVolumeConfigurations>

        <unloadInfos>
            <unloadInfo>
                <node node="unloadInfo" width="0.4" length="0.4" />
            </unloadInfo>
        </unloadInfos>

        <loadInfos>
            <loadInfo>
                <node node="loadInfo" width="0.4" length="0.4" />
            </loadInfo>
        </loadInfos>
    </fillVolume>

    <foldable>
        <foldingConfigurations>
            <foldingConfiguration>
                <foldingParts startMoveDirection="0" turnOnFoldMinLimit="0.99" turnOnFoldMaxLimit="1" turnOnFoldDirection="1">
                    <foldingPart animationName="folding" speedScale="0.75" />
                </foldingParts>
            </foldingConfiguration>
        </foldingConfigurations>
    </foldable>

    <animations>
        <animation name="foldPipe" soundVolumeFactor="1.0">
            <part node="pipe"      startTime="0" endTime="6" startRot="0 0 0" endRot="0 0 -90" />

            <sound template="hydraulicOpen02" startTime="0.01" endTime="5.99" volumeScale="5"   pitchScale="1.1" fadeIn="0.1" fadeOut="0.1" />
            <sound template="hydraulicOpen04" startTime="0.01" endTime="5.99" volumeScale="2"   pitchScale="1.1" fadeIn="0.1" fadeOut="0.1" />
            <sound template="vibratingImp"    startTime="0.01" direction="-1" volumeScale="1.8" pitchScale="1.1" />
            <sound template="cylinderPunch"   startTime="0.01" direction="-1" volumeScale="0.8" pitchScale="1.5" />
            <sound template="cylinderPunch"   startTime="5.99" direction="1"  volumeScale="0.8" pitchScale="1.5" />
            <sound template="clackVar6"       startTime="5.99" direction="1"  volumeScale="2"   pitchScale="0.6" />
        </animation>
        <animation name="joystickMovement" isKeyframe="true">
            <part node="joystick" startTime="0.0" endTime="0.45" startRot="-16.625 -0.785 0.796" endRot="0 0 3.423" />
            <part node="joystick" startTime="0.45" endTime="0.55" startRot="0 0 3.423" endRot="0 0 -4.926" />
            <part node="joystick" startTime="0.55" endTime="1.0" startRot="0 0 -4.926" endRot="20.397 1.373 -3.687" />
        </animation>
        <animation name="wiperFrontAnimation" isKeyframe="true">
            <part node="wiperArm01" startTime="0.0" endTime="0.5"  startRot="0 0 0" endRot="-5.358 2.253 33" />
            <part node="wiperArm01" startTime="0.5" endTime="1.0"  startRot="-5.358 2.253 33" endRot="-0.43 0.965 65.996" />
            <part node="wiperArm02" startTime="0.0" endTime="0.5"  startRot="0 0 0" endRot="-3.358 2.253 33" />
            <part node="wiperArm02" startTime="0.5" endTime="1.0"  startRot="-3.358 2.253 33" endRot="-0.43 0.965 65.996" />
            <part node="wiper" startTime="0.0" endTime="0.5"  startRot="0 0 0" endRot="5.609 -0.071 -33" />
            <part node="wiper" startTime="0.5" endTime="1.0"  startRot="5.609 -0.071 -33" endRot="-1.654 0.173 -61.892" />

            <sound template="wiper1" startTime="0" endTime="1.0" direction="1"   volumeScale="1.0" pitchScale="0.7" fadeOut="0.1" linkNode="wiper"/>
            <sound template="wiper2" startTime="0" endTime="1.0" direction="-1"  volumeScale="1.0" pitchScale="0.7" fadeOut="0.1" linkNode="wiper"/>
        </animation>
        <animation name="folding" soundVolumeFactor="1.5">
            <part node="workLightBackLow1Rot" startTime="4.2" endTime="4.3" visibility="true" />
            <part node="workLightBackLow1Rot" startTime="4.1" endTime="4.2" visibility="false" />
            <part node="grainTankDoorRightRotor" startTime="0" endTime="5" startRot="0 0 -121" endRot="0 0 0" tangentType="spline"/>
            <part node="grainTankArm01" startTime="0" endTime="5" startRot="0 0 121" endRot="0 0 0" tangentType="spline"/>

            <part node="flapFrontRef" startTime="1" endTime="2" startTrans="0 0 0.2" endTrans="0 0 0" />
            <part node="flapBackRef" startTime="1" endTime="2" startTrans="0 0 0.2" endTrans="0 0 0" />

            <sound template="hydraulicOpen02"  startTime="0.01"  endTime="4.99"   volumeScale="1.5" pitchScale="1.4" linkNode="grainTankArm01"/>
            <sound template="hydraulicClose01" startTime="0.01"  endTime="4.99"   volumeScale="2.5" pitchScale="0.6" linkNode="grainTankArm01"/>
            <sound template="metalClose"       startTime="4.99"  direction="1"    volumeScale="0.8" pitchScale="1.5" linkNode="grainTankArm01"/>
            <sound template="metalLowVar2"     startTime="4.99"  direction="1"    volumeScale="3.0" pitchScale="1.5" linkNode="grainTankArm01"/>
            <sound template="vibratingImp"     startTime="4.99"  direction="1"    volumeScale="0.8" pitchScale="1.5" linkNode="grainTankArm01"/>
            <sound template="cylinderPunch"    startTime="0.1"   direction="-1"   volumeScale="0.9" pitchScale="0.7" linkNode="grainTankArm01"/>
            <sound template="metalLowVar2"     startTime="0.1"   direction="-1"   volumeScale="2.4" pitchScale="1.2" linkNode="grainTankArm01"/>
            <sound template="vibratingImp"     startTime="0.1"   direction="-1"   volumeScale="1.4" pitchScale="0.8" linkNode="grainTankArm01"/>
        </animation>
        <animation name="ladderAnimation" soundVolumeFactor="1.5">
            <part node="ladder" startTime="0.0" endTime="1.3" startRot="0 -90 0" endRot="0 0 0" />
            <part node="chainJoint1" startTime="0.0" endTime="1.3" startRot="0 -90 0" endRot="0 0 0" />

            <sound template="slideOpen"     startTime="0.01" endTime="1.29"  volumeScale="2"   pitchScale="0.7" linkNode="ladder" />
            <sound template="vibratingImp"  startTime="1.29" direction="1"   volumeScale="1.2" pitchScale="1.1" linkNode="ladder"/>
            <sound template="hingeImp"      startTime="1.2"  direction="1"   volumeScale="0.8" pitchScale="1.1" linkNode="ladder"/>
            <sound template="vibratingImp"  startTime="0.01" direction="-1"  volumeScale="1.2" pitchScale="1.1" linkNode="ladder"/>
        </animation>
    </animations>

    <cylindered>
        <movingTools>
            <movingTool node="pipeEnd" playSound="true">
                <controls axis="AXIS_PIPE" invertAxis="false" mouseSpeedFactor="0.25" iconName="FRONTLOADER_ARM_ROTATE" />
                <rotation rotSpeed="25" rotAcceleration="200" rotMax="15" rotMin="-6" startRot="0" rotationAxis="1"/>
                <dependentPart node="pipeEndHydraulic" />
            </movingTool>
            <movingTool node="pipe" playSound="true">
                <dependentPart node="pipeHydraulic" />
            </movingTool>
            <movingTool node="grainTankDoorRightRotor" playSound="true">
                <dependentPart node="fillArm" />
                <dependentPart node="flapRight" />
                <dependentPart node="grainTankArm02" />
                <dependentPart node="flapLeft" />
                <dependentPart node="flapFront" />
                <dependentPart node="flapBack" />
            </movingTool>
            <movingTool node="feeder" playSound="true">
                <dependentPart node="feederHydraulic" />
                <connectionHoses customHoseIndices="1 2" />
            </movingTool>
            <movingTool node="headerTilt">
                <dependentPart node="headerTiltLeftHydraulic" />
                <dependentPart node="headerTiltRightHydraulic" />
                <connectionHoses customHoseIndices="1 2" />
            </movingTool>
        </movingTools>

        <movingParts>
            <movingPart node="fillArm" localReferencePoint="fillArmPart" referencePoint="fillArmPartRef" referenceFrame="fillArmRefFrame">
                <dependentPart node="fillArmPart" />
            </movingPart>
            <movingPart node="fillArmPart" referencePoint="fillArmPartRef" referenceFrame="fillArmPartRef"/>
            <movingPart node="flapRight" localReferencePoint="flapRightArm" referencePoint="flapRightArmRef" referenceFrame="flapRightRefFrame">
                <dependentPart node="flapRightArm" />
            </movingPart>
            <movingPart node="flapRightArm" referencePoint="flapRightArmRef" referenceFrame="flapRightArmRefFrame"/>
            <movingPart node="grainTankArm02" referencePoint="grainTankArm02Ref" referenceFrame="grainTankArm02RefFrame" scaleZ="true"/>
            <movingPart node="flapLeft" localReferencePoint="flapLeftArm" referencePoint="flapLeftArmRef" referenceFrame="flapLeftRefFrame">
                <dependentPart node="flapLeftArm" />
            </movingPart>
            <movingPart node="flapLeftArm" referencePoint="flapLeftArmRef" referenceFrame="flapLeftArmRefFrame"/>
            <movingPart node="flapFront" localReferencePoint="flapFrontArm" referencePoint="flapFrontRef" referenceFrame="flapFrontRefFrame">
                <dependentPart node="flapFrontArm" />
            </movingPart>
            <movingPart node="flapFrontArm" referencePoint="flapFrontArmRef" referenceFrame="flapFrontArmRef" scaleZ="true"/>
            <movingPart node="flapBack" localReferencePoint="flapBackArm" referencePoint="flapBackRef" referenceFrame="flapBackRefFrame">
                <dependentPart node="flapBackArm" />
            </movingPart>
            <movingPart node="flapBackArm" referencePoint="flapBackArmRef" referenceFrame="flapBackArmRef" scaleZ="true"/>
            <movingPart node="steeringBarLeft" referencePoint="steeringBarLeftRef" referenceFrame="steeringBarLeftRef" isActiveDirty="true" maxUpdateDistance="50" scaleZ="true"/>
            <movingPart node="steeringBarRight" referencePoint="steeringBarRightRef" referenceFrame="steeringBarRightRef" isActiveDirty="true" maxUpdateDistance="50" scaleZ="true"/>
            <movingPart node="pipeHydraulic" referencePoint="pipeHydraulicRef" referenceFrame="pipeHydraulicRef">
                <translatingPart node="pipeHydraulicPunch" />
            </movingPart>
            <movingPart node="pipeEndHydraulic" referencePoint="pipeEndHydraulicRef" referenceFrame="pipeEndHydraulicRef">
                <translatingPart node="pipeEndHydraulicPunch" />
            </movingPart>
            <movingPart node="headerTiltLeftHydraulic" referencePoint="headerTiltLeftHydraulicRef" referenceFrame="headerTiltLeftHydraulicRef">
                <translatingPart node="headerTiltLeftHydraulicPunch"/>
            </movingPart>
            <movingPart node="headerTiltRightHydraulic" referencePoint="headerTiltRightHydraulicRef" referenceFrame="headerTiltRightHydraulicRef">
                <translatingPart node="headerTiltRightHydraulicPunch"/>
            </movingPart>
            <movingPart node="feederHydraulic" referencePoint="feederHydraulicRef" referenceFrame="feederHydraulicRef">
                <translatingPart node="feederHydraulicPunch" />
            </movingPart>
        </movingParts>
        <sounds>
            <actionSound template="hydraulicClose01" pitchScale="1.5"  volumeScale="1.7" linkNode="pipeEnd" actionNames="TOOL_MOVE_POS TOOL_MOVE_NEG" nodes="pipeEnd" fadeIn="0.1" fadeOut="0.05"/>
            <actionSound template="vibratingImp"     volumeScale="1.0" pitchScale="1.3"  linkNode="pipeEnd" actionNames="TOOL_MOVE_END_POS_LIMIT TOOL_MOVE_END_NEG_LIMIT" nodes="pipeEnd"/>
        </sounds>
    </cylindered>

    <wipers>
        <wiper animName="wiperFrontAnimation" >
            <state animSpeed="0.5" animPause="2.0" />
            <state animSpeed="0.75" animPause="0.0" />
            <state animSpeed="1.0" animPause="0.0" />
        </wiper>
    </wipers>

    <turnOnVehicle turnOffIfNotAllowed="true">
    </turnOnVehicle>

    <workAreas>
        <workArea type="combineSwath" functionName="processCombineSwathArea" requiresGroundContact="false" disableBackwards="false">
            <area startNode="workAreaStrawStart" widthNode="workAreaStrawWidth" heightNode="workAreaStrawHeight" />
        </workArea>
        <workArea type="combineChopper" functionName="processCombineChopperArea" requiresGroundContact="false" disableBackwards="false">
            <area startNode="workAreaChopperStart" widthNode="workAreaChopperWidth" heightNode="workAreaChopperHeight" />
        </workArea>
    </workAreas>

    <combine fillUnitIndex="1" allowThreshingDuringRain="false">
        <swath available="true" workAreaIndex="1" isDefaultActive="false"/>
        <chopper available="true" workAreaIndex="2"/>
        <processing toggleTime="4" />
        <ladder animName="ladderAnimation" animSpeedScale="1" foldDirection="1" foldMinLimit="0.0" foldMaxLimit="0.01"/>
        <folding direction="-1"/>

        <chopperEffect>
            <effectNode effectClass="TypedMotionPathEffect" effectType="STRAW_CHOPPER" materialType="CHOPPER" linkNode="chopperCenterEffectNode">
                <motionPathEffect textureFilename="$data/vehicles/caseIH/axialFlow150/chopperCenterEffectArray.dds" numRows="29" rowLength="31" minFade="0.04"/>
            </effectNode>

            <effectNode effectClass="ParticleEffect" effectNode="chopperSmokeEmitter" particleType="smoke" materialType="smokeParticle" useFruitColor="true"/>
        </chopperEffect>

        <strawEffect>
            <effectNode effectClass="TypedMotionPathEffect" effectType="STRAW_CHOPPER" materialType="DROP" linkNode="strawUnloadEffectNode">
                <motionPathEffect textureFilename="$data/vehicles/caseIH/axialFlow150/strawUnloadArray.dds" numRows="16" rowLength="12" minFade="0.04"/>
            </effectNode>

            <effectNode effectClass="ParticleEffect" effectNode="strawEffectSmokeEmitter" particleType="smoke" materialType="smokeParticle" useFruitColor="true"/>
        </strawEffect>

        <fillEffect>
            <effectNode effectNode="grainTankEffect" materialType="unloading"      delay="0" />
            <effectNode effectNode="grainTankSmoke"  materialType="unloadingSmoke" delay="0.1" />
        </fillEffect>

        <chopperAnimationNodes>
            <animationNode node="chafferLeftDrum" rotSpeed="-1200"  rotAxis="2" turnOnFadeTime="2" turnOffFadeTime="2" />
            <animationNode node="chafferRightRum" rotSpeed="1200"   rotAxis="2" turnOnFadeTime="2" turnOffFadeTime="2" />
        </chopperAnimationNodes>

        <animationNodes>
            <animationNode node="fillArmAuger" rotSpeed="600" rotAxis="3" turnOnFadeTime="2" turnOffFadeTime="5" />
            <animationNode node="feederRotatingPart" rotSpeed="90" rotAxis="1" turnOnFadeTime="2" turnOffFadeTime="2" />
            <animationNode node="belts01"      rotSpeed="-100" rotAxis="1" turnOnFadeTime="2" turnOffFadeTime="2" shaderComponentScale="0 1 0 0" shaderParameterName="offsetUV" />
            <animationNode node="belts02"      rotSpeed="-100" rotAxis="1" turnOnFadeTime="2" turnOffFadeTime="2" shaderComponentScale="0 1 0 0" shaderParameterName="offsetUV" />
            <animationNode node="feederChain"  rotSpeed="-15"  rotAxis="1" turnOnFadeTime="2" turnOffFadeTime="2" shaderComponentScale="1 0 0 0" shaderParameterName="scrollPos" />
        </animationNodes>

        <automaticTilt>
            <automaticTiltNode node="headerTilt" minAngle="-3" maxAngle="3" maxSpeed="3" />
            <automaticTiltNode node="headerTiltJoint" minAngle="-3" maxAngle="3" maxSpeed="3" updateAttacherJoint="true"/>
        </automaticTilt>
    </combine>

    <pipe foldMinState="1" foldMaxState="1" foldMinLimit="1" dischargeNodeIndex="1">
        <states num="2" unloading="2" />
        <animation name="foldPipe" speedScale="1" />
        <unloadingTriggers>
            <unloadingTrigger node="trailerTrigger" />
        </unloadingTriggers>
    </pipe>

    <dischargeable>
        <dischargeNode node="dischargeNode" emptySpeed="311" fillUnitIndex="1" maxDistance="8">
            <raycast yOffset="1" useWorldNegYDirection="true"/>
            <info width="0.4" length="0.4" useRaycastHitPosition="true"/>

            <animationNodes>
                <animationNode node="unloadingAuger" rotSpeed="-750" rotAxis="3"/>
            </animationNodes>

            <effects>
                <effectNode effectClass="PipeEffect" effectNode="pipeEffect"      materialType="pipe"           delay="0"   maxBending="1" positionUpdateNodes="pipeEffectSmoke"/>
                <effectNode                          effectNode="pipeEffectSmoke" materialType="unloadingSmoke" delay="0.1" alignToWorldY="true"/>
            </effects>
            <dischargeStateSound template="harvesterDischargeStartCabin" loops="1"/>
        </dischargeNode>
    </dischargeable>

    <suspensions>
        <suspension node="seat"              weight="100" minTranslation="-0.05 -0.05 0.0" maxTranslation="0.05 0.05 0.0" suspensionParametersX="20 4" suspensionParametersY="5 1" suspensionParametersZ="20 4" />
        <suspension useCharacterTorso="true" weight="90" minRotation="0 -5 -5" maxRotation="0 5 5" suspensionParametersY="7 1" suspensionParametersZ="7 1" />
    </suspensions>

    <dashboard maxUpdateDistance="15">
        <groups>
            <group name="MOTOR_STARTING" electronicsStarting="true"/>
            <group name="MOTOR_ACTIVE" electronicsStarting="true" electronicsRunning="true"/>
        </groups>
        <default>
            <dashboard displayType="VISIBILITY" node="terminalDisplayDecal" idleValue="-1" intensity="0.2" groups="MOTOR_ACTIVE" />
        </default>
    </dashboard>

    <ai>
        <agent frontWheelNodes="wheelBackLeft wheelBackRight" length="7.8" lengthOffset="-1.5"/>
        <collisionTrigger useSize="true"/>
    </ai>

    <foliageBending>
        <bendingNode wheelIndices="1 2" minZ="0.95" maxZ="2.85" yOffset="0.55"/>
        <bendingNode wheelIndices="3 4" minZ="-2.7" maxZ="0.95" yOffset="0.55"/>
        <bendingNode minX="-1.5" maxX="1.5" minZ="-3.3" maxZ="-2.7" yOffset="0.85"/>
        <bendingNode minX="-1.1" maxX="1.1" minZ="0.5" maxZ="2" yOffset="0" node="feederHydraulic"/>
    </foliageBending>

    <wearable wearDuration="480" workMultiplier="5" fieldMultiplier="2"/>
    <washable dirtDuration="90" washDuration="1" workMultiplier="4" fieldMultiplier="2"/>

    <i3dMappings>
        <i3dMapping id="axialFlow150_main_component1" node="0>" />
        <i3dMapping id="axialFlow150_vis" node="0>0" />
        <i3dMapping id="axisFrontLeftPart" node="0>0|0|0" />
        <i3dMapping id="wheelFrontLeft" node="0>0|0|0|0|0" />
        <i3dMapping id="hubFrontLeft" node="0>0|0|0|0|0|0" />
        <i3dMapping id="axisFrontRightPart" node="0>0|0|1" />
        <i3dMapping id="wheelFrontRight" node="0>0|0|1|0|0" />
        <i3dMapping id="hubFrontRight" node="0>0|0|1|0|0|0" />
        <i3dMapping id="outdoorCameraTarget" node="0>0|1|0" />
        <i3dMapping id="outdoorCamera1" node="0>0|1|0|0" />
        <i3dMapping id="indoorCamera1" node="0>0|1|1" />
        <i3dMapping id="cameraRaycastNode1" node="0>0|1|2" />
        <i3dMapping id="cameraRaycastNode2" node="0>0|1|3" />
        <i3dMapping id="cameraRaycastNode3" node="0>0|1|4" />
        <i3dMapping id="shadowFocusBox" node="0>0|1|5" />
        <i3dMapping id="axialFlow150Lights_static" node="0>0|2|0|0" />
        <i3dMapping id="axialFlow150LightsGlass_static" node="0>0|2|0|1" />
        <i3dMapping id="frontLightLow" node="0>0|2|1|0" />
        <i3dMapping id="highBeamLow" node="0>0|2|1|1" />
        <i3dMapping id="frontLightHigh" node="0>0|2|1|2" />
        <i3dMapping id="highBeamHigh" node="0>0|2|1|3" />
        <i3dMapping id="interiorScreenLight" node="0>0|2|1|4" />
        <i3dMapping id="workLightFrontLow" node="0>0|2|2|0" />
        <i3dMapping id="workLightBackLow" node="0>0|2|2|1" />
        <i3dMapping id="workLightFrontHigh1" node="0>0|2|2|2" />
        <i3dMapping id="workLightBackHigh1" node="0>0|2|2|3" />
        <i3dMapping id="backLightsHigh1" node="0>0|2|3|0" />
        <i3dMapping id="turnLightLeftFront" node="0>0|2|4|0" />
        <i3dMapping id="turnLightRightFront" node="0>0|2|4|1" />
        <i3dMapping id="reverseLightHigh" node="0>0|2|5|0" />
        <i3dMapping id="exitPoint" node="0>0|3" />
        <i3dMapping id="componentJoint" node="0>0|4" />
        <i3dMapping id="attacherJointRot" node="0>0|5|0|0" />
        <i3dMapping id="headerTiltJointRot" node="0>0|5|0|0|0" />
        <i3dMapping id="headerTiltJoint" node="0>0|5|0|0|0|0" />
        <i3dMapping id="attacherJointCutter" node="0>0|5|0|0|0|0|0|0" />
        <i3dMapping id="feeder" node="0>0|5|0|1" />
        <i3dMapping id="feederRef" node="0>0|5|0|1|0" />
        <i3dMapping id="headerTilt" node="0>0|5|0|1|1" />
        <i3dMapping id="headerTiltRightHydraulicRef" node="0>0|5|0|1|1|0" />
        <i3dMapping id="headerTiltLeftHydraulicRef" node="0>0|5|0|1|1|1" />
        <i3dMapping id="headerTiltLeftHydraulic" node="0>0|5|0|1|2" />
        <i3dMapping id="headerTiltLeftHydraulicPunch" node="0>0|5|0|1|2|0" />
        <i3dMapping id="headerTiltRightHydraulic" node="0>0|5|0|1|3" />
        <i3dMapping id="headerTiltRightHydraulicPunch" node="0>0|5|0|1|3|0" />
        <i3dMapping id="feederRotatingPart" node="0>0|5|0|1|4" />
        <i3dMapping id="belts01" node="0>0|5|0|1|5" />
        <i3dMapping id="feederHydraulicRef" node="0>0|5|0|1|6" />
        <i3dMapping id="ptoOutputLeft" node="0>0|5|0|1|9" />
        <i3dMapping id="ptoOutputRight" node="0>0|5|0|1|10" />
        <i3dMapping id="cnhMultiCoupler" node="0>0|5|0|1|11|0" />
        <i3dMapping id="localHose01End" node="0>0|5|0|1|11|0|0" />
        <i3dMapping id="localHose02End" node="0>0|5|0|1|11|0|1" />
        <i3dMapping id="localHose03End" node="0>0|5|0|1|11|0|2" />
        <i3dMapping id="localHose04End" node="0>0|5|0|1|11|0|3" />
        <i3dMapping id="localHose05End" node="0>0|5|0|1|11|0|4" />
        <i3dMapping id="electricConnector" node="0>0|5|0|1|11|1" />
        <i3dMapping id="localHose06End" node="0>0|5|0|1|11|1|0" />
        <i3dMapping id="hosesDetached" node="0>0|5|0|1|11|2" />
        <i3dMapping id="hosesAttached" node="0>0|5|0|1|11|3" />
        <i3dMapping id="localHose01Start" node="0>0|5|0|1|11|3|0" />
        <i3dMapping id="localHose02Start" node="0>0|5|0|1|11|3|1" />
        <i3dMapping id="localHose03Start" node="0>0|5|0|1|11|3|2" />
        <i3dMapping id="localHose04Start" node="0>0|5|0|1|11|3|3" />
        <i3dMapping id="localHose05Start" node="0>0|5|0|1|11|3|4" />
        <i3dMapping id="localHose06Start" node="0>0|5|0|1|11|3|5" />
        <i3dMapping id="feederChain" node="0>0|5|0|1|14" />
        <i3dMapping id="exhaustParticle1" node="0>0|6|0" />
        <i3dMapping id="exhaustFlap" node="0>0|6|1" />
        <i3dMapping id="chopperSmokeEmitter" node="0>0|6|2|0" />
        <i3dMapping id="strawEffectSmokeEmitter" node="0>0|6|2|1" />
        <i3dMapping id="strawUnloadEffectNode" node="0>0|6|3" />
        <i3dMapping id="chopperCenterEffectNode" node="0>0|6|4" />
        <i3dMapping id="workAreaStrawStart" node="0>0|7|0" />
        <i3dMapping id="workAreaStrawWidth" node="0>0|7|1" />
        <i3dMapping id="workAreaStrawHeight" node="0>0|7|2" />
        <i3dMapping id="workAreaChopperStart" node="0>0|7|3" />
        <i3dMapping id="workAreaChopperWidth" node="0>0|7|4" />
        <i3dMapping id="workAreaChopperHeight" node="0>0|7|5" />
        <i3dMapping id="steeringWheel" node="0>0|8|0|0" />
        <i3dMapping id="playerLeftHandTarget" node="0>0|8|0|0|0" />
        <i3dMapping id="seat" node="0>0|8|1" />
        <i3dMapping id="joystick" node="0>0|8|1|0" />
        <i3dMapping id="playerRightHandTarget" node="0>0|8|1|0|0" />
        <i3dMapping id="joystickDecalsLit" node="0>0|8|1|0|1" />
        <i3dMapping id="playerSkin" node="0>0|8|1|1" />
        <i3dMapping id="terminalDisplayDecal" node="0>0|8|1|2|0" />
        <i3dMapping id="seatDecalsLit" node="0>0|8|1|2|1" />
        <i3dMapping id="playerRightFootTarget" node="0>0|8|2|0" />
        <i3dMapping id="playerLeftFootTarget" node="0>0|8|2|1" />
        <i3dMapping id="pedalBrake" node="0>0|8|3|0|0" />
        <i3dMapping id="playerRightFootTargetBrake" node="0>0|8|3|0|0|0" />
        <i3dMapping id="mirrorDecal01" node="0>0|8|4|0" />
        <i3dMapping id="mirrorDecal02" node="0>0|8|4|1" />
        <i3dMapping id="wiperArm01" node="0>0|8|5|0" />
        <i3dMapping id="wiper" node="0>0|8|5|0|0" />
        <i3dMapping id="wiperArm02" node="0>0|8|5|1" />
        <i3dMapping id="interiorDecalLit" node="0>0|8|6|0" />
        <i3dMapping id="workLightBackDecal" node="0>0|8|6|1" />
        <i3dMapping id="workLightFrontDecal" node="0>0|8|6|2" />
        <i3dMapping id="beaconLightDecal" node="0>0|8|6|3" />
        <i3dMapping id="ignitionKey" node="0>0|8|6|4|0" />
        <i3dMapping id="grainTankDoorRightRotor" node="0>0|9|0|0" />
        <i3dMapping id="fillArmPartRef" node="0>0|9|0|0|0" />
        <i3dMapping id="flapRightArmRef" node="0>0|9|0|0|1" />
        <i3dMapping id="grainTankArm02Ref" node="0>0|9|0|0|2" />
        <i3dMapping id="flapFrontArmRef" node="0>0|9|0|0|3" />
        <i3dMapping id="flapBackArmRef" node="0>0|9|0|0|4" />
        <i3dMapping id="flapFrontRef" node="0>0|9|0|0|5|0" />
        <i3dMapping id="flapBackRef" node="0>0|9|0|0|6|0" />
        <i3dMapping id="fillArmRefFrame" node="0>0|9|0|1" />
        <i3dMapping id="fillArm" node="0>0|9|0|1|0" />
        <i3dMapping id="fillArmPart" node="0>0|9|0|1|0|0" />
        <i3dMapping id="fillArmAuger" node="0>0|9|0|1|0|1|0" />
        <i3dMapping id="grainTankEffect" node="0>0|9|0|1|0|4|0" />
        <i3dMapping id="grainTankSmoke" node="0>0|9|0|1|0|4|1" />
        <i3dMapping id="flapRightRefFrame" node="0>0|9|0|2" />
        <i3dMapping id="flapRight" node="0>0|9|0|2|0" />
        <i3dMapping id="flapRightArm" node="0>0|9|0|2|0|0" />
        <i3dMapping id="flapRightArmRefFrame" node="0>0|9|0|3" />
        <i3dMapping id="grainTankArm01" node="0>0|9|0|4" />
        <i3dMapping id="grainTankArm02RefFrame" node="0>0|9|0|4|0" />
        <i3dMapping id="grainTankArm02" node="0>0|9|0|4|0|0" />
        <i3dMapping id="flapLeftArmRef" node="0>0|9|0|4|1" />
        <i3dMapping id="flapLeftRefFrame" node="0>0|9|0|5" />
        <i3dMapping id="flapLeft" node="0>0|9|0|5|0" />
        <i3dMapping id="flapLeftArm" node="0>0|9|0|5|0|0" />
        <i3dMapping id="flapLeftArmRefFrame" node="0>0|9|0|6" />
        <i3dMapping id="flapFrontRefFrame" node="0>0|9|0|7" />
        <i3dMapping id="flapFront" node="0>0|9|0|7|0" />
        <i3dMapping id="flapFrontArm" node="0>0|9|0|7|0|0" />
        <i3dMapping id="axialFlow150LightsGrainTank_static" node="0>0|9|0|7|0|3|0" />
        <i3dMapping id="axialFlow150LightsGlassGrainTank_static" node="0>0|9|0|7|0|3|1" />
        <i3dMapping id="workLightBackLow1Rot" node="0>0|9|0|7|0|6" />
        <i3dMapping id="workLightBackLow1" node="0>0|9|0|7|0|6|0" />
        <i3dMapping id="flapBackRefFrame" node="0>0|9|0|8" />
        <i3dMapping id="flapBack" node="0>0|9|0|8|0" />
        <i3dMapping id="flapBackArm" node="0>0|9|0|8|0|0" />
        <i3dMapping id="pipe" node="0>0|9|1|0|0" />
        <i3dMapping id="pipeEnd" node="0>0|9|1|0|0|0|0" />
        <i3dMapping id="pipeEndHydraulicRef" node="0>0|9|1|0|0|0|0|0" />
        <i3dMapping id="axialFlow150LightsPipe_static" node="0>0|9|1|0|0|0|0|2|0" />
        <i3dMapping id="axialFlow150LightsGlassPipe_static" node="0>0|9|1|0|0|0|0|2|1" />
        <i3dMapping id="dischargeNode" node="0>0|9|1|0|0|0|0|3" />
        <i3dMapping id="pipeEffect" node="0>0|9|1|0|0|0|0|4|0" />
        <i3dMapping id="pipeEffectSmoke" node="0>0|9|1|0|0|0|0|4|1" />
        <i3dMapping id="pipeHydraulicRef" node="0>0|9|1|0|0|1" />
        <i3dMapping id="pipeEndHydraulic" node="0>0|9|1|0|0|2" />
        <i3dMapping id="pipeEndHydraulicPunch" node="0>0|9|1|0|0|2|0" />
        <i3dMapping id="unloadingAuger" node="0>0|9|1|0|0|3|0" />
        <i3dMapping id="pipeHydraulic" node="0>0|9|1|1" />
        <i3dMapping id="pipeHydraulicPunch" node="0>0|9|1|1|0" />
        <i3dMapping id="ladder" node="0>0|9|2" />
        <i3dMapping id="extinguisher" node="0>0|9|2|0" />
        <i3dMapping id="feederHydraulic" node="0>0|9|3" />
        <i3dMapping id="feederHydraulicPunch" node="0>0|9|3|0" />
        <i3dMapping id="airFilterCleaner" node="0>0|9|4" />
        <i3dMapping id="airFilterCleaner1" node="0>0|9|5" />
        <i3dMapping id="chafferLeftDrum" node="0>0|9|6" />
        <i3dMapping id="chafferRightRum" node="0>0|9|7" />
        <i3dMapping id="belts02" node="0>0|9|8" />
        <i3dMapping id="fillVolume" node="0>0|10|0" />
        <i3dMapping id="exactFillRootNode" node="0>0|10|1" />
        <i3dMapping id="exactFillRootNodeFuel" node="0>0|10|2" />
        <i3dMapping id="unloadInfo" node="0>0|10|3" />
        <i3dMapping id="loadInfo" node="0>0|10|4" />
        <i3dMapping id="trailerTrigger" node="0>0|10|5" />
        <i3dMapping id="beaconLight03" node="0>0|11|0" />
        <i3dMapping id="beaconLight02" node="0>0|11|1" />
        <i3dMapping id="beaconLight01" node="0>0|11|2" />
        <i3dMapping id="exteriorA" node="0>0|12|0" />
        <i3dMapping id="grid2" node="0>0|12|1" />
        <i3dMapping id="alpha" node="0>0|12|3" />
        <i3dMapping id="chainJoint1" node="0>0|14" />
        <i3dMapping id="axialFlow150_axis_component2" node="1>" />
        <i3dMapping id="axisBackLeft" node="1>0|0|0" />
        <i3dMapping id="wheelBackLeft" node="1>0|0|0|0|0" />
        <i3dMapping id="steeringBarLeft" node="1>0|0|0|1" />
        <i3dMapping id="axisBackRight" node="1>0|1|0" />
        <i3dMapping id="wheelBackRight" node="1>0|1|0|0|0" />
        <i3dMapping id="steeringBarRight" node="1>0|1|0|1" />
        <i3dMapping id="steeringBar" node="1>0|3" />
        <i3dMapping id="steeringBarLeftRef" node="1>0|3|0" />
        <i3dMapping id="steeringBarRightRef" node="1>0|3|1" />
        <i3dMapping id="trailerAttacherJointBack" node="1>0|7" />
    </i3dMappings>
</vehicle>
