﻿<?xml version="1.0" encoding="utf-8" standalone="no"?>
<vehicle type="trailer" xmlns:xsi="http://www.w3.org/2001/XMLSchema-instance" xsi:noNamespaceSchemaLocation="../../../../shared/xml/schema/vehicle.xsd">
    <annotation>Copyright (C) GIANTS Software GmbH, All Rights Reserved.</annotation>

    <storeData>
        <name>Big Body 750 S</name>
        <functions>
            <function>$l10n_function_tipper</function>
        </functions>
        <image>$data/vehicles/krampe/bigBodyS750/store_bigBodyS750.png</image>
        <price>35500</price>
        <lifetime>600</lifetime>
        <rotation>0</rotation>
        <brand>KRAMPE</brand>
        <category>trailers</category>
        <shopTranslationOffset>0 0.072 0</shopTranslationOffset>
        <shopRotationOffset>0.041 0 0</shopRotationOffset>
        <vertexBufferMemoryUsage>0</vertexBufferMemoryUsage>
        <indexBufferMemoryUsage>0</indexBufferMemoryUsage>
        <textureMemoryUsage>0</textureMemoryUsage>
        <instanceVertexBufferMemoryUsage>0</instanceVertexBufferMemoryUsage>
        <instanceIndexBufferMemoryUsage>0</instanceIndexBufferMemoryUsage>
    </storeData>

    <base>
        <typeDesc>$l10n_typeDesc_tipper</typeDesc>
        <filename>$data/vehicles/krampe/bigBodyS750/bigBodyS750.i3d</filename>
        <size width="2.8" length="9.5" height="4.1"/>
        <sounds volumeFactor="1.8"/>
        <components maxMass="24000">
            <component centerOfMass="0 0.75 -1.1" solverIterationCount="10" mass="6475"/>
        </components>
        <schemaOverlay attacherJointPosition="0 0" name="IMPLEMENT"/>
        <mapHotspot type="TRAILER"/>
    </base>

    <configurationSets title="$l10n_configuration_design">
        <configurationSet name="$l10n_configuration_valueDefault">
            <configuration name="design" index="1"/>
            <configuration name="rimColor" index="1"/>
        </configurationSet>
        <configurationSet name="Michelin Agritechnica Special">
            <configuration name="design" index="2"/>
            <configuration name="rimColor" index="2"/>

            <configuration name="baseColor" index="4"/>
            <configuration name="designColor" index="3"/>
            <configuration name="fillUnit" index="1"/>
            <configuration name="fillVolume" index="1"/>
        </configurationSet>
    </configurationSets>

    <wheels>
        <wheelConfigurations tireCategories="TRAILER" customBrandOrder="MICHELIN">
            <tireCombination brand="TRELLEBORG" names="T404"/>
            <wheelConfiguration name="$l10n_configuration_valueDefault" price="0" saveId="DEFAULT">
                <wheels>
                    <wheel dimensions="600_60R30_5" isLeft="true">
                        <physics tipOcclusionAreaGroupId="1" restLoad="1.7" repr="wheelFrontLeft"                                forcePointRatio="0.3" initialCompression="15" suspTravel="0.12" spring="78" damper="55" xOffset="0.01" yOffset="0.025"/>
                    </wheel>
                    <wheel dimensions="600_60R30_5" isLeft="false">
                        <physics tipOcclusionAreaGroupId="1" restLoad="1.7" repr="wheelFrontRight"                               forcePointRatio="0.3" initialCompression="15" suspTravel="0.12" spring="78" damper="55" xOffset="0.01" yOffset="0.025"/>
                        <wheelChock parkingNode="wheelChock01_01"/>
                        <wheelChock parkingNode="wheelChock01_02" isInverted="true"/>
                    </wheel>
                    <wheel dimensions="600_60R30_5" isLeft="true" hasTireTracks="true" hasParticles="true">
                        <physics tipOcclusionAreaGroupId="1" restLoad="1.7" repr="wheelBackLeftRepr"  driveNode="wheelBackLeft"  forcePointRatio="0.3" initialCompression="15" suspTravel="0.12" spring="78" damper="55" xOffset="0.01" yOffset="0.025"/>
                        <steeringAxle scale="-0.7" rotMax="11" rotMin="-11"/>
                        <steering node="steeringBarBack" nodeMinTransX="0.07" nodeMaxTransX="-0.07"/>
                    </wheel>
                    <wheel dimensions="600_60R30_5" isLeft="false" hasTireTracks="true" hasParticles="true">
                        <physics tipOcclusionAreaGroupId="1" restLoad="1.7" repr="wheelBackRightRepr" driveNode="wheelBackRight" forcePointRatio="0.3" initialCompression="15" suspTravel="0.12" spring="78" damper="55" xOffset="0.01" yOffset="0.025"/>
                        <steeringAxle scale="-0.7" rotMax="11" rotMin="-11"/>
                    </wheel>
                </wheels>
            </wheelConfiguration>

            <wheelConfiguration name="$l10n_configuration_valueWheelBroad" price="750" saveId="BROAD">
                <wheels baseConfig="DEFAULT">
                    <wheel dimensions="710_50R30_5">
                        <physics xOffset="0.02"/>
                    </wheel>
                    <wheel dimensions="710_50R30_5">
                        <physics xOffset="0.02"/>
                    </wheel>
                    <wheel dimensions="710_50R30_5">
                        <physics xOffset="0.02"/>
                    </wheel>
                    <wheel dimensions="710_50R30_5">
                        <physics xOffset="0.02"/>
                    </wheel>
                </wheels>
            </wheelConfiguration>
        </wheelConfigurations>

        <hubMaterial useDesignColorIndex="1"/>

        <hubs>
            <hub linkNode="wheelFrontLeft"  filename="$data/shared/wheels/hubs/hub_n10_5.xml" isLeft="true"  scale="0.3 0.38 0.38"/>
            <hub linkNode="wheelFrontRight" filename="$data/shared/wheels/hubs/hub_n10_5.xml" isLeft="false" scale="0.3 0.38 0.38"/>
            <hub linkNode="wheelBackLeft"   filename="$data/shared/wheels/hubs/hub_n10_5.xml" isLeft="true"  scale="0.3 0.38 0.38"/>
            <hub linkNode="wheelBackRight"  filename="$data/shared/wheels/hubs/hub_n10_5.xml" isLeft="false" scale="0.3 0.38 0.38"/>
        </hubs>
    </wheels>

    <rimColorConfigurations>
        <rimColorConfiguration materialTemplateName="RIM_DEFAULT" name="$l10n_ui_colorSilver"/>
        <rimColorConfiguration materialTemplateName="KRAMPE_WHITE1" isSelectable="false"/>
    </rimColorConfigurations>

    <designConfigurations>
        <!-- Krampe config -->
        <designConfiguration>
            <objectChange node="tipBackKrampe_decals" visibilityActive="true" visibilityInactive="false"/>
            <objectChange node="doorLeftKrampe_decals" visibilityActive="true" visibilityInactive="false"/>
            <objectChange node="doorBackKrampe_decals" visibilityActive="true" visibilityInactive="false"/>
            <objectChange node="doorGrainKrampe_decals" visibilityActive="true" visibilityInactive="false"/>
        </designConfiguration>
        <!-- Michelin config -->
        <designConfiguration isSelectable="false">
            <objectChange node="tipBackMichelin_decals" visibilityActive="true" visibilityInactive="false"/>
            <objectChange node="doorLeftMichelin_decals" visibilityActive="true" visibilityInactive="false"/>
            <objectChange node="extensionTopMichelin_decals" visibilityActive="true" visibilityInactive="false"/>
            <objectChange node="doorBackMichelin_decals" visibilityActive="true" visibilityInactive="false"/>
            <objectChange node="doorBackExtensionMichelin_decals" visibilityActive="true" visibilityInactive="false"/>
            <objectChange node="doorGrainMichelin_decals" visibilityActive="true" visibilityInactive="false"/>
        </designConfiguration>
    </designConfigurations>

    <attachable>
        <inputAttacherJoints>
            <inputAttacherJoint node="attacherJoint" jointType="trailerLow" attacherHeight="0.772" steeringBarLeftNode="steeringBarLeft">
                <objectChange node="steeringBarLeftMount" visibilityActive="false" visibilityInactive="true"/>
                <objectChange node="steeringBarLeft" rotationInactive="0 0 0"/>
            </inputAttacherJoint>
        </inputAttacherJoints>
        <support animationName="moveSupport"/>
        <steeringAxleAngleScale startSpeed="0" endSpeed="90"/>
        <brakeForce force="1.4" maxForce="3" maxForceMass="24000"/>

        <sounds>
            <active file="$data/sounds/tools/trailer/trailerRattle_02.wav" innerRadius="10" outerRadius="50" volumeScale="2" isLocalSound="true" pitchScale="1.0">
                <volume indoor="0.6" outdoor="0.9" >
                    <modifier type="WHEEL_SUSPENSION" value="-0.05" modifiedValue="0.35"/>
                    <modifier type="WHEEL_SUSPENSION" value="-0.03" modifiedValue="0.25"/>
                    <modifier type="WHEEL_SUSPENSION" value="-0.00" modifiedValue="0.0"/>
                    <modifier type="WHEEL_SUSPENSION" value="0.03" modifiedValue="0.25"/>
                    <modifier type="WHEEL_SUSPENSION" value="0.05" modifiedValue="0.35"/>

                    <modifier type="SPEED" value="0.0" modifiedValue="0.0"/>
                    <modifier type="SPEED" value="2.0" modifiedValue="1.0"/>
                    <modifier type="SPEED" value="40.0" modifiedValue="1.0"/>
                </volume>
                <lowpassCutoffFrequency indoor="300" outdoor="20000" />
                <lowpassGain indoor="0.7" outdoor="1" />
            </active>
        </sounds>
    </attachable>

    <tipOccluder>
        <occlusionArea start="tipOcclusionAreaStart" width="tipOcclusionAreaWidth" height="tipOcclusionAreaHeight"/>
    </tipOccluder>

    <licensePlates>
        <licensePlate node="licensePlateBack" position="BACK" preferedType="ELONGATED" placementArea="0.06 0.27 0.08 0.27"/>
    </licensePlates>

    <connectionHoses>
        <hose inputAttacherJointIndices="1" type="electric" node="electric" length="1.5" diameter="0.01" straighteningFactor="1" adapterNode="electric_connector">
            <objectChange node="electric_detached" visibilityActive="false" visibilityInactive="true"/>
        </hose>
        <hose inputAttacherJointIndices="1" type="airDoubleRed" node="airRed" length="1.5" diameter="0.015" straighteningFactor="1" adapterNode="airRed_connector">
            <objectChange node="airRed_detached" visibilityActive="false" visibilityInactive="true"/>
        </hose>
        <hose inputAttacherJointIndices="1" type="airDoubleYellow" node="airYellow" length="1.5" diameter="0.015" straighteningFactor="1" adapterNode="airYellow_connector">
            <objectChange node="airYellow_detached" visibilityActive="false" visibilityInactive="true"/>
        </hose>
        <hose inputAttacherJointIndices="1" type="hydraulicIn"  node="hydraulicIn01"  length="1.5" diameter="0.02" straighteningFactor="1" adapterNode="hydraulicIn01_connector">
           <objectChange node="hydraulicIn01_detached" visibilityActive="false" visibilityInactive="true"/>
        </hose>
        <hose inputAttacherJointIndices="1" type="hydraulicOut" node="hydraulicOut01" length="1.5" diameter="0.02" straighteningFactor="1" adapterNode="hydraulicOut01_connector">
            <objectChange node="hydraulicOut01_detached" visibilityActive="false" visibilityInactive="true"/>
        </hose>
        <hose inputAttacherJointIndices="1" type="hydraulicIn"  node="hydraulicIn02"  length="1.5" diameter="0.02" straighteningFactor="1" adapterNode="hydraulicIn02_connector">
           <objectChange node="hydraulicIn02_detached" visibilityActive="false" visibilityInactive="true"/>
        </hose>
        <hose inputAttacherJointIndices="1" type="hydraulicOut" node="hydraulicOut02" length="1.5" diameter="0.02" straighteningFactor="1" adapterNode="hydraulicOut02_connector">
            <objectChange node="hydraulicOut02_detached" visibilityActive="false" visibilityInactive="true"/>
        </hose>
        <hose inputAttacherJointIndices="1" type="hydraulicIn"  node="hydraulicIn03"  length="1.5" diameter="0.02" straighteningFactor="1" adapterNode="hydraulicIn03_connector">
           <objectChange node="hydraulicIn03_detached" visibilityActive="false" visibilityInactive="true"/>
        </hose>
        <hose inputAttacherJointIndices="1" type="hydraulicOut" node="hydraulicOut03" length="1.5" diameter="0.02" straighteningFactor="1" adapterNode="hydraulicIn03_connector">
            <objectChange node="hydraulicOut03_detached" visibilityActive="false" visibilityInactive="true"/>
        </hose>
         <sounds>
            <connect    type="hydraulicIn"  template="hydraulicHosesAttach" volumeScale="0.4" pitchScale="1" linkNode="attacherJoint"/>
            <connect    type="airDoubleRed" template="generalConnection"    volumeScale="0.4" pitchScale="1" linkNode="attacherJoint"/>
            <disconnect type="hydraulicIn"  template="hydraulicHosesDetach" volumeScale="0.5" pitchScale="1" linkNode="attacherJoint"/>
            <disconnect type="airDoubleRed" template="generalConnection"    volumeScale="0.4" pitchScale="1" linkNode="attacherJoint"/>
        </sounds>
    </connectionHoses>

    <lights>
        <sharedLight linkNode="rearLight55_left"      filename="$data/shared/assets/lights/lizard/rearLight33_left.xml"/>
        <sharedLight linkNode="rearLight55_right"     filename="$data/shared/assets/lights/lizard/rearLight33_right.xml"/>
        <sharedLight linkNode="sideMarker09White_01"  filename="$data/shared/assets/lights/lizard/sideMarker09White.xml"/>
        <sharedLight linkNode="sideMarker09White_02"  filename="$data/shared/assets/lights/lizard/sideMarker09White.xml"/>
        <sharedLight linkNode="sideMarker09Orange_01" filename="$data/shared/assets/lights/lizard/sideMarker09Orange.xml"/>
        <sharedLight linkNode="sideMarker09Orange_02" filename="$data/shared/assets/lights/lizard/sideMarker09Orange.xml"/>
        <sharedLight linkNode="sideMarker09Orange_03" filename="$data/shared/assets/lights/lizard/sideMarker09Orange.xml"/>
        <sharedLight linkNode="sideMarker09Orange_04" filename="$data/shared/assets/lights/lizard/sideMarker09Orange.xml"/>
        <sharedLight linkNode="sideMarker09Orange_05" filename="$data/shared/assets/lights/lizard/sideMarker09Orange.xml"/>
        <sharedLight linkNode="sideMarker09Orange_06" filename="$data/shared/assets/lights/lizard/sideMarker09Orange.xml"/>
        <sharedLight linkNode="sideMarker15_left"     filename="$data/shared/assets/lights/lizard/sideMarker15_left.xml"/>
        <sharedLight linkNode="sideMarker15_right"    filename="$data/shared/assets/lights/lizard/sideMarker15_right.xml"/>
        <sharedLight linkNode="plateNumberLight02"    filename="$data/shared/assets/lights/lizard/plateNumberLight02.xml"/>
        <sharedLight linkNode="hellaWorkingLightSquare_02_01" filename="$data/shared/assets/lights/hella/hellaWorkingLight06.xml"/>
        <sharedLight linkNode="hellaWorkingLightSquare_02_02" filename="$data/shared/assets/lights/hella/hellaWorkingLight06.xml"/>

        <realLights>
            <high>
                <light node="backLightsHigh"        lightTypes="0"/>
                <light node="licensePlateLightHigh" lightTypes="0"/>
                <light node="workLightBackHigh"     lightTypes="1"/>
                <turnLightLeft  node="turnLightLeftBack"/>
                <turnLightRight node="turnLightRightBack"/>
                <brakeLight     node="backLightsHigh"/>
                <reverseLight  node="reverseLightHigh"/>
            </high>
        </realLights>
    </lights>

    <animations>
        <animation name="moveSupport">
            <part node="supportArm" startTime="0" endTime="0.5" startTrans="0 0 0" endTrans="0 -0.575 0"/>

            <sound template="slideOpen"  startTime="0.01" endTime="0.49" volumeScale="5.8" pitchScale="0.8" linkNode="supportArm" fadeIn="0.1" fadeOut="0.01"/>
            <sound template="clackVar6"  startTime="0.1"  direction="-1" volumeScale="0.6" pitchScale="0.8" linkNode="supportArm"/>
            <sound template="hingeImp"  startTime="0.1"  direction="-1" volumeScale="0.3" pitchScale="1.2" linkNode="supportArm"/>
            <sound template="latchSmall" startTime="0.49" direction="-1" volumeScale="0.2" pitchScale="2"   linkNode="attacherJoint"/>
            <sound template="clackVar6"  startTime="0.49" direction="-1" volumeScale="0.6" pitchScale="0.7" linkNode="attacherJoint"/>
        </animation>

        <animation name="tipAnimationBack">
            <part node="tipBack"    startTime="0.0" endTime="15.0" startRot="0 0 0" endRot="-50 0 0"/>

            <sound template="cylinderPunch" startTime="0.05"  direction="-1" volumeScale="0.9" pitchScale="0.7"/>
            <sound template="clackVar6"     startTime="0.05"  direction="-1" volumeScale="0.8" pitchScale="0.6"/>
            <sound template="metalClose"    startTime="0.05"  direction="-1" volumeScale="1.4" pitchScale="0.5"/>
            <sound template="thudVar2"      startTime="14.99" direction="1"  volumeScale="3.5" pitchScale="0.8"/>
            <sound template="clackVar6"     startTime="14.99" direction="1"  volumeScale="0.8" pitchScale="0.6"/>
            <sound template="cylinderPunch" startTime="14.99" direction="1"  volumeScale="0.6" pitchScale="1"/>
            <sound template="thudVar2"      startTime="0.01"  direction="1"  volumeScale="2.0" pitchScale="0.8"/>
            <sound template="clackVar6"     startTime="0.01"  direction="1"  volumeScale="0.8" pitchScale="0.4"/>
            <sound template="thudVar2"      startTime="14.9"  direction="-1" volumeScale="1.5" pitchScale="0.7"/>
            <sound template="clackVar6"     startTime="14.99" direction="-1" volumeScale="0.8" pitchScale="0.3"/>
        </animation>

        <animation name="tipAnimationBackDoor">
            <part node="doorBackLock" startTime="0.0" endTime="0.8"  startRot="0 0 0" endRot="-18 0 0"/>
            <part node="doorBack"     startTime="0.8" endTime="15.0" startRot="0 0 0" endRot="50 0 0"/>

            <sound template="clackVar2"             startTime="0.3"   direction="0"  volumeScale="0.7" pitchScale="1.7" linkNode="doorBack"/>
            <sound template="thudVar2"              startTime="0.8"   direction="1"  volumeScale="4"   pitchScale="0.5" linkNode="doorBack"/>
            <sound template="clackVar6"             startTime="14.99" direction="1"  volumeScale="0.6" pitchScale="0.6" linkNode="doorBack"/>
            <sound template="cylinderPunch"         startTime="14.99" direction="1"  volumeScale="0.3" pitchScale="0.7" linkNode="doorBack"/>
            <sound template="thudVar2"              startTime="14.99" direction="1"  volumeScale="3.5" pitchScale="1"   linkNode="doorBack"/>
            <sound template="sheetImp02"            startTime="14.99" direction="1"  volumeScale="2.5" pitchScale="0.7" linkNode="doorBack"/>
            <sound template="metalOpen"             startTime="14.9"  direction="1"  volumeScale="1"   pitchScale="0.6" linkNode="doorBack"/>
            <sound template="clackVar6"             startTime="1"     direction="-1" volumeScale="1.6" pitchScale="0.6" linkNode="doorBack"/>
            <sound template="metalClose"            startTime="1"     direction="-1" volumeScale="2.0" pitchScale="1.1" linkNode="doorBack"/>
            <sound template="cylinderPunch"         startTime="1"     direction="-1" volumeScale="0.6" pitchScale="1.1" linkNode="doorBack"/>
            <sound template="trailerCloseImpact_01" startTime="1"     direction="-1" volumeScale="0.4" pitchScale="0.9" linkNode="doorBack"/>
        </animation>

        <animation name="tipAnimationLeft">
            <part node="tipLeft"       startTime="0.2" endTime="15.0" startRot="0 0 0" endRot="0 0 -30"/>
            <part node="tipLeftPart01" startTime="0.2" endTime="15.0" startRot="0 0 0" endRot="0 0 30"/>
            <part node="tipLeftPart02" startTime="0.2" endTime="15.0" startRot="0 0 0" endRot="0 0 -38"/>

            <sound template="cylinderPunch" startTime="0.2"   direction="-1" volumeScale="0.9" pitchScale="0.7"/>
            <sound template="clackVar6"     startTime="0.2"   direction="-1" volumeScale="0.8" pitchScale="0.6"/>
            <sound template="metalClose"    startTime="0.2"   direction="-1" volumeScale="1.4" pitchScale="0.5"/>
            <sound template="thudVar2"      startTime="14.99" direction="1"  volumeScale="3.5" pitchScale="0.8"/>
            <sound template="clackVar6"     startTime="14.99" direction="1"  volumeScale="0.8" pitchScale="0.6"/>
            <sound template="cylinderPunch" startTime="14.99" direction="1"  volumeScale="0.6" pitchScale="1"/>
            <sound template="thudVar2"      startTime="0.2"   direction="1"  volumeScale="2.0" pitchScale="0.8"/>
            <sound template="clackVar6"     startTime="0.2"   direction="1"  volumeScale="0.8" pitchScale="0.4"/>
            <sound template="thudVar2"      startTime="14.9"  direction="-1" volumeScale="1.5" pitchScale="0.7"/>
            <sound template="clackVar6"     startTime="14.99" direction="-1" volumeScale="0.8" pitchScale="0.3"/>
        </animation>

        <animation name="tipAnimationLeftDoor">
            <part node="doorLeftLockFrontPart01" startTime="0.0" endTime="0.2"  startRot="0 0 0" endRot="0 -90 0"/>
            <part node="doorLeftLockFrontPart03" startTime="0.0" endTime="0.2"  startRot="0 0 0" endRot="0 0 -75"/>
            <part node="doorLeftLockFrontPart03" startTime="0.2" endTime="15.0" startRot="0 0 -75" endRot="0 0 -45"/>
            <part node="doorLeftLockBackPart01"  startTime="0.0" endTime="0.2"  startRot="0 0 0" endRot="0 -90 0"/>
            <part node="doorLeftLockBackPart03"  startTime="0.0" endTime="0.2"  startRot="0 0 0" endRot="0 0 -75"/>
            <part node="doorLeftLockBackPart03"  startTime="0.2" endTime="15.0" startRot="0 0 -75" endRot="0 0 -45"/>
            <part node="doorLeft"                startTime="0.2" endTime="15.0" startRot="0 0 0" endRot="0 0 60"/>

            <sound template="cylinderPunch" startTime="0.2"   direction="1"  volumeScale="0.4" pitchScale="0.7"/>
            <sound template="clackVar6"     startTime="14.99" direction="1"  volumeScale="1.1" pitchScale="0.7"/>
            <sound template="sheetImp02"    startTime="14.99" direction="1"  volumeScale="2"   pitchScale="0.7"/>
            <sound template="metalOpen"     startTime="14.99" direction="1"  volumeScale="1"   pitchScale="0.7"/>
            <sound template="metalClose"    startTime="0.15"  direction="-1" volumeScale="2"   pitchScale="0.6"/>
            <sound template="thudVar2"      startTime="0.15"  direction="-1" volumeScale="2"   pitchScale="0.8"/>
            <sound template="cylinderPunch" startTime="0.15"  direction="-1" volumeScale="0.3" pitchScale="0.7"/>
        </animation>

        <animation name="tipAnimationDoorGrain">
            <part node="tipBack" startTime="1.0" endTime="7.0" startRot="0 0 0" endRot="-25 0 0"/>

            <sound template="thudVar2"      startTime="1"  direction="1"  volumeScale="2.0" pitchScale="0.8"/>
            <sound template="clackVar6"     startTime="1"  direction="1"  volumeScale="0.8" pitchScale="0.4"/>
            <sound template="thudVar2"      startTime="6.99" direction="1"  volumeScale="3.5" pitchScale="1.4"/>
            <sound template="clackVar6"     startTime="6.99" direction="1"  volumeScale="0.8" pitchScale="0.6"/>
            <sound template="cylinderPunch" startTime="6.99" direction="1"  volumeScale="0.6" pitchScale="1"/>
            <sound template="thudVar2"      startTime="6.9"  direction="-1" volumeScale="1.5" pitchScale="0.7"/>
            <sound template="clackVar6"     startTime="6.99" direction="-1" volumeScale="0.8" pitchScale="0.3"/>
            <sound template="cylinderPunch" startTime="1.01"  direction="-1" volumeScale="0.9" pitchScale="0.7"/>
            <sound template="clackVar6"     startTime="1.01"  direction="-1" volumeScale="1" pitchScale="0.6"/>
            <sound template="metalClose"    startTime="1.01"  direction="-1" volumeScale="1.2" pitchScale="0.5"/>
        </animation>

        <animation name="tipAnimationDoorGrainDoor">
            <part node="doorGrainLock" startTime="0.0" endTime="0.5" startRot="0 0 0" endRot="782 0 0"/>
            <part node="doorGrain"     startTime="0.5" endTime="1.0" startTrans="0 0 0" endTrans="0 0.34 0"/>

            <sound template="latchSmall"    startTime="0.01" direction="1"  volumeScale="0.4" pitchScale="0.5" linkNode="doorGrain"/>
            <sound template="latchSmall"    startTime="0.99" direction="-1" volumeScale="0.2" pitchScale="0.7" linkNode="doorGrain"/>
            <sound template="slideOpen"     startTime="0.02" direction="1"  volumeScale="2"   pitchScale="2"   linkNode="doorGrain"/>
            <sound template="slideClose"    startTime="0.99" direction="-1" volumeScale="2"   pitchScale="2"   linkNode="doorGrain"/>
            <sound template="metalClose"    startTime="0.9"  direction="1"  volumeScale="0.8" pitchScale="2"   linkNode="doorGrain"/>
            <sound template="clackVar6"     startTime="0.9"  direction="1"  volumeScale="1.1" pitchScale="0.8" linkNode="doorGrain"/>
            <sound template="cylinderPunch" startTime="0.5"  direction="-1" volumeScale="0.3" pitchScale="3"   linkNode="doorGrain"/>
            <sound template="metalClose"    startTime="0.5"  direction="-1" volumeScale="0.8" pitchScale="1.8" linkNode="doorGrain"/>
            <sound template="clackVar6"     startTime="0.5"  direction="-1" volumeScale="0.8" pitchScale="1"   linkNode="doorGrain"/>
        </animation>
    </animations>

    <cylindered>
        <movingTools>
            <movingTool node="tipBack">
                <dependentPart node="tipHydraulicPart"/>
            </movingTool>

            <movingTool node="tipLeft">
                <dependentPart node="tipHydraulic"/>
                <dependentPart node="tipHydraulicPart"/>
            </movingTool>

            <movingTool node="doorBackLock">
                <dependentPart node="doorBackHydraulic"/>
            </movingTool>
            <movingTool node="doorBack">
                <dependentPart node="doorBackHydraulic"/>
            </movingTool>

            <movingTool node="doorLeftLockFrontPart01">
                <dependentPart node="doorLeftLockFrontHydraulic"/>
                <dependentPart node="doorLeftLockFrontPart02"/>
            </movingTool>
            <movingTool node="doorLeftLockBackPart01">
                <dependentPart node="doorLeftLockBackHydraulic"/>
                <dependentPart node="doorLeftLockBackPart02"/>
            </movingTool>

            <movingTool node="doorLeftLockFrontPart03">
                <dependentPart node="doorLeftLockFrontPart02"/>
            </movingTool>
            <movingTool node="doorLeftLockBackPart03">
                <dependentPart node="doorLeftLockBackPart02"/>
            </movingTool>

            <movingTool node="doorGrain">
                <dependentPart node="doorGrainPart01"/>
            </movingTool>
        </movingTools>

        <movingParts>
            <movingPart node="steeringBarBackLeft"  referencePoint="steeringBarBackLeftRef"  referenceFrame="steeringBarBackLeftRef"  isActiveDirty="true" maxUpdateDistance="20" scaleZ="true"/>
            <movingPart node="steeringBarBackRight" referencePoint="steeringBarBackRightRef" referenceFrame="steeringBarBackRightRef" isActiveDirty="true" maxUpdateDistance="20" scaleZ="true"/>

            <movingPart node="tipHydraulic" referencePoint="tipHydraulicRef" referenceFrame="tipHydraulicRefFrame"/>
            <movingPart node="tipHydraulicPart" referencePoint="tipHydraulicRef" referenceFrame="tipHydraulicRef" divideTranslatingDistance="false">
                <translatingPart node="tipHydraulicPunch01" maxZTrans="0.63"/>
                <translatingPart node="tipHydraulicPunch02" maxZTrans="0.63"/>
                <translatingPart node="tipHydraulicPunch03" maxZTrans="0.63"/>
                <translatingPart node="tipHydraulicPunch04" maxZTrans="0.63"/>
                <translatingPart node="tipHydraulicPunch05" maxZTrans="0.63"/>
            </movingPart>

            <movingPart node="doorBackHydraulic" referencePoint="doorBackHydraulicRef" referenceFrame="doorBackHydraulicRef">
                <translatingPart node="doorBackHydraulicPunch"/>
            </movingPart>

            <movingPart node="steeringBarLeft" referencePoint="steeringBarFrontRef" referenceFrame="steeringBarLeftRefFrame">
                <translatingPart node="steeringBarLeftPunch"/>
            </movingPart>

            <movingPart node="doorLeftLockFrontHydraulic" referencePoint="doorLeftLockFrontHydraulicRef" referenceFrame="doorLeftLockFrontHydraulicRef">
                <translatingPart node="doorLeftLockFrontHydraulicPunch"/>
            </movingPart>
            <movingPart node="doorLeftLockFrontPart02" referencePoint="doorLeftLockFrontPart02Ref" referenceFrame="doorLeftLockFrontPart02Ref" scaleZ="true"/>

            <movingPart node="doorLeftLockBackHydraulic" referencePoint="doorLeftLockBackHydraulicRef" referenceFrame="doorLeftLockBackHydraulicRef">
                <translatingPart node="doorLeftLockBackHydraulicPunch"/>
            </movingPart>
            <movingPart node="doorLeftLockBackPart02" referencePoint="doorLeftLockBackPart02Ref" referenceFrame="doorLeftLockBackPart02Ref" scaleZ="true"/>

            <movingPart node="doorGrainPart01" referencePoint="doorGrainPart01Ref" localReferencePoint="doorGrainPart02" referenceFrame="doorGrainPart01RefFrame">
                <dependentPart node="doorGrainPart02"/>
            </movingPart>
            <movingPart node="doorGrainPart02" referencePoint="doorGrainPart01Ref" referenceFrame="doorGrainPart01Ref"/>
        </movingParts>

        <sounds>
            <actionSound template="hydraulicOpen06"  pitchScale="0.8" volumeScale="0.6" linkNode="doorBackHydraulic" actionNames="TRANSLATING_NEG" nodes="doorBackHydraulic" fadeIn="0.1" fadeOut="0.1"/>
            <actionSound template="hydraulicOpen05"  pitchScale="1.1" volumeScale="1.0" linkNode="doorBackHydraulic" actionNames="TRANSLATING_NEG" nodes="doorBackHydraulic" fadeIn="0.1" fadeOut="0.1"/>
            <actionSound template="hydraulicClose01" pitchScale="0.8" volumeScale="0.8" linkNode="doorBackHydraulic" actionNames="TRANSLATING_POS" nodes="doorBackHydraulic" fadeIn="0.1" fadeOut="0.1"/>
            <actionSound template="hydraulicOpen04"  pitchScale="1.1" volumeScale="1.3" linkNode="doorBackHydraulic" actionNames="TRANSLATING_POS" nodes="doorBackHydraulic" fadeIn="0.1" fadeOut="0.1"/>
            <actionSound template="hydraulicOpen03" pitchScale="0.7" volumeScale="1.0" linkNode="tipHydraulicPart"  actionNames="TRANSLATING_NEG"                 nodes="tipHydraulicPart"/>
            <actionSound template="hydraulicOpen06" pitchScale="0.7" volumeScale="0.4" linkNode="tipHydraulicPart"  actionNames="TRANSLATING_NEG"                 nodes="tipHydraulicPart"/>
            <actionSound template="hydraulicClose01"    pitchScale="0.5" volumeScale="2.2" linkNode="tipHydraulicPart"  actionNames="TRANSLATING_POS"                 nodes="tipHydraulicPart">
                <pitch dropOffFactor="1.1" dropOffTime="0.2"/>
            </actionSound>
            <actionSound template="hydraulicClose02"    pitchScale="0.6" volumeScale="1.2" linkNode="tipHydraulicPart"  actionNames="TRANSLATING_POS"                 nodes="tipHydraulicPart">
                <pitch dropOffFactor="1.1" dropOffTime="0.2"/>
            </actionSound>
            <actionSound template="cylinderPunch" pitchScale="0.7" linkNode="tipHydraulicPart" actionNames="TRANSLATING_END_NEG" nodes="tipHydraulicPunch02"/>
            <actionSound template="cylinderPunch" pitchScale="0.7" linkNode="tipHydraulicPart" actionNames="TRANSLATING_END_NEG" nodes="tipHydraulicPunch03"/>
            <actionSound template="cylinderPunch" pitchScale="0.7" linkNode="tipHydraulicPart" actionNames="TRANSLATING_END_NEG" nodes="tipHydraulicPunch04"/>
            <actionSound template="cylinderPunch" pitchScale="0.7" linkNode="tipHydraulicPart" actionNames="TRANSLATING_END_NEG" nodes="tipHydraulicPunch05"/>
        </sounds>
    </cylindered>

    <fillUnit>
        <fillUnitConfigurations title="$l10n_configuration_valueExtension" isYesNoOption="true">
            <fillUnitConfiguration name="$l10n_configuration_valueYes" price="15000" >
                <fillUnits>
                    <fillUnit shopDisplayUnit="CUBICMETER" fillTypeCategories="BULK" capacity="75000" allowAILoading="true">
                        <exactFillRootNode node="exactFillRootNodeExtension"/>
                        <autoAimTargetNode node="fillAutoAimTargetNodeExtension" startZ="2.22" endZ="-3.87" invert="false" startPercentage="25"/>
                    </fillUnit>
                </fillUnits>
                <objectChange node="extensionTop"        visibilityActive="true" visibilityInactive="false"/>
                <objectChange node="ladderBig"           visibilityActive="true" visibilityInactive="false"/>
                <objectChange node="doorBackExtension"   visibilityActive="true" visibilityInactive="false"/>
                <objectChange node="fillVolumeExtension" visibilityActive="true" visibilityInactive="false"/>
                <objectChange node="ladderSmall"         visibilityActive="false" visibilityInactive="true"/>
                <objectChange node="extensionColPart01"  compoundChildActive="true" compoundChildInactive="false"/>
                <objectChange node="extensionColPart02"  compoundChildActive="true" compoundChildInactive="false"/>
                <objectChange node="extensionColPart03"  compoundChildActive="true" compoundChildInactive="false"/>
                <objectChange node="extensionColPart04"  compoundChildActive="true" compoundChildInactive="false"/>
            </fillUnitConfiguration>

            <fillUnitConfiguration name="$l10n_configuration_valueNo" price="0">
                <fillUnits>
                    <fillUnit shopDisplayUnit="CUBICMETER" fillTypeCategories="BULK" capacity="40000" allowAILoading="true">
                        <exactFillRootNode node="exactFillRootNodeDefault"/>
                        <autoAimTargetNode node="fillAutoAimTargetNodeDefault" startZ="2.23" endZ="-3.87" invert="false" startPercentage="25"/>
                    </fillUnit>
                </fillUnits>
                <objectChange node="fillVolumeDefault"  visibilityActive="true" visibilityInactive="false"/>
                <size height="3.6"/>
            </fillUnitConfiguration>
        </fillUnitConfigurations>
    </fillUnit>

    <fillVolume>
        <fillVolumeConfigurations>
            <fillVolumeConfiguration>
                <volumes>
                    <volume node="fillVolumeExtension" maxDelta="0.1" maxAllowedHeapAngle="25" fillUnitIndex="1" useFullCapacity="true"/>
                    <volume node="fillVolumeDefault"   maxDelta="0.1" maxAllowedHeapAngle="25" fillUnitIndex="1" useFullCapacity="true"/>
                </volumes>
            </fillVolumeConfiguration>
        </fillVolumeConfigurations>

        <unloadInfos>
            <unloadInfo>
                <node node="unloadInfoBack02" width="1.5" length="1.0" minHeight="1" priority="2"/>
                <node node="unloadInfoBack01" width="1.5" length="1.0" priority="1"/>
            </unloadInfo>
            <unloadInfo>
                <node node="unloadInfoLeft" width="1.5" length="1.0"/>
            </unloadInfo>
        </unloadInfos>

        <heightNodes>
            <heightNode fillVolumeIndex="1">
                <refNode node="heightNode01"/>
                <refNode node="heightNode02"/>
                <node node="grainEffectBack"      baseScale="1 1 1" transAxis="0 1 0" orientateToWorldY="true" minHeight="0.25" transMax="0 1.5 0"/>
                <node node="emitterShapeBack"     baseScale="1 0.1 1" scaleAxis="0 0.4 0" transAxis="0 0 0"/>
                <node node="grainEffectGrainDoor" baseScale="1 1 1" transAxis="0 0 0" orientateToWorldY="true"/>
                <node node="grainEffectLeft"      baseScale="1 1 1" transAxis="0 0 0" orientateToWorldY="true"/>
            </heightNode>
        </heightNodes>
    </fillVolume>

    <trailer>
        <trailerConfigurations>
            <trailerConfiguration>
                <trailer>
                    <tipSide name="$l10n_info_tipSideBack" dischargeNodeIndex="1">
                        <animation     name="tipAnimationBack"     speedScale="1" closeSpeedScale="1.5"/>
                        <doorAnimation name="tipAnimationBackDoor" speedScale="4" closeSpeedScale="4" startTipTime="0.6"/>
                    </tipSide>

                    <tipSide name="$l10n_info_tipSideLeft" dischargeNodeIndex="2">
                        <animation     name="tipAnimationLeft"     speedScale="1" closeSpeedScale="2"/>
                        <doorAnimation name="tipAnimationLeftDoor" speedScale="3" closeSpeedScale="2" startTipTime="0.2"/>
                    </tipSide>

                    <tipSide name="$l10n_info_tipSideBackGrainDoor" dischargeNodeIndex="3">
                        <animation     name="tipAnimationDoorGrain"     speedScale="1" closeSpeedScale="1.5"/>
                        <doorAnimation name="tipAnimationDoorGrainDoor" speedScale="1" startTipTime="0.4"/>
                    </tipSide>
                </trailer>
            </trailerConfiguration>
        </trailerConfigurations>
    </trailer>

    <dischargeable>
        <dischargeNode node="dischargeNodeBack" emptySpeed="2678" fillUnitIndex="1" unloadInfoIndex="1" allowAIDischarge="true">
            <info width="2.3" length="0.5" zOffset="-1"/>
            <effects>
                <effectNode effectClass="TipEffect">
                    <effectNode effectNode="emitterShapeBack" effectClass="ParticleEffect" materialType="unloadingParticle"/>
                    <effectNode effectNode="grainEffectBack" materialType="unloading" fadeTime="0.5" extraDistanceNode="dischargeNodeBack" extraDistance="0.3"/>
                </effectNode>
                <effectNode effectNode="smokeEffectBack" materialType="unloadingSmoke" fadeTime="0.5"/>
            </effects>
        </dischargeNode>

        <dischargeNode node="dischargeNodeLeft" emptySpeed="2678" fillUnitIndex="1" unloadInfoIndex="2">
            <info width="7" length="0.5" zOffset="-1"/>
            <effects>
                <effectNode effectClass="TipEffect">
                    <effectNode effectNode="emitterShapeLeft" effectClass="ParticleEffect" materialType="unloadingParticle"/>
                    <effectNode effectNode="grainEffectLeft" materialType="unloading" fadeTime="0.5" extraDistanceNode="dischargeNodeLeft" extraDistance="0.3"/>
                </effectNode>
                <effectNode effectNode="smokeEffectLeft" materialType="unloadingSmoke" fadeTime="0.5"/>
            </effects>
        </dischargeNode>

        <dischargeNode node="dischargeNodeGrainDoor" emptySpeed="937" fillUnitIndex="1" unloadInfoIndex="1">
            <info width="0.5" length="0.5" zOffset="-1"/>
            <effects>
                <effectNode effectClass="TipEffect">
                    <effectNode effectNode="emitterShapeGrainDoor" effectClass="ParticleEffect" materialType="unloadingParticle" emitCountScale="3"/>
                    <effectNode effectNode="grainEffectGrainDoor"  materialType="unloading" fadeTime="0.5" extraDistanceNode="dischargeNodeGrainDoor" extraDistance="0.4"/>
                </effectNode>
                <effectNode effectNode="smokeEffectGrainDoor" materialType="unloadingSmoke" fadeTime="0.5"/>
            </effects>
        </dischargeNode>
    </dischargeable>

    <ai>
        <allowTurnBackward value="false"/>
        <turningRadiusLimitation radius="9"/>
        <agentAttachment jointNode="attacherJoint" rotCenterWheelIndices="1 2 3 4" useSize="true"/>
    </ai>

    <foliageBending>
        <bendingNode wheelIndices="1 2 3 4" minZ="-4.65" maxZ="3.2" yOffset="0.6"/>
        <bendingNode minX="-0.3" maxX="0.3" minZ="3.2" maxZ="4.5" yOffset="0.6"/>
    </foliageBending>

    <baseColorConfigurations>
        <baseColorConfiguration materialTemplateName="KRAMPE_RED1"/>
        <baseColorConfiguration materialTemplateName="KRAMPE_GREEN1"/>
        <baseColorConfiguration materialTemplateName="KRAMPE_BLACK1"/>
        <!-- Michelin config -->
        <baseColorConfiguration materialTemplateName="KRAMPE_WHITE1" isSelectable="false"/>
        <material materialSlotName="body_mat"/>
    </baseColorConfigurations>

    <designColorConfigurations title="$l10n_configuration_chassisColor">
        <designColorConfiguration materialTemplateName="KRAMPE_RED1"/>
        <designColorConfiguration materialTemplateName="KRAMPE_BLACK1"/>
        <!-- Michelin config -->
        <designColorConfiguration materialTemplateName="KRAMPE_WHITE1" isSelectable="false"/>
        <material materialSlotName="frame_mat"/>
        <material materialSlotName="frame2_mat"/>
    </designColorConfigurations>

    <wearable wearDuration="480" workMultiplier="5" fieldMultiplier="2"/>
    <washable dirtDuration="90" washDuration="1" workMultiplier="3" fieldMultiplier="2"/>

    <i3dMappings>
        <i3dMapping id="bigBodyS750_main_component1" node="0>" />
        <i3dMapping id="bigBodyS750_vis" node="0>0" />
        <i3dMapping id="attacherJoint" node="0>0|0|0" />
        <i3dMapping id="supportArm" node="0>0|0|1|0|0" />
        <i3dMapping id="electric" node="0>0|0|2|0" />
        <i3dMapping id="electric_detached" node="0>0|0|2|0|0" />
        <i3dMapping id="electric_connector" node="0>0|0|2|0|0|0" />
        <i3dMapping id="airRed" node="0>0|0|2|1" />
        <i3dMapping id="airRed_detached" node="0>0|0|2|1|0" />
        <i3dMapping id="airRed_connector" node="0>0|0|2|1|0|0" />
        <i3dMapping id="airYellow" node="0>0|0|2|2" />
        <i3dMapping id="airYellow_detached" node="0>0|0|2|2|0" />
        <i3dMapping id="airYellow_connector" node="0>0|0|2|2|0|0" />
        <i3dMapping id="hydraulicIn01" node="0>0|0|2|3" />
        <i3dMapping id="hydraulicIn01_detached" node="0>0|0|2|3|0" />
        <i3dMapping id="hydraulicIn01_connector" node="0>0|0|2|3|0|0" />
        <i3dMapping id="hydraulicOut01" node="0>0|0|2|4" />
        <i3dMapping id="hydraulicOut01_detached" node="0>0|0|2|4|0" />
        <i3dMapping id="hydraulicOut01_connector" node="0>0|0|2|4|0|0" />
        <i3dMapping id="hydraulicIn02" node="0>0|0|2|5" />
        <i3dMapping id="hydraulicIn02_detached" node="0>0|0|2|5|0" />
        <i3dMapping id="hydraulicIn02_connector" node="0>0|0|2|5|0|0" />
        <i3dMapping id="hydraulicOut02" node="0>0|0|2|6" />
        <i3dMapping id="hydraulicOut02_detached" node="0>0|0|2|6|0" />
        <i3dMapping id="hydraulicOut02_connector" node="0>0|0|2|6|0|0" />
        <i3dMapping id="hydraulicIn03" node="0>0|0|2|7" />
        <i3dMapping id="hydraulicIn03_detached" node="0>0|0|2|7|0" />
        <i3dMapping id="hydraulicIn03_connector" node="0>0|0|2|7|0|0" />
        <i3dMapping id="hydraulicOut03" node="0>0|0|2|8" />
        <i3dMapping id="hydraulicOut03_detached" node="0>0|0|2|8|0" />
        <i3dMapping id="hydraulicOut03_connector" node="0>0|0|2|8|0|0" />
        <i3dMapping id="wheelChock01_01" node="0>0|0|3|0" />
        <i3dMapping id="wheelChock01_02" node="0>0|0|3|1" />
        <i3dMapping id="wheelFrontLeft" node="0>0|1|0" />
        <i3dMapping id="wheelFrontRight" node="0>0|1|1" />
        <i3dMapping id="wheelBackLeftRepr" node="0>0|1|2" />
        <i3dMapping id="wheelBackLeft" node="0>0|1|2|0" />
        <i3dMapping id="steeringBarBackLeft" node="0>0|1|2|1" />
        <i3dMapping id="wheelBackRightRepr" node="0>0|1|3" />
        <i3dMapping id="wheelBackRight" node="0>0|1|3|0" />
        <i3dMapping id="steeringBarBackRight" node="0>0|1|3|1" />
        <i3dMapping id="rearLight55_left" node="0>0|2|0|0" />
        <i3dMapping id="rearLight55_right" node="0>0|2|0|1" />
        <i3dMapping id="sideMarker09White_01" node="0>0|2|0|2" />
        <i3dMapping id="sideMarker09White_02" node="0>0|2|0|3" />
        <i3dMapping id="sideMarker09Orange_01" node="0>0|2|0|4" />
        <i3dMapping id="sideMarker09Orange_02" node="0>0|2|0|5" />
        <i3dMapping id="sideMarker09Orange_03" node="0>0|2|0|6" />
        <i3dMapping id="sideMarker09Orange_04" node="0>0|2|0|7" />
        <i3dMapping id="sideMarker09Orange_05" node="0>0|2|0|8" />
        <i3dMapping id="sideMarker09Orange_06" node="0>0|2|0|9" />
        <i3dMapping id="whiteRectangle_01_01" node="0>0|2|0|10" />
        <i3dMapping id="whiteRectangle_01_02" node="0>0|2|0|11" />
        <i3dMapping id="yellowRectangle_01_01" node="0>0|2|0|12" />
        <i3dMapping id="yellowRectangle_01_02" node="0>0|2|0|13" />
        <i3dMapping id="sideMarker15_left" node="0>0|2|0|14" />
        <i3dMapping id="sideMarker15_right" node="0>0|2|0|15" />
        <i3dMapping id="hellaWorkingLightSquare_02_01" node="0>0|2|0|16" />
        <i3dMapping id="hellaWorkingLightSquare_02_02" node="0>0|2|0|17" />
        <i3dMapping id="redTriangle_02_01" node="0>0|2|0|18" />
        <i3dMapping id="redTriangle_02_02" node="0>0|2|0|19" />
        <i3dMapping id="plateNumberLight02" node="0>0|2|0|20" />
        <i3dMapping id="backLightsHigh" node="0>0|2|1|0" />
        <i3dMapping id="licensePlateLightHigh" node="0>0|2|1|1" />
        <i3dMapping id="workLightBackHigh" node="0>0|2|2|0" />
        <i3dMapping id="turnLightLeftBack" node="0>0|2|3|0" />
        <i3dMapping id="turnLightRightBack" node="0>0|2|3|1" />
        <i3dMapping id="reverseLightHigh" node="0>0|2|4|0" />
        <i3dMapping id="tipLeft" node="0>0|3|0" />
        <i3dMapping id="tipBack" node="0>0|3|0|0" />
        <i3dMapping id="doorBack" node="0>0|3|0|0|0" />
        <i3dMapping id="doorGrain" node="0>0|3|0|0|0|0|0" />
        <i3dMapping id="doorGrainPart01Ref" node="0>0|3|0|0|0|0|0|0" />
        <i3dMapping id="doorGrainMichelin_decals" node="0>0|3|0|0|0|0|0|1" />
        <i3dMapping id="doorGrainKrampe_decals" node="0>0|3|0|0|0|0|0|2" />
        <i3dMapping id="doorGrainPart01RefFrame" node="0>0|3|0|0|0|1" />
        <i3dMapping id="doorGrainPart01" node="0>0|3|0|0|0|1|0" />
        <i3dMapping id="doorGrainPart02" node="0>0|3|0|0|0|1|0|0" />
        <i3dMapping id="doorGrainLock" node="0>0|3|0|0|0|1|0|1" />
        <i3dMapping id="doorBackExtension" node="0>0|3|0|0|0|2" />
        <i3dMapping id="doorBackExtensionMichelin_decals" node="0>0|3|0|0|0|2|0" />
        <i3dMapping id="extensionColPart04" node="0>0|3|0|0|0|2|2" />
        <i3dMapping id="doorBackHydraulicRef" node="0>0|3|0|0|0|3" />
        <i3dMapping id="doorBackMichelin_decals" node="0>0|3|0|0|0|4" />
        <i3dMapping id="doorBackKrampe_decals" node="0>0|3|0|0|0|5" />
        <i3dMapping id="doorBackLock" node="0>0|3|0|0|1" />
        <i3dMapping id="doorBackHydraulic" node="0>0|3|0|0|1|0" />
        <i3dMapping id="doorBackHydraulicPunch" node="0>0|3|0|0|1|0|0" />
        <i3dMapping id="doorLeft" node="0>0|3|0|0|2" />
        <i3dMapping id="doorLeftMichelin_decals" node="0>0|3|0|0|2|0" />
        <i3dMapping id="doorLeftKrampe_decals" node="0>0|3|0|0|2|1" />
        <i3dMapping id="doorLeftLockFrontHydraulic" node="0>0|3|0|0|3" />
        <i3dMapping id="doorLeftLockFrontHydraulicPunch" node="0>0|3|0|0|3|0" />
        <i3dMapping id="doorLeftLockFrontPart01" node="0>0|3|0|0|4" />
        <i3dMapping id="doorLeftLockFrontPart02" node="0>0|3|0|0|4|0" />
        <i3dMapping id="doorLeftLockFrontHydraulicRef" node="0>0|3|0|0|4|1" />
        <i3dMapping id="doorLeftLockFrontPart03" node="0>0|3|0|0|5|0" />
        <i3dMapping id="doorLeftLockFrontPart02Ref" node="0>0|3|0|0|5|0|0" />
        <i3dMapping id="doorLeftLockBackHydraulic" node="0>0|3|0|0|6" />
        <i3dMapping id="doorLeftLockBackHydraulicPunch" node="0>0|3|0|0|6|0" />
        <i3dMapping id="doorLeftLockBackPart01" node="0>0|3|0|0|7" />
        <i3dMapping id="doorLeftLockBackPart02" node="0>0|3|0|0|7|0" />
        <i3dMapping id="doorLeftLockBackHydraulicRef" node="0>0|3|0|0|7|1" />
        <i3dMapping id="doorLeftLockBackPart03Rot" node="0>0|3|0|0|8" />
        <i3dMapping id="doorLeftLockBackPart03" node="0>0|3|0|0|8|0" />
        <i3dMapping id="doorLeftLockBackPart02Ref" node="0>0|3|0|0|8|0|0" />
        <i3dMapping id="extensionTop" node="0>0|3|0|0|9" />
        <i3dMapping id="extensionTopMichelin_decals" node="0>0|3|0|0|9|0|0" />
        <i3dMapping id="extensionColPart01" node="0>0|3|0|0|9|1|0" />
        <i3dMapping id="extensionColPart03" node="0>0|3|0|0|9|1|1" />
        <i3dMapping id="extensionColPart02" node="0>0|3|0|0|9|1|2" />
        <i3dMapping id="tipHydraulicRef" node="0>0|3|0|0|10" />
        <i3dMapping id="tipLeftPart01" node="0>0|3|0|0|11|0" />
        <i3dMapping id="exactFillRootNodeDefault" node="0>0|3|0|0|12|0" />
        <i3dMapping id="exactFillRootNodeExtension" node="0>0|3|0|0|12|1" />
        <i3dMapping id="fillVolumeDefault" node="0>0|3|0|0|12|2" />
        <i3dMapping id="fillVolumeExtension" node="0>0|3|0|0|12|3" />
        <i3dMapping id="fillAutoAimTargetNodeDefault" node="0>0|3|0|0|12|4" />
        <i3dMapping id="fillAutoAimTargetNodeExtension" node="0>0|3|0|0|12|5" />
        <i3dMapping id="unloadInfoBack01" node="0>0|3|0|0|12|6" />
        <i3dMapping id="unloadInfoBack02" node="0>0|3|0|0|12|7" />
        <i3dMapping id="unloadInfoLeft" node="0>0|3|0|0|12|8" />
        <i3dMapping id="heightNode01" node="0>0|3|0|0|12|9" />
        <i3dMapping id="heightNode02" node="0>0|3|0|0|12|10" />
        <i3dMapping id="grainEffectBack" node="0>0|3|0|0|13|0|0" />
        <i3dMapping id="emitterShapeBack" node="0>0|3|0|0|13|0|1" />
        <i3dMapping id="smokeEffectBack" node="0>0|3|0|0|13|0|2" />
        <i3dMapping id="grainEffectLeft" node="0>0|3|0|0|13|1|0" />
        <i3dMapping id="emitterShapeLeft" node="0>0|3|0|0|13|1|1" />
        <i3dMapping id="smokeEffectLeft" node="0>0|3|0|0|13|1|2" />
        <i3dMapping id="grainEffectGrainDoor" node="0>0|3|0|0|13|2|0" />
        <i3dMapping id="emitterShapeGrainDoor" node="0>0|3|0|0|13|2|1" />
        <i3dMapping id="smokeEffectGrainDoor" node="0>0|3|0|0|13|2|2" />
        <i3dMapping id="tipBackMichelin_decals" node="0>0|3|0|0|14|0" />
        <i3dMapping id="tipBackKrampe_decals" node="0>0|3|0|0|14|1" />
        <i3dMapping id="ladderSmall" node="0>0|3|0|0|17" />
        <i3dMapping id="ladderBig" node="0>0|3|0|0|18" />
        <i3dMapping id="tipHydraulicRefFrame" node="0>0|3|1" />
        <i3dMapping id="tipHydraulic" node="0>0|3|1|0" />
        <i3dMapping id="tipHydraulicPart" node="0>0|3|1|0|0|0" />
        <i3dMapping id="tipHydraulicPunch01" node="0>0|3|1|0|0|0|0" />
        <i3dMapping id="tipHydraulicPunch02" node="0>0|3|1|0|0|0|0|0" />
        <i3dMapping id="tipHydraulicPunch03" node="0>0|3|1|0|0|0|0|0|0" />
        <i3dMapping id="tipHydraulicPunch04" node="0>0|3|1|0|0|0|0|0|0|0" />
        <i3dMapping id="tipHydraulicPunch05" node="0>0|3|1|0|0|0|0|0|0|0|0" />
        <i3dMapping id="steeringBarBack" node="0>0|3|2" />
        <i3dMapping id="steeringBarBackLeftRef" node="0>0|3|2|0" />
        <i3dMapping id="steeringBarBackRightRef" node="0>0|3|2|1" />
        <i3dMapping id="steeringBarLeftRefFrame" node="0>0|3|3" />
        <i3dMapping id="steeringBarLeft" node="0>0|3|3|0" />
        <i3dMapping id="steeringBarLeftPunch" node="0>0|3|3|0|0" />
        <i3dMapping id="steeringBarFrontRef" node="0>0|3|3|0|0|0" />
        <i3dMapping id="steeringBarLeftMount" node="0>0|3|4" />
        <i3dMapping id="tipLeftPart02" node="0>0|3|5" />
        <i3dMapping id="licensePlateBack" node="0>0|4" />
        <i3dMapping id="bigBodyS750_part" node="0>0|5|0" />
        <i3dMapping id="dischargeNodeBack" node="0>0|6|0" />
        <i3dMapping id="dischargeNodeLeft" node="0>0|6|1" />
        <i3dMapping id="dischargeNodeGrainDoor" node="0>0|6|2" />
        <i3dMapping id="tipOcclusionAreaStart" node="0>0|7|0" />
        <i3dMapping id="tipOcclusionAreaWidth" node="0>0|7|1" />
        <i3dMapping id="tipOcclusionAreaHeight" node="0>0|7|2" />
    </i3dMappings>
</vehicle>
