﻿<?xml version="1.0" encoding="utf-8" standalone="no" ?>
<vehicle type="fertilizingSowingMachine" xmlns:xsi="http://www.w3.org/2001/XMLSchema-instance" xsi:noNamespaceSchemaLocation="../../../../shared/xml/schema/vehicle.xsd">
    <annotation>Copyright (C) GIANTS Software GmbH, All Rights Reserved.</annotation>

    <storeData>
        <name>Citan 15001-C</name>
        <specs>
            <neededPower>300</neededPower>
            <workingWidth>15</workingWidth>
            <combination filterCategory="weights" filterSpec="weight" filterSpecMin="1000" filterSpecMax="1100"/>
        </specs>
        <functions>
            <function>$l10n_function_sowingMachine</function>
        </functions>
        <image>$data/vehicles/amazone/citan15001C/store_citan15001C.png</image>
        <price>206500</price>
        <lifetime>600</lifetime>
        <rotation>0</rotation>
        <brand>AMAZONE</brand>
        <category>seeders</category>
        <shopTranslationOffset>0 0.031 0</shopTranslationOffset>
        <shopRotationOffset>-0.168 0 0</shopRotationOffset>
        <vertexBufferMemoryUsage>6488064</vertexBufferMemoryUsage>
        <indexBufferMemoryUsage>2577408</indexBufferMemoryUsage>
        <textureMemoryUsage>1638400</textureMemoryUsage>
        <instanceVertexBufferMemoryUsage>0</instanceVertexBufferMemoryUsage>
        <instanceIndexBufferMemoryUsage>0</instanceIndexBufferMemoryUsage>
        <audioMemoryUsage>0</audioMemoryUsage>
    </storeData>

    <base>
        <typeDesc>$l10n_typeDesc_sowingMachine</typeDesc>
        <filename>$data/vehicles/amazone/citan15001C/citan15001C.i3d</filename>
        <size width="3" length="10.5" height="3.6" lengthOffset="0.9"/>
        <speedLimit value="16"/>
        <components>
            <component centerOfMass="0 0.5 -2.3" solverIterationCount="10" mass="7800"/>
            <component centerOfMass="0 0 0" solverIterationCount="10" mass="450"/>
            <component centerOfMass="0 0 0" solverIterationCount="10" mass="750"/>
            <component centerOfMass="0 0 0" solverIterationCount="10" mass="750"/>

            <joint component1="1" component2="2" node="componentJointDrawbar"  rotLimit="0 0 0" transLimit="0 0 0"/>
            <joint component1="1" component2="3" node="leftArmJoint"  rotLimit="0 0 0" transLimit="0 0 0"/>
            <joint component1="1" component2="4" node="rightArmJoint" rotLimit="0 0 0" transLimit="0 0 0"/>
            <collisionPair component1="2" component2="3" enabled="false"/>
        </components>
        <schemaOverlay attacherJointPosition="0 0" name="IMPLEMENT"/>
        <sounds volumeFactor="3" />
        <mapHotspot type="TOOL_TRAILED"/>
    </base>

    <powerConsumer forceNode="0>" maxForce="25" ptoRpm="470" neededMaxPtoPower="30"/>

    <wheels>
        <wheelConfigurations tireCategories="TRACTOR TRAILER">
            <wheelConfiguration name="$l10n_configuration_valueDefault" price="0" saveId="DEFAULT" numDynamicConfigurations="1">
                <wheels>
                    <wheel dimensions="710_50R26_5 710_50R26_5" isLeft="true" hasTireTracks="true" hasParticles="true">
                        <physics rotSpeed="0" restLoad="4.2" repr="wheelLeft"  forcePointRatio="0.5" initialCompression="32" suspTravel="0.15" spring="80" damper="70"/>
                    </wheel>
                    <wheel dimensions="710_50R26_5 710_50R26_5" isLeft="false" hasTireTracks="true" hasParticles="true">
                        <physics rotSpeed="0" restLoad="4.2" repr="wheelRight" forcePointRatio="0.5" initialCompression="32" suspTravel="0.15" spring="80" damper="70"/>
                    </wheel>
                    <wheel dimensions="280_70R16 280_70R16_VO" isLeft="true" hasTireTracks="true" hasParticles="true">
                        <physics rotSpeed="0" restLoad="0.3" repr="wheelArm01" forcePointRatio="0.5" initialCompression="20" suspTravel="0.05" spring="15" damper="60" brakeFactor="0"/>
                    </wheel>
                    <wheel dimensions="280_70R16 280_70R16_VO" isLeft="false" hasTireTracks="true" hasParticles="true">
                        <physics rotSpeed="0" restLoad="0.3" repr="wheelArm02" forcePointRatio="0.5" initialCompression="20" suspTravel="0.05" spring="15" damper="60" brakeFactor="0"/>
                    </wheel>
                    <wheel dimensions="280_70R16 280_70R16_VO" isLeft="true" hasTireTracks="true" hasParticles="true">
                        <physics rotSpeed="0" restLoad="0.3" repr="wheelArm03" forcePointRatio="0.5" initialCompression="20" suspTravel="0.05" spring="15" damper="60" brakeFactor="0"/>
                    </wheel>
                    <wheel dimensions="280_70R16 280_70R16_VO" isLeft="false" hasTireTracks="true" hasParticles="true">
                        <physics rotSpeed="0" restLoad="0.3" repr="wheelArm04" forcePointRatio="0.5" initialCompression="20" suspTravel="0.05" spring="15" damper="60" brakeFactor="0"/>
                    </wheel>
                </wheels>
            </wheelConfiguration>
        </wheelConfigurations>

        <rimMaterial materialTemplateName="RIM_DEFAULT" />
        <hubMaterial materialTemplateName="HUB_DEFAULT" />

        <hubs>
            <hub linkNode="wheelLeft"  filename="$data/shared/wheels/hubs/hub_n8_6.xml" isLeft="true"  scale="0.333 0.333 0.333" />
            <hub linkNode="wheelRight" filename="$data/shared/wheels/hubs/hub_n8_6.xml" isLeft="false" scale="0.333 0.333 0.333" />
        </hubs>
    </wheels>

    <speedRotatingParts>
        <speedRotatingPart shaderNode="discsLeftArray"    radius="0.21" groundReferenceNodeIndex="1"/>
        <speedRotatingPart shaderNode="discsRightArray"   radius="0.21" groundReferenceNodeIndex="1"/>
        <speedRotatingPart shaderNode="coulterDiscsLeft"  radius="0.21" groundReferenceNodeIndex="1"/>
        <speedRotatingPart shaderNode="coulterDiscsRight" radius="0.21" groundReferenceNodeIndex="1"/>
    </speedRotatingParts>

    <lights>
        <sharedLight linkNode="rearLight24"        filename="$data/shared/assets/lights/lizard/rearLight23White.xml" />
        <sharedLight linkNode="rearLight25"        filename="$data/shared/assets/lights/lizard/rearLight23White.xml" />
        <sharedLight linkNode="rearLight14_left"   filename="$data/shared/assets/lights/lizard/rearLight14_left.xml" />
        <sharedLight linkNode="rearLight14_right"  filename="$data/shared/assets/lights/lizard/rearLight14_right.xml" />
        <sharedLight linkNode="plateNumberLight02" filename="$data/shared/assets/lights/lizard/plateNumberLight02.xml" />
        <sharedLight linkNode="plateNumberLight03" filename="$data/shared/assets/lights/lizard/plateNumberLight02.xml" />
        <sharedLight linkNode="workingLight12" lightTypes="1" filename="$data/shared/assets/lights/lizard/workingLight12.xml" >
            <rotationNode name="rotationNode1" rotation="-45 0 0"/>
        </sharedLight>
        <sharedLight linkNode="workingLight14" lightTypes="1" filename="$data/shared/assets/lights/lizard/workingLight12.xml" />
        <sharedLight linkNode="workingLight15" lightTypes="1" filename="$data/shared/assets/lights/lizard/workingLight12.xml" />
        <sharedLight linkNode="workingLight16" lightTypes="1" filename="$data/shared/assets/lights/lizard/workingLight12.xml" >
            <rotationNode name="rotationNode1" rotation="-45 0 0"/>
        </sharedLight>

        <realLights>
            <high>
                <light node="backLightsHigh1" lightTypes="0" />
                <light node="licensePlateLightHigh" lightTypes="0" />
                <light node="workLightBackHigh1" lightTypes="1" />
                <light node="workLightBackHigh2" lightTypes="1" />
                <light node="workLightBackHigh3" lightTypes="1" />
                <turnLightLeft node="turnLightLeftBack" />
                <turnLightRight node="turnLightRightBack" />
                <brakeLight node="backLightsHigh1" />
            </high>
        </realLights>
    </lights>

    <licensePlates>
        <licensePlate node="licensePlate" position="BACK" preferedType="ELONGATED" placementArea="0.06 0.29 0.15 0.29"/>
    </licensePlates>

    <groundReferenceNodes>
        <groundReferenceNode node="groundReferenceNode" forceFactor="1" threshold="0.2" depthNode="groundReferenceNode"/>
    </groundReferenceNodes>

    <workAreas>
        <workArea type="sowingMachine" functionName="processSowingMachineArea">
            <area startNode="workAreaStart" widthNode="workAreaWidth" heightNode="workAreaHeight" />
            <groundReferenceNode index="1" />
            <onlyActiveWhenLowered value="true"/>
        </workArea>
    </workAreas>

    <workParticles>
        <effect workAreaIndex="1">
            <effectNode effectClass="CultivatorMotionPathEffect" effectType="CULTIVATOR" linkNode="seederEffect01LinkNode">
                <motionPathEffect textureFilename="$data/vehicles/amazone/citan15001C/seederEffect01Array.dds" numRows="50" rowLength="18" minFade="0.07" density="1" shapeScale="0.5" maxShapeScale="1"/>
            </effectNode>
            <effectNode effectClass="CultivatorMotionPathEffect" effectType="CULTIVATOR" linkNode="seederEffect02LinkNode">
                <motionPathEffect textureFilename="$data/vehicles/amazone/citan15001C/seederEffect02Array.dds" numRows="50" rowLength="18" minFade="0.07" density="1" shapeScale="0.5" maxShapeScale="1"/>
            </effectNode>
            <effectNode effectClass="CultivatorMotionPathEffect" effectType="CULTIVATOR" linkNode="seederEffect03LinkNode">
                <motionPathEffect textureFilename="$data/vehicles/amazone/citan15001C/seederEffect03Array.dds" numRows="50" rowLength="18" minFade="0.07" density="0.5" shapeScale="0.5" maxShapeScale="1"/>
            </effectNode>
            <effectNode effectClass="CultivatorMotionPathEffect" effectType="CULTIVATOR" linkNode="seederEffect04LinkNode">
                <motionPathEffect textureFilename="$data/vehicles/amazone/citan15001C/seederEffect03Array.dds" numRows="50" rowLength="18" minFade="0.07" density="0.5" shapeScale="0.5" maxShapeScale="1"/>
            </effectNode>
            <effectNode effectNode="effectUnloadLeft" delay="0" materialType="unloading" fadeTime="1" defaultFillType="seeds" uvSpeed="0.15"/>
            <effectNode effectNode="effectUnloadRight" delay="0" materialType="unloading" fadeTime="1" defaultFillType="seeds" uvSpeed="0.15"/>
        </effect>

        <particle>
            <node node="smokeEmitter01" refNodeIndex="1" particleType="SOIL_SMOKE" emitCountScale="2.5"/>
        </particle>
    </workParticles>

    <attachable>
        <inputAttacherJoints>
            <inputAttacherJoint node="attacherJoint" rootNode="citan15001C_attacher_component2" jointType="implement" lowerRotLimitScale="0 0 0" upperRotLimitScale="0 0 0" lowerTransLimitScale="0 0 0" allowsLowering="true">
                <distanceToGround lower="0.7" upper="0.7"/>
                <bottomArm categories="3" ballType="2" />
            </inputAttacherJoint>
        </inputAttacherJoints>
        <support animationName="moveSupport" />
        <support animationName="lockDrawbarLimit" delayedOnAttach="false" detachAfterAnimation="false"/>
        <brakeForce force="3"/>
        <sounds>
            <active file="$data/sounds/tools/cultivator/generalRattle_01.wav" innerRadius="10" outerRadius="50" volumeScale="2.7" isLocalSound="true" pitchScale="0.9">
                <volume indoor="0.7" outdoor="0.9" >
                    <modifier type="WHEEL_SUSPENSION" value="-0.06" modifiedValue="0.2"/>
                    <modifier type="WHEEL_SUSPENSION" value="-0.04" modifiedValue="0.15"/>
                    <modifier type="WHEEL_SUSPENSION" value="-0.02" modifiedValue="0.1"/>
                    <modifier type="WHEEL_SUSPENSION" value="-0.01" modifiedValue="0.00"/>
                    <modifier type="WHEEL_SUSPENSION" value="-0.00" modifiedValue="0.0"/>
                    <modifier type="WHEEL_SUSPENSION" value="0.01" modifiedValue="0.00"/>
                    <modifier type="WHEEL_SUSPENSION" value="0.02" modifiedValue="0.1"/>
                    <modifier type="WHEEL_SUSPENSION" value="0.04" modifiedValue="0.15"/>
                    <modifier type="WHEEL_SUSPENSION" value="0.06" modifiedValue="0.20"/>

                    <modifier type="SPEED" value="0.0" modifiedValue="0.0"/>
                    <modifier type="SPEED" value="2.0" modifiedValue="1.0"/>
                    <modifier type="SPEED" value="40.0" modifiedValue="1.0"/>
                </volume>
                <lowpassCutoffFrequency indoor="250" outdoor="20000" />
                <lowpassGain indoor="0.5" outdoor="1" />
            </active>
        </sounds>
    </attachable>

    <connectionHoses>
        <hose inputAttacherJointIndices="1" type="hydraulicIn"  node="hydraulicIn01" adapterNode="hydraulicIn01_detachedAdapter" length="1.3" diameter="0.02">
            <objectChange node="hydraulicIn01_detached" visibilityActive="false" visibilityInactive="true"/>
        </hose>
        <hose inputAttacherJointIndices="1" type="hydraulicOut" node="hydraulicOut01" adapterNode="hydraulicOut01_detachedAdapter" length="1.3" diameter="0.02">
            <objectChange node="hydraulicOut01_detached" visibilityActive="false" visibilityInactive="true"/>
        </hose>
        <hose inputAttacherJointIndices="1" type="hydraulicIn"  node="hydraulicIn02" adapterNode="hydraulicIn02_detachedAdapter" length="1.3" diameter="0.02">
            <objectChange node="hydraulicIn02_detached" visibilityActive="false" visibilityInactive="true"/>
        </hose>
        <hose inputAttacherJointIndices="1" type="hydraulicOut" node="hydraulicOut02" adapterNode="hydraulicOut02_detachedAdapter" length="1.3" diameter="0.02">
            <objectChange node="hydraulicOut02_detached" visibilityActive="false" visibilityInactive="true"/>
        </hose>
        <hose inputAttacherJointIndices="1" type="hydraulicIn"  node="hydraulicIn03" adapterNode="hydraulicIn03_detachedAdapter" length="1.3" diameter="0.02">
            <objectChange node="hydraulicIn03_detached" visibilityActive="false" visibilityInactive="true"/>
        </hose>
        <hose inputAttacherJointIndices="1" type="hydraulicOut" node="hydraulicOut03" adapterNode="hydraulicOut03_detachedAdapter" length="1.3" diameter="0.02">
            <objectChange node="hydraulicOut03_detached" visibilityActive="false" visibilityInactive="true"/>
        </hose>
        <hose inputAttacherJointIndices="1" type="hydraulicIn"  node="hydraulicIn04" adapterNode="hydraulicIn04_detachedAdapter" length="1.3" diameter="0.02">
            <objectChange node="hydraulicIn04_detached" visibilityActive="false" visibilityInactive="true"/>
        </hose>
        <hose inputAttacherJointIndices="1" type="hydraulicOut" node="hydraulicOut04" adapterNode="hydraulicOut04_detachedAdapter" length="1.3" diameter="0.02">
            <objectChange node="hydraulicOut04_detached" visibilityActive="false" visibilityInactive="true"/>
        </hose>
        <hose inputAttacherJointIndices="1" type="hydraulicIn"  node="hydraulicIn05" adapterNode="hydraulicIn05_detachedAdapter" length="1.3" diameter="0.02">
            <objectChange node="hydraulicIn05_detached" visibilityActive="false" visibilityInactive="true"/>
        </hose>
        <hose inputAttacherJointIndices="1" type="hydraulicOut" node="hydraulicOut05" adapterNode="hydraulicOut05_detachedAdapter" length="1.3" diameter="0.02">
            <objectChange node="hydraulicOut05_detached" visibilityActive="false" visibilityInactive="true"/>
        </hose>
        <hose inputAttacherJointIndices="1" type="electric"  node="electricIn01" adapterNode="electricIn01_detachedAdapter" length="1.3" diameter="0.008">
            <objectChange node="electricIn01_detached" visibilityActive="false" visibilityInactive="true"/>
        </hose>
    </connectionHoses>

    <foldable>
        <foldingConfigurations>
            <foldingConfiguration>
                <foldingParts startMoveDirection="1" foldMiddleAnimTime="0.1333" turnOnFoldDirection="-1" turnOnFoldMinLimit="0" turnOnFoldMaxLimit="0.1333">
                    <foldingPart animationName="folding" speedScale="1" />
                </foldingParts>
            </foldingConfiguration>
        </foldingConfigurations>
    </foldable>

    <animations>
        <animation name="moveSupport">
            <part node="supportFeet" startTime="0" duration="0.5" startTrans="0 0 0" endTrans="0 -0.39 0" />

            <sound template="hydraulicOpen02" startTime="0.01" endTime="0.49" volumeScale="0.8" pitchScale="1.3" linkNode="attacherJoint" fadeIn="0.1" fadeOut="0.1"/>
            <sound template="vibratingImp"    startTime="0.01" direction="-1" volumeScale="0.4" pitchScale="1.5" linkNode="attacherJoint"/>
            <sound template="hingeImp"        startTime="0.1"  direction="-1" volumeScale="0.4" pitchScale="1.5" linkNode="attacherJoint"/>
        </animation>

        <animation name="lockDrawbarLimit">
            <part componentJointIndex="1" startTime="0.0" endTime="0.1" startRotLimit="0 50 90" endRotLimit="0 0 0" />
        </animation>

        <animation name="folding">
            <part componentJointIndex="2" startTime="0" endTime="3" startRotLimit="5 0 0" endRotLimit="0 0 0"/>
            <part componentJointIndex="3" startTime="0" endTime="3" startRotLimit="5 0 0" endRotLimit="0 0 0"/>
            <part node="backArm"       startTime="0" endTime="5"   startRot="0 0 0" endRot="89 0 0" tangentType="spline"/>
            <part node="frontArm"      startTime="0" endTime="2"   startRot="-50 0 0" endRot="0 0 0" tangentType="spline"/>
            <part node="hoseArmLeft"   startTime="2" endTime="5"   startRot="0 0 0" endRot="-90 0 0" tangentType="spline"/>
            <part node="colPartLeft"   startTime="2" endTime="5"   startRot="0 0 0" endRot="-90 0 0" tangentType="spline"/>
            <part node="hoseArmRight"  startTime="2" endTime="5"   startRot="0 0 0" endRot="-90 0 0" tangentType="spline"/>
            <part node="colPartRight"  startTime="2" endTime="5"   startRot="0 0 0" endRot="-90 0 0" tangentType="spline"/>
            <part node="leftArmJoint"  startTime="6" endTime="14"   startRot="0 0 0" endRot="-90 0 0" tangentType="spline"/>
            <part node="rightArmJoint" startTime="5" endTime="14.5"   startRot="0 0 0" endRot="-90 0 0" tangentType="spline"/>
            <part node="backArm"       startTime="14" endTime="15"   startRot="89 0 0" endRot="90 0 0" tangentType="spline"/>

            <part node="leftHelpJoint" startTime="6" endTime="14" startTrans="-0.765 0.338 -0.19" endTrans="-0.765 0.338 -0.119" startRot="0.0 0.0 0.0" endRot="10.885 -1.16 -0.223" />
            <part node="secondFarLeftHelpJoint" startTime="6" endTime="14" startTrans="2.521 0.213 -0.06" endTrans="2.581 0.43 -0.372" startRot="0.0 0.0 0.0" endRot="78.485 1.036 -7.941" />
            <part node="farLeftHelpJoint" startTime="6" endTime="14" startTrans="1.557 0.627 -0.06" endTrans="1.583 0.627 0.07" startRot="0.0 0.0 0.0" endRot="38.087 12.336 4.01" />

            <part node="rightHelpJoint" startTime="5" endTime="14.5" startTrans="0.765 0.338 -0.19" endTrans="0.769 0.29 -0.179" startRot="0.0 0.0 0.0" endRot="-6.854 7.566 7.125" />
            <part node="secondFarRightHelpJoint" startTime="5" endTime="14.5" startTrans="-2.521 0.213 -0.06" endTrans="-2.577 0.351 -0.332" startRot="0.0 0.0 0.0" endRot="84.068 3.482 12.802" />
            <part node="farRightHelpJoint" startTime="5" endTime="14.5" startTrans="-1.557 0.627 -0.06" endTrans="-1.557 0.627 0.001" startRot="0.0 0.0 0.0" endRot="31.279 -0.194 4.128" />

            <sound template="hydraulicOpen02"       startTime="6"    endTime="14.8"  volumeScale="0.8" pitchScale="1.4" fadeIn="0.1" fadeOut="0.1"/>
            <sound template="hydraulicOpen02"       startTime="5"    endTime="14.0"  volumeScale="0.8" pitchScale="1.6" fadeIn="0.1" fadeOut="0.1"/>
            <sound template="hydraulicClose01"      startTime="5"    endTime="14.8"  volumeScale="0.8" pitchScale="0.6" fadeIn="0.1" fadeOut="0.1"/>
            <sound template="hydraulicOpen06"  startTime="0.01" endTime="5" direction="-1" volumeScale="0.4" startPitchScale="0.5" endPitchScale="0.7" fadeIn="0.1" fadeOut="0.1"/>
            <sound template="hydraulicOpen05"  startTime="0.01" endTime="5" direction="-1" volumeScale="0.7" startPitchScale="1.5" endPitchScale="1.7" fadeIn="0.1" fadeOut="0.1"/>
            <sound template="hydraulicClose01" startTime="0.01" endTime="5" direction="1" volumeScale="0.9" pitchScale="0.7" fadeIn="0.1" fadeOut="0.1"/>
            <sound template="hydraulicOpen02"  startTime="0.01" endTime="5" direction="1" volumeScale="0.7" pitchScale="2" fadeIn="0.1" fadeOut="0.1"/>

            <sound template="foldStartMed02"        startTime="14.8" direction="-1"  volumeScale="1"   pitchScale="0.7" />
            <sound template="sheetImp02"            startTime="14.8" direction="-1"  volumeScale="1.8" pitchScale="0.7" />
            <sound template="clackVar4"             startTime="13.9" direction="-1"  volumeScale="1"   pitchScale="0.6" />
            <sound template="clackVar2"             startTime="6"    direction="-1"  volumeScale="1"   pitchScale="0.6" />
            <sound template="foldStartMed02"        startTime="6"    direction="-1"  volumeScale="1.5" pitchScale="0.7" />
            <sound template="sheetImp02"            startTime="6"    direction="-1"  volumeScale="1.2" pitchScale="0.8" />
            <sound template="clackVar6"             startTime="5.3"  direction="-1"  volumeScale="0.8" pitchScale="0.5" />
            <sound template="clackVar3"             startTime="5.3"  direction="-1"  volumeScale="0.8" pitchScale="0.8" />
            <stopTimeNegSound template="clackVar1"                                   volumeScale="0.5" pitchScale="0.8" />
            <stopTimeNegSound template="sheetImp02"                                  volumeScale="1.2" pitchScale="0.8" />
            <sound template="sheetImp03"            startTime="0.1"  direction="-1"  volumeScale="0.8" pitchScale="0.6" />
            <sound template="vibratingImp"          startTime="0.1"  direction="-1"  volumeScale="0.8" pitchScale="1.0" />
            <stopTimePosSound template="clackVar5"                                   volumeScale="0.5" pitchScale="0.8" />
            <stopTimePosSound template="foldStartMed02"                              volumeScale="1.3" pitchScale="0.8" />
            <sound template="foldStartMed02"        startTime="5.1"  direction="1"   volumeScale="1"   pitchScale="0.8" />
            <sound template="sheetImp02"            startTime="5.1"  direction="1"   volumeScale="1.3" pitchScale="0.8" />
            <sound template="sheetImp01"            startTime="6"    direction="1"   volumeScale="0.8" pitchScale="0.5" />
            <sound template="sheetImp01"            startTime="13.9" direction="1"   volumeScale="0.8" pitchScale="0.6" />
            <sound template="sheetImp02"            startTime="14.8" direction="1"   volumeScale="0.8" pitchScale="0.5" />
            <sound template="foldStartMed02"        startTime="14.8" direction="1"   volumeScale="1.3" pitchScale="0.7" />
        </animation>

        <animation name="toggleCover">
            <part node="ladder"     startTime="0" endTime="1"  startTrans="0 0 0" endTrans="0 1.148 0" tangentType="spline"/>
            <part node="coverLockArm" startTime="1" endTime="2"  startRot="0 0 0" endRot="0 0 -45" tangentType="spline"/>
            <part node="coverLockArm" startTime="2.5" endTime="3.0"  startRot="0 0 -45" endRot="0 0 0" tangentType="spline"/>
            <part node="cover"      startTime="2" endTime="4"  startRot="0 0 -92.800" endRot="0 0 0" tangentType="spline"/>
            <part node="coverHook"  startTime="2" endTime="3.8"  startRot="0 0 90" endRot="0 0 -20" tangentType="spline"/>
            <part node="coverHook"  startTime="3.8" endTime="4.5"  startRot="0 0 -20" endRot="0 0 0" tangentType="spline"/>

            <sound template="slideOpen"    startTime="0.01" endTime="1"       volumeScale="1"   pitchScale="1.2" linkNode="ladder"/>
            <sound template="rollbeltDoor" startTime="2"    endTime="3.8"     volumeScale="0.4" pitchScale="0.7" linkNode="cover" fadeOut="0.3"/>
            <sound template="clackVar6"    startTime="1.9"  volumeScale="0.2" direction="1"     pitchScale="0.7" linkNode="coverHook"/>
            <sound template="vibratingImp" startTime="1.9"  volumeScale="0.2" direction="1"     pitchScale="1.4" linkNode="coverHook"/>
            <sound template="clackVar6"    startTime="1.1"  volumeScale="0.2" direction="-1"    pitchScale="0.7" linkNode="coverHook"/>
            <sound template="vibratingImp" startTime="1.1"  volumeScale="0.2" direction="-1"    pitchScale="1.4" linkNode="coverHook"/>
            <sound template="hingeSmall"   startTime="1.1"  volumeScale="0.1" direction="1"     pitchScale="1.4" linkNode="coverHook"/>
            <sound template="hingeSmall"   startTime="1.6"  volumeScale="0.1" direction="-1"    pitchScale="1.0" linkNode="coverHook"/>
        </animation>
    </animations>

    <cylindered>
        <movingTools>
            <movingTool node="cover" playSound="false">
                <dependentPart node="coverHydraulic01" />
                <dependentPart node="coverHydraulic02" />
            </movingTool>
            <movingTool node="backArm" playSound="true">
                <dependentPart node="backArmHydraulic" />
                <componentJoint index="2"/>
                <componentJoint index="3"/>
            </movingTool>
            <movingTool node="leftArmJoint" playSound="true">
                <componentJoint index="2"/>
            </movingTool>
            <movingTool node="rightArmJoint" playSound="true">
                <componentJoint index="3"/>
            </movingTool>
            <movingTool node="hoseArmRight" playSound="true">
                <dependentPart node="hoseArmRightHydraulic" />
            </movingTool>
            <movingTool node="hoseArmLeft" playSound="true">
                <dependentPart node="hoseArmLeftHydraulic" />
            </movingTool>
            <movingTool node="frontArm" playSound="true">
                <dependentPart node="frontArmHydraulic" />
            </movingTool>
        </movingTools>

        <movingParts>
            <movingPart node="drawbarYRot" referencePoint="drawbarYRotRef" referenceFrame="drawbarYRotRef" limitedAxis="2" isActiveDirty="true" maxUpdateDistance="300">
                <dependentPart node="drawbarXRot" />
            </movingPart>
            <movingPart node="drawbarXRot" referencePoint="drawbarXRotRef" referenceFrame="drawbarXRotRef" limitedAxis="1" />

            <movingPart node="leftArm" referencePoint="leftArmRef" referenceFrame="leftArmRef" isActiveDirty="true" maxUpdateDistance="300"/>
            <movingPart node="rightArm" referencePoint="rightArmRef" referenceFrame="rightArmRef" isActiveDirty="true" maxUpdateDistance="300"/>
            <movingPart node="coverHydraulic01" referencePoint="coverHydraulic01Ref" referenceFrame="coverHydraulic01Ref">
                <translatingPart node="coverHydraulic01Punch" />
            </movingPart>
            <movingPart node="coverHydraulic02" referencePoint="coverHydraulic02Ref" referenceFrame="coverHydraulic02Ref">
                <translatingPart node="coverHydraulic02Punch" />
            </movingPart>
            <movingPart node="backArmHydraulic" referencePoint="backArmHydraulicRef" referenceFrame="backArmHydraulicRefFrame">
                <translatingPart node="backArmHydraulicPunch" />
            </movingPart>
            <movingPart node="leftArmHydraulic" referencePoint="leftArmHydraulicRef" referenceFrame="leftArmHydraulicRef" isActiveDirty="true" maxUpdateDistance="300">
                <translatingPart node="leftArmHydraulicPunch" />
            </movingPart>
            <movingPart node="rightArmHydraulic" referencePoint="rightArmHydraulicRef" referenceFrame="rightArmHydraulicRef" isActiveDirty="true" maxUpdateDistance="300">
                <translatingPart node="rightArmHydraulicPunch" />
            </movingPart>
            <movingPart node="hoseArmLeftHydraulic" referencePoint="hoseArmLeftHydraulicRef" referenceFrame="hoseArmLeftHydraulicRef">
                <translatingPart node="hoseArmLeftHydraulicPunch" />
            </movingPart>
            <movingPart node="hoseArmRightHydraulic" referencePoint="hoseArmRightHydraulicRef" referenceFrame="hoseArmRightHydraulicRef">
                <translatingPart node="hoseArmRightHydraulicPunch" />
            </movingPart>
            <movingPart node="frontArmHydraulic" referencePoint="frontArmHydraulicRef" referenceFrame="frontArmHydraulicRef">
                <translatingPart node="frontArmHydraulicPunch" />
            </movingPart>
        </movingParts>
    </cylindered>

    <fillUnit>
        <fillUnitConfigurations>
            <fillUnitConfiguration>
                <fillUnits>
                    <unloading width="16.5" offset="0 0 -5.2"/>
                    <fillUnit unitTextOverride="$l10n_unit_literShort" fillTypes="seeds" capacity="6000"> <!-- 1 x 3000l tank -->
                        <exactFillRootNode node="exactFillRootNodeSeeds" extraEffectDistance="0.8"/>
                    </fillUnit>
                    <fillUnit unitTextOverride="$l10n_unit_literShort" fillTypes="fertilizer" capacity="9600"> <!-- 2 x 2400l tank -->
                        <exactFillRootNode node="exactFillRootNodeFertilizer" extraEffectDistance="0.8"/>
                    </fillUnit>
                </fillUnits>
            </fillUnitConfiguration>
        </fillUnitConfigurations>
    </fillUnit>

    <fillVolume>
        <fillVolumeConfigurations>
            <fillVolumeConfiguration>
                <volumes>
                    <volume node="fillVolume01" maxAllowedHeapAngle="10" fillUnitIndex="2"/>
                    <volume node="fillVolume02" maxAllowedHeapAngle="10" fillUnitIndex="2"/>
                    <volume node="fillVolume03" maxAllowedHeapAngle="10" fillUnitIndex="1"/>
                </volumes>
            </fillVolumeConfiguration>
        </fillVolumeConfigurations>
    </fillVolume>

    <sowingMachine fillUnitIndex="1">
        <seedFruitTypeCategories>sowingMachine</seedFruitTypeCategories>
        <needsActivation value="true"/>
        <useDirectPlanting value="false" />
        <fieldGroundType value="SOWN" />

        <sounds>
            <work template="defaultSowingWork" volumeScale="0.55" linkNodeOffset="0 0 -6"  />
            <airBlower template="defaultCompressorAirBlower" volumeScale="0.3" fadeIn="0.4" fadeOut="1.4" />
        </sounds>
    </sowingMachine>

    <sprayer fillUnitIndex="2" unloadInfoIndex="2" >
        <usageScales workingWidth="15" scale="1" />
    </sprayer>

    <cover>
        <coverConfigurations title="$l10n_configuration_valueLeftLoading">
            <coverConfiguration name="$l10n_configuration_valueNo">
                <cover openAnimation="toggleCover" fillUnitIndices="1 2"/>
            </coverConfiguration>
        </coverConfigurations>
    </cover>

    <turnOnVehicle turnOffIfNotAllowed="true"/>

    <ai>
        <needsLowering value="true" />
        <areaMarkers leftNode="aiMarkerLeft" rightNode="aiMarkerRight" backNode="aiMarkerBack"/>
        <sizeMarkers leftNode="sizeMarkerLeft" rightNode="sizeMarkerRight" backNode="sizeMarkerBack"/>
        <toolReverserDirectionNode node="aiMarkerBack" />
        <collisionTrigger node="aiCollisionNode" width="15.1" height="3.3"/>
        <allowTurnBackward value="false"/>
        <turningRadiusLimitation rotationJointNode="componentJointDrawbar" wheelIndices="1 2" />
        <agentAttachment jointNode="attacherJoint" rotCenterWheelIndices="1 2" width="3" height="3.55" length="10" lengthOffset="4"/>
    </ai>

    <foliageBending>
        <bendingNode minX="-0.7" maxX="0.7" minZ="2.6" maxZ="6" yOffset="0.6" />
        <bendingNode minX="-1.3" maxX="1.3" minZ="-2.6" maxZ="2.6" yOffset="0.6" />
        <bendingNode wheelIndices="1 2" minZ="-4.1" maxZ="-2.6" yOffset="0.6" />
        <bendingNode minX="-0.4" maxX="1.8" minZ="-0.68" maxZ="6.85" yOffset="-0.4" node="leftArm" />
        <bendingNode minX="-1.8" maxX="0.4" minZ="-0.68" maxZ="6.85" yOffset="-0.4" node="rightArm" />
    </foliageBending>

    <wearable wearDuration="480" workMultiplier="5" fieldMultiplier="2"/>
    <washable dirtDuration="90" washDuration="1" workMultiplier="6" fieldMultiplier="2"/>

    <i3dMappings>
        <i3dMapping id="citan15001C_main_component1" node="0>" />
        <i3dMapping id="citan15001C_vis" node="0>0" />
        <i3dMapping id="supportFeet" node="0>0|0|0" />
        <i3dMapping id="hydraulicIn01_detached" node="0>0|0|1|0" />
        <i3dMapping id="hydraulicIn01_detachedAdapter" node="0>0|0|1|0|0" />
        <i3dMapping id="hydraulicOut01_detached" node="0>0|0|1|1" />
        <i3dMapping id="hydraulicOut01_detachedAdapter" node="0>0|0|1|1|0" />
        <i3dMapping id="hydraulicIn02_detached" node="0>0|0|1|2" />
        <i3dMapping id="hydraulicIn02_detachedAdapter" node="0>0|0|1|2|0" />
        <i3dMapping id="hydraulicOut02_detached" node="0>0|0|1|3" />
        <i3dMapping id="hydraulicOut02_detachedAdapter" node="0>0|0|1|3|0" />
        <i3dMapping id="hydraulicIn03_detached" node="0>0|0|1|4" />
        <i3dMapping id="hydraulicIn03_detachedAdapter" node="0>0|0|1|4|0" />
        <i3dMapping id="hydraulicOut03_detached" node="0>0|0|1|5" />
        <i3dMapping id="hydraulicOut03_detachedAdapter" node="0>0|0|1|5|0" />
        <i3dMapping id="hydraulicIn04_detached" node="0>0|0|1|6" />
        <i3dMapping id="hydraulicIn04_detachedAdapter" node="0>0|0|1|6|0" />
        <i3dMapping id="hydraulicOut04_detached" node="0>0|0|1|7" />
        <i3dMapping id="hydraulicOut04_detachedAdapter" node="0>0|0|1|7|0" />
        <i3dMapping id="hydraulicIn05_detached" node="0>0|0|1|8" />
        <i3dMapping id="hydraulicIn05_detachedAdapter" node="0>0|0|1|8|0" />
        <i3dMapping id="hydraulicOut05_detached" node="0>0|0|1|9" />
        <i3dMapping id="hydraulicOut05_detachedAdapter" node="0>0|0|1|9|0" />
        <i3dMapping id="electricIn01_detached" node="0>0|0|1|10" />
        <i3dMapping id="electricIn01_detachedAdapter" node="0>0|0|1|10|0" />
        <i3dMapping id="hydraulicOut01" node="0>0|0|1|11" />
        <i3dMapping id="hydraulicIn03" node="0>0|0|1|12" />
        <i3dMapping id="hydraulicIn02" node="0>0|0|1|13" />
        <i3dMapping id="hydraulicOut02" node="0>0|0|1|14" />
        <i3dMapping id="hydraulicIn01" node="0>0|0|1|15" />
        <i3dMapping id="hydraulicOut03" node="0>0|0|1|16" />
        <i3dMapping id="hydraulicIn04" node="0>0|0|1|17" />
        <i3dMapping id="electricIn01" node="0>0|0|1|18" />
        <i3dMapping id="hydraulicOut05" node="0>0|0|1|19" />
        <i3dMapping id="hydraulicOut04" node="0>0|0|1|20" />
        <i3dMapping id="hydraulicIn05" node="0>0|0|1|21" />
        <i3dMapping id="wheelLeft" node="0>0|1|0" />
        <i3dMapping id="wheelRight" node="0>0|1|1" />
        <i3dMapping id="plateNumberLight03" node="0>0|2|0|0" />
        <i3dMapping id="plateNumberLight02" node="0>0|2|0|1" />
        <i3dMapping id="workingLight15" node="0>0|2|0|2" />
        <i3dMapping id="workingLight14" node="0>0|2|0|3" />
        <i3dMapping id="rearLight25" node="0>0|2|0|4" />
        <i3dMapping id="rearLight24" node="0>0|2|0|5" />
        <i3dMapping id="yellowRectangle_07" node="0>0|2|0|6" />
        <i3dMapping id="yellowRectangle_06" node="0>0|2|0|7" />
        <i3dMapping id="yellowRectangle_05" node="0>0|2|0|8" />
        <i3dMapping id="yellowRectangle_03" node="0>0|2|0|9" />
        <i3dMapping id="yellowRectangle_02" node="0>0|2|0|10" />
        <i3dMapping id="yellowRectangle_01" node="0>0|2|0|11" />
        <i3dMapping id="yellowRectangle_04" node="0>0|2|0|12" />
        <i3dMapping id="rearLight14_right" node="0>0|2|0|13" />
        <i3dMapping id="yellowRectangle_08" node="0>0|2|0|14" />
        <i3dMapping id="rearLight14_left" node="0>0|2|0|15" />
        <i3dMapping id="backLightsHigh1" node="0>0|2|1|0" />
        <i3dMapping id="licensePlateLightHigh" node="0>0|2|1|1" />
        <i3dMapping id="turnLightLeftBack" node="0>0|2|2|0" />
        <i3dMapping id="turnLightRightBack" node="0>0|2|2|1" />
        <i3dMapping id="workLightBackHigh3" node="0>0|2|3|0" />
        <i3dMapping id="backArm" node="0>0|3|0" />
        <i3dMapping id="leftArm" node="0>0|3|0|0" />
        <i3dMapping id="leftArmHydraulicRef" node="0>0|3|0|0|0" />
        <i3dMapping id="hoseArmLeft" node="0>0|3|0|0|1|0" />
        <i3dMapping id="hoseArmLeftHydraulicRef" node="0>0|3|0|0|1|0|0" />
        <i3dMapping id="workingLight12" node="0>0|3|0|0|1|0|2|0" />
        <i3dMapping id="workLightBackHigh1" node="0>0|3|0|0|1|0|2|1" />
        <i3dMapping id="effectUnloadLeft" node="0>0|3|0|0|1|0|4" />
        <i3dMapping id="farLeftHelpJoint" node="0>0|3|0|0|1|0|5" />
        <i3dMapping id="leftHelpJoint" node="0>0|3|0|0|1|0|6" />
        <i3dMapping id="secondFarLeftHelpJoint" node="0>0|3|0|0|1|0|7" />
        <i3dMapping id="hoseArmLeftHydraulic" node="0>0|3|0|0|2" />
        <i3dMapping id="hoseArmLeftHydraulicPunch" node="0>0|3|0|0|2|0" />
        <i3dMapping id="discsLeftArray" node="0>0|3|0|0|4" />
        <i3dMapping id="seederEffect01LinkNode" node="0>0|3|0|0|6|0" />
        <i3dMapping id="seederEffect03LinkNode" node="0>0|3|0|0|6|1" />
        <i3dMapping id="coulterDiscsLeft" node="0>0|3|0|0|7" />
        <i3dMapping id="rightArm" node="0>0|3|0|1" />
        <i3dMapping id="rightArmHydraulicRef" node="0>0|3|0|1|0" />
        <i3dMapping id="hoseArmRight" node="0>0|3|0|1|1|0" />
        <i3dMapping id="hoseArmRightHydraulicRef" node="0>0|3|0|1|1|0|0" />
        <i3dMapping id="workingLight16" node="0>0|3|0|1|1|0|2|0" />
        <i3dMapping id="workLightBackHigh2" node="0>0|3|0|1|1|0|2|1" />
        <i3dMapping id="effectUnloadRight" node="0>0|3|0|1|1|0|4" />
        <i3dMapping id="rightHelpJoint" node="0>0|3|0|1|1|0|5" />
        <i3dMapping id="farRightHelpJoint" node="0>0|3|0|1|1|0|6" />
        <i3dMapping id="secondFarRightHelpJoint" node="0>0|3|0|1|1|0|7" />
        <i3dMapping id="hoseArmRightHydraulic" node="0>0|3|0|1|2" />
        <i3dMapping id="hoseArmRightHydraulicPunch" node="0>0|3|0|1|2|0" />
        <i3dMapping id="discsRightArray" node="0>0|3|0|1|4" />
        <i3dMapping id="seederEffect02LinkNode" node="0>0|3|0|1|6|0" />
        <i3dMapping id="seederEffect04LinkNode" node="0>0|3|0|1|6|1" />
        <i3dMapping id="coulterDiscsRight" node="0>0|3|0|1|7" />
        <i3dMapping id="leftArmJoint" node="0>0|3|0|2|0" />
        <i3dMapping id="rightArmJoint" node="0>0|3|0|3|0" />
        <i3dMapping id="backArmHydraulicRef" node="0>0|3|0|4" />
        <i3dMapping id="leftArmHydraulic" node="0>0|3|0|5" />
        <i3dMapping id="leftArmHydraulicPunch" node="0>0|3|0|5|0" />
        <i3dMapping id="rightArmHydraulic" node="0>0|3|0|6" />
        <i3dMapping id="rightArmHydraulicPunch" node="0>0|3|0|6|0" />
        <i3dMapping id="groundReferenceNode" node="0>0|3|0|8" />
        <i3dMapping id="backArmHydraulicRefFrame" node="0>0|3|1" />
        <i3dMapping id="backArmHydraulic" node="0>0|3|1|0" />
        <i3dMapping id="backArmHydraulicPunch" node="0>0|3|1|0|0" />
        <i3dMapping id="frontArm" node="0>0|3|2" />
        <i3dMapping id="frontArmHydraulicRef" node="0>0|3|2|0" />
        <i3dMapping id="frontArmHydraulic" node="0>0|3|3" />
        <i3dMapping id="frontArmHydraulicPunch" node="0>0|3|3|0" />
        <i3dMapping id="drawbarYRotRefFrame" node="0>0|3|4" />
        <i3dMapping id="drawbarYRot" node="0>0|3|4|0" />
        <i3dMapping id="drawbarXRotRefFrame" node="0>0|3|4|0|0" />
        <i3dMapping id="drawbarXRot" node="0>0|3|4|0|0|0" />
        <i3dMapping id="workAreaStart" node="0>0|4|0" />
        <i3dMapping id="workAreaWidth" node="0>0|4|1" />
        <i3dMapping id="workAreaHeight" node="0>0|4|2" />
        <i3dMapping id="aiMarkerLeft" node="0>0|5|0" />
        <i3dMapping id="aiMarkerRight" node="0>0|5|1" />
        <i3dMapping id="aiMarkerBack" node="0>0|5|2" />
        <i3dMapping id="sizeMarkerLeft" node="0>0|5|3" />
        <i3dMapping id="sizeMarkerRight" node="0>0|5|4" />
        <i3dMapping id="sizeMarkerBack" node="0>0|5|5" />
        <i3dMapping id="aiCollisionNode" node="0>0|5|6" />
        <i3dMapping id="fillVolume01" node="0>0|6|0" />
        <i3dMapping id="fillVolume02" node="0>0|6|1" />
        <i3dMapping id="fillVolume03" node="0>0|6|2" />
        <i3dMapping id="exactFillRootNodeSeeds" node="0>0|6|3" />
        <i3dMapping id="exactFillRootNodeFertilizer" node="0>0|6|4" />
        <i3dMapping id="smokeEmitter01" node="0>0|7" />
        <i3dMapping id="cover" node="0>0|8|0" />
        <i3dMapping id="coverHydraulic01" node="0>0|8|0|0" />
        <i3dMapping id="coverHydraulic01Punch" node="0>0|8|0|0|0" />
        <i3dMapping id="coverHydraulic02" node="0>0|8|0|1" />
        <i3dMapping id="coverHydraulic02Punch" node="0>0|8|0|1|0" />
        <i3dMapping id="coverHook" node="0>0|8|0|2" />
        <i3dMapping id="coverLockArm" node="0>0|8|0|5" />
        <i3dMapping id="coverHydraulic01Ref" node="0>0|8|1" />
        <i3dMapping id="coverHydraulic02Ref" node="0>0|8|2" />
        <i3dMapping id="ladder" node="0>0|8|3|0" />
        <i3dMapping id="licensePlate" node="0>0|9|0" />
        <i3dMapping id="grid01" node="0>0|10|0|0" />
        <i3dMapping id="grid04" node="0>0|10|0|2" />
        <i3dMapping id="mainBase" node="0>0|10|2" />
        <i3dMapping id="componentJointDrawbar" node="0>0|11" />
        <i3dMapping id="hosesMain" node="0>1|0" />
        <i3dMapping id="citan15001C_attacher_component2" node="1>" />
        <i3dMapping id="drawbarYRotRef" node="1>0" />
        <i3dMapping id="drawbarXRotRef" node="1>1" />
        <i3dMapping id="attacherJoint" node="1>2" />
        <i3dMapping id="citan15001C_leftArm_component3" node="2>" />
        <i3dMapping id="leftArmRef" node="2>0" />
        <i3dMapping id="wheelArm01" node="2>1" />
        <i3dMapping id="wheelArm02" node="2>2" />
        <i3dMapping id="colPartLeft" node="2>3" />
        <i3dMapping id="citan15001C_rightArm_component4" node="3>" />
        <i3dMapping id="rightArmRef" node="3>0" />
        <i3dMapping id="wheelArm03" node="3>1" />
        <i3dMapping id="wheelArm04" node="3>2" />
        <i3dMapping id="colPartRight" node="3>3" />
    </i3dMappings>
</vehicle>
