﻿<?xml version="1.0" encoding="utf-8" standalone="no" ?>
<vehicle type="trailer" xmlns:xsi="http://www.w3.org/2001/XMLSchema-instance" xsi:noNamespaceSchemaLocation="../../../../shared/xml/schema/vehicle.xsd">
    <annotation>Copyright (C) GIANTS Software GmbH, All Rights Reserved.</annotation>

    <storeData>
        <name>DDK 2400</name>
        <functions>
            <function>$l10n_function_tipper</function>
        </functions>
        <image>$data/vehicles/farmtech/ddk2400/store_ddk2400.png</image>
        <price>30500</price>
        <lifetime>600</lifetime>
        <rotation>0</rotation>
        <brand>FARMTECH</brand>
        <category>trailers</category>
        <shopTranslationOffset>0 -0.042 0</shopTranslationOffset>
        <shopRotationOffset>0.04 0 0</shopRotationOffset>
        <vertexBufferMemoryUsage>0</vertexBufferMemoryUsage>
        <indexBufferMemoryUsage>0</indexBufferMemoryUsage>
        <textureMemoryUsage>0</textureMemoryUsage>
        <instanceVertexBufferMemoryUsage>0</instanceVertexBufferMemoryUsage>
        <instanceIndexBufferMemoryUsage>0</instanceIndexBufferMemoryUsage>
    </storeData>

    <base>
        <typeDesc>$l10n_typeDesc_tipper</typeDesc>
        <filename>$data/vehicles/farmtech/ddk2400/ddk2400.i3d</filename>
        <size width="2.6" length="9.6" height="3.55" lengthOffset="0.8"/>
        <sounds volumeFactor="1.8"/>
        <components maxMass="27000">
            <component centerOfMass="0 0.976 -0.7" solverIterationCount="10" mass="2970"/>
            <component centerOfMass="0 0 0" solverIterationCount="10" mass="2500" inertiaScale="2 1 1"/>
            <component centerOfMass="0 0 -1" solverIterationCount="10" mass="800"/>
            <joint component1="1" component2="2" node="axisJoint" rotLimit="0 120 0" transLimit="0 0 0"/>
            <joint component1="2" component2="3" node="drawbarJoint" rotLimit="0 0 0" transLimit="0 0 0"/>
            <collisionPair component1="1" component2="3" enabled="false"/>
        </components>
        <schemaOverlay attacherJointPosition="0 0" name="IMPLEMENT" />
        <mapHotspot type="TRAILER" />
    </base>

    <wheels>
        <wheelConfigurations tireCategories="TRUCK TRAILER">
            <tireCombination brand="CONTINENTAL" names="contiHybridHT3"/>
            <wheelConfiguration name="$l10n_configuration_valueDefault" price="0" saveId="DEFAULT">
                <wheels>
                    <wheel dimensions="385_65R22_5" isLeft="true" hasTireTracks="true" hasParticles="true" configId="truckFront03">
                        <physics tipOcclusionAreaGroupId="1" restLoad="1.8" repr="wheelFrontLeft"   forcePointRatio="0.5" initialCompression="25" suspTravel="0.12" spring="67" damper="50" yOffset="0.01" frictionScale="2"/>
                    </wheel>
                    <wheel dimensions="385_65R22_5" isLeft="false" hasTireTracks="true" hasParticles="true" configId="truckFront03">
                        <physics tipOcclusionAreaGroupId="1" restLoad="1.8" repr="wheelFrontRight"  forcePointRatio="0.5" initialCompression="25" suspTravel="0.12" spring="67" damper="50" yOffset="0.01" frictionScale="2"/>
                    </wheel>
                    <wheel dimensions="385_65R22_5" isLeft="true" configId="truckFront03">
                        <physics tipOcclusionAreaGroupId="1" restLoad="0.8" repr="wheelMiddleLeft"  forcePointRatio="0.5" initialCompression="10" suspTravel="0.12" spring="55" damper="50" yOffset="0.0035" frictionScale="1.75" brakeFactor="0.5"/>
                        <wheelChock parkingNode="wheelChock02" filename="$data/shared/assets/wheelChocks/wheelChock02.i3d"/>
                        <wheelChock parkingNode="wheelChock03" isInverted="true" filename="$data/shared/assets/wheelChocks/wheelChock02.i3d"/>
                    </wheel>
                    <wheel dimensions="385_65R22_5" isLeft="false" configId="truckFront03">
                        <physics tipOcclusionAreaGroupId="1" restLoad="0.8" repr="wheelMiddleRight" forcePointRatio="0.5" initialCompression="10" suspTravel="0.12" spring="55" damper="50" yOffset="0.0035" frictionScale="1.75" brakeFactor="0.5"/>
                    </wheel>
                    <wheel dimensions="385_65R22_5" isLeft="true" hasTireTracks="true" hasParticles="true" configId="truckFront03">
                        <physics tipOcclusionAreaGroupId="1" restLoad="0.8" repr="wheelBackLeft"    forcePointRatio="0.5" initialCompression="10" suspTravel="0.12" spring="55" damper="50" yOffset="0.01" frictionScale="1.9" brakeFactor="0.2"/>
                    </wheel>
                    <wheel dimensions="385_65R22_5" isLeft="false" hasTireTracks="true" hasParticles="true" configId="truckFront03">
                        <physics tipOcclusionAreaGroupId="1" restLoad="0.8" repr="wheelBackRight"   forcePointRatio="0.5" initialCompression="10" suspTravel="0.12" spring="55" damper="50" yOffset="0.01" frictionScale="1.9" brakeFactor="0.2"/>
                    </wheel>
                </wheels>
                <objectChange node="fenderFrontLeft" scaleActive="1 0.7 1" scaleInactive="1 1 1"/>
                <objectChange node="fenderFrontRight" scaleActive="1 0.7 1" scaleInactive="1 1 1"/>
                <objectChange node="fenderCenterLeft" scaleActive="0.7 1 1" scaleInactive="1 1 1"/>
                <objectChange node="fenderCenterRight" scaleActive="0.7 1 1" scaleInactive="1 1 1"/>
                <objectChange node="fenderBackLeft" scaleActive="0.7 1 1" scaleInactive="1 1 1"/>
                <objectChange node="fenderBackRight" scaleActive="0.7 1 1" scaleInactive="1 1 1"/>
            </wheelConfiguration>

            <wheelConfiguration name="$l10n_configuration_valueWheelBroad" price="750" saveId="BROAD">
                <wheels baseConfig="DEFAULT">
                    <wheel dimensions="500_45R22_5"/>
                    <wheel dimensions="500_45R22_5"/>
                    <wheel dimensions="500_45R22_5"/>
                    <wheel dimensions="500_45R22_5"/>
                    <wheel dimensions="500_45R22_5"/>
                    <wheel dimensions="500_45R22_5"/>
                </wheels>
                <objectChange node="fenderFrontLeft" scaleActive="1 1 1" scaleInactive="1 0.7 1"/>
                <objectChange node="fenderFrontRight" scaleActive="1 1 1" scaleInactive="1 0.7 1"/>
                <objectChange node="fenderCenterLeft" scaleActive="1 1 1" scaleInactive="0.7 1 1"/>
                <objectChange node="fenderCenterRight" scaleActive="1 1 1" scaleInactive="0.7 1 1"/>
                <objectChange node="fenderBackLeft" scaleActive="1 1 1" scaleInactive="0.7 1 1"/>
                <objectChange node="fenderBackRight" scaleActive="1 1 1" scaleInactive="0.7 1 1"/>
            </wheelConfiguration>
        </wheelConfigurations>

        <hubMaterial useBaseColor="true"/>

        <hubs>
            <hub linkNode="wheelFrontLeft"   filename="$data/shared/wheels/hubs/hub_n10_5.xml" isLeft="true"  scale="0.28 0.335 0.335" offset="0.003"/>
            <hub linkNode="wheelFrontRight"  filename="$data/shared/wheels/hubs/hub_n10_5.xml" isLeft="false" scale="0.28 0.335 0.335" offset="0.003"/>
            <hub linkNode="wheelMiddleLeft"  filename="$data/shared/wheels/hubs/hub_n10_5.xml" isLeft="true"  scale="0.28 0.335 0.335" offset="0.003"/>
            <hub linkNode="wheelMiddleRight" filename="$data/shared/wheels/hubs/hub_n10_5.xml" isLeft="false" scale="0.28 0.335 0.335" offset="0.003"/>
            <hub linkNode="wheelBackLeft"    filename="$data/shared/wheels/hubs/hub_n10_5.xml" isLeft="true"  scale="0.28 0.335 0.335" offset="0.003"/>
            <hub linkNode="wheelBackRight"   filename="$data/shared/wheels/hubs/hub_n10_5.xml" isLeft="false" scale="0.28 0.335 0.335" offset="0.003"/>
        </hubs>

        <dynamicallyLoadedWheels>
            <dynamicallyLoadedWheel linkNode="extraWheel" filename="$data/shared/wheels/tires/continental/contiCrossTracHS3/385_65R22_5.xml" isLeft="true" configId="truckFront03"/>
        </dynamicallyLoadedWheels>
    </wheels>

    <dynamicallyLoadedParts>
        <dynamicallyLoadedPart node="0" linkNode="chockSupport"  filename="$data/shared/assets/wheelChocks/wheelChockSupport01.i3d" />
        <dynamicallyLoadedPart node="0" linkNode="chockSupport1" filename="$data/shared/assets/wheelChocks/wheelChockSupport01.i3d" />
    </dynamicallyLoadedParts>

    <attachable>
        <inputAttacherJoints>
            <inputAttacherJoint node="attacherJoint" jointType="trailer" rootNode="ddk2400_drawbar_component3" attacherHeight="0.85" />
        </inputAttacherJoints>
        <brakeForce force="1" maxForce="2.5" maxForceMass="27000"/>
        <support animationName="lockDrawbarLimit" delayedOnAttach="false" detachAfterAnimation="false"/>

        <sounds>
            <active file="$data/sounds/tools/trailer/trailerRattle_02.wav" innerRadius="10" outerRadius="50" volumeScale="5" isLocalSound="true" pitchScale="0.8">
                <volume indoor="0.6" outdoor="0.9" >
                    <modifier type="WHEEL_SUSPENSION" value="-0.12" modifiedValue="0.4"/>
                    <modifier type="WHEEL_SUSPENSION" value="-0.00" modifiedValue="0.0"/>
                    <modifier type="WHEEL_SUSPENSION" value="0.12" modifiedValue="0.4"/>

                    <modifier type="SPEED" value="0.0" modifiedValue="0.0"/>
                    <modifier type="SPEED" value="2.0" modifiedValue="1.0"/>
                    <modifier type="SPEED" value="40.0" modifiedValue="1.0"/>
                </volume>
                <lowpassCutoffFrequency indoor="300" outdoor="20000" />
                <lowpassGain indoor="0.7" outdoor="1" />
            </active>
        </sounds>
    </attachable>

    <attacherJoints>
        <attacherJointConfigurations>
            <attacherJointConfiguration name="$l10n_configuration_valueYes" connectionHoseConfigId="2" price="0">
                <attacherJoint node="trailerAttacherJointBack" jointType="trailer" lowerRotLimit="25 75 50" upperRotationOffset="0" allowsJointLimitMovement="false" canTurnOnImplement="false" comboTime="1">
                    <schema position="1 0" rotation="0" invertX="false"/>
                </attacherJoint>
                <objectChange node="trailerAttacherNode" visibilityActive="true" visibilityInactive="false"/>
            </attacherJointConfiguration>
        </attacherJointConfigurations>

        <sounds>
            <attach template="attach01" linkNode="0>" />
        </sounds>
    </attacherJoints>

    <licensePlates>
        <licensePlate node="licensePlateNodeBack" position="BACK" preferedType="ELONGATED" placementArea="0.2 0.28 0.08 0.25"/>
    </licensePlates>

    <connectionHoses>
        <hose inputAttacherJointIndices="1" type="hydraulicIn"  node="hydraulicIn01" adapterNode="hydraulicIn01_detached"  length="1.0" diameter="0.016" straighteningFactor="0.5">
           <objectChange node="hydraulicIn01_detached" visibilityActive="false" visibilityInactive="true"/>
        </hose>
        <hose inputAttacherJointIndices="1" type="hydraulicOut" node="hydraulicOut01" adapterNode="hydraulicOut01_detached" length="1.0" diameter="0.016" straighteningFactor="0.5">
            <objectChange node="hydraulicOut01_detached" visibilityActive="false" visibilityInactive="true"/>
        </hose>
        <hose inputAttacherJointIndices="1" type="airDoubleRed" node="airIn" adapterNode="airIn_detached" length="1.0" diameter="0.016" straighteningFactor="0.5">
            <objectChange node="airIn_detached" visibilityActive="false" visibilityInactive="true" />
        </hose>
        <hose inputAttacherJointIndices="1" type="airDoubleYellow" node="airOut" adapterNode="airOut_detached" length="1.0" diameter="0.016" straighteningFactor="0.5">
            <objectChange node="airOut_detached" visibilityActive="false" visibilityInactive="true" />
        </hose>
        <hose inputAttacherJointIndices="1" type="electric" node="electricIn" adapterNode="electricIn_detached" length="0.5" diameter="0.008" straighteningFactor="0.5">
            <objectChange node="electricIn_detached" visibilityActive="false" visibilityInactive="true"/>
        </hose>

        <connectionHoseConfigurations>
            <connectionHoseConfiguration/>
            <connectionHoseConfiguration>
                <target attacherJointIndices="1" type="electric" node="electricAdapter" socket="electric"/>
                <target attacherJointIndices="1" type="airDoubleRed"    node="airRedOut"    socket="air_red"/>
                <target attacherJointIndices="1" type="airDoubleYellow" node="airYellowOut" socket="air_yellow"/>
                <target attacherJointIndices="1" type="hydraulicIn"     node="hydraulicInBack01" socket="hydraulic02"/>
                <target attacherJointIndices="1" type="hydraulicOut"    node="hydraulicOutBack01" socket="hydraulic02"/>
                <target attacherJointIndices="1" type="hydraulicIn"     node="hydraulicInBack02" socket="hydraulic02" socketMaterialTemplateName="SHARED_BLUE1"/>
            </connectionHoseConfiguration>
        </connectionHoseConfigurations>
        <sounds>
            <connect    type="airDoubleRed" template="hydraulicHosesAttach" volumeScale="0.7" linkNode="attacherJoint"/>
            <connect    type="electric"     template="generalConnection"    volumeScale="0.7" linkNode="attacherJoint"/>
            <disconnect type="airDoubleRed" template="hydraulicHosesDetach" volumeScale="0.7" linkNode="attacherJoint"/>
            <disconnect type="electric"     template="generalConnection"    volumeScale="0.7" linkNode="attacherJoint"/>
        </sounds>
    </connectionHoses>

    <lights>
        <sharedLight linkNode="frontLight06White"   filename="$data/shared/assets/lights/lizard/frontLight06White.xml" />
        <sharedLight linkNode="frontLight06White1"  filename="$data/shared/assets/lights/lizard/frontLight06White.xml" />
        <sharedLight linkNode="frontLight06Orange"  filename="$data/shared/assets/lights/lizard/frontLight06Orange.xml" />
        <sharedLight linkNode="frontLight06Orange1" filename="$data/shared/assets/lights/lizard/frontLight06Orange.xml" />
        <sharedLight linkNode="frontLight06Orange2" filename="$data/shared/assets/lights/lizard/frontLight06Orange.xml" />
        <sharedLight linkNode="frontLight06Orange3" filename="$data/shared/assets/lights/lizard/frontLight06Orange.xml" />
        <sharedLight linkNode="frontLight06Orange4" filename="$data/shared/assets/lights/lizard/frontLight06Orange.xml" />
        <sharedLight linkNode="frontLight06Orange5" filename="$data/shared/assets/lights/lizard/frontLight06Orange.xml" />
        <sharedLight linkNode="frontLight06Orange6" filename="$data/shared/assets/lights/lizard/frontLight06Orange.xml" />
        <sharedLight linkNode="frontLight06Orange7" filename="$data/shared/assets/lights/lizard/frontLight06Orange.xml" />
        <sharedLight linkNode="frontLight06Orange8" filename="$data/shared/assets/lights/lizard/frontLight06Orange.xml" />
        <sharedLight linkNode="frontLight06Orange9" filename="$data/shared/assets/lights/lizard/frontLight06Orange.xml" />
        <sharedLight linkNode="rearLight13_left"    filename="$data/shared/assets/lights/lizard/rearLight13_left.xml" />
        <sharedLight linkNode="rearLight13_right"   filename="$data/shared/assets/lights/lizard/rearLight13_right.xml" />
        <sharedLight linkNode="sideMarker03_left"   filename="$data/shared/assets/lights/lizard/sideMarker03_left.xml" />
        <sharedLight linkNode="sideMarker03_right"  filename="$data/shared/assets/lights/lizard/sideMarker03_right.xml" />
        <sharedLight linkNode="plateNumberLight01"  filename="$data/shared/assets/lights/lizard/plateNumberLight01.xml" />

        <realLights>
            <high>
                <light node="backLightsHigh1" lightTypes="0" />
                <light node="licensePlateLightHigh" lightTypes="0" />
                <turnLightLeft node="turnLightLeftBack" />
                <turnLightRight node="turnLightRightBack" />
                <brakeLight node="backLightsHigh1" />
            </high>
        </realLights>
    </lights>

    <animations>
        <animation name="tipAnimationBack" soundVolumeFactor="0.7">
            <part node="body"                    startTime="0.0" endTime="14" startRot="0 0 0" endRot="-40 0 0" />
            <part node="effectNodesBack"         startTime="0.0" endTime="14" startRot="0 0 0" endRot="40 0 0" />
            <part node="doorBack" direction="-1" startTime="0.0" endTime="14" startRot="0 0 0" endRot="40 0 0" />
            <part node="doorBack" direction="1"  startTime="1.0" endTime="2.5" startRot="0 0 0" endRot="20 0 0" />
            <part node="doorBack" direction="1"  startTime="2.5" endTime="14" startRot="20 0 0" endRot="40 0 0" />
            <part node="backSideLockArm01" startTime="0.0" endTime="0.5" startRot="0 0 0" endRot="-20 0 0" />

            <sound template="hydraulicOpen06"  startTime="0.01" endTime="13.99" direction="-1" startPitchScale="0.5" endPitchScale="0.6" volumeScale="0.7" linkNode="body" fadeIn="0.1" fadeOut="0.1"/>
            <sound template="hydraulicOpen02"  startTime="0.01" endTime="13.99" direction="-1" startPitchScale="1.1" endPitchScale="1.2" volumeScale="1.2" linkNode="body" fadeIn="0.1" fadeOut="0.1"/>
            <sound template="hydraulicClose01" startTime="0.01" endTime="13.99" direction="1"  pitchScale="0.5"      volumeScale="2.0"                     linkNode="body" fadeIn="0.1" fadeOut="0.1"/>
            <sound template="hydraulicOpen05"  startTime="0.01" endTime="13.99" direction="1"  pitchScale="1.5"      volumeScale="2.0"                     linkNode="body" fadeIn="0.1" fadeOut="0.1"/>

            <sound template="metalLowVar2"  startTime="0.15"  direction="-1"  volumeScale="2.2" pitchScale="1.2"/>
            <sound template="metalClose"    startTime="0.15"  direction="-1"  volumeScale="1.2" pitchScale="0.8"/>
            <sound template="thudVar2"      startTime="0.01"  direction="1"   volumeScale="2.5" pitchScale="0.6"/>
            <sound template="metalLowVar2"  startTime="13.99" direction="0"   volumeScale="2.5" pitchScale="1.2"/>
            <sound template="metalClose"    startTime="13.99" direction="1"   volumeScale="1.2" pitchScale="0.7"/>
            <sound template="sheetImp02"    startTime="2.1"   direction="1"   volumeScale="1.0" pitchScale="0.8" linkNode="doorBack"/>
            <sound template="metalOpen"     startTime="2.0"   direction="1"   volumeScale="1.0" pitchScale="0.8" linkNode="doorBack"/>
            <sound template="metalClose"    startTime="0.01"  direction="-1"  volumeScale="1.5" pitchScale="0.7"/>
            <sound template="hingeMedium"   startTime="1.5"   direction="1"   volumeScale="1.4" pitchScale="0.8"/>
            <sound template="cylinderPunch" startTime="0.1"   direction="0"   volumeScale="1.3"/>
            <sound template="cylinderPunch" startTime="13.99" direction="0"/>
            <sound template="metalImpLow"   startTime="0.1"   direction="-1" volumeScale="0.9" pitchScale="1.2" />
        </animation>

        <animation name="tipAnimationLeft" soundVolumeFactor="0.7">
            <part node="bodyLeft" startTime="0.0" endTime="12" startRot="0 0 0" endRot="0 0 -45" />
            <part node="effectNodesLeft" startTime="0.0" endTime="12" startRot="0 0 0" endRot="0 0 45" />
            <part node="doorLeft" direction="-1" startTime="0.0" endTime="12" startRot="0 0 0" endRot="0 0 40" />
            <part node="doorLeft" direction="1"  startTime="2.2" endTime="2.5" startRot="0 0 0" endRot="0 0 30" />
            <part node="doorLeft" direction="1"  startTime="2.5" endTime="12" startRot="0 0 30" endRot="0 0 40" />
            <part node="leftSideLockArm01" startTime="0.0" endTime="0.5" startRot="0 0 0" endRot="0 0 -20" />

            <sound template="hydraulicOpen06"  startTime="0.01" endTime="11.99" direction="-1" startPitchScale="0.5" endPitchScale="0.6" volumeScale="0.7" linkNode="body" fadeIn="0.1" fadeOut="0.1"/>
            <sound template="hydraulicOpen02"  startTime="0.01" endTime="11.99" direction="-1" startPitchScale="1.1" endPitchScale="1.2" volumeScale="1.2" linkNode="body" fadeIn="0.1" fadeOut="0.1"/>
            <sound template="hydraulicClose01" startTime="0.01" endTime="11.99" direction="1"  pitchScale="0.5"      volumeScale="2.0"                     linkNode="body" fadeIn="0.1" fadeOut="0.1"/>
            <sound template="hydraulicOpen05"  startTime="0.01" endTime="11.99" direction="1"  pitchScale="1.5"      volumeScale="2.0"                     linkNode="body" fadeIn="0.1" fadeOut="0.1"/>

            <sound template="metalLowVar2"  startTime="0.15"  direction="-1"  volumeScale="2.2" pitchScale="1.2"/>
            <sound template="metalClose"    startTime="0.15"  direction="-1"  volumeScale="1.2" pitchScale="0.8"/>
            <sound template="metalOpen"     startTime="0.15"  direction="1"   volumeScale="1.5" pitchScale="0.6"/>
            <sound template="metalLowVar2"  startTime="11.99" direction="0"   volumeScale="2.5" pitchScale="1.2"/>
            <sound template="metalClose"    startTime="11.99" direction="1"   volumeScale="1.2" pitchScale="0.7"/>
            <sound template="thudVar2"      startTime="11.99" direction="-1"  volumeScale="0.7" pitchScale="0.4"/>
            <sound template="latchSmall"    startTime="0.01"  direction="0"   volumeScale="0.2" pitchScale="0.9"/>
            <sound template="clackVar2"     startTime="0.01"  direction="0"   volumeScale="1.0" pitchScale="1.7"/>
            <sound template="metalOpen"     startTime="2.1"   direction="1"   volumeScale="2.5" pitchScale="0.7"/>
            <sound template="metalClose"    startTime="0.01"  direction="-1"  volumeScale="1.5" pitchScale="0.7"/>
            <sound template="hingeMedium"   startTime="2.1"   direction="1"   volumeScale="1.4" pitchScale="0.8"/>
            <sound template="cylinderPunch" startTime="11.99" direction="0"/>
            <sound template="cylinderPunch" startTime="0.01"  direction="0"/>
        </animation>

        <animation name="tipAnimationRight" soundVolumeFactor="0.7">
            <part node="bodyRight" startTime="0.0" endTime="12" startRot="0 0 0" endRot="0 0 45" />
            <part node="effectNodesRight" startTime="0.0" endTime="12" startRot="0 0 0" endRot="0 0 -45" />
            <part node="doorRight" direction="-1" startTime="0.0" endTime="12" startRot="0 0 0" endRot="0 0 -40" />
            <part node="doorRight" direction="1"  startTime="2.2" endTime="2.5" startRot="0 0 0" endRot="0 0 -30" />
            <part node="doorRight" direction="1"  startTime="2.5" endTime="12" startRot="0 0 -30" endRot="0 0 -40" />
            <part node="rightSideLockArm01" startTime="0.0" endTime="0.5" startRot="0 0 0" endRot="0 0 20" />

            <sound template="hydraulicOpen06"  startTime="0.01" endTime="11.99" direction="-1" startPitchScale="0.5" endPitchScale="0.6" volumeScale="0.7" linkNode="body" fadeIn="0.1" fadeOut="0.1"/>
            <sound template="hydraulicOpen02"  startTime="0.01" endTime="11.99" direction="-1" startPitchScale="1.1" endPitchScale="1.2" volumeScale="1.2" linkNode="body" fadeIn="0.1" fadeOut="0.1"/>
            <sound template="hydraulicClose01" startTime="0.01" endTime="11.99" direction="1"  pitchScale="0.5"      volumeScale="2.0"                     linkNode="body" fadeIn="0.1" fadeOut="0.1"/>
            <sound template="hydraulicOpen05"  startTime="0.01" endTime="11.99" direction="1"  pitchScale="1.5"      volumeScale="2.0"                     linkNode="body" fadeIn="0.1" fadeOut="0.1"/>

            <sound template="metalLowVar2"  startTime="0.15"  direction="-1"  volumeScale="2.2" pitchScale="1.2"/>
            <sound template="metalClose"    startTime="0.15"  direction="-1"  volumeScale="1.2" pitchScale="0.8"/>
            <sound template="metalOpen"     startTime="0.15"  direction="1"   volumeScale="1.5" pitchScale="0.6"/>
            <sound template="metalLowVar2"  startTime="11.99" direction="0"   volumeScale="2.5" pitchScale="1.2"/>
            <sound template="metalClose"    startTime="11.99" direction="1"   volumeScale="1.2" pitchScale="0.7"/>
            <sound template="thudVar2"      startTime="11.99" direction="-1"  volumeScale="0.7" pitchScale="0.4"/>
            <sound template="latchSmall"    startTime="0.01"  direction="0"   volumeScale="0.2" pitchScale="0.9"/>
            <sound template="clackVar2"     startTime="0.01"  direction="0"   volumeScale="1.0" pitchScale="1.7"/>
            <sound template="metalOpen"     startTime="2.1"   direction="1"   volumeScale="2.5" pitchScale="0.7"/>
            <sound template="metalClose"    startTime="0.01"  direction="-1"  volumeScale="1.5" pitchScale="0.7"/>
            <sound template="hingeMedium"   startTime="2.1"   direction="1"   volumeScale="1.4" pitchScale="0.8"/>
            <sound template="cylinderPunch" startTime="11.99" direction="0"/>
            <sound template="cylinderPunch" startTime="0.01"  direction="0"/>
        </animation>

        <animation name="tipAnimationGrainDoor" soundVolumeFactor="0.7">
            <part node="body"               startTime="0.0" endTime="35" startRot="0 0 0" endRot="-48 0 0" />
            <part node="effectNodesDoor"    startTime="0.0" endTime="35" startRot="0 0 0" endRot="48 0 0" />

            <sound template="hydraulicOpen06"  startTime="0.01" endTime="34.99" direction="-1" startPitchScale="0.5" endPitchScale="0.6" volumeScale="0.7" linkNode="body" fadeIn="0.1" fadeOut="0.1"/>
            <sound template="hydraulicOpen02"  startTime="0.01" endTime="34.99" direction="-1" startPitchScale="1.1" endPitchScale="1.2" volumeScale="1.2" linkNode="body" fadeIn="0.1" fadeOut="0.1"/>
            <sound template="hydraulicClose01" startTime="0.01" endTime="34.99" direction="1"  pitchScale="0.5"      volumeScale="2.0"                     linkNode="body" fadeIn="0.1" fadeOut="0.1"/>
            <sound template="hydraulicOpen05"  startTime="0.01" endTime="34.99" direction="1"  pitchScale="1.5"      volumeScale="2.0"                     linkNode="body" fadeIn="0.1" fadeOut="0.1"/>

            <sound template="metalLowVar2"  startTime="0.15"  direction="-1"  volumeScale="2.2" pitchScale="1.2"/>
            <sound template="metalClose"    startTime="0.15"  direction="-1"  volumeScale="1.2" pitchScale="0.8"/>
            <sound template="metalOpen"     startTime="0.15"  direction="1"   volumeScale="1.5" pitchScale="0.6"/>
            <sound template="metalLowVar2"  startTime="34.99" direction="0"   volumeScale="2.5" pitchScale="1.2"/>
            <sound template="metalClose"    startTime="34.99" direction="1"   volumeScale="1.2" pitchScale="0.7"/>
            <sound template="metalClose"    startTime="34.99" direction="-1"  volumeScale="2"   pitchScale="0.6"/>
            <sound template="cylinderPunch" startTime="34.99" direction="0"/>
            <sound template="cylinderPunch" startTime="0.01"  direction="0"/>
        </animation>

        <animation name="tipAnimationGrainDoorDoor">
            <part node="grainDoor"       startTime="0.0" endTime="0.5" startTrans="0 0 0" endTrans="0 0.074 0" />

            <sound template="latchSmall" startTime="0.01" direction="1"  volumeScale="0.4" pitchScale="0.5"/>
            <sound template="latchSmall" startTime="0.01" direction="-1" volumeScale="0.2" pitchScale="0.7"/>
            <sound template="clackVar6" startTime="0.01"  direction="-1" volumeScale="2.2" pitchScale="0.7"/>
            <sound template="slideOpen"  startTime="0.01" direction="1"  volumeScale="3.5" pitchScale="2.5"/>
            <sound template="slideClose" startTime="0.49" direction="-1" volumeScale="3.5" pitchScale="2.5"/>
            <sound template="metalClose" startTime="0.4"  direction="1"  volumeScale="1.3" pitchScale="2"/>
            <sound template="metalClose" startTime="0.0"  direction="-1" volumeScale="0.8" pitchScale="1.8"/>
        </animation>

        <animation name="toggleCover" soundVolumeFactor="1.2">
            <part node="cover_closed" startTime="0"    endTime="0.05" visibility="true" />
            <part node="cover_opened" startTime="0"    endTime="0.05" visibility="false" />
            <part node="cover_closed" startTime="0.05" endTime="0.1"  visibility="false" />
            <part node="cover_opened" startTime="0.05" endTime="0.1"  visibility="true" />

            <part node="newMesh02" startTime="0"    endTime="0.05" visibility="true" />
            <part node="newMesh02" startTime="0.05" endTime="0.1"  visibility="false" />

            <part node="tarp" startTime="0"    endTime="0.05" visibility="false" />
            <part node="tarp" startTime="0.05" endTime="0.1"  visibility="true" />

            <sound template="fabricCover2" startTime="0.01" direction="1"  volumeScale="1.4" pitchScale="1.5"/>
            <sound template="fabricCover1" startTime="0.05" direction="-1" volumeScale="1.4" pitchScale="1.8"/>
        </animation>

        <animation name="lockDrawbarLimit">
            <part componentJointIndex="2" startTime="0.0" endTime="0.1" startRotLimit="60 0 0" endRotLimit="0 0 0"/>
        </animation>
    </animations>

    <cylindered>
        <movingTools>
            <movingTool node="bodyLeft" playSound="true" >
                <dependentPart node="hydraulic01Body" />
                <dependentPart node="hydraulic02Body" />
            </movingTool>
            <movingTool node="bodyRight" playSound="true" >
                <dependentPart node="hydraulic01Body" />
                <dependentPart node="hydraulic02Body" />
            </movingTool>
            <movingTool node="body" playSound="true" >
                <dependentPart node="hydraulic01Body" />
                <dependentPart node="hydraulic02Body" />
            </movingTool>
            <movingTool node="grainDoor" playSound="false" >
                <dependentPart node="grainDoorArm01" />
            </movingTool>
            <movingTool node="leftSideLockArm01">
                <dependentPart node="leftSideLockArm02" />
            </movingTool>
            <movingTool node="rightSideLockArm01">
                <dependentPart node="rightSideLockArm02" />
            </movingTool>
            <movingTool node="backSideLockArm01">
                <dependentPart node="backSideLockArm02" />
            </movingTool>
        </movingTools>

        <movingParts>
            <movingPart node="axis" referencePoint="attacherJoint" referenceFrame="axisRefFrame" limitedAxis="1" isActiveDirty="true" maxUpdateDistance="250"/>
            <movingPart node="drawbar" referencePoint="attacherJoint" referenceFrame="drawbarRefFrame" limitedAxis="1" isActiveDirty="true" maxUpdateDistance="250"/>
            <movingPart node="hydraulic01Body" referencePoint="hydraulic01BodyRef" referenceFrame="hydraulic01BodyRefFrame" limitedAxis="2" >
              <dependentPart node="hydraulic01BodyPart" />
            </movingPart>
            <movingPart node="hydraulic01BodyPart" referencePoint="hydraulic01BodyRef" referenceFrame="hydraulic01BodyRef" limitedAxis="1" divideTranslatingDistance="false">
                <translatingPart node="bodyHydraulic01Punch01" maxZTrans="0.646"/>
                <translatingPart node="bodyHydraulic01Punch02" maxZTrans="0.646"/>
                <translatingPart node="bodyHydraulic01Punch03" maxZTrans="0.646"/>
                <translatingPart node="bodyHydraulic01Punch04" maxZTrans="0.646"/>
            </movingPart>
            <movingPart node="hydraulic02Body" referencePoint="hydraulic02BodyRef" referenceFrame="hydraulic02BodyRefFrame" limitedAxis="2" >
              <dependentPart node="hydraulic02BodyPart" />
            </movingPart>
            <movingPart node="hydraulic02BodyPart" referencePoint="hydraulic02BodyRef" referenceFrame="hydraulic02BodyRef" limitedAxis="1" divideTranslatingDistance="false">
                <translatingPart node="bodyHydraulic02Punch01" maxZTrans="0.646"/>
                <translatingPart node="bodyHydraulic02Punch02" maxZTrans="0.646"/>
                <translatingPart node="bodyHydraulic02Punch03" maxZTrans="0.646"/>
                <translatingPart node="bodyHydraulic02Punch04" maxZTrans="0.646"/>
            </movingPart>
            <movingPart node="drawbarSpringHolder" referencePoint="drawbarSpringHolderRef" referenceFrame="drawbarSpringHolderRef" isActiveDirty="true" maxUpdateDistance="300"/>
            <movingPart node="drawbarSpring" referencePoint="drawbarSpringHolderRef" referenceFrame="drawbarSpringHolderRef" scaleZ="true" isActiveDirty="true" maxUpdateDistance="300"/>
            <movingPart node="grainDoorArm01" localReferencePoint="grainDoorArm02" referencePoint="grainDoorArm02Ref" referenceFrame="grainDoorArm01RefFrame" limitedAxis="1" >
              <dependentPart node="grainDoorArm02" />
            </movingPart>
            <movingPart node="grainDoorArm02" referencePoint="grainDoorArm02Ref" referenceFrame="grainDoorArm02Ref" />
            <movingPart node="leftSideLockArm02" localReferencePoint="leftSideLockArm03" referencePoint="leftSideLockArm03Ref" referenceFrame="leftSideLockArm02RefFrame" limitedAxis="1">
              <dependentPart node="leftSideLockArm03" />
            </movingPart>
            <movingPart node="leftSideLockArm03" referencePoint="leftSideLockArm03Ref" referenceFrame="leftSideLockArm03Ref" />
            <movingPart node="rightSideLockArm02" localReferencePoint="rightSideLockArm03" referencePoint="rightSideLockArm03Ref" referenceFrame="rightSideLockArm02RefFrame" limitedAxis="1">
              <dependentPart node="rightSideLockArm03" />
            </movingPart>
            <movingPart node="rightSideLockArm03" referencePoint="rightSideLockArm03Ref" referenceFrame="rightSideLockArm03Ref" />
            <movingPart node="backSideLockArm02" localReferencePoint="backSideLockArm03" referencePoint="backSideLockArm03Ref" referenceFrame="backSideLockArm02RefFrame" limitedAxis="1">
              <dependentPart node="backSideLockArm03" />
            </movingPart>
            <movingPart node="backSideLockArm03" referencePoint="backSideLockArm03Ref" referenceFrame="backSideLockArm03Ref" />
        </movingParts>

        <sounds>
            <actionSound template="cylinderPunch" pitchScale="0.7" linkNode="hydraulic01BodyPart" actionNames="TRANSLATING_END_NEG" nodes="bodyHydraulic01Punch02"/>
            <actionSound template="cylinderPunch" pitchScale="0.7" linkNode="hydraulic01BodyPart" actionNames="TRANSLATING_END_NEG" nodes="bodyHydraulic01Punch03"/>
            <actionSound template="cylinderPunch" pitchScale="0.7" linkNode="hydraulic01BodyPart" actionNames="TRANSLATING_END_NEG" nodes="bodyHydraulic01Punch04"/>
            <actionSound template="cylinderPunch" pitchScale="0.7" linkNode="hydraulic02BodyPart" actionNames="TRANSLATING_END_NEG" nodes="bodyHydraulic02Punch02"/>
            <actionSound template="cylinderPunch" pitchScale="0.7" linkNode="hydraulic02BodyPart" actionNames="TRANSLATING_END_NEG" nodes="bodyHydraulic02Punch03"/>
            <actionSound template="cylinderPunch" pitchScale="0.7" linkNode="hydraulic02BodyPart" actionNames="TRANSLATING_END_NEG" nodes="bodyHydraulic02Punch04"/>
        </sounds>
    </cylindered>

    <configurationSets>
        <configurationSet name="$l10n_configuration_valueLoadingWagon">
            <configuration name="fillVolume"    index="1" />
            <configuration name="fillUnit"      index="1" />
            <configuration name="trailer"       index="1" />
            <configuration name="cover"         index="1" />
            <configuration name="tensionBelts"  index="2" />
            <configuration name="dischargeable" index="1" />
            <configuration name="designColor2"  index="1" />
        </configurationSet>
        <configurationSet name="%s %s %s" params="14|$l10n_unit_cubicShort|$l10n_configuration_extension">
            <configuration name="fillVolume"    index="2" />
            <configuration name="fillUnit"      index="2" />
            <configuration name="trailer"       index="2" />
            <configuration name="cover"         index="1" />
            <configuration name="tensionBelts"  index="1" />
            <configuration name="dischargeable" index="2" />
            <configuration name="designColor2"  index="1" />
        </configurationSet>
        <configurationSet name="%s %s %s" params="28|$l10n_unit_cubicShort|$l10n_configuration_extension" isDefault="true">
            <configuration name="fillVolume"    index="3" />
            <configuration name="fillUnit"      index="3" />
            <configuration name="trailer"       index="2" />
            <configuration name="tensionBelts"  index="1" />
            <configuration name="dischargeable" index="2" />
        </configurationSet>
    </configurationSets>

    <fillUnit>
        <fillUnitConfigurations>
            <fillUnitConfiguration price="0">
                <objectChange node="bodyBase" visibilityActive="false" visibilityInactive="true"/>
                <objectChange node="colPartBodyBase01" compoundChildActive="false" compoundChildInactive="true"/>
                <objectChange node="colPartBodyBase02" compoundChildActive="false" compoundChildInactive="true"/>
                <objectChange node="colPartBodyBase03" compoundChildActive="false" compoundChildInactive="true"/>
                <objectChange node="ddk2400_main_component1" massActive="2450" />
                <objectChange node="ddk2400_axis_component2" massActive="1950" />
            </fillUnitConfiguration>
            <fillUnitConfiguration price="3000">
                <fillUnits>
                    <fillUnit shopDisplayUnit="CUBICMETER" fillTypeCategories="BULK" capacity="28000" allowAILoading="true">
                        <exactFillRootNode node="exactFillRootNodeSmall" />
                        <autoAimTargetNode node="fillAutoAimTarget" startZ="2.7" endZ="-3.1" invert="false" startPercentage="25"/>
                    </fillUnit>
                </fillUnits>
                <objectChange node="ddk2400_main_component1" massActive="2700" />
                <objectChange node="ddk2400_axis_component2" massActive="2200" />
            </fillUnitConfiguration>
            <fillUnitConfiguration price="6500">
                <fillUnits>
                    <fillUnit shopDisplayUnit="CUBICMETER" fillTypeCategories="BULK" capacity="56000" allowAILoading="true">
                        <exactFillRootNode node="exactFillRootNodeBig" />
                        <autoAimTargetNode node="fillAutoAimTarget" startZ="2.7" endZ="-3.1" invert="false" startPercentage="25"/>
                    </fillUnit>
                </fillUnits>
                <objectChange node="bodyExtension" visibilityActive="true" visibilityInactive="false"/>
                <objectChange node="colPartExtension01" compoundChildActive="true" compoundChildInactive="false"/>
                <objectChange node="colPartExtension02" compoundChildActive="true" compoundChildInactive="false"/>
                <objectChange node="colPartExtension03" compoundChildActive="true" compoundChildInactive="false"/>
                <objectChange node="colPartExtension04" compoundChildActive="true" compoundChildInactive="false"/>
            </fillUnitConfiguration>
        </fillUnitConfigurations>
    </fillUnit>

    <fillVolume>
        <fillVolumeConfigurations>
            <fillVolumeConfiguration/>
            <fillVolumeConfiguration>
                <volumes>
                    <volume node="fillVolumeSmall" maxDelta="0.12" maxAllowedHeapAngle="15" fillUnitIndex="1" />
                </volumes>
            </fillVolumeConfiguration>
            <fillVolumeConfiguration>
                <volumes>
                    <volume node="fillVolumeBig" maxDelta="0.12" maxAllowedHeapAngle="15" fillUnitIndex="1" />
                </volumes>
            </fillVolumeConfiguration>
        </fillVolumeConfigurations>

        <unloadInfos>
            <unloadInfo>
                <node node="unloadInfoBack" width="1.0" length="4.5" />
            </unloadInfo>
            <unloadInfo>
                <node node="unloadInfoLeft" width="1.0" length="4.5" />
            </unloadInfo>
            <unloadInfo>
                <node node="unloadInfoRight" width="1.0" length="4.5" />
            </unloadInfo>
        </unloadInfos>
    </fillVolume>

    <trailer>
        <trailerConfigurations>
            <trailerConfiguration/>
            <trailerConfiguration>
                <trailer>
                  <tipSide name="$l10n_info_tipSideBack" dischargeNodeIndex="1">
                      <animation name="tipAnimationBack" speedScale="1" closeSpeedScale="1.5" startTipTime="0.1"/>
                      <objectChange node="boltBackRight" visibilityActive="true" />
                      <objectChange node="boltBackLeft" visibilityActive="true" />
                      <objectChange node="boltFrontRight" visibilityActive="false" />
                      <objectChange node="boltFrontLeft" visibilityActive="false" />
                  </tipSide>
                  <tipSide name="$l10n_info_tipSideBackGrainDoor" dischargeNodeIndex="2" >
                      <animation name="tipAnimationGrainDoor" speedScale="1" closeSpeedScale="3"/>
                      <doorAnimation name="tipAnimationGrainDoorDoor" speedScale="1" startTipTime="0.4"/>
                      <objectChange node="boltBackRight" visibilityActive="true" />
                      <objectChange node="boltBackLeft" visibilityActive="true" />
                      <objectChange node="boltFrontRight" visibilityActive="false" />
                      <objectChange node="boltFrontLeft" visibilityActive="false" />
                  </tipSide>
                    <tipSide name="$l10n_info_tipSideLeft" dischargeNodeIndex="3">
                        <animation name="tipAnimationLeft" speedScale="0.7" closeSpeedScale="1.7" startTipTime="0.2"/>
                        <objectChange node="boltFrontLeft" visibilityActive="true" />
                        <objectChange node="boltBackLeft" visibilityActive="true" />
                        <objectChange node="boltBackRight" visibilityActive="false" />
                        <objectChange node="boltFrontRight" visibilityActive="false" />
                    </tipSide>
                    <tipSide name="$l10n_info_tipSideRight" dischargeNodeIndex="4">
                        <animation name="tipAnimationRight" speedScale="0.7" closeSpeedScale="1.7" startTipTime="0.2"/>
                        <objectChange node="boltFrontRight" visibilityActive="true" />
                        <objectChange node="boltBackRight" visibilityActive="true" />
                        <objectChange node="boltBackLeft" visibilityActive="false" />
                        <objectChange node="boltFrontLeft" visibilityActive="false" />
                    </tipSide>
                </trailer>
            </trailerConfiguration>
        </trailerConfigurations>
    </trailer>

    <tensionBelts>
        <tensionBeltsConfigurations>
            <tensionBeltsConfiguration/>
            <tensionBeltsConfiguration>
                <tensionBelts linkNode="tensionBelts" jointNode="ddk2400_main_component1" width="0.05" maxEdgeLength="0.1" geometryBias="0.01" ratchetPosition="0.2" defaultOffset="0.1" defaultOffsetSide="0.1" defaultHeight="4" activationTrigger="beltActivationTrigger">
                    <tensionBelt startNode="startPoint01" endNode="startPoint01End" >
                        <intersectionNode node="tensionBelt01Intersection01"/>
                        <intersectionNode node="tensionBelt01Intersection02"/>
                    </tensionBelt>
                    <tensionBelt startNode="startPoint02" endNode="startPoint02End" >
                        <intersectionNode node="tensionBelt02Intersection01"/>
                        <intersectionNode node="tensionBelt02Intersection02"/>
                    </tensionBelt>
                    <tensionBelt startNode="startPoint03" endNode="startPoint03End" >
                        <intersectionNode node="tensionBelt03Intersection01"/>
                        <intersectionNode node="tensionBelt03Intersection02"/>
                    </tensionBelt>
                    <tensionBelt startNode="startPoint04" endNode="startPoint04End" >
                        <intersectionNode node="tensionBelt04Intersection01"/>
                        <intersectionNode node="tensionBelt04Intersection02"/>
                    </tensionBelt>
                    <tensionBelt startNode="startPoint05" endNode="startPoint05End" >
                        <intersectionNode node="tensionBelt05Intersection01"/>
                        <intersectionNode node="tensionBelt05Intersection02"/>
                    </tensionBelt>
                    <tensionBelt startNode="startPoint06" endNode="startPoint06End" >
                        <intersectionNode node="tensionBelt06Intersection01"/>
                        <intersectionNode node="tensionBelt06Intersection02"/>
                    </tensionBelt>
                    <sounds>
                        <addBelt    template="beltOpen" />
                        <removeBelt template="beltClose" />
                    </sounds>
                </tensionBelts>
            </tensionBeltsConfiguration>
        </tensionBeltsConfigurations>
    </tensionBelts>

    <dischargeable>
        <dischargeableConfigurations>
            <dischargeableConfiguration/>
            <dischargeableConfiguration>
                <dischargeNode node="dischargeNodeBack" emptySpeed="2000" fillUnitIndex="1" unloadInfoIndex="1" allowAIDischarge="true">
                    <info width="2.5" length="0.5" />
                    <effects>
                        <effectNode effectClass="TipEffect">
                            <effectNode effectNode="effectParticleBack" effectClass="ParticleEffect" materialType="unloadingParticle" emitCountScale="3"/>
                            <effectNode effectNode="effectGrainBack" materialType="unloading" fadeTime="0.5" extraDistanceNode="dischargeNodeBack" extraDistance="0.45"/>
                        </effectNode>
                        <effectNode effectNode="effectSmokeBack" materialType="unloadingSmoke" fadeTime="0.5" />
                    </effects>
                </dischargeNode>
                <dischargeNode node="dischargeNodeGrainDoor" emptySpeed="700" fillUnitIndex="1" unloadInfoIndex="1" >
                    <info width="0.5" length="0.5" />
                    <effects>
                        <effectNode effectClass="TipEffect">
                            <effectNode effectNode="effectParticleDoor" effectClass="ParticleEffect" materialType="unloadingParticle" emitCountScale="5"/>
                            <effectNode effectNode="effectGrainDoor" materialType="unloading" fadeTime="0.5" extraDistanceNode="dischargeNodeGrainDoor" extraDistance="0.65"/>
                        </effectNode>
                        <effectNode effectNode="effectSmokeDoor" materialType="unloadingSmoke" fadeTime="0.5" />
                    </effects>
                </dischargeNode>
                <dischargeNode node="dischargeNodeLeft" emptySpeed="2000" fillUnitIndex="1" unloadInfoIndex="2" >
                    <info width="7" length="0.5" />
                    <effects>
                        <effectNode effectClass="TipEffect">
                            <effectNode effectNode="effectParticleLeft" effectClass="ParticleEffect" materialType="unloadingParticle" emitCountScale="2"/>
                            <effectNode effectNode="effectGrainLeft" materialType="unloading" fadeTime="0.5" extraDistanceNode="dischargeNodeLeft" extraDistance="0.5"/>
                        </effectNode>
                        <effectNode effectNode="effectSmokeLeft" materialType="unloadingSmoke" fadeTime="0.5" />
                    </effects>
                </dischargeNode>
                <dischargeNode node="dischargeNodeRight" emptySpeed="2000" fillUnitIndex="1" unloadInfoIndex="3" >
                    <info width="7" length="0.5" />
                    <effects>
                        <effectNode effectClass="TipEffect">
                            <effectNode effectNode="effectParticleRight" effectClass="ParticleEffect" materialType="unloadingParticle" emitCountScale="2"/>
                            <effectNode effectNode="effectGrainRight" materialType="unloading" fadeTime="0.5" extraDistanceNode="dischargeNodeRight" extraDistance="0.5"/>
                        </effectNode>
                        <effectNode effectNode="effectSmokeRight" materialType="unloadingSmoke" fadeTime="0.5" />
                    </effects>
                </dischargeNode>
            </dischargeableConfiguration>
        </dischargeableConfigurations>
    </dischargeable>

    <cover>
        <coverConfigurations isYesNoOption="true">
            <coverConfiguration name="$l10n_configuration_valueNo" price="0"/>
            <coverConfiguration name="$l10n_configuration_valueYes" price="2600" openCoverWhileTipping="true" isDefault="true">
                <cover openAnimation="toggleCover" fillUnitIndices="1" />
                <objectChange node="cover" visibilityActive="true" visibilityInactive="false"/>
                <objectChange node="tensionBeltsSkinned" visibilityActive="true" visibilityInactive="false"/>
                <objectChange node="colPartExtension05" compoundChildActive="true" compoundChildInactive="false"/>
                <objectChange node="colPartExtension06" compoundChildActive="true" compoundChildInactive="false"/>
            </coverConfiguration>
        </coverConfigurations>
    </cover>

    <ai>
        <allowTurnBackward value="false"/>
        <turningRadiusLimitation radius="6"/>
        <agentAttachment jointNode="attacherJoint" rotCenterWheelIndices="1 2" width="2.65" height="3.5" length="1.8" lengthOffset="0.3" hasCollision="false"/>
        <agentAttachment jointNode="axisJoint"     rotCenterWheelIndices="3 4" width="2.65" height="3.5" length="6.1" lengthOffset="0.4"/>
    </ai>

    <foliageBending>
        <bendingNode wheelIndices="3 4" minZ="-3.95" maxZ="3.5" yOffset="0.6" />
        <bendingNode minX="-0.25" maxX="0.25" minZ="0.05" maxZ="2.2" yOffset="-0.08" node="drawbar"/>
    </foliageBending>

    <baseColorConfigurations title="$l10n_configuration_chassisColor" useDefaultColors="true">
        <baseColorConfiguration materialTemplateName="FARMTECH_RED1"/>

        <material materialSlotName="chassis_color_mat"/>
    </baseColorConfigurations>

    <designColorConfigurations title="$l10n_configuration_baseColor" useDefaultColors="true">
        <designColorConfiguration materialTemplateName="FARMTECH_GREEN1"/>

        <material materialSlotName="base_color_mat"/>
    </designColorConfigurations>

    <designColor2Configurations title="$l10n_configuration_coverColor" useDefaultColors="true">
        <designColor2Configuration materialTemplateName="FARMTECH_GREY1"/>
        <designColor2Configuration materialTemplateName="FARMTECH_YELLOW1"/>

        <material materialSlotName="cover_color_mat"/>
    </designColor2Configurations>

    <wearable wearDuration="480" workMultiplier="5" fieldMultiplier="2"/>
    <washable dirtDuration="90" washDuration="1" workMultiplier="3" fieldMultiplier="2"/>

    <i3dMappings>
        <i3dMapping id="ddk2400_main_component1" node="0>" />
        <i3dMapping id="ddk2400_vis" node="0>0" />
        <i3dMapping id="wheelMiddleLeft" node="0>0|0|0" />
        <i3dMapping id="wheelMiddleRight" node="0>0|0|1" />
        <i3dMapping id="wheelBackLeft" node="0>0|0|2" />
        <i3dMapping id="wheelBackRight" node="0>0|0|3" />
        <i3dMapping id="wheelChock02" node="0>0|0|4" />
        <i3dMapping id="wheelChock03" node="0>0|0|5" />
        <i3dMapping id="chockSupport" node="0>0|0|6" />
        <i3dMapping id="chockSupport1" node="0>0|0|7" />
        <i3dMapping id="fenderCenterLeft" node="0>0|0|8" />
        <i3dMapping id="fenderCenterRight" node="0>0|0|9" />
        <i3dMapping id="fenderBackLeft" node="0>0|0|10" />
        <i3dMapping id="fenderBackRight" node="0>0|0|11" />
        <i3dMapping id="frontLight06White" node="0>0|1|0|0" />
        <i3dMapping id="frontLight06White1" node="0>0|1|0|1" />
        <i3dMapping id="frontLight06Orange" node="0>0|1|0|2" />
        <i3dMapping id="frontLight06Orange1" node="0>0|1|0|3" />
        <i3dMapping id="frontLight06Orange2" node="0>0|1|0|4" />
        <i3dMapping id="frontLight06Orange4" node="0>0|1|0|5" />
        <i3dMapping id="frontLight06Orange5" node="0>0|1|0|6" />
        <i3dMapping id="rearLight13_left" node="0>0|1|0|7" />
        <i3dMapping id="rearLight13_right" node="0>0|1|0|8" />
        <i3dMapping id="frontLight06Orange6" node="0>0|1|0|9" />
        <i3dMapping id="frontLight06Orange7" node="0>0|1|0|10" />
        <i3dMapping id="frontLight06Orange8" node="0>0|1|0|11" />
        <i3dMapping id="sideMarker03_left" node="0>0|1|0|12" />
        <i3dMapping id="sideMarker03_right" node="0>0|1|0|13" />
        <i3dMapping id="plateNumberLight01" node="0>0|1|0|14" />
        <i3dMapping id="yellowRectangle_01" node="0>0|1|0|15" />
        <i3dMapping id="yellowRectangle_02" node="0>0|1|0|16" />
        <i3dMapping id="backLightsHigh1" node="0>0|1|1|0" />
        <i3dMapping id="turnLightLeftBack" node="0>0|1|2|0" />
        <i3dMapping id="turnLightRightBack" node="0>0|1|2|1" />
        <i3dMapping id="licensePlateLightHigh" node="0>0|1|3" />
        <i3dMapping id="dischargeNodeBack" node="0>0|2|0" />
        <i3dMapping id="dischargeNodeGrainDoor" node="0>0|2|1" />
        <i3dMapping id="dischargeNodeLeft" node="0>0|2|2" />
        <i3dMapping id="dischargeNodeRight" node="0>0|2|3" />
        <i3dMapping id="axis" node="0>0|3|0|0" />
        <i3dMapping id="drawbar" node="0>0|3|0|0|0|0" />
        <i3dMapping id="airOut_detached" node="0>0|3|0|0|0|0|0|0" />
        <i3dMapping id="airIn_detached" node="0>0|3|0|0|0|0|0|1" />
        <i3dMapping id="airIn" node="0>0|3|0|0|0|0|0|2" />
        <i3dMapping id="airOut" node="0>0|3|0|0|0|0|0|3" />
        <i3dMapping id="hydraulicIn01_detached" node="0>0|3|0|0|0|0|0|4" />
        <i3dMapping id="hydraulicOut01_detached" node="0>0|3|0|0|0|0|0|5" />
        <i3dMapping id="electricIn_detached" node="0>0|3|0|0|0|0|0|6" />
        <i3dMapping id="hydraulicOut01" node="0>0|3|0|0|0|0|0|7" />
        <i3dMapping id="electricIn" node="0>0|3|0|0|0|0|0|8" />
        <i3dMapping id="hydraulicIn01" node="0>0|3|0|0|0|0|0|9" />
        <i3dMapping id="drawbarSpringHolderRef" node="0>0|3|0|0|0|0|1" />
        <i3dMapping id="drawbarSpringHolder" node="0>0|3|0|0|1" />
        <i3dMapping id="drawbarSpring" node="0>0|3|0|0|1|0" />
        <i3dMapping id="frontLight06Orange3" node="0>0|3|0|0|2|0" />
        <i3dMapping id="frontLight06Orange9" node="0>0|3|0|0|2|1" />
        <i3dMapping id="fenderFrontLeft" node="0>0|3|0|0|4" />
        <i3dMapping id="fenderFrontRight" node="0>0|3|0|0|5" />
        <i3dMapping id="bodyLeft" node="0>0|3|1" />
        <i3dMapping id="bodyRight" node="0>0|3|1|0" />
        <i3dMapping id="body" node="0>0|3|1|0|0" />
        <i3dMapping id="bodyBase" node="0>0|3|1|0|0|0" />
        <i3dMapping id="bodyExtension" node="0>0|3|1|0|0|0|0" />
        <i3dMapping id="cover" node="0>0|3|1|0|0|0|0|0" />
        <i3dMapping id="cover_closed" node="0>0|3|1|0|0|0|0|0|0" />
        <i3dMapping id="cover_opened" node="0>0|3|1|0|0|0|0|0|1" />
        <i3dMapping id="tarp" node="0>0|3|1|0|0|0|0|0|1|1" />
        <i3dMapping id="colPartExtension01" node="0>0|3|1|0|0|0|0|2|0" />
        <i3dMapping id="colPartExtension02" node="0>0|3|1|0|0|0|0|2|1" />
        <i3dMapping id="colPartExtension03" node="0>0|3|1|0|0|0|0|2|2" />
        <i3dMapping id="colPartExtension04" node="0>0|3|1|0|0|0|0|2|3" />
        <i3dMapping id="colPartExtension05" node="0>0|3|1|0|0|0|0|2|4" />
        <i3dMapping id="colPartExtension06" node="0>0|3|1|0|0|0|0|2|5" />
        <i3dMapping id="fillAutoAimTarget" node="0>0|3|1|0|0|0|1|0" />
        <i3dMapping id="exactFillRootNodeBig" node="0>0|3|1|0|0|0|1|1" />
        <i3dMapping id="exactFillRootNodeSmall" node="0>0|3|1|0|0|0|1|2" />
        <i3dMapping id="fillVolumeSmall" node="0>0|3|1|0|0|0|1|3" />
        <i3dMapping id="fillVolumeBig" node="0>0|3|1|0|0|0|1|4" />
        <i3dMapping id="unloadInfoBack" node="0>0|3|1|0|0|0|1|5" />
        <i3dMapping id="unloadInfoLeft" node="0>0|3|1|0|0|0|1|6" />
        <i3dMapping id="unloadInfoRight" node="0>0|3|1|0|0|0|1|7" />
        <i3dMapping id="doorLeft" node="0>0|3|1|0|0|0|2" />
        <i3dMapping id="doorRight" node="0>0|3|1|0|0|0|3" />
        <i3dMapping id="doorBack" node="0>0|3|1|0|0|0|4" />
        <i3dMapping id="grainDoorArm01RefFrame" node="0>0|3|1|0|0|0|4|0" />
        <i3dMapping id="grainDoor" node="0>0|3|1|0|0|0|4|1" />
        <i3dMapping id="grainDoorArm02Ref" node="0>0|3|1|0|0|0|4|1|0" />
        <i3dMapping id="grainDoorArm01" node="0>0|3|1|0|0|0|4|2" />
        <i3dMapping id="grainDoorArm02" node="0>0|3|1|0|0|0|4|2|0" />
        <i3dMapping id="effectNodesBack" node="0>0|3|1|0|0|0|5|0|0" />
        <i3dMapping id="effectGrainBack" node="0>0|3|1|0|0|0|5|0|0|0" />
        <i3dMapping id="effectSmokeBack" node="0>0|3|1|0|0|0|5|0|0|1" />
        <i3dMapping id="particleNodesBack" node="0>0|3|1|0|0|0|5|0|1" />
        <i3dMapping id="effectParticleBack" node="0>0|3|1|0|0|0|5|0|1|0" />
        <i3dMapping id="effectNodesDoor" node="0>0|3|1|0|0|0|5|1|0" />
        <i3dMapping id="effectGrainDoor" node="0>0|3|1|0|0|0|5|1|0|0" />
        <i3dMapping id="effectSmokeDoor" node="0>0|3|1|0|0|0|5|1|0|1" />
        <i3dMapping id="particleNodesDoor" node="0>0|3|1|0|0|0|5|1|1" />
        <i3dMapping id="effectParticleDoor" node="0>0|3|1|0|0|0|5|1|1|0" />
        <i3dMapping id="effectNodesLeft" node="0>0|3|1|0|0|0|5|2|0" />
        <i3dMapping id="effectGrainLeft" node="0>0|3|1|0|0|0|5|2|0|0" />
        <i3dMapping id="effectSmokeLeft" node="0>0|3|1|0|0|0|5|2|0|1" />
        <i3dMapping id="particleNodesLeft" node="0>0|3|1|0|0|0|5|2|1" />
        <i3dMapping id="effectParticleLeft" node="0>0|3|1|0|0|0|5|2|1|0" />
        <i3dMapping id="effectNodesRight" node="0>0|3|1|0|0|0|5|3|0" />
        <i3dMapping id="effectGrainRight" node="0>0|3|1|0|0|0|5|3|0|0" />
        <i3dMapping id="effectSmokeRight" node="0>0|3|1|0|0|0|5|3|0|1" />
        <i3dMapping id="particleNodesRight" node="0>0|3|1|0|0|0|5|3|1" />
        <i3dMapping id="effectParticleRight" node="0>0|3|1|0|0|0|5|3|1|0" />
        <i3dMapping id="colPartBodyBase01" node="0>0|3|1|0|0|0|7|0" />
        <i3dMapping id="colPartBodyBase02" node="0>0|3|1|0|0|0|7|1" />
        <i3dMapping id="colPartBodyBase03" node="0>0|3|1|0|0|0|7|2" />
        <i3dMapping id="hydraulic01BodyRef" node="0>0|3|1|0|0|1" />
        <i3dMapping id="hydraulic02BodyRef" node="0>0|3|1|0|0|2" />
        <i3dMapping id="tensionBelts" node="0>0|3|1|0|0|3" />
        <i3dMapping id="beltActivationTrigger" node="0>0|3|1|0|0|3|0" />
        <i3dMapping id="startPoint01" node="0>0|3|1|0|0|3|1" />
        <i3dMapping id="tensionBelt01Intersection01" node="0>0|3|1|0|0|3|1|0" />
        <i3dMapping id="tensionBelt01Intersection02" node="0>0|3|1|0|0|3|1|1" />
        <i3dMapping id="startPoint01End" node="0>0|3|1|0|0|3|1|2" />
        <i3dMapping id="startPoint02" node="0>0|3|1|0|0|3|2" />
        <i3dMapping id="tensionBelt02Intersection01" node="0>0|3|1|0|0|3|2|0" />
        <i3dMapping id="tensionBelt02Intersection02" node="0>0|3|1|0|0|3|2|1" />
        <i3dMapping id="startPoint02End" node="0>0|3|1|0|0|3|2|2" />
        <i3dMapping id="startPoint03" node="0>0|3|1|0|0|3|3" />
        <i3dMapping id="tensionBelt03Intersection01" node="0>0|3|1|0|0|3|3|0" />
        <i3dMapping id="tensionBelt03Intersection02" node="0>0|3|1|0|0|3|3|1" />
        <i3dMapping id="startPoint03End" node="0>0|3|1|0|0|3|3|2" />
        <i3dMapping id="startPoint04" node="0>0|3|1|0|0|3|4" />
        <i3dMapping id="tensionBelt04Intersection01" node="0>0|3|1|0|0|3|4|0" />
        <i3dMapping id="tensionBelt04Intersection02" node="0>0|3|1|0|0|3|4|1" />
        <i3dMapping id="startPoint04End" node="0>0|3|1|0|0|3|4|2" />
        <i3dMapping id="startPoint05" node="0>0|3|1|0|0|3|5" />
        <i3dMapping id="tensionBelt05Intersection01" node="0>0|3|1|0|0|3|5|0" />
        <i3dMapping id="tensionBelt05Intersection02" node="0>0|3|1|0|0|3|5|1" />
        <i3dMapping id="startPoint05End" node="0>0|3|1|0|0|3|5|2" />
        <i3dMapping id="startPoint06" node="0>0|3|1|0|0|3|6" />
        <i3dMapping id="tensionBelt06Intersection01" node="0>0|3|1|0|0|3|6|0" />
        <i3dMapping id="tensionBelt06Intersection02" node="0>0|3|1|0|0|3|6|1" />
        <i3dMapping id="startPoint06End" node="0>0|3|1|0|0|3|6|2" />
        <i3dMapping id="boltFrontRight" node="0>0|3|1|0|0|6" />
        <i3dMapping id="boltBackRight" node="0>0|3|1|0|0|7" />
        <i3dMapping id="boltBackLeft" node="0>0|3|1|0|0|8" />
        <i3dMapping id="boltFrontLeft" node="0>0|3|1|0|0|9" />
        <i3dMapping id="leftSideLockArm01" node="0>0|3|1|0|0|10|0" />
        <i3dMapping id="leftSideLockArm03Ref" node="0>0|3|1|0|0|10|0|0" />
        <i3dMapping id="leftSideLockArm02RefFrame" node="0>0|3|1|0|0|10|1" />
        <i3dMapping id="leftSideLockArm02" node="0>0|3|1|0|0|10|1|0" />
        <i3dMapping id="leftSideLockArm03" node="0>0|3|1|0|0|10|1|0|0" />
        <i3dMapping id="rightSideLockArm01" node="0>0|3|1|0|0|10|2" />
        <i3dMapping id="rightSideLockArm03Ref" node="0>0|3|1|0|0|10|2|0" />
        <i3dMapping id="rightSideLockArm02RefFrame" node="0>0|3|1|0|0|10|3" />
        <i3dMapping id="rightSideLockArm02" node="0>0|3|1|0|0|10|3|0" />
        <i3dMapping id="rightSideLockArm03" node="0>0|3|1|0|0|10|3|0|0" />
        <i3dMapping id="backSideLockArm01" node="0>0|3|1|0|0|10|4" />
        <i3dMapping id="backSideLockArm03Ref" node="0>0|3|1|0|0|10|4|0" />
        <i3dMapping id="backSideLockArm02RefFrame" node="0>0|3|1|0|0|10|5" />
        <i3dMapping id="backSideLockArm02" node="0>0|3|1|0|0|10|5|0" />
        <i3dMapping id="backSideLockArm03" node="0>0|3|1|0|0|10|5|0|0" />
        <i3dMapping id="hydraulic01BodyRefFrame" node="0>0|3|2" />
        <i3dMapping id="hydraulic01Body" node="0>0|3|3|0" />
        <i3dMapping id="hydraulic01BodyPart" node="0>0|3|3|0|0" />
        <i3dMapping id="bodyHydraulic01Punch01" node="0>0|3|3|0|0|0" />
        <i3dMapping id="bodyHydraulic01Punch02" node="0>0|3|3|0|0|0|0" />
        <i3dMapping id="bodyHydraulic01Punch03" node="0>0|3|3|0|0|0|0|0" />
        <i3dMapping id="bodyHydraulic01Punch04" node="0>0|3|3|0|0|0|0|0|0" />
        <i3dMapping id="hydraulic02BodyRefFrame" node="0>0|3|4" />
        <i3dMapping id="hydraulic02Body" node="0>0|3|5|0" />
        <i3dMapping id="hydraulic02BodyPart" node="0>0|3|5|0|0" />
        <i3dMapping id="bodyHydraulic02Punch01" node="0>0|3|5|0|0|0" />
        <i3dMapping id="bodyHydraulic02Punch02" node="0>0|3|5|0|0|0|0" />
        <i3dMapping id="bodyHydraulic02Punch03" node="0>0|3|5|0|0|0|0|0" />
        <i3dMapping id="bodyHydraulic02Punch04" node="0>0|3|5|0|0|0|0|0|0" />
        <i3dMapping id="trailerAttacherNode" node="0>0|4|0" />
        <i3dMapping id="trailerAttacherJointBack" node="0>0|4|0|0" />
        <i3dMapping id="electricAdapter" node="0>0|4|1" />
        <i3dMapping id="airRedOut" node="0>0|4|2" />
        <i3dMapping id="airYellowOut" node="0>0|4|3" />
        <i3dMapping id="hydraulicInBack01" node="0>0|4|4" />
        <i3dMapping id="hydraulicOutBack01" node="0>0|4|5" />
        <i3dMapping id="hydraulicInBack02" node="0>0|4|6" />
        <i3dMapping id="licensePlateNodeBack" node="0>0|5|0" />
        <i3dMapping id="extraWheel" node="0>0|5|1|0" />
        <i3dMapping id="axisJoint" node="0>0|6" />
        <i3dMapping id="tensionBeltsSkinned" node="0>1|1" />
        <i3dMapping id="newMesh01" node="0>1|1|0" />
        <i3dMapping id="newMesh02" node="0>1|1|1" />
        <i3dMapping id="ddk2400_axis_component2" node="1>" />
        <i3dMapping id="wheelFrontLeft" node="1>0" />
        <i3dMapping id="wheelFrontRight" node="1>1" />
        <i3dMapping id="drawbarJoint" node="1>2" />
        <i3dMapping id="axisRefFrame" node="1>3" />
        <i3dMapping id="ddk2400_drawbar_component3" node="2>" />
        <i3dMapping id="attacherJoint" node="2>0" />
        <i3dMapping id="drawbarRefFrame" node="2>1" />
    </i3dMappings>
</vehicle>
