﻿<?xml version="1.0" encoding="utf-8" standalone="no" ?>
<vehicle type="selfPropelledSprayer" xmlns:xsi="http://www.w3.org/2001/XMLSchema-instance" xsi:noNamespaceSchemaLocation="../../../../shared/xml/schema/vehicle.xsd">
    <annotation>Copyright (C) GIANTS Software GmbH, All Rights Reserved.</annotation>

    <storeData>
        <name>DINO II</name>
        <specs>
            <power>285</power>
            <maxSpeed>50</maxSpeed>
        </specs>
        <functions>
            <function>$l10n_function_sprayer</function>
        </functions>
        <image>$data/vehicles/agrio/dinoII/store_dinoII.png</image>
        <price>317000</price>
        <lifetime>600</lifetime>
        <rotation>0</rotation>
        <brand>AGRIO</brand>
        <category>sprayers</category>
        <shopTranslationOffset>0 -0.064 0</shopTranslationOffset>
        <shopRotationOffset>0.001 0 0</shopRotationOffset>
        <vertexBufferMemoryUsage>0</vertexBufferMemoryUsage>
        <indexBufferMemoryUsage>0</indexBufferMemoryUsage>
        <textureMemoryUsage>0</textureMemoryUsage>
        <instanceVertexBufferMemoryUsage>0</instanceVertexBufferMemoryUsage>
        <instanceIndexBufferMemoryUsage>0</instanceIndexBufferMemoryUsage>
    </storeData>

    <base>
        <typeDesc>$l10n_typeDesc_sprayer</typeDesc>
        <filename>$data/vehicles/agrio/dinoII/dinoII.i3d</filename>
        <sounds filename="$data/vehicles/agrio/dinoII/sounds/dinoII.xml" volumeFactor="0.8"/>
        <size width="3.1" length="9.5" height="4.1" lengthOffset="-0.5"/>
        <speedLimit value="25"/>
        <components maxMass="18500">
            <component centerOfMass="0 0.85 -0.915" solverIterationCount="10" mass="10220"/>
        </components>
        <schemaOverlay attacherJointPosition="0.5 0" name="VEHICLE"/>
        <mapHotspot type="TRACTOR"/>
        <objectChanges>
            <objectChange node="seat" translationActive="0 -0.05 0"/>
        </objectChanges>
    </base>

    <powerConsumer ptoRpm="400" neededMaxPtoPower="10"/>

    <wheels>
        <wheelConfigurations tireCategories="TRACTOR">
            <wheelConfiguration name="$l10n_configuration_valueWheelNarrow" price="1000" saveId="NARROW" numDynamicConfigurations="1">
                <wheels autoRotateBackSpeed="2.0" isCareWheelConfiguration="true">
                    <wheel dimensions="380_90R46 380_90R46_rc" isLeft="true"  hasTireTracks="true" hasParticles="true">
                        <physics rotSpeed="1" restLoad="2.9" repr="axisFrontLeft"  driveNode="wheelFrontLeft"  forcePointRatio="0.35" initialCompression="30" suspTravel="0.12" spring="70" damper="40" yOffset="0.035" frictionScale="2"/>
                    </wheel>
                    <wheel dimensions="380_90R46 380_90R46_rc" isLeft="false" hasTireTracks="true" hasParticles="true">
                        <physics rotSpeed="1" restLoad="2.9" repr="axisFrontRight" driveNode="wheelFrontRight" forcePointRatio="0.35" initialCompression="30" suspTravel="0.12" spring="70" damper="40" yOffset="0.035" frictionScale="2"/>
                    </wheel>
                    <wheel dimensions="380_90R46 380_90R46_rc" isLeft="true"  hasTireTracks="true" hasParticles="true">
                        <physics rotSpeed="1" restLoad="2.9" repr="axisBackLeft"   driveNode="wheelBackLeft"   forcePointRatio="0.35" initialCompression="30" suspTravel="0.12" spring="70" damper="40" yOffset="0.035" frictionScale="2.2"/>
                    </wheel>
                    <wheel dimensions="380_90R46 380_90R46_rc" isLeft="false" hasTireTracks="true" hasParticles="true">
                        <physics rotSpeed="1" restLoad="2.9" repr="axisBackRight"  driveNode="wheelBackRight"  forcePointRatio="0.35" initialCompression="30" suspTravel="0.12" spring="70" damper="40" yOffset="0.035" frictionScale="2.2"/>
                    </wheel>
                </wheels>
            </wheelConfiguration>

            <wheelConfiguration name="$l10n_configuration_valueDefault" price="0" saveId="DEFAULT" numDynamicConfigurations="1">
                <wheels baseConfig="NARROW" isCareWheelConfiguration="false">
                    <wheel dimensions="480_80R38"/>
                    <wheel dimensions="480_80R38"/>
                    <wheel dimensions="480_80R38"/>
                    <wheel dimensions="480_80R38"/>
                </wheels>
            </wheelConfiguration>

            <wheelConfiguration name="$l10n_configuration_valueWheelBroad" price="1000" saveId="BROAD" numDynamicConfigurations="1">
                <wheels baseConfig="NARROW" isCareWheelConfiguration="false">
                    <wheel dimensions="520_70R38"/>
                    <wheel dimensions="520_70R38"/>
                    <wheel dimensions="520_70R38"/>
                    <wheel dimensions="520_70R38"/>
                </wheels>
            </wheelConfiguration>
        </wheelConfigurations>

        <ackermannSteeringConfigurations>
            <ackermannSteering rotSpeed="25" rotMax="30" rotCenterWheel1="1" rotCenterWheel2="4"/>
        </ackermannSteeringConfigurations>

        <hubs>
            <hub linkNode="wheelFrontLeft"  filename="$data/shared/wheels/hubs/hub_n10_4.xml" isLeft="true"  scale="0.35 0.35 0.35" offset="-0.012"/>
            <hub linkNode="wheelFrontRight" filename="$data/shared/wheels/hubs/hub_n10_4.xml" isLeft="false" scale="0.35 0.35 0.35" offset="-0.012"/>
            <hub linkNode="wheelBackLeft"   filename="$data/shared/wheels/hubs/hub_n10_4.xml" isLeft="true"  scale="0.35 0.35 0.35" offset="-0.012"/>
            <hub linkNode="wheelBackRight"  filename="$data/shared/wheels/hubs/hub_n10_4.xml" isLeft="false" scale="0.35 0.35 0.35" offset="-0.012"/>
        </hubs>
    </wheels>

    <dynamicallyLoadedParts>
        <dynamicallyLoadedPart node="0" linkNode="wheelChock01" filename="$data/shared/assets/wheelChocks/wheelChock01.i3d"/>
        <dynamicallyLoadedPart node="0" linkNode="wheelChock02" filename="$data/shared/assets/wheelChocks/wheelChock01.i3d"/>
    </dynamicallyLoadedParts>

    <crabSteering>
        <steeringMode name="$l10n_action_steeringModeAllWheel" >
            <wheel index="1" offset="0" />
            <wheel index="2" offset="0" />
            <wheel index="3" offset="0" />
            <wheel index="4" offset="0" />
        </steeringMode>
        <steeringMode name="$l10n_action_steeringModeFrontWheel" >
            <wheel index="1" offset="0" locked="false" />
            <wheel index="2" offset="0" locked="false" />
            <wheel index="3" offset="0" locked="true" />
            <wheel index="4" offset="0" locked="true" />
        </steeringMode>
    </crabSteering>

    <lights>
        <sharedLight linkNode="hellaWorkingLightRound_01" filename="$data/shared/assets/lights/hella/hellaWorkingLight02.xml" />
        <sharedLight linkNode="hellaWorkingLightRound_03" filename="$data/shared/assets/lights/hella/hellaWorkingLight02.xml" />
        <sharedLight linkNode="plateNumberLight01" filename="$data/shared/assets/lights/lizard/plateNumberLight01.xml" />
        <sharedLight linkNode="rearLight23Red" filename="$data/shared/assets/lights/lizard/rearLight23Red.xml" />
        <sharedLight linkNode="rearLight23Red1" filename="$data/shared/assets/lights/lizard/rearLight23Red.xml" />

        <states>
            <state lightTypes="0"/>
            <state lightTypes="0 1"/>
            <state lightTypes="0 1 2"/>
        </states>

        <realLights>
            <low>
                <light node="frontLightLow"         lightTypes="0" excludedLightTypes="2 3" />
                <light node="workLightBackLow"      lightTypes="1"/>
                <light node="workLightFrontLow"     lightTypes="2"/>
                <light node="highBeamLow"           lightTypes="3" />
            </low>
            <high>
                <light node="frontLightHigh"        lightTypes="0" excludedLightTypes="2 3" />
                <light node="backLightsHigh"        lightTypes="0"/>
                <light node="licensePlateLightHigh" lightTypes="0"/>
                <light node="workLightBackHigh"     lightTypes="1"/>
                <light node="workLightBackHigh01"   lightTypes="1" />
                <light node="workLightBackHigh02"   lightTypes="1" />
                <light node="workLightBackHigh03"   lightTypes="1" />
                <light node="workLightBackHigh04"   lightTypes="1" />
                <light node="workLightFrontHigh"    lightTypes="2"/>
                <light node="highBeamHigh"          lightTypes="3"/>
                <brakeLight node="backLightsHigh" />
                <reverseLight node="reverseLightHigh" />
                <turnLightLeft node="turnLightLeftFront" />
                <turnLightRight node="turnLightRightFront" />
                <interiorLight node="interiorScreenLight"/>
                <interiorLight node="interiorScreenLight1"/>
            </high>
        </realLights>

        <beaconLights>
            <beaconLight node="beaconLight07" filename="$data/shared/assets/beaconLights/lizard/beaconLight07.xml"/>
            <beaconLight node="beaconLight01" filename="$data/shared/assets/beaconLights/lizard/beaconLight07.xml"/>
        </beaconLights>

        <staticLightCompounds>
            <staticLightCompound>
                <node node="dinoIILights_static" intensity="5"/>
                <node node="dinoIILightsGlass_static" intensity="1"/>
                <node node="dinoIILightsBoomBackLight_static" intensity="5"/>
                <node node="dinoIILightsBoomBackLightGlass_static" intensity="1"/>

                <node node="dinoIILightsBoomLeft_static" intensity="5"/>
                <node node="dinoIILightsBoomLeftGlass_static" intensity="1"/>
                <node node="dinoIILightsBoomCenter_static" intensity="5"/>
                <node node="dinoIILightsBoomCenterGlass_static" intensity="1"/>
                <node node="dinoIILightsBoomRight_static" intensity="5"/>
                <node node="dinoIILightsBoomRightGlass_static" intensity="1"/>
            </staticLightCompound>
        </staticLightCompounds>

        <dashboards>
            <dashboard displayType="ROT" valueType="turnLight" node="leverTurnlight" minRot="0 15 -25" maxRot="0 -15 -25" doInterpolation="true" />
            <dashboard displayType="EMITTER" valueType="lightState" node="joystickDecals_glow" lightTypes="0" intensity="0.2" groups="MOTOR_ACTIVE"/>
            <dashboard displayType="EMITTER" valueType="lightState" node="seatDecals_glow" lightTypes="0" intensity="0.2" groups="MOTOR_ACTIVE"/>
            <dashboard displayType="EMITTER" valueType="lightState" node="cabinDecals_glow" lightTypes="0" intensity="0.2" groups="MOTOR_ACTIVE"/>
            <dashboard displayType="MULTI_STATE" valueType="lightState" node="workLightSwitch" doInterpolation="true" groups="MOTOR_ACTIVE">
                <state value="0" rotation="0 0 0"/>
                <state value="1" rotation="-30 0 0"/>
                <state value="2" rotation="-55 0 0"/>
            </dashboard>
            <dashboard displayType="MULTI_STATE" valueType="lightState" node="switchLight01" doInterpolation="true" groups="MOTOR_ACTIVE">
                <state value="-1" rotation="0 0 0"/>
                <state value="0" rotation="-30 0 0"/>
                <state value="3" rotation="-30 0 0"/>
            </dashboard>
            <dashboard displayType="ROT" valueType="beaconLight" node="switchBeacon" minRot="0 0 0" maxRot="-40 0 0" doInterpolation="true" />
            <dashboard displayType="ROT" valueType="turnLightHazard" node="switchHazard" minRot="0 0 0" maxRot="0 0 32" />
            <dashboard displayType="ROT" valueType="lightState" node="leverTurnlightRot" minRot="0 0 0" maxRot="-5 0 0" lightTypes="3" doInterpolation="true"/>
            <dashboard displayType="EMITTER" valueType="turnLightHazard" node="switchHazard_decals" intensity="0.3" />
        </dashboards>
    </lights>

    <licensePlates>
        <licensePlate node="licensePlateFront" position="FRONT" preferedType="SQUARISH" placementArea="0.1 0.1 0.1 0.25"/>
        <licensePlate node="licensePlateBack"  position="BACK"  preferedType="ELONGATED" placementArea="0.04 0.26 0.2 0.26"/>
    </licensePlates>

    <sprayer fillUnitIndex="1">
        <usageScales workAreaIndex="1" scale="1"/>
        <effects>
            <effectNode effectNode="effectCenter" delay="0" materialType="sprayer"/>

            <effectNode effectNode="effect27_01" delay="0.4" materialType="sprayer"/>
            <effectNode effectNode="effect27_02" delay="0.3" materialType="sprayer"/>
            <effectNode effectNode="effect27_03" delay="0.2" materialType="sprayer"/>
            <effectNode effectNode="effect27_04" delay="0.1" materialType="sprayer"/>
            <effectNode effectNode="effect27_06" delay="0.1" materialType="sprayer"/>
            <effectNode effectNode="effect27_07" delay="0.2" materialType="sprayer"/>
            <effectNode effectNode="effect27_08" delay="0.3" materialType="sprayer"/>
            <effectNode effectNode="effect27_09" delay="0.4" materialType="sprayer"/>

            <effectNode effectNode="effect30_01" delay="0.4" materialType="sprayer"/>
            <effectNode effectNode="effect30_02" delay="0.3" materialType="sprayer"/>
            <effectNode effectNode="effect30_03" delay="0.2" materialType="sprayer"/>
            <effectNode effectNode="effect30_04" delay="0.1" materialType="sprayer"/>
            <effectNode effectNode="effect30_06" delay="0.1" materialType="sprayer"/>
            <effectNode effectNode="effect30_07" delay="0.2" materialType="sprayer"/>
            <effectNode effectNode="effect30_08" delay="0.3" materialType="sprayer"/>
            <effectNode effectNode="effect30_09" delay="0.4" materialType="sprayer"/>

            <effectNode effectNode="effect33_01" delay="0.4" materialType="sprayer"/>
            <effectNode effectNode="effect33_02" delay="0.3" materialType="sprayer"/>
            <effectNode effectNode="effect33_03" delay="0.2" materialType="sprayer"/>
            <effectNode effectNode="effect33_04" delay="0.1" materialType="sprayer"/>
            <effectNode effectNode="effect33_06" delay="0.1" materialType="sprayer"/>
            <effectNode effectNode="effect33_07" delay="0.2" materialType="sprayer"/>
            <effectNode effectNode="effect33_08" delay="0.3" materialType="sprayer"/>
            <effectNode effectNode="effect33_09" delay="0.4" materialType="sprayer"/>

            <effectNode effectNode="effect36_01" delay="0.4" materialType="sprayer"/>
            <effectNode effectNode="effect36_02" delay="0.3" materialType="sprayer"/>
            <effectNode effectNode="effect36_03" delay="0.2" materialType="sprayer"/>
            <effectNode effectNode="effect36_04" delay="0.1" materialType="sprayer"/>
            <effectNode effectNode="effect36_06" delay="0.1" materialType="sprayer"/>
            <effectNode effectNode="effect36_07" delay="0.2" materialType="sprayer"/>
            <effectNode effectNode="effect36_08" delay="0.3" materialType="sprayer"/>
            <effectNode effectNode="effect36_09" delay="0.4" materialType="sprayer"/>
        </effects>
    </sprayer>

    <variableWorkWidth>
        <variableWorkWidthConfigurations>
            <variableWorkWidthConfiguration name="27m" price="0" workingWidth="27">
                <sections>
                    <section isLeft="true" maxWidthNode="section27_01">
                        <effect node="effect27_01" />
                    </section>
                    <section isLeft="true" maxWidthNode="section27_02">
                        <effect node="effect27_02" />
                    </section>
                    <section isLeft="true" maxWidthNode="section27_03">
                        <effect node="effect27_03" />
                    </section>
                    <section isLeft="true" maxWidthNode="section27_04">
                        <effect node="effect27_04" />
                    </section>
                    <section isCenter="true" />
                    <section isLeft="false" maxWidthNode="section27_06">
                        <effect node="effect27_06" />
                    </section>
                    <section isLeft="false" maxWidthNode="section27_07">
                        <effect node="effect27_07" />
                    </section>
                    <section isLeft="false" maxWidthNode="section27_08">
                        <effect node="effect27_08" />
                    </section>
                    <section isLeft="false" maxWidthNode="section27_09">
                        <effect node="effect27_09" />
                    </section>
                </sections>

                <sectionNodes>
                    <sectionNode node="workAreaStart"  isLeft="true"  minTransX="1"  maxTransX="13.5" />
                    <sectionNode node="workAreaWidth"  isLeft="false" minTransX="-1" maxTransX="-13.5" />
                    <sectionNode node="workAreaHeight" isLeft="true"  minTransX="1"  maxTransX="13.5" />
                    <sectionNode node="aiMarkerLeft"   isLeft="true"  minTransX="1"  maxTransX="13.5" />
                    <sectionNode node="aiMarkerRight"  isLeft="true"  minTransX="-1"  maxTransX="-13.5" />
                </sectionNodes>

                <objectChange node="booms27Left" visibilityActive="true" visibilityInactive="false"/>
                <objectChange node="booms27Right" visibilityActive="true" visibilityInactive="false"/>
                <objectChange node="booms27Hoses" visibilityActive="true" visibilityInactive="false"/>
                <objectChange node="effects_27" visibilityActive="true" visibilityInactive="false"/>
                <objectChange node="colPartLeftArm27" compoundChildActive="true" compoundChildInactive="false"/>
                <objectChange node="colPartRightArm27" compoundChildActive="true" compoundChildInactive="false"/>
                <objectChange node="boomRaycastLeftRoot" translationActive="13.5 0 0"/>
                <objectChange node="boomRaycastRightRoot" translationActive="-13.5 0 0"/>
            </variableWorkWidthConfiguration>

            <variableWorkWidthConfiguration name="30m" price="6000" workingWidth="30">
                <sections>
                    <section isLeft="true" maxWidthNode="section30_01">
                        <effect node="effect30_01" />
                    </section>
                    <section isLeft="true" maxWidthNode="section30_02">
                        <effect node="effect30_02" />
                    </section>
                    <section isLeft="true" maxWidthNode="section30_03">
                        <effect node="effect30_03" />
                    </section>
                    <section isLeft="true" maxWidthNode="section30_04">
                        <effect node="effect30_04" />
                    </section>
                    <section isCenter="true" />
                    <section isLeft="false" maxWidthNode="section30_06">
                        <effect node="effect30_06" />
                    </section>
                    <section isLeft="false" maxWidthNode="section30_07">
                        <effect node="effect30_07" />
                    </section>
                    <section isLeft="false" maxWidthNode="section30_08">
                        <effect node="effect30_08" />
                    </section>
                    <section isLeft="false" maxWidthNode="section30_09">
                        <effect node="effect30_09" />
                    </section>
                </sections>

                <sectionNodes>
                    <sectionNode node="workAreaStart"  isLeft="true"  minTransX="1"  maxTransX="15" />
                    <sectionNode node="workAreaWidth"  isLeft="false" minTransX="-1" maxTransX="-15" />
                    <sectionNode node="workAreaHeight" isLeft="true"  minTransX="1"  maxTransX="15" />
                    <sectionNode node="aiMarkerLeft"   isLeft="true"  minTransX="1"  maxTransX="15" />
                    <sectionNode node="aiMarkerRight"  isLeft="true"  minTransX="-1"  maxTransX="-15" />
                </sectionNodes>

                <objectChange node="booms30Left" visibilityActive="true" visibilityInactive="false"/>
                <objectChange node="booms30Right" visibilityActive="true" visibilityInactive="false"/>
                <objectChange node="booms30Hoses" visibilityActive="true" visibilityInactive="false"/>
                <objectChange node="effects_30" visibilityActive="true" visibilityInactive="false"/>
                <objectChange node="colPartLeftArm30" compoundChildActive="true" compoundChildInactive="false"/>
                <objectChange node="colPartRightArm30" compoundChildActive="true" compoundChildInactive="false"/>
                <objectChange node="boomRaycastLeftRoot" translationActive="15 0 0"/>
                <objectChange node="boomRaycastRightRoot" translationActive="-15 0 0"/>
                <foliageBendingModifier index="6" maxX="6.2"/>
                <foliageBendingModifier index="7" minX="-6.2"/>
            </variableWorkWidthConfiguration>

            <variableWorkWidthConfiguration name="33m" price="12000" workingWidth="33">
                <sections>
                    <section isLeft="true" maxWidthNode="section33_01">
                        <effect node="effect33_01" />
                    </section>
                    <section isLeft="true" maxWidthNode="section33_02">
                        <effect node="effect33_02" />
                    </section>
                    <section isLeft="true" maxWidthNode="section33_03">
                        <effect node="effect33_03" />
                    </section>
                    <section isLeft="true" maxWidthNode="section33_04">
                        <effect node="effect33_04" />
                    </section>
                    <section isCenter="true" />
                    <section isLeft="false" maxWidthNode="section33_06">
                        <effect node="effect33_06" />
                    </section>
                    <section isLeft="false" maxWidthNode="section33_07">
                        <effect node="effect33_07" />
                    </section>
                    <section isLeft="false" maxWidthNode="section33_08">
                        <effect node="effect33_08" />
                    </section>
                    <section isLeft="false" maxWidthNode="section33_09">
                        <effect node="effect33_09" />
                    </section>
                </sections>

                <sectionNodes>
                    <sectionNode node="workAreaStart"  isLeft="true"  minTransX="1"  maxTransX="16.5" />
                    <sectionNode node="workAreaWidth"  isLeft="false" minTransX="-1" maxTransX="-16.5" />
                    <sectionNode node="workAreaHeight" isLeft="true"  minTransX="1"  maxTransX="16.5" />
                    <sectionNode node="aiMarkerLeft"   isLeft="true"  minTransX="1"  maxTransX="16.5" />
                    <sectionNode node="aiMarkerRight"  isLeft="true"  minTransX="-1"  maxTransX="-16.5" />
                </sectionNodes>

                <objectChange node="booms33Left" visibilityActive="true" visibilityInactive="false"/>
                <objectChange node="booms33Right" visibilityActive="true" visibilityInactive="false"/>
                <objectChange node="booms33Hoses" visibilityActive="true" visibilityInactive="false"/>
                <objectChange node="effects_33" visibilityActive="true" visibilityInactive="false"/>
                <objectChange node="colPartLeftArm33" compoundChildActive="true" compoundChildInactive="false"/>
                <objectChange node="colPartRightArm33" compoundChildActive="true" compoundChildInactive="false"/>
                <objectChange node="boomRaycastLeftRoot" translationActive="16.5 0 0"/>
                <objectChange node="boomRaycastRightRoot" translationActive="-16.5 0 0"/>
                <foliageBendingModifier index="6" maxX="7.7"/>
                <foliageBendingModifier index="7" minX="-7.7"/>
            </variableWorkWidthConfiguration>

            <variableWorkWidthConfiguration name="36m" price="18000" workingWidth="36">
                <sections>
                    <section isLeft="true" maxWidthNode="section36_01">
                        <effect node="effect36_01" />
                    </section>
                    <section isLeft="true" maxWidthNode="section36_02">
                        <effect node="effect36_02" />
                    </section>
                    <section isLeft="true" maxWidthNode="section36_03">
                        <effect node="effect36_03" />
                    </section>
                    <section isLeft="true" maxWidthNode="section36_04">
                        <effect node="effect36_04" />
                    </section>
                    <section isCenter="true" />
                    <section isLeft="false" maxWidthNode="section36_06">
                        <effect node="effect36_06" />
                    </section>
                    <section isLeft="false" maxWidthNode="section36_07">
                        <effect node="effect36_07" />
                    </section>
                    <section isLeft="false" maxWidthNode="section36_08">
                        <effect node="effect36_08" />
                    </section>
                    <section isLeft="false" maxWidthNode="section36_09">
                        <effect node="effect36_09" />
                    </section>
                </sections>

                <sectionNodes>
                    <sectionNode node="workAreaStart"  isLeft="true"  minTransX="1"  maxTransX="18" />
                    <sectionNode node="workAreaWidth"  isLeft="false" minTransX="-1" maxTransX="-18" />
                    <sectionNode node="workAreaHeight" isLeft="true"  minTransX="1"  maxTransX="18" />
                    <sectionNode node="aiMarkerLeft"   isLeft="true"  minTransX="1"  maxTransX="18" />
                    <sectionNode node="aiMarkerRight"  isLeft="true"  minTransX="-1"  maxTransX="-18" />
                </sectionNodes>

                <objectChange node="booms36Left" visibilityActive="true" visibilityInactive="false"/>
                <objectChange node="booms36Right" visibilityActive="true" visibilityInactive="false"/>
                <objectChange node="booms36Hoses" visibilityActive="true" visibilityInactive="false"/>
                <objectChange node="effects_36" visibilityActive="true" visibilityInactive="false"/>
                <objectChange node="colPartLeftArm36" compoundChildActive="true" compoundChildInactive="false"/>
                <objectChange node="colPartRightArm36" compoundChildActive="true" compoundChildInactive="false"/>
                <objectChange node="boomRaycastLeftRoot" translationActive="18 0 0"/>
                <objectChange node="boomRaycastRightRoot" translationActive="-18 0 0"/>
                <foliageBendingModifier index="6" maxX="9.2"/>
                <foliageBendingModifier index="7" minX="-9.2"/>
                <size length="10.05" lengthOffset="-0.775"/>
            </variableWorkWidthConfiguration>
        </variableWorkWidthConfigurations>
    </variableWorkWidth>

    <groundAdjustedNodes>
        <groundAdjustedNode node="boomRaycastLeftAdjust" yOffset="2" minY="-4" maxY="2" moveSpeed="10" moveSpeedStateChange="0.5" activationTime="3" averageInActivePosY="true">
            <raycastNode node="boomRaycastLeft" distance="6"/>
            <foldable minLimit="0" maxLimit="0.05"/>
        </groundAdjustedNode>
        <groundAdjustedNode node="boomRaycastRightAdjust" yOffset="2" minY="-4" maxY="2" moveSpeed="10" moveSpeedStateChange="0.5" activationTime="3" averageInActivePosY="true">
            <raycastNode node="boomRaycastRight" distance="6"/>
            <foldable minLimit="0" maxLimit="0.05"/>
        </groundAdjustedNode>
    </groundAdjustedNodes>

    <workAreas>
        <workArea type="sprayer" functionName="processSprayerArea" disableBackwards="false" requiresGroundContact="false" >
            <area startNode="workAreaStart" widthNode="workAreaWidth" heightNode="workAreaHeight" />
            <onlyActiveWhenLowered value="false"/>
        </workArea>
    </workAreas>

    <turnOnVehicle turnOffIfNotAllowed="true">
        <sounds>
            <work template="defaultSprayer" linkNode="leftArm02"  volumeScale="1.0"/>
            <work template="defaultSprayer" linkNode="rightArm02" pitchScale="1.1" volumeScale="1.0"/>
        </sounds>
    </turnOnVehicle>

    <configurationSets title="$l10n_configuration_workingWidth">
        <configurationSet params="27|$l10n_unit_mShort" name="%s %s">
            <configuration name="variableWorkWidth" index="1"/>
            <configuration name="ai" index="1"/>
        </configurationSet>
        <configurationSet params="30|$l10n_unit_mShort" name="%s %s">
            <configuration name="variableWorkWidth" index="2"/>
            <configuration name="ai" index="2"/>
        </configurationSet>
        <configurationSet params="33|$l10n_unit_mShort" name="%s %s">
            <configuration name="variableWorkWidth" index="3"/>
            <configuration name="ai" index="3"/>
        </configurationSet>
        <configurationSet params="36|$l10n_unit_mShort" name="%s %s">
            <configuration name="variableWorkWidth" index="4"/>
            <configuration name="ai" index="4"/>
        </configurationSet>
    </configurationSets>

    <enterable>
        <exitPoint node="exitPoint"/>
        <enterReferenceNode node="dinoII_main_component1"/>

        <cameras>
            <camera node="outdoorCamera1" rotatable="true" rotateNode="outdoorCameraTarget" limit="true" useWorldXZRotation="true" rotMinX="-1.4" rotMaxX="1" transMin="6.5" transMax="40" translation="0 0 8.5" rotation="-17 180 0">
                <raycastNode node="cameraRaycastNode1"/>
                <raycastNode node="cameraRaycastNode2"/>
                <raycastNode node="cameraRaycastNode3"/>
            </camera>
            <camera node="indoorCamera1" rotatable="true" limit="true" rotMinX="-1.1" rotMaxX="0.4" transMin="0" transMax="0" useMirror="true" isInside="true" positionSmoothingParameter="0.17" shadowFocusBox="shadowFocusBox" suspensionNodeIndex="1"/>
        </cameras>

        <characterNode node="playerSkin" cameraMinDistance="0.5">
            <target ikChain="rightFoot" targetNode="playerRightFootTarget" />
            <target ikChain="leftFoot" targetNode="playerLeftFootTarget" />
            <target ikChain="rightArm" targetNode="playerRightHandTarget" poseId="wideFingers"/>
            <target ikChain="leftArm" targetNode="playerLeftHandTarget" />
        </characterNode>

        <mirrors>
            <mirror node="mirrorLeft_decal" prio="1"/>
            <mirror node="mirrorRigth_decal" prio="1"/>
        </mirrors>

        <enterAnimation name="enterAnimation"/>
    </enterable>

    <motorized>
        <consumerConfigurations>
            <consumerConfiguration>
                <consumer fillUnitIndex="2" usage="114" fillType="diesel" />  <!-- usage is per hour at max load and max rpm -->
                <consumer fillUnitIndex="3" usage="17" fillType="def" />  <!-- usage is per hour at max load and max rpm -->
            </consumerConfiguration>
        </consumerConfigurations>

        <motorConfigurations>
            <motorConfiguration name="DINO II" hp="285">
                <motor torqueScale="1.204" minRpm="850" maxRpm="2200" maxForwardSpeed="52" maxBackwardSpeed="15" brakeForce="12" lowBrakeForceScale="0.1" lowBrakeForceSpeedLimit="1" dampingRateScale="1.6">
                    <torque normRpm="0.45" torque="0.9"/>
                    <torque normRpm="0.5" torque="0.97"/>
                    <torque normRpm="0.59" torque="1"/>
                    <torque normRpm="0.72" torque="1"/>
                    <torque normRpm="0.86" torque="0.88"/>
                    <torque normRpm="1" torque="0.72"/>
                </motor>
                <transmission minForwardGearRatio="13.6" maxForwardGearRatio="350" minBackwardGearRatio="47.5" maxBackwardGearRatio="350" name="$l10n_info_transmission_cvt"/>
            </motorConfiguration>
        </motorConfigurations>

        <differentialConfigurations>
            <differentialConfiguration>
                <differentials>
                    <differential torqueRatio="0.5" maxSpeedRatio="1.75" wheelIndex1="1" wheelIndex2="2"/>
                    <differential torqueRatio="0.5" maxSpeedRatio="1.75" wheelIndex1="3" wheelIndex2="4"/>
                    <differential torqueRatio="0.5" maxSpeedRatio="1.10" differentialIndex1="1" differentialIndex2="2"/>
                </differentials>
            </differentialConfiguration>
        </differentialConfigurations>

        <exhaustEffects>
            <exhaustEffect node="exhaustParticle" filename="$data/effects/exhaust/exhaust.i3d" minRpmColor="0.9 0.9 0.9 0.1" maxRpmColor="0.9 0.9 0.9 0.4" minRpmScale="0.05" maxRpmScale="0.5" />
        </exhaustEffects>

        <motorStartDuration>3000</motorStartDuration>

        <dashboards>
            <dashboard displayType="MULTI_STATE" valueType="ignitionState" node="ignitionKey" doInterpolation="true" groups="MOTOR_ACTIVE">
                <state value="0" rotation="0 0 0"/>
                <state value="1" rotation="0 0 -90"/>
                <state value="2" rotation="0 0 -30"/>
            </dashboard>
            <dashboard displayType="ANIMATION" valueType="speedDir" animName="joystickMovement" groups="MOTOR_ACTIVE"/>
            <dashboard displayType="ROT"  valueType="motorTemperature" node="needleTemperature01Decal" rotAxis="3" minRot="0" maxRot="30" minValueRot="20" maxValueRot="160" groups="MOTOR_ACTIVE"/>
            <dashboard displayType="ROT"  valueType="motorTemperature" node="needleTemperature02Decal" rotAxis="3" minRot="0" maxRot="-40" minValueRot="20" maxValueRot="110" groups="MOTOR_ACTIVE"/>
            <dashboard displayType="ROT"  valueType="rpm" node="needleRpmDecal" rotAxis="3" minRot="0" maxRot="-260" minValueRot="0" maxValueRot="3000" groups="MOTOR_ACTIVE"/>
            <dashboard displayType="ROT"  valueType="speed" node="needleSpeedDecal" rotAxis="3" minRot="0" maxRot="-250" minValueRot="0" maxValueRot="60" groups="MOTOR_ACTIVE"/>
            <dashboard displayType="TEXT"  valueType="rpm" node="numbersRpm" textMask="0000" textSize="0.004" textColor="0 0 0 1" textAlignment="CENTER" font="GENERIC" groups="MOTOR_ACTIVE"/>
            <dashboard displayType="TEXT"  valueType="speed" node="numbersSpeed" textMask="00" textSize="0.0055" textColor="0 0 0 1" textAlignment="CENTER" font="GENERIC" groups="MOTOR_ACTIVE"/>
            <dashboard displayType="TEXT"  valueType="speed" node="numbersSpeed2" textMask="00.0" textSize="0.0045" textColor="0 0 0 1" textAlignment="RIGHT" font="GENERIC" groups="MOTOR_ACTIVE"/>
            <dashboard displayType="TEXT"  valueType="motorTemperature" node="numbersTemperature01" textMask="000" textSize="0.0035" textColor="0 0 0 1" textAlignment="RIGHT" font="GENERIC" groups="MOTOR_ACTIVE"/>
            <dashboard displayType="TEXT"  valueType="motorTemperature" node="numbersTemperature02" textMask="000" textSize="0.0035" textColor="0 0 0 1" textAlignment="RIGHT" font="GENERIC" groups="MOTOR_ACTIVE"/>
        </dashboards>
    </motorized>

    <drivable>
        <steeringWheel node="steeringWheel" indoorRotation="540" outdoorRotation="20" />
    </drivable>

    <foldable>
        <foldingConfigurations>
            <foldingConfiguration>
                <foldingParts startMoveDirection="1" turnOnFoldMinLimit="0" turnOnFoldMaxLimit="0">
                    <foldingPart animationName="folding" speedScale="0.5" />
                </foldingParts>
            </foldingConfiguration>
        </foldingConfigurations>
    </foldable>

    <animations>
        <animation name="enterAnimation">
            <part node="ladder" startTime="2" endTime="4" startRot="0 0 -158" endRot="0 0 0" tangentType="spline"/>

            <sound template="hydraulicOpen02" startTime="2"    endTime="3.99" direction="0"     volumeScale="0.9" pitchScale="1.6" fadeIn="0.1" linkNode="ladder"/>
            <sound template="clackVar2"       startTime="3.9"  direction="1"  volumeScale="0.7" pitchScale="1.7" linkNode="ladder"/>
            <sound template="metalClose"      startTime="3.95" direction="1"  volumeScale="0.9" pitchScale="3.5" linkNode="ladder"/>
            <sound template="clackVar3"       startTime="2.10" direction="-1" volumeScale="0.6" pitchScale="1.8" linkNode="ladder"/>
            <sound template="metalClose"      startTime="2.10" direction="-1" volumeScale="0.6" pitchScale="3.5" linkNode="ladder"/>
        </animation>
        <animation name="joystickMovement" isKeyframe="true">
            <part node="joystick" startTime="0.00" endTime="0.48" startRot="-3.489 0.105 -7.68" endRot="-3.444 0.571 0.008" />
            <part node="joystick" startTime="0.48" endTime="0.52" startRot="-3.444 0.571 0.008" endRot="0 0 0" />
            <part node="joystick" startTime="0.52" endTime="1.00" startRot="0 0 0" endRot="0 0 6.6" />
        </animation>

        <animation name="folding" soundVolumeFactor="1.25">
            <part node="lightArm" startTime="0" endTime="0.5" startRot="-90 0 0" endRot="0 0 0"/>
            <part node="leftArm01LockArm" startTime="0" endTime="0.5" startRot="0 0 0" endRot="0 0 18"/>
            <part node="rightArm01LockArm" startTime="0" endTime="0.5" startRot="0 0 0" endRot="0 0 -18"/>
            <part node="booms27LeftFoldingPart" startTime="0" endTime="1" startRot="0 0 0" endRot="0 0 90"/>
            <part node="booms27RightFoldingPart" startTime="0" endTime="1" startRot="0 0 0" endRot="0 0 -90"/>
            <part node="booms30LeftFoldingPart" startTime="0" endTime="1" startRot="0 0 0" endRot="0 0 90"/>
            <part node="booms30RightFoldingPart" startTime="0" endTime="1" startRot="0 0 0" endRot="0 0 -90"/>
            <part node="booms33LeftFoldingPart" startTime="0" endTime="1" startRot="0 0 0" endRot="0 0 90"/>
            <part node="booms33RightFoldingPart" startTime="0" endTime="1" startRot="0 0 0" endRot="0 0 -90"/>
            <part node="booms36LeftFoldingPart" startTime="0" endTime="1" startRot="0 0 0" endRot="0 0 90"/>
            <part node="booms36RightFoldingPart" startTime="0" endTime="1" startRot="0 0 0" endRot="0 0 -90"/>
            <part node="boom" startTime="0" endTime="3.5" startTrans="0 -0.8 0" endTrans="0 0.2 0"/>
            <part node="foldingWheel" startTime="0" endTime="5" startRot="0 0 0" endRot="0 0 -140" tangentType="spline"/>
            <part node="foldingBar" startTime="0" endTime="5" startTrans="0 0.314 0" endTrans="0 0 0" tangentType="spline"/>
            <part node="leftArm01" startTime="0" endTime="5" startRot="0 0 0" endRot="0 -90.4 0" tangentType="spline"/>
            <part node="rightArm01" startTime="0" endTime="5" startRot="0 0 0" endRot="0 90.4 0" tangentType="spline"/>
            <part node="leftArm02" startTime="0" endTime="5" startRot="0 0 0" endRot="0 179.9 0" tangentType="spline"/>
            <part node="leftArmHoseConnection" startTime="0" endTime="5" startRot="0 0 0" endRot="0 -179.9 0" tangentType="spline"/>
            <part node="rightArm02" startTime="0" endTime="5" startRot="0 0 0" endRot="0 -179.9 0" tangentType="spline"/>
            <part node="rightArmHoseConnection" startTime="0" endTime="5" startRot="0 0 0" endRot="0 179.9 0" tangentType="spline"/>
            <part node="boomsChainLeft" startTime="0" endTime="5" shaderParameter="controlPointAndLength" shaderStartValues="-0.014 -0.209 1.724 0" shaderEndValues="-0.8 -0.195 1.724 0" tangentType="spline"/>
            <part node="boomsChainRight" startTime="0" endTime="5" shaderParameter="controlPointAndLength" shaderStartValues="-0.014 -0.209 1.724 0" shaderEndValues="-0.8 -0.195 1.724 0" tangentType="spline"/>
            <part node="boom" startTime="3.5" endTime="5" startTrans="0 0.2 0" endTrans="0 -0.08 0"/>
            <part node="leftArm01Support" startTime="4.5" endTime="4.8" startRot="0 0 -20" endRot="0 0 -7" tangentType="spline"/>
            <part node="rightArm01Support" startTime="4.5" endTime="4.8" startRot="0 0 20" endRot="0 0 7" tangentType="spline"/>

            <sound template="hydraulicOpen02"  startTime="0.01" endTime="4.99" volumeScale="1.4" pitchScale="1.6" fadeIn="0.1" fadeOut="0.1" />
            <sound template="hydraulicClose01" startTime="0.01" endTime="4.99" volumeScale="1.8" pitchScale="1.2" fadeIn="0.1" fadeOut="0.1" />
            <sound template="sheetImp02"      startTime="4.99" direction="1"  volumeScale="2"   pitchScale="1.8" />
            <sound template="clackVar6"       startTime="4.99" direction="1"  volumeScale="2"   pitchScale="0.8" />
            <sound template="metalImpLow"     startTime="4.99" direction="1"  volumeScale="0.3" pitchScale="1.5" />
            <sound template="clackVar4"       startTime="4.99" direction="1"  volumeScale="1.7" pitchScale="0.7" />
            <sound template="clackVar6"       startTime="0.01" direction="-1" volumeScale="2"   pitchScale="0.7" />
            <sound template="sheetImp02"      startTime="0.01" direction="-1" volumeScale="2"   pitchScale="2" />
            <sound template="metalImpLow"     startTime="0.01" direction="-1" volumeScale="0.3" pitchScale="2" />
            <sound template="hingeMedium"     startTime="0.01" direction="1"  volumeScale="1.3" pitchScale="1.2"/>
            <sound template="hingeMedium"     startTime="0.5"  direction="-1" volumeScale="1.3" pitchScale="1.2"/>
        </animation>
        <animation name="cableTrayAnimation">
            <part node="cableTray" startTime="0" endTime="1" shaderParameter="controlPointAndLength" shaderStartValues="-1.88 -0.230 4.88 0" shaderEndValues="-3.2 -0.230 4.68 0"/>
            <part node="cableChain01" startTime="0" endTime="1" shaderParameter="offsetUV" shaderStartValues="0 0 0 0" shaderEndValues="0 0.6 0 0"/>
            <part node="cableChain02" startTime="0" endTime="1" shaderParameter="offsetUV" shaderStartValues="0 0 0 0" shaderEndValues="0 0.6 0 0"/>
            <part node="cableChain03" startTime="0" endTime="1" shaderParameter="offsetUV" shaderStartValues="0 0 0 0" shaderEndValues="0 0.6 0 0"/>
            <part node="cableChain04" startTime="0" endTime="1" shaderParameter="offsetUV" shaderStartValues="0 0 0 0" shaderEndValues="0 -0.6 0 0"/>
            <part node="cableChain05" startTime="0" endTime="1" shaderParameter="offsetUV" shaderStartValues="0 0 0 0" shaderEndValues="0 0.6 0 0"/>
            <part node="cableChain06" startTime="0" endTime="1" shaderParameter="offsetUV" shaderStartValues="0 0 0 0" shaderEndValues="0 0.6 0 0"/>
            <part node="cableChain07" startTime="0" endTime="1" shaderParameter="offsetUV" shaderStartValues="0 0 0 0" shaderEndValues="0 0.6 0 0"/>
            <part node="roll01" startTime="0" endTime="1" startRot="0 0 0" endRot="0 0 -500"/>
            <part node="roll02" startTime="0" endTime="1" startRot="0 0 0" endRot="0 0 -500"/>
            <part node="roll03" startTime="0" endTime="1" startRot="0 0 0" endRot="0 0 -500"/>
            <part node="mainHydraulicPunch" startTime="0" endTime="1" startTrans="0 0.4 0" endTrans="0 0 0"/>

            <sound template="hydraulicClose01" startTime="0.01" endTime="0.99" volumeScale="3" fadeIn="0.1" fadeOut="0.1"/>
        </animation>

        <animation name="wiperFrontAnimation" isKeyframe="true">
            <part node="wiperFrontMiddleArm01" startTime="0" endTime="1" startRot="0 0 0" endRot="0 0 360" />

            <sound template="wiper1" startTime="0" endTime="1" direction="1"   volumeScale="1.0" pitchScale="0.5" fadeOut="0.1" linkNode="wiperFrontMiddleArm01"/>
            <sound template="wiper2" startTime="0" endTime="1" direction="-1"  volumeScale="1.0" pitchScale="0.5" fadeOut="0.1" linkNode="wiperFrontMiddleArm01"/>
        </animation>
        <animation name="wiperBackAnimation" isKeyframe="true">
          <part node="wiperBack"  startTime="0.0" endTime="0.5" startRot="0 0 0" endRot="0 -6 -80"/>
          <part node="wiperBack"  startTime="0.5" endTime="1.0" startRot="0 -6 -80" endRot="0 4 -160"/>
          <part node="wiperLeft"  startTime="0.0" endTime="1.0" startRot="0 0 0" endRot="-73.371 -1.209 6.041"/>
          <part node="wiperRight" startTime="0.0" endTime="1.0" startRot="0 0 0" endRot="-79.609 0.73 -6.976"/>

         <sound template="wiper1" startTime="0" endTime="1" direction="1"   volumeScale="1.0" pitchScale="0.5" fadeOut="0.1" linkNode="wiperBack"/>
         <sound template="wiper2" startTime="0" endTime="1" direction="-1"  volumeScale="1.0" pitchScale="0.5" fadeOut="0.1" linkNode="wiperBack"/>
         <sound template="wiper1" startTime="0" endTime="1" direction="1"   volumeScale="1.0" pitchScale="0.7" fadeOut="0.1" linkNode="wiperLeft"/>
         <sound template="wiper2" startTime="0" endTime="1" direction="-1"  volumeScale="0.7" pitchScale="0.9" fadeOut="0.1" linkNode="wiperRight"/>
        </animation>
    </animations>

    <cylindered>
        <movingTools>
            <movingTool node="ladder" playSound="true">
                <dependentPart node="ladderArm01" />
            </movingTool>
            <movingTool node="boom" playSound="true" foldMinLimit="0" foldMaxLimit="0">
                <controls axis="AXIS_SPRAYER_ARM" invertAxis="false" mouseSpeedFactor="0.3" iconName="SPRAYER_ARM_TRANSLATE_Y" />
                <translation translationAxis="2" transSpeed="0.35" transAcceleration="50" transMax="0.2" transMin="-1.322"/>
                <dependentAnimation name="cableTrayAnimation" translationAxis="2" minValue="-1.322" maxValue="0.2"/>
            </movingTool>
            <movingTool node="foldingWheel" playSound="true">
                <dependentPart node="foldingArmLeft" />
                <dependentPart node="foldingArmRight" />
            </movingTool>
            <movingTool node="leftArm01" playSound="true">
                <dependentPart node="cableHolderLeft01" />
                <dependentPart node="cableHolderLeft02" />
            </movingTool>
            <movingTool node="rightArm01" playSound="true">
                <dependentPart node="cableHolderRight01" />
                <dependentPart node="cableHolderRight02" />
            </movingTool>
            <movingTool node="boomRaycastLeftAdjust">
                <dependentPart node="boomAlignCenterArmReference" />
            </movingTool>
            <movingTool node="boomRaycastRightAdjust">
                <dependentPart node="boomAlignCenterArmReference" />
            </movingTool>
            <movingTool node="leftArm01LockArm" playSound="true">
                <dependentPart node="leftArm01LockArmHydraulic" />
            </movingTool>
            <movingTool node="rightArm01LockArm" playSound="true">
                <dependentPart node="rightArm01LockArmHydraulic" />
            </movingTool>
            <movingTool node="booms27LeftFoldingPart" playSound="true">
                <dependentPart node="booms27LeftFoldingPartHydraulic" />
            </movingTool>
            <movingTool node="booms30LeftFoldingPart" playSound="true">
                <dependentPart node="booms30LeftFoldingPartHydraulic" />
            </movingTool>
            <movingTool node="booms27RightFoldingPart" playSound="true">
                <dependentPart node="booms27RightFoldingPartHydraulic" />
            </movingTool>
            <movingTool node="booms30RightFoldingPart" playSound="true">
                <dependentPart node="booms30RightFoldingPartHydraulic" />
            </movingTool>
            <movingTool node="booms33LeftFoldingPart" playSound="true">
                <dependentPart node="booms33LeftFoldingPartHydraulic" />
            </movingTool>
            <movingTool node="booms33RightFoldingPart" playSound="true">
                <dependentPart node="booms33RightFoldingPartHydraulic" />
            </movingTool>
            <movingTool node="booms36LeftFoldingPart" playSound="true">
                <dependentPart node="booms36LeftFoldingPartHydraulic" />
            </movingTool>
            <movingTool node="booms36RightFoldingPart" playSound="true">
                <dependentPart node="booms36RightFoldingPartHydraulic" />
            </movingTool>
            <movingTool node="mainHydraulicPunch" playSound="true">
                <dependentPart node="cableChain03" />
                <dependentPart node="cableChain04" />
                <dependentPart node="cableChain05" />
                <dependentPart node="cableChain06" />
                <dependentPart node="cableChain07" />
            </movingTool>
        </movingTools>

        <movingParts>
            <movingPart node="ladderArm01" localReferencePoint="ladderArm02" referencePoint="ladderArm02Ref" referenceFrame="ladderArm01RefFrame">
                <dependentPart node="ladderArm02" />
                <dependentPart node="ladderHydraulic" />
            </movingPart>
            <movingPart node="ladderArm02" referencePoint="ladderArm02Ref" referenceFrame="ladderArm02RefFrame"/>
            <movingPart node="ladderHydraulic" referencePoint="ladderHydraulicRef" referenceFrame="ladderHydraulicRef">
                <translatingPart node="ladderHydraulicPunch" />
            </movingPart>
            <movingPart node="axisFrontLeftHydraulic" referencePoint="axisFrontLeftHydraulicRef" referenceFrame="axisFrontLeftHydraulicRef" isActiveDirty="true" maxUpdateDistance="50">
                <translatingPart node="axisFrontLeftHydraulicPunch" />
            </movingPart>
            <movingPart node="axisFrontRightHydraulic" referencePoint="axisFrontRightHydraulicRef" referenceFrame="axisFrontRightHydraulicRef" isActiveDirty="true" maxUpdateDistance="50">
                <translatingPart node="axisFrontRightHydraulicPunch" />
            </movingPart>
            <movingPart node="axisBackLeftHydraulic" referencePoint="axisBackLeftHydraulicRef" referenceFrame="axisBackLeftHydraulicRef" isActiveDirty="true" maxUpdateDistance="50">
                <translatingPart node="axisBackLeftHydraulicPunch" />
            </movingPart>
            <movingPart node="axisBackRightHydraulic" referencePoint="axisBackRightHydraulicRef" referenceFrame="axisBackRightHydraulicRef" isActiveDirty="true" maxUpdateDistance="50">
                <translatingPart node="axisBackRightHydraulicPunch" />
            </movingPart>
            <movingPart node="booms30RightFoldingPartHydraulic" referencePoint="booms30RightFoldingPartHydraulicRef" referenceFrame="booms30RightFoldingPartHydraulicRefFrame">
                <translatingPart node="booms30RightFoldingPartHydraulicPunch" />
            </movingPart>
            <movingPart node="boomAlignCenterArmReference" referencePoint="boomRaycastRightAdjust" referenceFrame="boomAlignCenterArmReferenceRefFrame">
                <dependentPart node="backArmAlignment" />
                <dependentPart node="sprayerRotArmLeft" />
            </movingPart>
            <movingPart node="backArmAlignment" referenceFrame="boomAlignCenterArmReference" limitedAxis="1" minRot="-15" maxRot="15">
                <dependentPart node="backArmAlignmentHydraulic" />
            </movingPart>
            <movingPart node="backArmAlignmentHydraulic" referenceFrame="backArmAlignmentHydraulicRefFrame" doLineAlignment="true" do3DLineAlignment="true" doDirectionAlignment="false">
                <orientationLine partLength="0.575" referenceTransNode="backArmAlignmentHydraulicRefNode">
                    <lineNode node="backArmAlignmentHydraulicRefStart"/>
                    <lineNode node="backArmAlignmentHydraulicRefEnd"/>
                </orientationLine>
            </movingPart>
            <movingPart node="sprayerRotArmLeft" doDirectionAlignment="false" doRotationAlignment="true" rotMultiplier="-1" referenceFrame="sprayer" limitedAxis="1" >
                <dependentPart node="sprayer" />
                <dependentPart node="sprayerArmLeftPart01" />
                <dependentPart node="sprayerArmRightPart01" />
                <dependentPart node="sprayerArmLeft02" />
                <dependentPart node="sprayerArmRight02" />
                <dependentPart node="sprayerDamperLeft" />
                <dependentPart node="sprayerDamperRight" />
            </movingPart>
            <movingPart node="sprayer" localReferencePoint="sprayerRotArmRight" referencePoint="sprayerRotArmRightRef" referenceFrame="sprayerRefFrame">
                <dependentPart node="sprayerRotArmRight" />
            </movingPart>
            <movingPart node="sprayerRotArmRight" referencePoint="sprayerRotArmRightRef" referenceFrame="sprayerRotArmRightRef"/>
            <movingPart node="sprayerArmLeftPart01" localReferencePoint="sprayerArmLeftPart02" referencePoint="sprayerArmLeftPart02Ref" referenceFrame="sprayerArmLeftPart01RefFrame" limitedAxis="1">
                <dependentPart node="sprayerArmLeftPart02" />
                <dependentPart node="sprayerArmLeftPart01Damper" />
            </movingPart>
            <movingPart node="sprayerArmLeftPart02" referencePoint="sprayerArmLeftPart02Ref" referenceFrame="sprayerArmLeftPart02RefFrame"/>
            <movingPart node="sprayerArmLeftPart01Damper" referencePoint="sprayerArmLeftPart01DamperRef" referenceFrame="sprayerArmLeftPart01DamperRef">
                <translatingPart node="sprayerArmLeftPart01DamperPunch" />
            </movingPart>
            <movingPart node="sprayerArmRightPart01" localReferencePoint="sprayerArmRightPart02" referencePoint="sprayerArmRightPart02Ref" referenceFrame="sprayerArmRightPart01RefFrame" limitedAxis="1">
                <dependentPart node="sprayerArmRightPart02" />
                <dependentPart node="sprayerArmRightPart01Damper" />
            </movingPart>
            <movingPart node="sprayerArmRightPart02" referencePoint="sprayerArmRightPart02Ref" referenceFrame="sprayerArmRightPart02RefFrame"/>
            <movingPart node="sprayerArmRightPart01Damper" referencePoint="sprayerArmRightPart01DamperRef" referenceFrame="sprayerArmRightPart01DamperRef">
                <translatingPart node="sprayerArmRightPart01DamperPunch" />
            </movingPart>
            <movingPart node="sprayerArmLeft02" referencePoint="sprayerArmLeft02Ref" referenceFrame="sprayerArmLeft02Ref"/>
            <movingPart node="sprayerArmRight02" referencePoint="sprayerArmRight02Ref" referenceFrame="sprayerArmRight02Ref"/>
            <movingPart node="sprayerDamperLeft" referencePoint="sprayerDamperLeftRef" referenceFrame="sprayerDamperLeftRef">
                <translatingPart node="sprayerDamperLeftPunch" />
            </movingPart>
            <movingPart node="sprayerDamperRight" referencePoint="sprayerDamperRightRef" referenceFrame="sprayerDamperRightRef">
                <translatingPart node="sprayerDamperRightPunch" />
            </movingPart>
            <movingPart node="foldingArmLeft" referencePoint="foldingArmLeftRef" referenceFrame="foldingArmLeftRefFrame" scaleZ="true"/>
            <movingPart node="foldingArmRight" referencePoint="foldingArmRightRef" referenceFrame="foldingArmRightRefFrame" scaleZ="true"/>
            <movingPart node="cableHolderLeft01" referencePoint="cableHolderLeft01Ref" referenceFrame="cableHolderLeft01Ref"/>
            <movingPart node="cableHolderLeft02" referencePoint="cableHolderLeft02Ref" referenceFrame="cableHolderLeft02Ref"/>
            <movingPart node="cableHolderRight01" referencePoint="cableHolderRight01Ref" referenceFrame="cableHolderRight01Ref"/>
            <movingPart node="cableHolderRight02" referencePoint="cableHolderRight02Ref" referenceFrame="cableHolderRight02Ref"/>
            <movingPart node="leftArm01LockArmHydraulic" referencePoint="leftArm01LockArmHydraulicRef" referenceFrame="leftArm01LockArmHydraulicRef">
                <translatingPart node="leftArm01LockArmHydraulicPunch" />
            </movingPart>
            <movingPart node="rightArm01LockArmHydraulic" referencePoint="rightArm01LockArmHydraulicRef" referenceFrame="rightArm01LockArmHydraulicRef">
                <translatingPart node="rightArm01LockArmHydraulicPunch" />
            </movingPart>
            <movingPart node="booms27LeftFoldingPartHydraulic" referencePoint="booms27LeftFoldingPartHydraulicRef" referenceFrame="booms27LeftFoldingPartHydraulicRefFrame">
                <translatingPart node="booms27LeftFoldingPartHydraulicPunch" />
            </movingPart>
            <movingPart node="booms27RightFoldingPartHydraulic" referencePoint="booms27RightFoldingPartHydraulicRef" referenceFrame="booms27RightFoldingPartHydraulicRefFrame">
                <translatingPart node="booms27RightFoldingPartHydraulicPunch" />
            </movingPart>
            <movingPart node="booms30LeftFoldingPartHydraulic" referencePoint="booms30LeftFoldingPartHydraulicRef" referenceFrame="booms30LeftFoldingPartHydraulicRefFrame">
                <translatingPart node="booms30LeftFoldingPartHydraulicPunch" />
            </movingPart>
            <movingPart node="booms33LeftFoldingPartHydraulic" referencePoint="booms33LeftFoldingPartHydraulicRef" referenceFrame="booms33LeftFoldingPartHydraulicRefFrame">
                <translatingPart node="booms33LeftFoldingPartHydraulicPunch" />
            </movingPart>
            <movingPart node="booms33RightFoldingPartHydraulic" referencePoint="booms33RightFoldingPartHydraulicRef" referenceFrame="booms33RightFoldingPartHydraulicRefFrame">
                <translatingPart node="booms33RightFoldingPartHydraulicPunch" />
            </movingPart>
            <movingPart node="booms36LeftFoldingPartHydraulic" referencePoint="booms36LeftFoldingPartHydraulicRef" referenceFrame="booms36LeftFoldingPartHydraulicRefFrame">
                <translatingPart node="booms36LeftFoldingPartHydraulicPunch" />
            </movingPart>
            <movingPart node="booms36RightFoldingPartHydraulic" referencePoint="booms36RightFoldingPartHydraulicRef" referenceFrame="booms36RightFoldingPartHydraulicRefFrame">
                <translatingPart node="booms36RightFoldingPartHydraulicPunch" />
            </movingPart>
            <movingPart node="cableChain03" referencePoint="cableChain03Ref" referenceFrame="cableChain03Ref" scaleZ="true"/>
            <movingPart node="cableChain04" referencePoint="cableChain04Ref" referenceFrame="cableChain04Ref" scaleZ="true"/>
            <movingPart node="cableChain05" referencePoint="cableChain05Ref" referenceFrame="cableChain05Ref" scaleZ="true"/>
            <movingPart node="cableChain06" referencePoint="cableChain06Ref" referenceFrame="cableChain06Ref" scaleZ="true"/>
            <movingPart node="cableChain07" referencePoint="cableChain07Ref" referenceFrame="cableChain07Ref" scaleZ="true"/>
        </movingParts>
    </cylindered>

    <suspensions>
        <suspension node="seat" weight="150" minTranslation="-0.02 -0.15 0.0" maxTranslation="0.02 0.15 0.0" suspensionParametersX="20 4" suspensionParametersY="5 1" suspensionParametersZ="20 4" />
        <suspension useCharacterTorso="true" weight="90" minRotation="0 -5 -5" maxRotation="0 5 5" suspensionParametersY="7 1" suspensionParametersZ="7 1" />
    </suspensions>

    <wipers>
        <wiper animName="wiperFrontAnimation" >
          <state animSpeed="0.7" animPause="1.0" />
          <state animSpeed="0.7" animPause="0.0" />
          <state animSpeed="1.0" animPause="0.0" />
        </wiper>
        <wiper animName="wiperBackAnimation" >
            <state animSpeed="1.0" animPause="2.0" />
        </wiper>
    </wipers>

    <fillUnit>
        <fillUnitConfigurations>
            <fillUnitConfiguration>
                <fillUnits>
                    <unloading width="8.2" offset="0 0 -6.7"/>
                    <fillUnit unitTextOverride="$l10n_unit_literShort" fillTypeCategories="sprayer" capacity="13200">
                        <exactFillRootNode node="exactFillRootNode"/>
                        <dashboard displayType="TEXT"  valueType="fillLevelPct" node="numbersFillLevelSprayer" textMask="0000" textSize="0.0025" textColor="0 0 0 1" textAlignment="CENTER" font="GENERIC" groups="MOTOR_ACTIVE"/>
                    </fillUnit>
                    <fillUnit unitTextOverride="$l10n_unit_literShort" showOnHud="false" showInShop="false" fillTypes="diesel" capacity="275" canBeUnloaded="false" >
                        <exactFillRootNode node="exactFillRootNodeFuel"/>
                        <dashboard displayType="TEXT" valueType="fillLevelPct" node="numbersFillLevel" textColor="0 0 0 1" textSize="0.005" textMask="000" font="GENERIC" textAlignment="RIGHT"/>
                    </fillUnit>
                    <fillUnit unitTextOverride="$l10n_unit_literShort" showOnHud="false" showInShop="false" fillTypes="def" capacity="43" canBeUnloaded="false" >
                        <dashboard displayType="TEXT" valueType="fillLevelPct" node="numbersFillLevelDef" textColor="0 0 0 1" textSize="0.005" textMask="000" font="GENERIC" textAlignment="RIGHT"/>
                    </fillUnit>
                </fillUnits>
            </fillUnitConfiguration>
        </fillUnitConfigurations>
    </fillUnit>

    <dischargeable requiresTipOcclusionArea="false">
        <dischargeNode node="dischargeNode" emptySpeed="200" fillUnitIndex="1" allowAIDischarge="true">
            <info width="1.0" length="0.5" zOffset="0.4" />
            <trigger node="dischargeTrigger" />
        </dischargeNode>
    </dischargeable>

    <ai>
        <aiConfigurations>
            <aiConfiguration>
                <areaMarkers leftNode="aiMarkerLeft" rightNode="aiMarkerRight" backNode="aiMarkerBack"/>
                <needsLowering value="false"/>
                <collisionTrigger node="aiCollisionNode" width="27.15" height="3.9"/>
                <allowTurnBackward value="false"/>
            </aiConfiguration>
            <aiConfiguration>
                <areaMarkers leftNode="aiMarkerLeft" rightNode="aiMarkerRight" backNode="aiMarkerBack"/>
                <needsLowering value="false"/>
                <collisionTrigger node="aiCollisionNode" width="30.15" height="3.9"/>
                <allowTurnBackward value="false"/>
            </aiConfiguration>
            <aiConfiguration>
                <areaMarkers leftNode="aiMarkerLeft" rightNode="aiMarkerRight" backNode="aiMarkerBack"/>
                <needsLowering value="false"/>
                <collisionTrigger node="aiCollisionNode" width="33.15" height="3.9"/>
                <allowTurnBackward value="false"/>
            </aiConfiguration>
            <aiConfiguration>
                <areaMarkers leftNode="aiMarkerLeft" rightNode="aiMarkerRight" backNode="aiMarkerBack"/>
                <needsLowering value="false"/>
                <collisionTrigger node="aiCollisionNode" width="36.15" height="3.9"/>
                <allowTurnBackward value="false"/>
            </aiConfiguration>
        </aiConfigurations>
        <agent frontWheelNodes="wheelFrontLeft wheelFrontRight"/>
    </ai>

    <dashboard>
        <groups>
            <group name="MOTOR_STARTING" electronicsStarting="true"/>
            <group name="MOTOR_ACTIVE" electronicsStarting="true" electronicsRunning="true"/>
        </groups>

        <default>
            <dashboard displayType="EMITTER" node="dashboardDisplay" idleValue="0" intensity="0.2" groups="MOTOR_ACTIVE" />
            <dashboard displayType="VISIBILITY" node="dashboardDisplay"  groups="MOTOR_ACTIVE" />
            <dashboard displayType="EMITTER" node="dashboardDisplay2" idleValue="0" intensity="0.2" groups="MOTOR_ACTIVE" />
            <dashboard displayType="VISIBILITY" node="dashboardDisplay2"  groups="MOTOR_ACTIVE" />
            <dashboard displayType="EMITTER" node="dashboardDisplay3" idleValue="0" intensity="0.2" groups="MOTOR_ACTIVE" />
            <dashboard displayType="VISIBILITY" node="dashboardDisplay3"  groups="MOTOR_ACTIVE" />
        </default>
    </dashboard>

    <foliageBending>
        <bendingNode minX="-1.5" maxX="1.5" minZ="-4" maxZ="3.3" yOffset="1.2"/>
        <bendingNode minX="-0.7" maxX="0.7" minZ="3.3" maxZ="3.6" yOffset="1.2"/>
        <bendingNode minX="-1.25" maxX="1.25" minZ="-3.95" maxZ="-2.6" yOffset="2.4" node="boom"/>
        <bendingNode minX="0.33" maxX="7.95" minZ="-0.35" maxZ="0.15" yOffset="-0.05" node="leftArm01Bending"/>
        <bendingNode minX="-7.95" maxX="-0.33" minZ="-0.35" maxZ="0.15" yOffset="-0.05" node="rightArm01Bending"/>
        <bendingNode minX="-0.05" maxX="4.7" minZ="0" maxZ="0.38" yOffset="-0.12" node="leftArm02Bending"/>
        <bendingNode minX="-4.7" maxX="0.05" minZ="0" maxZ="0.38" yOffset="-0.12" node="rightArm02Bending"/>
    </foliageBending>

    <wearable wearDuration="480" workMultiplier="5" fieldMultiplier="2"/>
    <washable dirtDuration="90" washDuration="1" workMultiplier="3" fieldMultiplier="2"/>

    <i3dMappings>
        <i3dMapping id="dinoII_main_component1" node="0>" />
        <i3dMapping id="dinoII_vis" node="0>0" />
        <i3dMapping id="axisFrontLeft" node="0>0|0|0|0" />
        <i3dMapping id="wheelFrontLeft" node="0>0|0|0|0|0|0" />
        <i3dMapping id="axisFrontLeftHydraulicRef" node="0>0|0|0|0|2" />
        <i3dMapping id="axisFrontRight" node="0>0|0|1|0" />
        <i3dMapping id="wheelFrontRight" node="0>0|0|1|0|0|0" />
        <i3dMapping id="axisFrontRightHydraulicRef" node="0>0|0|1|0|2" />
        <i3dMapping id="axisBackLeft" node="0>0|0|2|0" />
        <i3dMapping id="wheelBackLeft" node="0>0|0|2|0|0|0" />
        <i3dMapping id="axisBackLeftHydraulicRef" node="0>0|0|2|0|2" />
        <i3dMapping id="axisBackRight" node="0>0|0|3|0" />
        <i3dMapping id="wheelBackRight" node="0>0|0|3|0|0|0" />
        <i3dMapping id="axisBackRightHydraulicRef" node="0>0|0|3|0|2" />
        <i3dMapping id="wheelChock01" node="0>0|0|4" />
        <i3dMapping id="wheelChock02" node="0>0|0|5" />
        <i3dMapping id="outdoorCameraTarget" node="0>0|1|0" />
        <i3dMapping id="outdoorCamera1" node="0>0|1|0|0" />
        <i3dMapping id="indoorCamera1" node="0>0|1|1" />
        <i3dMapping id="cameraRaycastNode1" node="0>0|1|2" />
        <i3dMapping id="cameraRaycastNode2" node="0>0|1|3" />
        <i3dMapping id="cameraRaycastNode3" node="0>0|1|4" />
        <i3dMapping id="shadowFocusBox" node="0>0|1|5" />
        <i3dMapping id="bigTriangle" node="0>0|2|0|0" />
        <i3dMapping id="yellowRound_02" node="0>0|2|0|1" />
        <i3dMapping id="yellowRound_03" node="0>0|2|0|2" />
        <i3dMapping id="redRound_02" node="0>0|2|0|3" />
        <i3dMapping id="redRound_03" node="0>0|2|0|4" />
        <i3dMapping id="yellowRound_04" node="0>0|2|0|5" />
        <i3dMapping id="yellowRound_05" node="0>0|2|0|6" />
        <i3dMapping id="yellowRound_06" node="0>0|2|0|7" />
        <i3dMapping id="yellowRound_07" node="0>0|2|0|8" />
        <i3dMapping id="whiteRectangle_01" node="0>0|2|0|9" />
        <i3dMapping id="whiteRectangle_02" node="0>0|2|0|10" />
        <i3dMapping id="hellaWorkingLightRound_01" node="0>0|2|0|11" />
        <i3dMapping id="hellaWorkingLightRound_03" node="0>0|2|0|12" />
        <i3dMapping id="plateNumberLight01" node="0>0|2|0|13" />
        <i3dMapping id="dinoIILights_static" node="0>0|2|1|0" />
        <i3dMapping id="dinoIILightsGlass_static" node="0>0|2|1|1" />
        <i3dMapping id="frontLightLow" node="0>0|2|2|0" />
        <i3dMapping id="highBeamLow" node="0>0|2|2|1" />
        <i3dMapping id="frontLightHigh" node="0>0|2|2|2" />
        <i3dMapping id="highBeamHigh" node="0>0|2|2|3" />
        <i3dMapping id="licensePlateLightHigh" node="0>0|2|2|4" />
        <i3dMapping id="workLightFrontLow" node="0>0|2|3|0" />
        <i3dMapping id="workLightFrontHigh" node="0>0|2|3|1" />
        <i3dMapping id="workLightBackLow" node="0>0|2|3|2" />
        <i3dMapping id="workLightBackHigh" node="0>0|2|3|3" />
        <i3dMapping id="backLightsHigh" node="0>0|2|4|0" />
        <i3dMapping id="turnLightLeftFront" node="0>0|2|5|0" />
        <i3dMapping id="turnLightRightFront" node="0>0|2|5|1" />
        <i3dMapping id="reverseLightHigh" node="0>0|2|6|0" />
        <i3dMapping id="beaconLight07" node="0>0|2|7|0" />
        <i3dMapping id="exitPoint" node="0>0|3" />
        <i3dMapping id="exhaustParticle" node="0>0|4" />
        <i3dMapping id="boom" node="0>0|5|0|0" />
        <i3dMapping id="backArmAlignment" node="0>0|5|0|0|0|0" />
        <i3dMapping id="sprayerRotArmLeft" node="0>0|5|0|0|0|0|0|0" />
        <i3dMapping id="sprayerRefFrame" node="0>0|5|0|0|0|0|0|0|0" />
        <i3dMapping id="sprayer" node="0>0|5|0|0|0|0|0|0|0|0" />
        <i3dMapping id="sprayerRotArmRight" node="0>0|5|0|0|0|0|0|0|0|0|0" />
        <i3dMapping id="leftArm01" node="0>0|5|0|0|0|0|0|0|0|0|1|0" />
        <i3dMapping id="leftArm02" node="0>0|5|0|0|0|0|0|0|0|0|1|0|0|0" />
        <i3dMapping id="booms27Left" node="0>0|5|0|0|0|0|0|0|0|0|1|0|0|0|0" />
        <i3dMapping id="booms27LeftFoldingPart" node="0>0|5|0|0|0|0|0|0|0|0|1|0|0|0|0|0" />
        <i3dMapping id="booms27LeftFoldingPartHydraulicRef" node="0>0|5|0|0|0|0|0|0|0|0|1|0|0|0|0|0|1" />
        <i3dMapping id="booms27LeftFoldingPartHydraulicRefFrame" node="0>0|5|0|0|0|0|0|0|0|0|1|0|0|0|0|1" />
        <i3dMapping id="booms27LeftFoldingPartHydraulic" node="0>0|5|0|0|0|0|0|0|0|0|1|0|0|0|0|1|0" />
        <i3dMapping id="booms27LeftFoldingPartHydraulicPunch" node="0>0|5|0|0|0|0|0|0|0|0|1|0|0|0|0|1|0|0" />
        <i3dMapping id="booms30Left" node="0>0|5|0|0|0|0|0|0|0|0|1|0|0|0|1" />
        <i3dMapping id="booms30LeftFoldingPart" node="0>0|5|0|0|0|0|0|0|0|0|1|0|0|0|1|1" />
        <i3dMapping id="booms30LeftFoldingPartHydraulicRef" node="0>0|5|0|0|0|0|0|0|0|0|1|0|0|0|1|1|1" />
        <i3dMapping id="booms30LeftFoldingPartHydraulicRefFrame" node="0>0|5|0|0|0|0|0|0|0|0|1|0|0|0|1|2" />
        <i3dMapping id="booms30LeftFoldingPartHydraulic" node="0>0|5|0|0|0|0|0|0|0|0|1|0|0|0|1|2|0" />
        <i3dMapping id="booms30LeftFoldingPartHydraulicPunch" node="0>0|5|0|0|0|0|0|0|0|0|1|0|0|0|1|2|0|0" />
        <i3dMapping id="booms33Left" node="0>0|5|0|0|0|0|0|0|0|0|1|0|0|0|2" />
        <i3dMapping id="booms33LeftFoldingPart" node="0>0|5|0|0|0|0|0|0|0|0|1|0|0|0|2|1" />
        <i3dMapping id="booms33LeftFoldingPartHydraulicRef" node="0>0|5|0|0|0|0|0|0|0|0|1|0|0|0|2|1|1" />
        <i3dMapping id="booms33LeftFoldingPartHydraulicRefFrame" node="0>0|5|0|0|0|0|0|0|0|0|1|0|0|0|2|2" />
        <i3dMapping id="booms33LeftFoldingPartHydraulic" node="0>0|5|0|0|0|0|0|0|0|0|1|0|0|0|2|2|0" />
        <i3dMapping id="booms33LeftFoldingPartHydraulicPunch" node="0>0|5|0|0|0|0|0|0|0|0|1|0|0|0|2|2|0|0" />
        <i3dMapping id="booms36Left" node="0>0|5|0|0|0|0|0|0|0|0|1|0|0|0|3" />
        <i3dMapping id="booms36LeftFoldingPart" node="0>0|5|0|0|0|0|0|0|0|0|1|0|0|0|3|1" />
        <i3dMapping id="booms36LeftFoldingPartHydraulicRef" node="0>0|5|0|0|0|0|0|0|0|0|1|0|0|0|3|1|1" />
        <i3dMapping id="booms36LeftFoldingPartHydraulicRefFrame" node="0>0|5|0|0|0|0|0|0|0|0|1|0|0|0|3|2" />
        <i3dMapping id="booms36LeftFoldingPartHydraulic" node="0>0|5|0|0|0|0|0|0|0|0|1|0|0|0|3|2|0" />
        <i3dMapping id="booms36LeftFoldingPartHydraulicPunch" node="0>0|5|0|0|0|0|0|0|0|0|1|0|0|0|3|2|0|0" />
        <i3dMapping id="leftArmHoseConnection" node="0>0|5|0|0|0|0|0|0|0|0|1|0|0|0|4|0" />
        <i3dMapping id="colPartLeftArm27" node="0>0|5|0|0|0|0|0|0|0|0|1|0|0|0|5|0" />
        <i3dMapping id="colPartLeftArm30" node="0>0|5|0|0|0|0|0|0|0|0|1|0|0|0|5|1" />
        <i3dMapping id="colPartLeftArm33" node="0>0|5|0|0|0|0|0|0|0|0|1|0|0|0|5|2" />
        <i3dMapping id="colPartLeftArm36" node="0>0|5|0|0|0|0|0|0|0|0|1|0|0|0|5|3" />
        <i3dMapping id="leftArm02Bending" node="0>0|5|0|0|0|0|0|0|0|0|1|0|0|0|6" />
        <i3dMapping id="leftArm01LockArm" node="0>0|5|0|0|0|0|0|0|0|0|1|0|1" />
        <i3dMapping id="leftArm01LockArmHydraulicRef" node="0>0|5|0|0|0|0|0|0|0|0|1|0|1|0" />
        <i3dMapping id="leftArm01LockArmHydraulic" node="0>0|5|0|0|0|0|0|0|0|0|1|0|2" />
        <i3dMapping id="leftArm01LockArmHydraulicPunch" node="0>0|5|0|0|0|0|0|0|0|0|1|0|2|0" />
        <i3dMapping id="foldingArmLeftRef" node="0>0|5|0|0|0|0|0|0|0|0|1|0|3" />
        <i3dMapping id="cableHolderLeft01Ref" node="0>0|5|0|0|0|0|0|0|0|0|1|0|4" />
        <i3dMapping id="cableHolderLeft02Ref" node="0>0|5|0|0|0|0|0|0|0|0|1|0|5" />
        <i3dMapping id="dinoIILightsBoomLeft_static" node="0>0|5|0|0|0|0|0|0|0|0|1|0|6|0|0" />
        <i3dMapping id="dinoIILightsBoomLeftGlass_static" node="0>0|5|0|0|0|0|0|0|0|0|1|0|6|0|1" />
        <i3dMapping id="workLightBackHigh04" node="0>0|5|0|0|0|0|0|0|0|0|1|0|6|1|0" />
        <i3dMapping id="leftArm01Bending" node="0>0|5|0|0|0|0|0|0|0|0|1|0|9" />
        <i3dMapping id="rightArm01" node="0>0|5|0|0|0|0|0|0|0|0|2|0" />
        <i3dMapping id="rightArm02" node="0>0|5|0|0|0|0|0|0|0|0|2|0|0|0" />
        <i3dMapping id="booms27Right" node="0>0|5|0|0|0|0|0|0|0|0|2|0|0|0|0" />
        <i3dMapping id="booms27RightFoldingPart" node="0>0|5|0|0|0|0|0|0|0|0|2|0|0|0|0|0" />
        <i3dMapping id="booms27RightFoldingPartHydraulicRef" node="0>0|5|0|0|0|0|0|0|0|0|2|0|0|0|0|0|0" />
        <i3dMapping id="booms27RightFoldingPartHydraulicRefFrame" node="0>0|5|0|0|0|0|0|0|0|0|2|0|0|0|0|1" />
        <i3dMapping id="booms27RightFoldingPartHydraulic" node="0>0|5|0|0|0|0|0|0|0|0|2|0|0|0|0|1|0" />
        <i3dMapping id="booms27RightFoldingPartHydraulicPunch" node="0>0|5|0|0|0|0|0|0|0|0|2|0|0|0|0|1|0|0" />
        <i3dMapping id="booms30Right" node="0>0|5|0|0|0|0|0|0|0|0|2|0|0|0|1" />
        <i3dMapping id="booms30RightFoldingPart" node="0>0|5|0|0|0|0|0|0|0|0|2|0|0|0|1|1" />
        <i3dMapping id="booms30RightFoldingPartHydraulicRef" node="0>0|5|0|0|0|0|0|0|0|0|2|0|0|0|1|1|1" />
        <i3dMapping id="booms30RightFoldingPartHydraulicRefFrame" node="0>0|5|0|0|0|0|0|0|0|0|2|0|0|0|1|2" />
        <i3dMapping id="booms30RightFoldingPartHydraulic" node="0>0|5|0|0|0|0|0|0|0|0|2|0|0|0|1|2|0" />
        <i3dMapping id="booms30RightFoldingPartHydraulicPunch" node="0>0|5|0|0|0|0|0|0|0|0|2|0|0|0|1|2|0|0" />
        <i3dMapping id="booms33Right" node="0>0|5|0|0|0|0|0|0|0|0|2|0|0|0|2" />
        <i3dMapping id="booms33RightFoldingPart" node="0>0|5|0|0|0|0|0|0|0|0|2|0|0|0|2|1" />
        <i3dMapping id="booms33RightFoldingPartHydraulicRef" node="0>0|5|0|0|0|0|0|0|0|0|2|0|0|0|2|1|1" />
        <i3dMapping id="booms33RightFoldingPartHydraulicRefFrame" node="0>0|5|0|0|0|0|0|0|0|0|2|0|0|0|2|2" />
        <i3dMapping id="booms33RightFoldingPartHydraulic" node="0>0|5|0|0|0|0|0|0|0|0|2|0|0|0|2|2|0" />
        <i3dMapping id="booms33RightFoldingPartHydraulicPunch" node="0>0|5|0|0|0|0|0|0|0|0|2|0|0|0|2|2|0|0" />
        <i3dMapping id="booms36Right" node="0>0|5|0|0|0|0|0|0|0|0|2|0|0|0|3" />
        <i3dMapping id="booms36RightFoldingPart" node="0>0|5|0|0|0|0|0|0|0|0|2|0|0|0|3|1" />
        <i3dMapping id="booms36RightFoldingPartHydraulicRef" node="0>0|5|0|0|0|0|0|0|0|0|2|0|0|0|3|1|1" />
        <i3dMapping id="booms36RightFoldingPartHydraulicRefFrame" node="0>0|5|0|0|0|0|0|0|0|0|2|0|0|0|3|2" />
        <i3dMapping id="booms36RightFoldingPartHydraulic" node="0>0|5|0|0|0|0|0|0|0|0|2|0|0|0|3|2|0" />
        <i3dMapping id="booms36RightFoldingPartHydraulicPunch" node="0>0|5|0|0|0|0|0|0|0|0|2|0|0|0|3|2|0|0" />
        <i3dMapping id="rightArmHoseConnection" node="0>0|5|0|0|0|0|0|0|0|0|2|0|0|0|4|0" />
        <i3dMapping id="colPartRightArm27" node="0>0|5|0|0|0|0|0|0|0|0|2|0|0|0|5|0" />
        <i3dMapping id="colPartRightArm30" node="0>0|5|0|0|0|0|0|0|0|0|2|0|0|0|5|1" />
        <i3dMapping id="colPartRightArm33" node="0>0|5|0|0|0|0|0|0|0|0|2|0|0|0|5|2" />
        <i3dMapping id="colPartRightArm36" node="0>0|5|0|0|0|0|0|0|0|0|2|0|0|0|5|3" />
        <i3dMapping id="rightArm02Bending" node="0>0|5|0|0|0|0|0|0|0|0|2|0|0|0|6" />
        <i3dMapping id="rightArm01LockArm" node="0>0|5|0|0|0|0|0|0|0|0|2|0|1" />
        <i3dMapping id="rightArm01LockArmHydraulicRef" node="0>0|5|0|0|0|0|0|0|0|0|2|0|1|0" />
        <i3dMapping id="rightArm01LockArmHydraulic" node="0>0|5|0|0|0|0|0|0|0|0|2|0|2" />
        <i3dMapping id="rightArm01LockArmHydraulicPunch" node="0>0|5|0|0|0|0|0|0|0|0|2|0|2|0" />
        <i3dMapping id="foldingArmRightRef" node="0>0|5|0|0|0|0|0|0|0|0|2|0|3" />
        <i3dMapping id="cableHolderRight01Ref" node="0>0|5|0|0|0|0|0|0|0|0|2|0|4" />
        <i3dMapping id="cableHolderRight02Ref" node="0>0|5|0|0|0|0|0|0|0|0|2|0|5" />
        <i3dMapping id="dinoIILightsBoomRight_static" node="0>0|5|0|0|0|0|0|0|0|0|2|0|6|0|0" />
        <i3dMapping id="dinoIILightsBoomRightGlass_static" node="0>0|5|0|0|0|0|0|0|0|0|2|0|6|0|1" />
        <i3dMapping id="workLightBackHigh03" node="0>0|5|0|0|0|0|0|0|0|0|2|0|6|1|0" />
        <i3dMapping id="rightArm01Bending" node="0>0|5|0|0|0|0|0|0|0|0|2|0|9" />
        <i3dMapping id="sprayerArmLeftPart01RefFrame" node="0>0|5|0|0|0|0|0|0|0|0|3" />
        <i3dMapping id="sprayerArmLeftPart01" node="0>0|5|0|0|0|0|0|0|0|0|3|0" />
        <i3dMapping id="sprayerArmLeftPart02RefFrame" node="0>0|5|0|0|0|0|0|0|0|0|3|0|0" />
        <i3dMapping id="sprayerArmLeftPart02" node="0>0|5|0|0|0|0|0|0|0|0|3|0|0|0" />
        <i3dMapping id="sprayerArmLeftPart01Damper" node="0>0|5|0|0|0|0|0|0|0|0|3|0|1" />
        <i3dMapping id="sprayerArmLeftPart01DamperPunch" node="0>0|5|0|0|0|0|0|0|0|0|3|0|1|0" />
        <i3dMapping id="sprayerArmRightPart01RefFrame" node="0>0|5|0|0|0|0|0|0|0|0|4" />
        <i3dMapping id="sprayerArmRightPart01" node="0>0|5|0|0|0|0|0|0|0|0|4|0" />
        <i3dMapping id="sprayerArmRightPart02RefFrame" node="0>0|5|0|0|0|0|0|0|0|0|4|0|0" />
        <i3dMapping id="sprayerArmRightPart02" node="0>0|5|0|0|0|0|0|0|0|0|4|0|0|0" />
        <i3dMapping id="sprayerArmRightPart01Damper" node="0>0|5|0|0|0|0|0|0|0|0|4|0|1" />
        <i3dMapping id="sprayerArmRightPart01DamperPunch" node="0>0|5|0|0|0|0|0|0|0|0|4|0|1|0" />
        <i3dMapping id="sprayerArmLeftPart01DamperRef" node="0>0|5|0|0|0|0|0|0|0|0|5" />
        <i3dMapping id="sprayerArmRightPart01DamperRef" node="0>0|5|0|0|0|0|0|0|0|0|6" />
        <i3dMapping id="sprayerArmLeft02Ref" node="0>0|5|0|0|0|0|0|0|0|0|7" />
        <i3dMapping id="sprayerArmRight02Ref" node="0>0|5|0|0|0|0|0|0|0|0|8" />
        <i3dMapping id="sprayerDamperLeftRef" node="0>0|5|0|0|0|0|0|0|0|0|9" />
        <i3dMapping id="sprayerDamperRightRef" node="0>0|5|0|0|0|0|0|0|0|0|10" />
        <i3dMapping id="foldingBar" node="0>0|5|0|0|0|0|0|0|0|0|11" />
        <i3dMapping id="foldingWheel" node="0>0|5|0|0|0|0|0|0|0|0|12|0" />
        <i3dMapping id="foldingArmLeft" node="0>0|5|0|0|0|0|0|0|0|0|12|0|0" />
        <i3dMapping id="foldingArmRight" node="0>0|5|0|0|0|0|0|0|0|0|12|0|1" />
        <i3dMapping id="foldingArmLeftRefFrame" node="0>0|5|0|0|0|0|0|0|0|0|13" />
        <i3dMapping id="foldingArmRightRefFrame" node="0>0|5|0|0|0|0|0|0|0|0|14" />
        <i3dMapping id="cableHolderLeft01" node="0>0|5|0|0|0|0|0|0|0|0|15|0" />
        <i3dMapping id="boomsChainLeft" node="0>0|5|0|0|0|0|0|0|0|0|15|0|0" />
        <i3dMapping id="cableHolderLeft02" node="0>0|5|0|0|0|0|0|0|0|0|15|1" />
        <i3dMapping id="cableHolderRight01" node="0>0|5|0|0|0|0|0|0|0|0|15|2" />
        <i3dMapping id="boomsChainRight" node="0>0|5|0|0|0|0|0|0|0|0|15|2|0" />
        <i3dMapping id="cableHolderRight02" node="0>0|5|0|0|0|0|0|0|0|0|15|3" />
        <i3dMapping id="rearLight23Red" node="0>0|5|0|0|0|0|0|0|0|0|16|0|0" />
        <i3dMapping id="rearLight23Red1" node="0>0|5|0|0|0|0|0|0|0|0|16|0|1" />
        <i3dMapping id="dinoIILightsBoomCenter_static" node="0>0|5|0|0|0|0|0|0|0|0|16|1|0" />
        <i3dMapping id="dinoIILightsBoomCenterGlass_static" node="0>0|5|0|0|0|0|0|0|0|0|16|1|1" />
        <i3dMapping id="workLightBackHigh01" node="0>0|5|0|0|0|0|0|0|0|0|16|2|0" />
        <i3dMapping id="workLightBackHigh02" node="0>0|5|0|0|0|0|0|0|0|0|16|2|1" />
        <i3dMapping id="camera_03" node="0>0|5|0|0|0|0|0|0|0|0|18" />
        <i3dMapping id="lightArm" node="0>0|5|0|0|0|0|0|0|0|0|19" />
        <i3dMapping id="dinoIILightsBoomBackLight_static" node="0>0|5|0|0|0|0|0|0|0|0|19|0|0" />
        <i3dMapping id="dinoIILightsBoomBackLightGlass_static" node="0>0|5|0|0|0|0|0|0|0|0|19|0|1" />
        <i3dMapping id="redTriangle_02" node="0>0|5|0|0|0|0|0|0|0|0|19|1|0" />
        <i3dMapping id="effectCenter" node="0>0|5|0|0|0|0|0|0|0|0|20|0" />
        <i3dMapping id="effects_27" node="0>0|5|0|0|0|0|0|0|0|0|20|1" />
        <i3dMapping id="effect27_01" node="0>0|5|0|0|0|0|0|0|0|0|20|1|0" />
        <i3dMapping id="effect27_02" node="0>0|5|0|0|0|0|0|0|0|0|20|1|1" />
        <i3dMapping id="effect27_03" node="0>0|5|0|0|0|0|0|0|0|0|20|1|2" />
        <i3dMapping id="effect27_04" node="0>0|5|0|0|0|0|0|0|0|0|20|1|3" />
        <i3dMapping id="effect27_06" node="0>0|5|0|0|0|0|0|0|0|0|20|1|4" />
        <i3dMapping id="effect27_07" node="0>0|5|0|0|0|0|0|0|0|0|20|1|5" />
        <i3dMapping id="effect27_08" node="0>0|5|0|0|0|0|0|0|0|0|20|1|6" />
        <i3dMapping id="effect27_09" node="0>0|5|0|0|0|0|0|0|0|0|20|1|7" />
        <i3dMapping id="effects_30" node="0>0|5|0|0|0|0|0|0|0|0|20|2" />
        <i3dMapping id="effect30_01" node="0>0|5|0|0|0|0|0|0|0|0|20|2|0" />
        <i3dMapping id="effect30_02" node="0>0|5|0|0|0|0|0|0|0|0|20|2|1" />
        <i3dMapping id="effect30_03" node="0>0|5|0|0|0|0|0|0|0|0|20|2|2" />
        <i3dMapping id="effect30_04" node="0>0|5|0|0|0|0|0|0|0|0|20|2|3" />
        <i3dMapping id="effect30_06" node="0>0|5|0|0|0|0|0|0|0|0|20|2|4" />
        <i3dMapping id="effect30_07" node="0>0|5|0|0|0|0|0|0|0|0|20|2|5" />
        <i3dMapping id="effect30_08" node="0>0|5|0|0|0|0|0|0|0|0|20|2|6" />
        <i3dMapping id="effect30_09" node="0>0|5|0|0|0|0|0|0|0|0|20|2|7" />
        <i3dMapping id="effects_33" node="0>0|5|0|0|0|0|0|0|0|0|20|3" />
        <i3dMapping id="effect33_01" node="0>0|5|0|0|0|0|0|0|0|0|20|3|0" />
        <i3dMapping id="effect33_02" node="0>0|5|0|0|0|0|0|0|0|0|20|3|1" />
        <i3dMapping id="effect33_03" node="0>0|5|0|0|0|0|0|0|0|0|20|3|2" />
        <i3dMapping id="effect33_04" node="0>0|5|0|0|0|0|0|0|0|0|20|3|3" />
        <i3dMapping id="effect33_06" node="0>0|5|0|0|0|0|0|0|0|0|20|3|4" />
        <i3dMapping id="effect33_07" node="0>0|5|0|0|0|0|0|0|0|0|20|3|5" />
        <i3dMapping id="effect33_08" node="0>0|5|0|0|0|0|0|0|0|0|20|3|6" />
        <i3dMapping id="effect33_09" node="0>0|5|0|0|0|0|0|0|0|0|20|3|7" />
        <i3dMapping id="effects_36" node="0>0|5|0|0|0|0|0|0|0|0|20|4" />
        <i3dMapping id="effect36_01" node="0>0|5|0|0|0|0|0|0|0|0|20|4|0" />
        <i3dMapping id="effect36_02" node="0>0|5|0|0|0|0|0|0|0|0|20|4|1" />
        <i3dMapping id="effect36_03" node="0>0|5|0|0|0|0|0|0|0|0|20|4|2" />
        <i3dMapping id="effect36_04" node="0>0|5|0|0|0|0|0|0|0|0|20|4|3" />
        <i3dMapping id="effect36_06" node="0>0|5|0|0|0|0|0|0|0|0|20|4|4" />
        <i3dMapping id="effect36_07" node="0>0|5|0|0|0|0|0|0|0|0|20|4|5" />
        <i3dMapping id="effect36_08" node="0>0|5|0|0|0|0|0|0|0|0|20|4|6" />
        <i3dMapping id="effect36_09" node="0>0|5|0|0|0|0|0|0|0|0|20|4|7" />
        <i3dMapping id="sprayerRotArmRightRef" node="0>0|5|0|0|0|0|1" />
        <i3dMapping id="backArmAlignmentHydraulicRefFrame" node="0>0|5|0|0|0|0|3" />
        <i3dMapping id="backArmAlignmentHydraulic" node="0>0|5|0|0|0|0|3|0" />
        <i3dMapping id="cableTray" node="0>0|5|0|0|1" />
        <i3dMapping id="sprayerArmLeftPart02Ref" node="0>0|5|0|0|2" />
        <i3dMapping id="sprayerArmRightPart02Ref" node="0>0|5|0|0|3" />
        <i3dMapping id="sprayerArmLeft02" node="0>0|5|0|0|4" />
        <i3dMapping id="sprayerArmRight02" node="0>0|5|0|0|5" />
        <i3dMapping id="sprayerDamperLeft" node="0>0|5|0|0|6" />
        <i3dMapping id="sprayerDamperLeftPunch" node="0>0|5|0|0|6|0" />
        <i3dMapping id="sprayerDamperRight" node="0>0|5|0|0|7" />
        <i3dMapping id="sprayerDamperRightPunch" node="0>0|5|0|0|7|0" />
        <i3dMapping id="cableChain03Ref" node="0>0|5|0|0|9" />
        <i3dMapping id="boomRaycastLeftRoot" node="0>0|5|0|0|10|0" />
        <i3dMapping id="boomRaycastLeft" node="0>0|5|0|0|10|0|0" />
        <i3dMapping id="boomRaycastLeftAdjust" node="0>0|5|0|0|10|0|1" />
        <i3dMapping id="boomAlignCenterArmReferenceRefFrame" node="0>0|5|0|0|10|0|1|0" />
        <i3dMapping id="boomAlignCenterArmReference" node="0>0|5|0|0|10|0|1|0|0" />
        <i3dMapping id="boomRaycastRightRoot" node="0>0|5|0|0|10|1" />
        <i3dMapping id="boomRaycastRight" node="0>0|5|0|0|10|1|0" />
        <i3dMapping id="boomRaycastRightAdjust" node="0>0|5|0|0|10|1|1" />
        <i3dMapping id="backArmAlignmentHydraulicRefStart" node="0>0|5|0|0|11" />
        <i3dMapping id="backArmAlignmentHydraulicRefEnd" node="0>0|5|0|0|11|0" />
        <i3dMapping id="backArmAlignmentHydraulicRefNode" node="0>0|5|0|0|11|1" />
        <i3dMapping id="mainHydraulicPunch" node="0>0|5|0|1" />
        <i3dMapping id="cableChain02" node="0>0|5|0|1|1" />
        <i3dMapping id="cableChain04Ref" node="0>0|5|0|1|2" />
        <i3dMapping id="cableChain05Ref" node="0>0|5|0|1|3" />
        <i3dMapping id="cableChain06Ref" node="0>0|5|0|1|4" />
        <i3dMapping id="cableChain07Ref" node="0>0|5|0|1|5" />
        <i3dMapping id="roll02" node="0>0|5|0|1|6|0" />
        <i3dMapping id="cableChain01" node="0>0|5|0|2" />
        <i3dMapping id="cableChain03" node="0>0|5|0|3" />
        <i3dMapping id="cableChain04" node="0>0|5|0|4" />
        <i3dMapping id="cableChain05" node="0>0|5|0|5" />
        <i3dMapping id="cableChain06" node="0>0|5|0|6" />
        <i3dMapping id="cableChain07" node="0>0|5|0|7" />
        <i3dMapping id="beaconLight01" node="0>0|5|0|8|0|0" />
        <i3dMapping id="section27_01" node="0>0|5|0|9|0" />
        <i3dMapping id="section27_02" node="0>0|5|0|9|1" />
        <i3dMapping id="section27_03" node="0>0|5|0|9|2" />
        <i3dMapping id="section27_04" node="0>0|5|0|9|3" />
        <i3dMapping id="section27_06" node="0>0|5|0|9|4" />
        <i3dMapping id="section27_07" node="0>0|5|0|9|5" />
        <i3dMapping id="section27_08" node="0>0|5|0|9|6" />
        <i3dMapping id="section27_09" node="0>0|5|0|9|7" />
        <i3dMapping id="section30_01" node="0>0|5|0|9|8" />
        <i3dMapping id="section30_02" node="0>0|5|0|9|9" />
        <i3dMapping id="section30_03" node="0>0|5|0|9|10" />
        <i3dMapping id="section30_04" node="0>0|5|0|9|11" />
        <i3dMapping id="section30_06" node="0>0|5|0|9|12" />
        <i3dMapping id="section30_07" node="0>0|5|0|9|13" />
        <i3dMapping id="section30_08" node="0>0|5|0|9|14" />
        <i3dMapping id="section30_09" node="0>0|5|0|9|15" />
        <i3dMapping id="section33_01" node="0>0|5|0|9|16" />
        <i3dMapping id="section33_02" node="0>0|5|0|9|17" />
        <i3dMapping id="section33_03" node="0>0|5|0|9|18" />
        <i3dMapping id="section33_04" node="0>0|5|0|9|19" />
        <i3dMapping id="section33_06" node="0>0|5|0|9|20" />
        <i3dMapping id="section33_07" node="0>0|5|0|9|21" />
        <i3dMapping id="section33_08" node="0>0|5|0|9|22" />
        <i3dMapping id="section33_09" node="0>0|5|0|9|23" />
        <i3dMapping id="section36_01" node="0>0|5|0|9|24" />
        <i3dMapping id="section36_02" node="0>0|5|0|9|25" />
        <i3dMapping id="section36_03" node="0>0|5|0|9|26" />
        <i3dMapping id="section36_04" node="0>0|5|0|9|27" />
        <i3dMapping id="section36_06" node="0>0|5|0|9|28" />
        <i3dMapping id="section36_07" node="0>0|5|0|9|29" />
        <i3dMapping id="section36_08" node="0>0|5|0|9|30" />
        <i3dMapping id="section36_09" node="0>0|5|0|9|31" />
        <i3dMapping id="roll01" node="0>0|5|0|10|0|0" />
        <i3dMapping id="roll03" node="0>0|5|0|10|1" />
        <i3dMapping id="mainTowerDino" node="0>0|5|0|10|2|0" />
        <i3dMapping id="ladder" node="0>0|5|1" />
        <i3dMapping id="ladderArm02Ref" node="0>0|5|1|0" />
        <i3dMapping id="ladderArm01RefFrame" node="0>0|5|1|1" />
        <i3dMapping id="ladderArm01" node="0>0|5|2" />
        <i3dMapping id="ladderArm02" node="0>0|5|2|0" />
        <i3dMapping id="ladderHydraulicRef" node="0>0|5|2|0|0" />
        <i3dMapping id="ladderArm02RefFrame" node="0>0|5|3" />
        <i3dMapping id="ladderHydraulic" node="0>0|5|4" />
        <i3dMapping id="ladderHydraulicPunch" node="0>0|5|4|0" />
        <i3dMapping id="axisFrontLeftHydraulic" node="0>0|5|5" />
        <i3dMapping id="axisFrontLeftHydraulicPunch" node="0>0|5|5|0" />
        <i3dMapping id="axisFrontRightHydraulic" node="0>0|5|6" />
        <i3dMapping id="axisFrontRightHydraulicPunch" node="0>0|5|6|0" />
        <i3dMapping id="axisBackLeftHydraulic" node="0>0|5|7" />
        <i3dMapping id="axisBackLeftHydraulicPunch" node="0>0|5|7|0" />
        <i3dMapping id="axisBackRightHydraulic" node="0>0|5|8" />
        <i3dMapping id="axisBackRightHydraulicPunch" node="0>0|5|8|0" />
        <i3dMapping id="rightArm01Support" node="0>0|5|9" />
        <i3dMapping id="leftArm01Support" node="0>0|5|10" />
        <i3dMapping id="steeringBase" node="0>0|6|0" />
        <i3dMapping id="steeringWheel" node="0>0|6|0|0|0" />
        <i3dMapping id="playerLeftHandTarget" node="0>0|6|0|0|0|0" />
        <i3dMapping id="leverTurnlightRot" node="0>0|6|0|1|0" />
        <i3dMapping id="leverTurnlight" node="0>0|6|0|1|0|0" />
        <i3dMapping id="interiorScreenLight1" node="0>0|6|1|0" />
        <i3dMapping id="playerRightFootTarget" node="0>0|6|2|0" />
        <i3dMapping id="playerLeftFootTarget" node="0>0|6|2|1" />
        <i3dMapping id="ignitionKey" node="0>0|6|3|0|0" />
        <i3dMapping id="dashboardDisplay2" node="0>0|6|3|1" />
        <i3dMapping id="numbersSpeed2" node="0>0|6|3|1|0" />
        <i3dMapping id="numbersFillLevelSprayer" node="0>0|6|3|1|1" />
        <i3dMapping id="cabinDecals_glow" node="0>0|6|3|2" />
        <i3dMapping id="dashboardDisplay3" node="0>0|6|3|3" />
        <i3dMapping id="workLightSwitch" node="0>0|6|3|4|0" />
        <i3dMapping id="switchLight01" node="0>0|6|3|5|0" />
        <i3dMapping id="switchBeacon" node="0>0|6|3|6|0" />
        <i3dMapping id="switchHazard" node="0>0|6|3|7|0" />
        <i3dMapping id="switchHazard_decals" node="0>0|6|3|7|0|0" />
        <i3dMapping id="seat" node="0>0|6|5|0" />
        <i3dMapping id="joystick" node="0>0|6|5|0|0|0" />
        <i3dMapping id="playerRightHandTarget" node="0>0|6|5|0|0|0|0" />
        <i3dMapping id="joystickDecals_glow" node="0>0|6|5|0|0|0|1|0" />
        <i3dMapping id="playerSkin" node="0>0|6|5|0|1|0" />
        <i3dMapping id="dashboardDisplay" node="0>0|6|5|0|2|0" />
        <i3dMapping id="needleTemperature01Decal" node="0>0|6|5|0|2|0|0|0" />
        <i3dMapping id="needleTemperature02Decal" node="0>0|6|5|0|2|0|1|0" />
        <i3dMapping id="needleRpmDecal" node="0>0|6|5|0|2|0|2|0" />
        <i3dMapping id="needleSpeedDecal" node="0>0|6|5|0|2|0|3|0" />
        <i3dMapping id="numbersTemperature02" node="0>0|6|5|0|2|0|4" />
        <i3dMapping id="numbersTemperature01" node="0>0|6|5|0|2|0|5" />
        <i3dMapping id="numbersSpeed" node="0>0|6|5|0|2|0|6" />
        <i3dMapping id="numbersRpm" node="0>0|6|5|0|2|0|7" />
        <i3dMapping id="numbersFillLevel" node="0>0|6|5|0|2|0|8" />
        <i3dMapping id="numbersFillLevelDef" node="0>0|6|5|0|2|0|9" />
        <i3dMapping id="seatDecals_glow" node="0>0|6|5|0|3|1" />
        <i3dMapping id="interiorScreenLight" node="0>0|6|5|0|4" />
        <i3dMapping id="mirrorLeft_decal" node="0>0|6|6|0" />
        <i3dMapping id="mirrorRigth_decal" node="0>0|6|6|1" />
        <i3dMapping id="wiperFrontMiddleArm01" node="0>0|6|7|0|0" />
        <i3dMapping id="wiperBack" node="0>0|6|7|1|0" />
        <i3dMapping id="wiperLeft" node="0>0|6|7|2" />
        <i3dMapping id="wiperRight" node="0>0|6|7|3" />
        <i3dMapping id="aiMarkerLeft" node="0>0|7|0" />
        <i3dMapping id="aiMarkerRight" node="0>0|7|1" />
        <i3dMapping id="aiMarkerBack" node="0>0|7|2" />
        <i3dMapping id="aiCollisionNode" node="0>0|7|3" />
        <i3dMapping id="workAreaStart" node="0>0|8|0" />
        <i3dMapping id="workAreaWidth" node="0>0|8|1" />
        <i3dMapping id="workAreaHeight" node="0>0|8|2" />
        <i3dMapping id="exactFillRootNode" node="0>0|9|0" />
        <i3dMapping id="exactFillRootNodeFuel" node="0>0|9|1" />
        <i3dMapping id="dischargeTrigger" node="0>0|10|0" />
        <i3dMapping id="dischargeNode" node="0>0|10|1" />
        <i3dMapping id="licensePlateFront" node="0>0|11|0" />
        <i3dMapping id="licensePlateBack" node="0>0|11|1" />
        <i3dMapping id="dinoIIB_vis" node="0>0|12|0" />
        <i3dMapping id="hoses" node="0>0|12|1" />
        <i3dMapping id="hoses1" node="0>0|12|6" />
        <i3dMapping id="booms27Hoses" node="0>2|3" />
        <i3dMapping id="booms30Hoses" node="0>2|4" />
        <i3dMapping id="booms33Hoses" node="0>2|5" />
        <i3dMapping id="booms36Hoses" node="0>2|6" />
    </i3dMappings>
</vehicle>
