﻿<?xml version="1.0" encoding="utf-8" standalone="no" ?>
<vehicle type="manureTrailer" xmlns:xsi="http://www.w3.org/2001/XMLSchema-instance" xsi:noNamespaceSchemaLocation="../../../../shared/xml/schema/vehicle.xsd">
    <annotation>Copyright (C) GIANTS Software GmbH, All Rights Reserved.</annotation>

    <storeData>
        <name>FRC 65</name>
        <specs>
            <neededPower>70</neededPower>
        </specs>
        <functions>
            <function>$l10n_function_slurryContainer</function>
        </functions>
        <image>$data/vehicles/kotte/frc65/store_frc65.png</image>
        <price>42500</price>
        <lifetime>600</lifetime>
        <rotation>0</rotation>
        <brand>KOTTE</brand>
        <category>slurryTransport</category>
        <shopTranslationOffset>0 -0.512 0</shopTranslationOffset>
        <shopRotationOffset>-0.248 0 0</shopRotationOffset>
        <vertexBufferMemoryUsage>1046528</vertexBufferMemoryUsage>
        <indexBufferMemoryUsage>280832</indexBufferMemoryUsage>
        <textureMemoryUsage>393216</textureMemoryUsage>
        <instanceVertexBufferMemoryUsage>0</instanceVertexBufferMemoryUsage>
        <instanceIndexBufferMemoryUsage>0</instanceIndexBufferMemoryUsage>
        <audioMemoryUsage>0</audioMemoryUsage>
    </storeData>

    <base>
        <typeDesc>$l10n_typeDesc_manureBarrel</typeDesc>
        <filename>$data/vehicles/kotte/frc65/frc65.i3d</filename>
        <size width="2.7" length="12.2" height="3.6"/>
        <components>
            <component centerOfMass="0 0.6 -1.5" solverIterationCount="10" mass="4000"/>
        </components>
        <schemaOverlay attacherJointPosition="0 0" name="IMPLEMENT"/>
        <mapHotspot type="TRAILER"/>
    </base>

    <wheels>
        <wheelConfigurations tireCategories="TRAILER">
            <wheelConfiguration name="$l10n_configuration_valueDefault" price="0" saveId="DEFAULT" numDynamicConfigurations="1">
                <wheels>
                    <wheel dimensions="560_45R22_5" isLeft="true" hasTireTracks="true" hasParticles="true">
                        <physics tipOcclusionAreaGroupId="1" restLoad="2.0" repr="wheelLeft"  forcePointRatio="0.2" initialCompression="4" suspTravel="0.07" spring="650" damper="50" transRatio="1.0" yOffset="0.025"/>
                        <wheelChock parkingNode="wheelChock03_01" isInverted="true"  scale="0.9 0.9 0.9"/>
                        <wheelChock parkingNode="wheelChock03_02" isInverted="false" scale="0.9 0.9 0.9"/>
                    </wheel>
                    <wheel dimensions="560_45R22_5" isLeft="false" hasTireTracks="true" hasParticles="true">
                        <physics tipOcclusionAreaGroupId="2" restLoad="2.0" repr="wheelRight" forcePointRatio="0.2" initialCompression="4" suspTravel="0.07" spring="650" damper="50" transRatio="1.0" yOffset="0.025"/>
                    </wheel>
                </wheels>
            </wheelConfiguration>
        </wheelConfigurations>

        <hubs>
            <hub linkNode="wheelLeft"  filename="$data/shared/wheels/hubs/hub_n10_5.xml" isLeft="true"  scale="0.25 0.335 0.335" offset="0.015"/>
            <hub linkNode="wheelRight" filename="$data/shared/wheels/hubs/hub_n10_5.xml" isLeft="false" scale="0.25 0.335 0.335" offset="0.015"/>
        </hubs>
    </wheels>

    <attachable>
        <inputAttacherJoints>
            <inputAttacherJoint node="attacherJoint" jointType="trailer" attacherHeight="1.05"/>
        </inputAttacherJoints>
        <brakeForce force="1"/>
        <support animationName="moveSupport" delayedOnAttach="false" detachAfterAnimation="false"/>
        <sounds>
            <active file="$data/sounds/tools/trailer/trailerRattle_02.wav" innerRadius="10" outerRadius="50" volumeScale="8.4" isLocalSound="true" pitchScale="0.8">
                <volume indoor="0.7" outdoor="0.9" >
                    <modifier type="WHEEL_SUSPENSION" value="-0.04" modifiedValue="0.4"/>
                    <modifier type="WHEEL_SUSPENSION" value="-0.02" modifiedValue="0.3"/>
                    <modifier type="WHEEL_SUSPENSION" value="-0.01" modifiedValue="0.15"/>
                    <modifier type="WHEEL_SUSPENSION" value="-0.00" modifiedValue="0.00"/>
                    <modifier type="WHEEL_SUSPENSION" value="0.01" modifiedValue="0.15"/>
                    <modifier type="WHEEL_SUSPENSION" value="0.02" modifiedValue="0.3"/>
                    <modifier type="WHEEL_SUSPENSION" value="0.04" modifiedValue="0.4"/>

                    <modifier type="SPEED" value="0.0" modifiedValue="0.0"/>
                    <modifier type="SPEED" value="2.0" modifiedValue="1.0"/>
                    <modifier type="SPEED" value="40.0" modifiedValue="1.0"/>
                </volume>
                <lowpassCutoffFrequency indoor="250" outdoor="20000" />
                <lowpassGain indoor="0.5" outdoor="1" />
            </active>
        </sounds>
    </attachable>

    <connectionHoses>
        <hose inputAttacherJointIndices="1" type="electric" node="electric" adapterNode="electric_connector" length="0.8" diameter="0.007" straighteningFactor="1.0">
           <objectChange node="electric_detached" visibilityActive="false" visibilityInactive="true"/>
        </hose>
        <hose inputAttacherJointIndices="1" type="airDoubleYellow" node="airYellow" adapterNode="airYellow_connector" length="0.8" diameter="0.012" straighteningFactor="1.0">
           <objectChange node="airYellow_detached" visibilityActive="false" visibilityInactive="true"/>
        </hose>
        <hose inputAttacherJointIndices="1" type="airDoubleRed" node="airRed" adapterNode="airRed_connector" length="0.8" diameter="0.012" straighteningFactor="1.0">
           <objectChange node="airRed_detached" visibilityActive="false" visibilityInactive="true"/>
        </hose>
        <hose inputAttacherJointIndices="1" type="hydraulicIn" node="hydraulicIn01" adapterNode="hydraulicIn01_connector" length="0.8" diameter="0.015" straighteningFactor="1.0">
           <objectChange node="hydraulicIn01_detached" visibilityActive="false" visibilityInactive="true"/>
        </hose>
        <hose inputAttacherJointIndices="1" type="hydraulicOut" node="hydraulicOut01" adapterNode="hydraulicOut01_connector" length="0.8" diameter="0.015" straighteningFactor="1.0">
           <objectChange node="hydraulicOut01_detached" visibilityActive="false" visibilityInactive="true"/>
        </hose>
        <sounds>
            <connect    type="airDoubleRed" template="hydraulicHosesAttach" volumeScale="0.7" linkNode="attacherJoint"/>
            <connect    type="electric"     template="generalConnection"    volumeScale="0.7" linkNode="attacherJoint"/>
            <disconnect type="airDoubleRed" template="hydraulicHosesDetach" volumeScale="0.7" linkNode="attacherJoint"/>
            <disconnect type="electric"     template="generalConnection"    volumeScale="0.7" linkNode="attacherJoint"/>
        </sounds>
    </connectionHoses>

    <dynamicallyLoadedParts>
        <dynamicallyLoadedPart node="0" linkNode="wheelChockSupport01_01" filename="$data/shared/assets/wheelChocks/wheelChockSupport01.i3d"/>
        <dynamicallyLoadedPart node="0" linkNode="wheelChockSupport01_02" filename="$data/shared/assets/wheelChocks/wheelChockSupport01.i3d"/>
    </dynamicallyLoadedParts>

    <licensePlates>
        <licensePlate node="licensePlate" position="BACK" preferedType="ELONGATED" placementArea="0.07 0.3 0.07 0.3" />
    </licensePlates>

    <lights>
        <sharedLight linkNode="rearLight11_left"           filename="$data/shared/assets/lights/lizard/rearLight11_left.xml" />
        <sharedLight linkNode="rearLight11_right"          filename="$data/shared/assets/lights/lizard/rearLight11_right.xml" />
        <sharedLight linkNode="sideMarker03_left"          filename="$data/shared/assets/lights/lizard/sideMarker03_left.xml" />
        <sharedLight linkNode="sideMarker03_right"         filename="$data/shared/assets/lights/lizard/sideMarker03_right.xml" />
        <sharedLight linkNode="plateNumberLight02_left"    filename="$data/shared/assets/lights/lizard/plateNumberLight02.xml" />
        <sharedLight linkNode="plateNumberLight02_right"   filename="$data/shared/assets/lights/lizard/plateNumberLight02.xml" />

        <realLights>
            <high>
                <light          node="backLightsHigh"        lightTypes="0" />
                <light          node="licensePlateLightHigh" lightTypes="0" />
                <brakeLight     node="backLightsHigh" />
                <turnLightLeft  node="turnLightLeftBack" />
                <turnLightRight node="turnLightRightBack" />
            </high>
        </realLights>
    </lights>

    <animations>
        <animation name="moveSupport">
            <part node="axis"    direction="1"  startTime="0.05" endTime="1.00" startRot="0 0 0"      endRot="37 0 0" />
            <part node="support" direction="1"  startTime="0.00" endTime="0.01" startTrans="0 0 0"    endTrans="0 -0.5 0"/>
            <part node="support" direction="1"  startTime="0.01" endTime="0.95" startTrans="0 -0.5 0" endTrans="0 -0.05 0"/>
            <part node="axis"    direction="-1" startTime="0.50" endTime="1.00" startRot="0 0 0"      endRot="37 0 0" />

            <sound template="hydraulicOpen02"  startTime="0.01" endTime="0.99" direction="1"  volumeScale="4"   pitchScale="0.7" />
            <sound template="hydraulicClose01" startTime="0.5"  endTime="0.99" direction="-1" volumeScale="3"   pitchScale="0.6" />
            <sound template="cylinderPunch"    startTime="0.9"                 direction="1"  volumeScale="1.3" pitchScale="0.7" />
            <sound template="clackVar6"        startTime="0.99"                direction="1"  volumeScale="1.3" pitchScale="0.7" />
            <sound template="thudVar2"         startTime="0.49"                direction="-1" volumeScale="2.5" pitchScale="0.7" />
            <sound template="sheetImp02"       startTime="0.49"                direction="-1" volumeScale="2.2" pitchScale="0.7" />
            <sound template="cylinderPunch"    startTime="0.49"                direction="-1" volumeScale="1"   pitchScale="0.7" />
        </animation>
    </animations>

    <cylindered>
        <movingTools>
            <movingTool node="axis" wheelIndices="1 2">
                <dependentPart node="axisHydraulic"/>
            </movingTool>
        </movingTools>

        <movingParts>
            <movingPart node="axisHydraulic" referencePoint="axisHydraulicRef" referenceFrame="axisHydraulicRef">
                <translatingPart node="axisHydraulicPunch" />
            </movingPart>
        </movingParts>
    </cylindered>

    <fillUnit>
        <fillUnitConfigurations>
            <fillUnitConfiguration>
                <fillUnits>
                    <fillUnit unitTextOverride="$l10n_unit_literShort" fillTypeCategories="SLURRYTANK" capacity="130000">
                        <exactFillRootNode node="exactFillRootNode" />
                    </fillUnit>
                    <fillTrigger litersPerSecond="2000"/>
                </fillUnits>
            </fillUnitConfiguration>
        </fillUnitConfigurations>
    </fillUnit>

    <fillVolume>
        <fillVolumeConfigurations>
            <fillVolumeConfiguration>
                <volumes>
                    <volume node="fillVolume" maxSubDivEdgeLength="4" fillUnitIndex="1" />
                </volumes>
            </fillVolumeConfiguration>
        </fillVolumeConfigurations>
    </fillVolume>

    <fillTriggerVehicle triggerNode="fillTrigger" fillUnitIndex="1" litersPerSecond="2000"/>

    <dischargeable requiresTipOcclusionArea="false">
        <dischargeNode node="dischargeNode" emptySpeed="775" fillUnitIndex="1" allowAIDischarge="true" canDischargeToGround="false">
            <info width="1.0" length="0.5" zOffset="0.4" />
            <trigger node="dischargeTrigger" />
            <dischargeSound template="slurry01"/>
        </dischargeNode>
    </dischargeable>

    <foliageBending>
        <bendingNode wheelIndices="1 2" minZ="-6.1" maxZ="4.2" yOffset="0.7"/>
        <bendingNode minX="-0.35" maxX="0.35" minZ="4.2" maxZ="5.95" yOffset="0.6"/>
    </foliageBending>

    <ai>
        <agentAttachment jointNode="attacherJoint" rotCenterWheelIndices="1 2" width="2.7" height="4" length="12.2" lengthOffset="2.35"/>
    </ai>

    <baseColorConfigurations useDefaultColors="true" title="$l10n_configuration_baseColor">
        <baseColorConfiguration materialTemplateName="KOTTE_GREEN1"/>
        <baseColorConfiguration materialTemplateName="KOTTE_GREEN2"/>

        <material materialSlotName="base_color_mat"/>
    </baseColorConfigurations>

    <wearable wearDuration="480" workMultiplier="5" fieldMultiplier="2"/>
    <washable dirtDuration="90"  workMultiplier="1" fieldMultiplier="2" washDuration="1"/>

    <i3dMappings>
        <i3dMapping id="frc65_main_component1" node="0>" />
        <i3dMapping id="frc65_vis" node="0>0" />
        <i3dMapping id="attacherJoint" node="0>0|0|0" />
        <i3dMapping id="support" node="0>0|0|1|0" />
        <i3dMapping id="electric" node="0>0|0|2|0" />
        <i3dMapping id="electric_detached" node="0>0|0|2|0|0" />
        <i3dMapping id="electric_connector" node="0>0|0|2|0|0|0" />
        <i3dMapping id="airRed" node="0>0|0|2|1" />
        <i3dMapping id="airRed_detached" node="0>0|0|2|1|0" />
        <i3dMapping id="airRed_connector" node="0>0|0|2|1|0|0" />
        <i3dMapping id="airYellow" node="0>0|0|2|2" />
        <i3dMapping id="airYellow_detached" node="0>0|0|2|2|0" />
        <i3dMapping id="airYellow_connector" node="0>0|0|2|2|0|0" />
        <i3dMapping id="hydraulicIn01" node="0>0|0|2|3" />
        <i3dMapping id="hydraulicIn01_detached" node="0>0|0|2|3|0" />
        <i3dMapping id="hydraulicIn01_connector" node="0>0|0|2|3|0|0" />
        <i3dMapping id="hydraulicOut01" node="0>0|0|2|4" />
        <i3dMapping id="hydraulicOut01_detached" node="0>0|0|2|4|0" />
        <i3dMapping id="hydraulicOut01_connector" node="0>0|0|2|4|0|0" />
        <i3dMapping id="wheelChockSupport01_01" node="0>0|0|3|0" />
        <i3dMapping id="wheelChockSupport01_02" node="0>0|0|3|1" />
        <i3dMapping id="wheelChock03_01" node="0>0|0|3|2" />
        <i3dMapping id="wheelChock03_02" node="0>0|0|3|3" />
        <i3dMapping id="rearLight11_left" node="0>0|1|0|0" />
        <i3dMapping id="rearLight11_right" node="0>0|1|0|1" />
        <i3dMapping id="sideMarker03_left" node="0>0|1|0|2" />
        <i3dMapping id="sideMarker03_right" node="0>0|1|0|3" />
        <i3dMapping id="plateNumberLight02_left" node="0>0|1|0|4" />
        <i3dMapping id="plateNumberLight02_right" node="0>0|1|0|5" />
        <i3dMapping id="reflectorYellowRound_03_01" node="0>0|1|0|6" />
        <i3dMapping id="reflectorYellowRound_03_02" node="0>0|1|0|7" />
        <i3dMapping id="reflectorYellowRound_03_03" node="0>0|1|0|8" />
        <i3dMapping id="reflectorYellowRound_03_04" node="0>0|1|0|9" />
        <i3dMapping id="reflectorYellowRound_03_05" node="0>0|1|0|10" />
        <i3dMapping id="reflectorYellowRound_03_06" node="0>0|1|0|11" />
        <i3dMapping id="reflectorYellowRound_03_07" node="0>0|1|0|12" />
        <i3dMapping id="reflectorYellowRound_03_08" node="0>0|1|0|13" />
        <i3dMapping id="reflectorYellowRound_03_09" node="0>0|1|0|14" />
        <i3dMapping id="reflectorYellowRound_03_10" node="0>0|1|0|15" />
        <i3dMapping id="reflectorYellowRound_03_11" node="0>0|1|0|16" />
        <i3dMapping id="reflectorYellowRound_03_12" node="0>0|1|0|17" />
        <i3dMapping id="reflectorYellowRound_03_13" node="0>0|1|0|18" />
        <i3dMapping id="reflectorYellowRound_03_14" node="0>0|1|0|19" />
        <i3dMapping id="redTriangle_02_left" node="0>0|1|0|20" />
        <i3dMapping id="redTriangle_02_right" node="0>0|1|0|21" />
        <i3dMapping id="licensePlateLightHigh" node="0>0|1|1|0" />
        <i3dMapping id="backLightsHigh" node="0>0|1|2|0" />
        <i3dMapping id="turnLightLeftBack" node="0>0|1|3|0" />
        <i3dMapping id="turnLightRightBack" node="0>0|1|3|1" />
        <i3dMapping id="axis" node="0>0|2|0" />
        <i3dMapping id="wheelLeft" node="0>0|2|0|0" />
        <i3dMapping id="wheelRight" node="0>0|2|0|1" />
        <i3dMapping id="axisHydraulicRef" node="0>0|2|0|2" />
        <i3dMapping id="axisHydraulic" node="0>0|2|1" />
        <i3dMapping id="axisHydraulicPunch" node="0>0|2|1|0" />
        <i3dMapping id="licensePlate" node="0>0|3" />
        <i3dMapping id="fillVolume" node="0>0|4|0" />
        <i3dMapping id="fillTrigger" node="0>0|4|1" />
        <i3dMapping id="exactFillRootNode" node="0>0|4|2" />
        <i3dMapping id="dischargeNode" node="0>0|4|3" />
        <i3dMapping id="dischargeTrigger" node="0>0|4|4" />
    </i3dMappings>
</vehicle>
