﻿<?xml version="1.0" encoding="utf-8" standalone="no" ?>
<vehicle type="augerWagon" xmlns:xsi="http://www.w3.org/2001/XMLSchema-instance" xsi:noNamespaceSchemaLocation="../../../../shared/xml/schema/vehicle.xsd">
    <annotation>Copyright (C) GIANTS Software GmbH, All Rights Reserved.</annotation>

    <storeData>
        <name>GTW 330</name>
        <specs>
            <neededPower>300</neededPower>
        </specs>
        <functions>
            <function>$l10n_function_augerWagon</function>
        </functions>
        <image>$data/vehicles/bergmann/gtw330/store_gtw330.png</image>
        <price>91000</price>
        <lifetime>600</lifetime>
        <rotation>0</rotation>
        <brand>BERGMANN</brand>
        <category>augerWagons</category>
        <shopTranslationOffset>0 0.082 0</shopTranslationOffset>
        <shopRotationOffset>0.328 0 0</shopRotationOffset>
        <vertexBufferMemoryUsage>2534400</vertexBufferMemoryUsage>
        <indexBufferMemoryUsage>690944</indexBufferMemoryUsage>
        <textureMemoryUsage>655360</textureMemoryUsage>
        <instanceVertexBufferMemoryUsage>0</instanceVertexBufferMemoryUsage>
        <instanceIndexBufferMemoryUsage>0</instanceIndexBufferMemoryUsage>
        <audioMemoryUsage>0</audioMemoryUsage>
    </storeData>

    <base>
        <typeDesc>$l10n_typeDesc_augerWagon</typeDesc>
        <filename>$data/vehicles/bergmann/gtw330/gtw330.i3d</filename>
        <size width="3.05" length="10.1" lengthOffset="1"/>
        <sounds volumeFactor="2.0"/>
        <components maxMass="35000">
            <component centerOfMass="0 1 -0.25" solverIterationCount="10" mass="8520"/>
        </components>
        <schemaOverlay attacherJointPosition="0 0" name="IMPLEMENT"/>
        <mapHotspot type="TRAILER"/>
    </base>

    <powerConsumer ptoRpm="350" neededMaxPtoPower="50"/>

    <wheels>
        <wheelConfigurations tireCategories="TRAILER">
            <wheelConfiguration name="$l10n_configuration_valueDefault" price="0" saveId="DEFAULT">
                <wheels autoRotateBackSpeed="1.7">
                    <wheel dimensions="750_60R30_5" isLeft="true">
                        <physics tipOcclusionAreaGroupId="1" restLoad="2.2" repr="wheelFrontLeft"                           forcePointRatio="0.5" initialCompression="14" suspTravel="0.15" spring="85" damper="50" yOffset="0.03"/>
                        <wheelChock parkingNode="wheelChock01"/>
                        <wheelChock parkingNode="wheelChock02" isInverted="true"/>
                    </wheel>
                    <wheel dimensions="750_60R30_5" isLeft="false">
                        <physics tipOcclusionAreaGroupId="1" restLoad="2.2" repr="wheelFrontRight"                          forcePointRatio="0.5" initialCompression="14" suspTravel="0.15" spring="85" damper="50" yOffset="0.03"/>
                    </wheel>
                    <wheel dimensions="750_60R30_5" isLeft="true" hasTireTracks="true" hasParticles="true">
                        <physics tipOcclusionAreaGroupId="1" restLoad="2.3" repr="axisBackLeft"  driveNode="wheelBackLeft"  forcePointRatio="0.5" initialCompression="14" suspTravel="0.15" spring="85" damper="50" yOffset="0.03"/>
                        <steeringAxle scale="-0.7" rotMax="15" rotMin="-15"/>
                        <steering node="steeringBar" nodeMinTransX="0.08" nodeMaxTransX="-0.08"/>
                    </wheel>
                    <wheel dimensions="750_60R30_5" isLeft="false" hasTireTracks="true" hasParticles="true">
                        <physics tipOcclusionAreaGroupId="1" restLoad="2.3" repr="axisBackRight" driveNode="wheelBackRight" forcePointRatio="0.5" initialCompression="14" suspTravel="0.15" spring="85" damper="50" yOffset="0.03"/>
                        <steeringAxle scale="-0.7" rotMax="15" rotMin="-15"/>
                    </wheel>
                </wheels>
            </wheelConfiguration>
        </wheelConfigurations>

        <hubMaterial materialTemplateName="BERGMANN_GREEN1"/>

        <hubs>
            <hub linkNode="wheelFrontLeft"  filename="$data/shared/wheels/hubs/hub_n10_5.xml" isLeft="true"  scale="0.31 0.31 0.31" offset="-0.005"/>
            <hub linkNode="wheelFrontRight" filename="$data/shared/wheels/hubs/hub_n10_5.xml" isLeft="false" scale="0.31 0.31 0.31" offset="-0.005"/>
            <hub linkNode="wheelBackLeft"   filename="$data/shared/wheels/hubs/hub_n10_5.xml" isLeft="true"  scale="0.31 0.31 0.31" offset="-0.005"/>
            <hub linkNode="wheelBackRight"  filename="$data/shared/wheels/hubs/hub_n10_5.xml" isLeft="false" scale="0.31 0.31 0.31" offset="-0.005"/>
        </hubs>
    </wheels>

    <attachable>
        <inputAttacherJoints>
            <inputAttacherJoint node="attacherJoint" jointType="trailerLow" attacherHeight="0.76"/>
        </inputAttacherJoints>
        <brakeForce force="2.1" maxForce="6" maxForceMass="35000"/>
        <support animationName="moveSupport"/>
        <airConsumer usage="0.3"/>
        <sounds>
            <active file="$data/sounds/tools/trailer/trailerRattle_02.wav" innerRadius="10" outerRadius="50" volumeScale="2" isLocalSound="true" pitchScale="0.8">
                <volume indoor="0.6" outdoor="0.9" >
                    <modifier type="WHEEL_SUSPENSION" value="-0.04" modifiedValue="0.3"/>
                    <modifier type="WHEEL_SUSPENSION" value="-0.02" modifiedValue="0.2"/>
                    <modifier type="WHEEL_SUSPENSION" value="-0.00" modifiedValue="0.0"/>
                    <modifier type="WHEEL_SUSPENSION" value="0.02" modifiedValue="0.2"/>
                    <modifier type="WHEEL_SUSPENSION" value="0.04" modifiedValue="0.3"/>

                    <modifier type="SPEED" value="0.0" modifiedValue="0.0"/>
                    <modifier type="SPEED" value="2.0" modifiedValue="1.0"/>
                    <modifier type="SPEED" value="40.0" modifiedValue="1.0"/>
                </volume>
                <lowpassCutoffFrequency indoor="300" outdoor="20000" />
                <lowpassGain indoor="0.7" outdoor="1" />
            </active>
        </sounds>
    </attachable>

    <powerTakeOffs>
        <input inputAttacherJointIndices="1" inputNode="ptoInputNode" aboveAttacher="true" detachNode="ptoDetachNode"/>
        <sounds>
            <turnedOn template="tractorPTO" volumeScale="0.7" linkNode="attacherJoint"/>
        </sounds>
    </powerTakeOffs>

    <connectionHoses>
        <hose inputAttacherJointIndices="1" type="hydraulicIn" adapterNode="hydraulicIn01_detached" node="hydraulicIn01"  length="1.7" diameter="0.018">
            <objectChange node="hydraulicIn01_detached" visibilityActive="false" visibilityInactive="true"/>
        </hose>
        <hose inputAttacherJointIndices="1" type="hydraulicOut" adapterNode="hydraulicOut01_detached" node="hydraulicOut01" length="1.7" diameter="0.018">
            <objectChange node="hydraulicOut01_detached" visibilityActive="false" visibilityInactive="true"/>
        </hose>

        <hose inputAttacherJointIndices="1" type="hydraulicIn" adapterNode="hydraulicIn02_detached" node="hydraulicIn02"  length="1.7" diameter="0.018">
            <objectChange node="hydraulicIn02_detached" visibilityActive="false" visibilityInactive="true"/>
        </hose>
        <hose inputAttacherJointIndices="1" type="hydraulicOut" adapterNode="hydraulicOut02_detached" node="hydraulicOut02" length="1.7" diameter="0.018">
            <objectChange node="hydraulicOut02_detached" visibilityActive="false" visibilityInactive="true"/>
        </hose>

        <hose inputAttacherJointIndices="1" type="airDoubleRed" adapterNode="airIn_detached" node="airIn" length="1.7" diameter="0.018">
            <objectChange node="airIn_detached" visibilityActive="false" visibilityInactive="true" />
        </hose>
        <hose inputAttacherJointIndices="1" type="airDoubleYellow" adapterNode="airOut_detached" node="airOut" length="1.7" diameter="0.018">
            <objectChange node="airOut_detached" visibilityActive="false" visibilityInactive="true" />
        </hose>
        <hose inputAttacherJointIndices="1" type="electric" adapterNode="electricIn01_detached" node="electricIn01"  length="1.7" diameter="0.018">
            <objectChange node="electricIn01_detached" visibilityActive="false" visibilityInactive="true"/>
        </hose>
        <sounds>
            <connect    type="airDoubleRed" template="hydraulicHosesAttach" volumeScale="0.7" linkNode="attacherJoint"/>
            <connect    type="electric"     template="generalConnection"    volumeScale="0.7" linkNode="attacherJoint"/>
            <disconnect type="airDoubleRed" template="hydraulicHosesDetach" volumeScale="0.7" linkNode="attacherJoint"/>
            <disconnect type="electric"     template="generalConnection"    volumeScale="0.7" linkNode="attacherJoint"/>
        </sounds>
    </connectionHoses>

    <dynamicallyLoadedParts>
        <dynamicallyLoadedPart node="0" linkNode="chockSupport" filename="$data/shared/assets/wheelChocks/wheelChockSupport01.i3d"/>
        <dynamicallyLoadedPart node="0" linkNode="chockSupport1" filename="$data/shared/assets/wheelChocks/wheelChockSupport01.i3d"/>
    </dynamicallyLoadedParts>

    <lights>
        <sharedLight linkNode="workingLight01" filename="$data/shared/assets/lights/lizard/workingLight01.xml" />
        <sharedLight linkNode="sideMarker03_left" filename="$data/shared/assets/lights/lizard/sideMarker03_left.xml" />
        <sharedLight linkNode="sideMarker03_right" filename="$data/shared/assets/lights/lizard/sideMarker03_right.xml" />
        <sharedLight linkNode="rearLight13_left" filename="$data/shared/assets/lights/lizard/rearLight13_left.xml" />
        <sharedLight linkNode="rearLight13_right" filename="$data/shared/assets/lights/lizard/rearLight13_right.xml" />
        <sharedLight linkNode="plateNumberLight01" filename="$data/shared/assets/lights/lizard/plateNumberLight02.xml" />
        <sharedLight linkNode="sideMarker05Orange_01" filename="$data/shared/assets/lights/lizard/sideMarker05Orange.xml" />
        <sharedLight linkNode="sideMarker05Orange_02" filename="$data/shared/assets/lights/lizard/sideMarker05Orange.xml" />
        <sharedLight linkNode="sideMarker05Orange_03" filename="$data/shared/assets/lights/lizard/sideMarker05Orange.xml" />
        <sharedLight linkNode="sideMarker05Orange_04" filename="$data/shared/assets/lights/lizard/sideMarker05Orange.xml" />
        <sharedLight linkNode="sideMarker05Orange_05" filename="$data/shared/assets/lights/lizard/sideMarker05Orange.xml" />
        <sharedLight linkNode="sideMarker05Orange_06" filename="$data/shared/assets/lights/lizard/sideMarker05Orange.xml" />
        <sharedLight linkNode="sideMarker05Orange_07" filename="$data/shared/assets/lights/lizard/sideMarker05Orange.xml" />
        <sharedLight linkNode="sideMarker05Orange_08" filename="$data/shared/assets/lights/lizard/sideMarker05Orange.xml" />
        <sharedLight linkNode="sideMarker05Orange_09" filename="$data/shared/assets/lights/lizard/sideMarker05Orange.xml" />
        <sharedLight linkNode="sideMarker05Orange_10" filename="$data/shared/assets/lights/lizard/sideMarker05Orange.xml" />
        <sharedLight linkNode="sideMarker05Orange_11" filename="$data/shared/assets/lights/lizard/sideMarker05Orange.xml" />


        <realLights>
            <high>
                <light node="backLightsHigh1" lightTypes="0" />
                <light node="licensePlateLightHigh" lightTypes="0" />
                <brakeLight node="backLightsHigh1" />
                <turnLightLeft node="turnLightLeftBack" />
                <turnLightRight node="turnLightRightBack" />
            </high>
        </realLights>
    </lights>

    <licensePlates>
        <licensePlate node="licensePlateNodeBack"  position="BACK" preferedType="ELONGATED" placementArea="0.07 0.28 0.06 0.31"/>
    </licensePlates>

    <animations>
        <animation name="foldPipe">
            <part node="augerArm01"   startTime="0" endTime="6" startRot="0 0 0" endRot="0 0 0" />
            <part node="augerArm02"   startTime="0" endTime="6" startRot="0 0 0" endRot="0 0 -176" />
            <part node="augerArm03"   startTime="0" endTime="6" startRot="0 0 0" endRot="0 0 90" />
            <part node="augerArm03Rot"   startTime="0" endTime="6" startRot="0 0 0" endRot="0 0 0" />
            <part node="augerArm03PartRef"  startTime="0" endTime="6" startTrans="-0.227 0.263 -0.318" endTrans="-0.211 0.978 -0.318" />

            <sound template="hydraulicOpen05"  startTime="0.01" endTime="7.9"  direction="0"     pitchScale="1.4" volumeScale="1" fadeIn="0.1" fadeOut="0.1" linkNode="augerArm02"/>
            <sound template="cylinderPunch"          startTime="0.02" direction="-1" pitchScale="1.1" volumeScale="1.1" linkNode="augerArm02"/>
            <sound template="clackVar1"              startTime="0.1"  direction="-1" volumeScale="0.7" linkNode="augerArm02"/>
            <sound template="clackVar4"              startTime="0.01" direction="1"  pitchScale="0.4" volumeScale="3.0" fadeIn="0.2" linkNode="augerArm02"/>
            <sound template="clackVar4"              startTime="5.99" direction="-1" pitchScale="0.4" volumeScale="3.0" fadeIn="0.2" linkNode="augerArm02"/>
            <sound template="cylinderPunch"          startTime="5.99" direction="1"  pitchScale="1.3" volumeScale="1.1" linkNode="augerArm02"/>
            <sound template="clackVar1"              startTime="5.7"  direction="1"  pitchScale="0.8" volumeScale="0.8" linkNode="augerArm02"/>
            <sound template="latchSmall"             startTime="5.6"  direction="1"  pitchScale="0.4" volumeScale="0.3" linkNode="augerArm02"/>
            <sound template="hingeMedium"            startTime="1.8"  direction="1"  pitchScale="0.3" volumeScale="2.5" linkNode="augerArm02"/>
        </animation>

        <animation name="raycastNodeAnim">
            <part node="pipeRaycastNode"   startTime="0" endTime="1" startRot="0 0 30" endRot="0 0 -40" />
            <part node="augerArm03PartRef" startTime="0" endTime="1" startTrans="-0.227 0.263 -0.318" endTrans="-0.211 0.978 -0.318" />
        </animation>

        <animation name="moveSupport">
            <part node="supportArm"        startTime="0.00" endTime="0.75" startRot="0 0 0" endRot="-90 0 0" />
            <part node="supportCollision"  startTime="0.00" endTime="0.75" startTrans="0 0.6 0" endTrans="0 -0.05 0" />

            <sound template="hydraulicOpen02" startTime="0.01" endTime="0.74" volumeScale="1"   pitchScale="0.8" linkNode="supportArm" fadeIn="0.1" fadeOut="0.1"/>
            <sound template="metalClose"      startTime="0.01" direction="-1" volumeScale="0.5" pitchScale="2.8" linkNode="supportArm"/>
            <sound template="hingeImp"        startTime="0.01" direction="-1" volumeScale="0.7" pitchScale="1.2" linkNode="supportArm"/>
            <sound template="vibratingImp"    startTime="0.01" direction="-1" volumeScale="0.4" pitchScale="1.2" linkNode="supportArm"/>
            <sound template="metalClose"      startTime="0.7"  direction="1"  volumeScale="0.7" pitchScale="2.8" linkNode="supportArm"/>
            <sound template="clackVar1"       startTime="0.1"  direction="1"  volumeScale="1.3" pitchScale="1.8" linkNode="supportArm"/>
            <sound template="clackVar1"       startTime="0.7"  direction="-1" volumeScale="1.3" pitchScale="1.8" linkNode="supportArm"/>
        </animation>

        <animation name="toggleCover">
            <part node="covers_closed_lod" startTime="0"    endTime="0.05" visibility="true" />
            <part node="covers_closed_lod" startTime="0.05" endTime="0.1"  visibility="false" />
            <part node="covers_opened_lod" startTime="0"    endTime="0.05" visibility="false" />
            <part node="covers_opened_lod" startTime="0.05" endTime="0.1"  visibility="true" />

            <sound template="fabricCover2" startTime="0.01" direction="1"  volumeScale="1.4" pitchScale="1.5"/>
            <sound template="fabricCover1" startTime="0.05" direction="-1" volumeScale="1.4" pitchScale="1.8"/>
        </animation>
    </animations>

    <cylindered>
        <movingTools>
            <movingTool node="augerArm01" freezingPipeStates="1">
                <controls axis="AXIS_PIPE" invertAxis="true" mouseSpeedFactor="0.2" iconName="PIPE_ROTATE_X" />
                <rotation rotSpeed="10" rotAcceleration="200" rotMax="0" rotMin="-35" startRot="0" rotationAxis="3"/>
                <dependentPart node="augerArm01Hydraulic" />
                <powerTakeOffs indices="1"/>
            </movingTool>
            <movingTool node="augerArm03Rot" freezingPipeStates="1">
                <controls axis="AXIS_PIPE2" invertAxis="false" mouseSpeedFactor="0.2" iconName="PIPE_END_ROTATE" />
                <rotation rotSpeed="25" rotAcceleration="200" rotMin="-45" rotMax="0" startRot="0" rotationAxis="3"/>
                <dependentAnimation name="raycastNodeAnim" rotationAxis="3" minValue="-90" maxValue="0"/>
                <dependentPart node="augerArm03Part" />
                <dependentPart node="augerArm03Hydraulic" />
            </movingTool>
            <movingTool node="augerArm02" playSound="true" >
                <dependentPart node="augerArm02Arm01" />
            </movingTool>
            <movingTool node="augerArm03" playSound="true" >
                <dependentPart node="augerArm03Part" />
                <dependentPart node="augerArm03Hydraulic" />
            </movingTool>
        </movingTools>

        <movingParts>
            <movingPart node="augerArm03Part" referencePoint="augerArm03PartRef" referenceFrame="augerArm03PartRef" limitedAxis="1" isActiveDirty="true" maxUpdateDistance="40"/>
            <movingPart node="steeringBarBackLeft" referencePoint="steeringBarBackLeftRef" referenceFrame="steeringBarBackLeftRef" isActiveDirty="true" maxUpdateDistance="40" scaleZ="true"/>
            <movingPart node="steeringBarBackRight" referencePoint="steeringBarBackRightRef" referenceFrame="steeringBarBackRightRef" isActiveDirty="true" maxUpdateDistance="40" scaleZ="true"/>
            <movingPart node="steeringBarDamper" referencePoint="steeringBarDamperRef" referenceFrame="steeringBarDamperRef" isActiveDirty="true" maxUpdateDistance="40">
                <translatingPart node="steeringBarDamperPunch" />
            </movingPart>
            <movingPart node="augerArm02Arm01" localReferencePoint="augerArm02Arm02" referencePoint="augerArm02Arm02Ref" referenceFrame="augerArm02Arm01RefFrame">
                <dependentPart node="augerArm02Arm02" />
                <dependentPart node="augerArm02Hydraulic" />
            </movingPart>
            <movingPart node="augerArm02Arm02" referencePoint="augerArm02Arm02Ref" referenceFrame="augerArm02Arm02RefFrame"/>
            <movingPart node="augerArm02Hydraulic" referencePoint="augerArm02HydraulicRef" referenceFrame="augerArm02HydraulicRefFrame">
                <translatingPart node="augerArm02HydraulicPunch" />
            </movingPart>
            <movingPart node="augerArm03Hydraulic" referencePoint="augerArm03HydraulicRef" referenceFrame="augerArm03HydraulicRefFrame">
                <translatingPart node="augerArm03HydraulicPunch" />
            </movingPart>
            <movingPart node="augerArm01Hydraulic" referencePoint="augerArm01HydraulicRef" referenceFrame="augerArm01HydraulicRef">
                <translatingPart node="augerArm01HydraulicPunch" />
            </movingPart>
        </movingParts>

        <sounds>
            <actionSound template="hydraulicOpen03"  pitchScale="0.5" volumeScale="0.8" linkNode="augerArm01Hydraulic" actionNames="TRANSLATING_POS TRANSLATING_NEG" nodes="augerArm01Hydraulic" fadeIn="0.1" fadeOut="0.05"/>
            <actionSound template="hydraulicClose01" pitchScale="2"   volumeScale="0.3" linkNode="augerArm01Hydraulic" actionNames="TRANSLATING_POS TRANSLATING_NEG" nodes="augerArm01Hydraulic" fadeIn="0.1" fadeOut="0.05"/>
            <actionSound template="hydraulicClose01" pitchScale="1.6" volumeScale="0.3" linkNode="augerArm03Hydraulic" actionNames="TRANSLATING_POS TRANSLATING_NEG" nodes="augerArm03Hydraulic" fadeIn="0.1" fadeOut="0.05"/>
            <actionSound template="clackVar4"        pitchScale="1"   volumeScale="0.2" linkNode="augerArm03Rot"       actionNames="TOOL_MOVE_END_POS_LIMIT"         nodes="augerArm03Rot"/>
            <actionSound template="sheetImp02"       pitchScale="1.7" volumeScale="0.5" linkNode="augerArm03Rot"       actionNames="TOOL_MOVE_END_POS_LIMIT"         nodes="augerArm03Rot"/>
            <actionSound template="clackVar6"        pitchScale="1"   volumeScale="0.5" linkNode="augerArm03Rot"       actionNames="TOOL_MOVE_END_POS_LIMIT"         nodes="augerArm03Rot"/>
            <actionSound template="sheetImp02"       pitchScale="1.5" volumeScale="0.5" linkNode="augerArm03Rot"       actionNames="TOOL_MOVE_END_NEG_LIMIT"         nodes="augerArm03Rot"/>
            <actionSound template="clackVar6"        pitchScale="0.8" volumeScale="0.5" linkNode="augerArm03Rot"       actionNames="TOOL_MOVE_END_NEG_LIMIT"         nodes="augerArm03Rot"/>
            <actionSound template="clackVar6"        pitchScale="0.7" volumeScale="1.3" linkNode="augerArm01"          actionNames="TOOL_MOVE_END_NEG_LIMIT"         nodes="augerArm01"/>
            <actionSound template="thudVar2"         pitchScale="1"   volumeScale="1.3" linkNode="augerArm01"          actionNames="TOOL_MOVE_END_NEG_LIMIT"         nodes="augerArm01"/>
            <actionSound template="cylinderPunch"    pitchScale="1.6" volumeScale="0.4" linkNode="augerArm01"          actionNames="TOOL_MOVE_END_NEG_LIMIT"         nodes="augerArm01"/>
            <actionSound template="clackVar6"        pitchScale="0.8" volumeScale="1.3" linkNode="augerArm01"          actionNames="TOOL_MOVE_END_POS_LIMIT"         nodes="augerArm01"/>
            <actionSound template="sheetImp02"       pitchScale="0.6" volumeScale="2"   linkNode="augerArm01"          actionNames="TOOL_MOVE_END_POS_LIMIT"         nodes="augerArm01"/>
            <actionSound template="cylinderPunch"    pitchScale="1.6" volumeScale="0.4" linkNode="augerArm01"          actionNames="TOOL_MOVE_END_POS_LIMIT"         nodes="augerArm01"/>
        </sounds>
    </cylindered>

    <fillUnit>
        <fillUnitConfigurations>
            <fillUnitConfiguration>
                <fillUnits>
                    <fillUnit shopDisplayUnit="CUBICMETER" fillTypeCategories="AUGERWAGON" capacity="66000" >
                        <exactFillRootNode node="exactFillRootNode" />
                    </fillUnit>
                </fillUnits>
            </fillUnitConfiguration>
        </fillUnitConfigurations>
    </fillUnit>

    <fillVolume>
        <fillVolumeConfigurations>
            <fillVolumeConfiguration>
                <volumes>
                    <volume node="fillVolume" maxDelta="0.2" fillUnitIndex="1" />
                </volumes>
            </fillVolumeConfiguration>
        </fillVolumeConfigurations>

        <unloadInfos>
            <unloadInfo>
                <node node="unloadInfo" width="0.3" length="0.3" />
            </unloadInfo>
        </unloadInfos>
    </fillVolume>

    <pipe dischargeNodeIndex="1">
        <states num="2" unloading="2" />
        <animation name="foldPipe" speedScale="1" />
        <unloadingTriggers>
            <unloadingTrigger node="trailerTrigger" />
        </unloadingTriggers>

        <animationNodes>
            <animationNode node="augerArm02Auger" rotSpeed="-500" rotAxis="3" turnOnFadeTime="2" turnOffFadeTime="2" />
        </animationNodes>
    </pipe>

    <dischargeable>
        <dischargeNode node="pipeRaycastNode" emptySpeed="1000" fillUnitIndex="1" unloadInfoIndex="1" maxDistance="8">
            <info width="0.3" length="0.3" useRaycastHitPosition="true"/>

            <effects>
                <effectNode effectClass="PipeEffect" effectNode="pipeEffect"      materialType="pipe" delay="0" maxBending="0.9" positionUpdateNodes="pipeEffectSmoke" extraDistance="0.7"/>
                <effectNode                          effectNode="pipeEffectSmoke" materialType="unloadingSmoke"  delay="0.1" alignToWorldY="true"/>
            </effects>

            <dischargeStateSound template="augerBelt" pitchScale="0.65" volumeScale="1.1" fadeIn="0.5" fadeOut="2.7"/>
        </dischargeNode>
    </dischargeable>

    <cover>
        <coverConfigurations>
            <coverConfiguration >
                <cover openAnimation="toggleCover" fillUnitIndices="1" />
            </coverConfiguration>
        </coverConfigurations>
    </cover>

    <ai>
        <allowTurnBackward value="false"/>
        <agentAttachment jointNode="attacherJoint" rotCenterWheelIndices="1 2 3 4" useSize="true"/>
    </ai>

    <foliageBending>
        <bendingNode wheelIndices="1 2 3 4" minZ="-3.8" maxZ="1.0" yOffset="0.6" />
        <bendingNode minX="-1.0" maxX="1.0" minZ="1.0" maxZ="4.0" yOffset="0.5" />
        <bendingNode minX="-0.5" maxX="0.5" minZ="4" maxZ="5.6" yOffset="0.5" />
    </foliageBending>

    <tipOccluder>
        <occlusionArea start="occlusionAreaStart" width="occlusionAreaWidth" height="occlusionAreaHeight"/>
    </tipOccluder>

    <wearable wearDuration="480" workMultiplier="5" fieldMultiplier="2"/>
    <washable dirtDuration="90" washDuration="1" workMultiplier="3" fieldMultiplier="2"/>

    <i3dMappings>
        <i3dMapping id="gtw330_main_component1" node="0>" />
        <i3dMapping id="attacherJoint" node="0>0|0|0" />
        <i3dMapping id="supportArm" node="0>0|0|1|0" />
        <i3dMapping id="supportCollision" node="0>0|0|1|1" />
        <i3dMapping id="ptoDetachNode" node="0>0|0|2" />
        <i3dMapping id="electricIn01_detached" node="0>0|0|3|0" />
        <i3dMapping id="hydraulicIn01_detached" node="0>0|0|3|1" />
        <i3dMapping id="hydraulicOut01_detached" node="0>0|0|3|2" />
        <i3dMapping id="hydraulicIn02_detached" node="0>0|0|3|3" />
        <i3dMapping id="hydraulicOut02_detached" node="0>0|0|3|4" />
        <i3dMapping id="airIn_detached" node="0>0|0|3|5" />
        <i3dMapping id="airOut_detached" node="0>0|0|3|6" />
        <i3dMapping id="hydraulicIn01" node="0>0|0|3|7" />
        <i3dMapping id="hydraulicOut01" node="0>0|0|3|8" />
        <i3dMapping id="hydraulicIn02" node="0>0|0|3|9" />
        <i3dMapping id="hydraulicOut02" node="0>0|0|3|10" />
        <i3dMapping id="airIn" node="0>0|0|3|11" />
        <i3dMapping id="airOut" node="0>0|0|3|12" />
        <i3dMapping id="electricIn01" node="0>0|0|3|13" />
        <i3dMapping id="wheelFrontLeft" node="0>0|1|0" />
        <i3dMapping id="wheelFrontRight" node="0>0|1|1" />
        <i3dMapping id="axisBackLeft" node="0>0|1|2" />
        <i3dMapping id="wheelBackLeft" node="0>0|1|2|0" />
        <i3dMapping id="steeringBarBackLeft" node="0>0|1|2|1" />
        <i3dMapping id="axisBackRight" node="0>0|1|3" />
        <i3dMapping id="wheelBackRight" node="0>0|1|3|0" />
        <i3dMapping id="steeringBarBackRight" node="0>0|1|3|1" />
        <i3dMapping id="steeringBarDamperRef" node="0>0|1|3|1|0" />
        <i3dMapping id="chockSupport" node="0>0|1|4|0" />
        <i3dMapping id="wheelChock01" node="0>0|1|4|1" />
        <i3dMapping id="chockSupport1" node="0>0|1|4|2" />
        <i3dMapping id="wheelChock02" node="0>0|1|4|3" />
        <i3dMapping id="rearLight13_left" node="0>0|2|0|0" />
        <i3dMapping id="rearLight13_right" node="0>0|2|0|1" />
        <i3dMapping id="plateNumberLight01" node="0>0|2|0|2" />
        <i3dMapping id="sideMarker05Orange_01" node="0>0|2|0|3" />
        <i3dMapping id="sideMarker05Orange_02" node="0>0|2|0|4" />
        <i3dMapping id="sideMarker05Orange_03" node="0>0|2|0|5" />
        <i3dMapping id="sideMarker05Orange_04" node="0>0|2|0|6" />
        <i3dMapping id="sideMarker05Orange_05" node="0>0|2|0|7" />
        <i3dMapping id="sideMarker05Orange_06" node="0>0|2|0|8" />
        <i3dMapping id="sideMarker05Orange_07" node="0>0|2|0|9" />
        <i3dMapping id="sideMarker05Orange_08" node="0>0|2|0|10" />
        <i3dMapping id="sideMarker05Orange_09" node="0>0|2|0|11" />
        <i3dMapping id="sideMarker05Orange_10" node="0>0|2|0|12" />
        <i3dMapping id="sideMarker05Orange_11" node="0>0|2|0|13" />
        <i3dMapping id="sideMarker03_left" node="0>0|2|0|14" />
        <i3dMapping id="sideMarker03_right" node="0>0|2|0|15" />
        <i3dMapping id="backLightsHigh1" node="0>0|2|1|0" />
        <i3dMapping id="licensePlateLightHigh" node="0>0|2|1|1" />
        <i3dMapping id="turnLightLeftBack" node="0>0|2|2|0" />
        <i3dMapping id="turnLightRightBack" node="0>0|2|2|1" />
        <i3dMapping id="augerArm01" node="0>0|3|0" />
        <i3dMapping id="augerArm01HydraulicRef" node="0>0|3|0|0" />
        <i3dMapping id="augerArm02" node="0>0|3|0|1" />
        <i3dMapping id="augerArm02Auger" node="0>0|3|0|1|0|0" />
        <i3dMapping id="augerArm03Rot" node="0>0|3|0|1|1" />
        <i3dMapping id="augerArm03" node="0>0|3|0|1|1|0" />
        <i3dMapping id="augerArm03HydraulicRef" node="0>0|3|0|1|1|0|0" />
        <i3dMapping id="pipeRaycastNode" node="0>0|3|0|1|1|0|1|0" />
        <i3dMapping id="augerArm03PartRef" node="0>0|3|0|1|1|0|4" />
        <i3dMapping id="pipeEffect" node="0>0|3|0|1|1|0|5|0" />
        <i3dMapping id="pipeEffectSmoke" node="0>0|3|0|1|1|0|5|1" />
        <i3dMapping id="workingLight01" node="0>0|3|0|1|1|0|8" />
        <i3dMapping id="augerArm03HydraulicRefFrame" node="0>0|3|0|1|2" />
        <i3dMapping id="augerArm03Hydraulic" node="0>0|3|0|1|3" />
        <i3dMapping id="augerArm03HydraulicPunch" node="0>0|3|0|1|3|0" />
        <i3dMapping id="augerArm03Part" node="0>0|3|0|1|4|0" />
        <i3dMapping id="augerArm02Arm02Ref" node="0>0|3|0|1|5" />
        <i3dMapping id="augerArm02Arm01RefFrame" node="0>0|3|0|1|6" />
        <i3dMapping id="augerArm02Arm01" node="0>0|3|0|2" />
        <i3dMapping id="augerArm02Arm02" node="0>0|3|0|2|0" />
        <i3dMapping id="augerArm02HydraulicRef" node="0>0|3|0|2|0|0" />
        <i3dMapping id="augerArm02Hydraulic" node="0>0|3|0|3" />
        <i3dMapping id="augerArm02HydraulicPunch" node="0>0|3|0|3|0" />
        <i3dMapping id="augerArm02Arm02RefFrame" node="0>0|3|0|4" />
        <i3dMapping id="augerArm02HydraulicRefFrame" node="0>0|3|0|5" />
        <i3dMapping id="ptoInputNode" node="0>0|3|0|6" />
        <i3dMapping id="augerArm01Hydraulic" node="0>0|3|1" />
        <i3dMapping id="augerArm01HydraulicPunch" node="0>0|3|1|0" />
        <i3dMapping id="steeringBar" node="0>0|3|2" />
        <i3dMapping id="steeringBarBackLeftRef" node="0>0|3|2|0" />
        <i3dMapping id="steeringBarBackRightRef" node="0>0|3|2|1" />
        <i3dMapping id="steeringBarDamper" node="0>0|3|3" />
        <i3dMapping id="steeringBarDamperPunch" node="0>0|3|3|0" />
        <i3dMapping id="covers_closed_lod" node="0>0|4|0" />
        <i3dMapping id="covers_opened_lod" node="0>0|4|1" />
        <i3dMapping id="trailerTrigger" node="0>0|5|0" />
        <i3dMapping id="unloadInfo" node="0>0|5|1" />
        <i3dMapping id="fillVolume" node="0>0|5|2" />
        <i3dMapping id="exactFillRootNode" node="0>0|5|3" />
        <i3dMapping id="licensePlateNodeBack" node="0>0|6" />
        <i3dMapping id="occlusionAreaStart" node="0>0|7|0" />
        <i3dMapping id="occlusionAreaWidth" node="0>0|7|1" />
        <i3dMapping id="occlusionAreaHeight" node="0>0|7|2" />
        <i3dMapping id="gtw330_lod0" node="0>0|8|0|0" />
        <i3dMapping id="gtw330Moving_lod0" node="0>0|8|1|0" />
    </i3dMappings>
</vehicle>
