﻿<?xml version="1.0" encoding="utf-8" standalone="no" ?>
<vehicle type="fertilizingSowingMachine" xmlns:xsi="http://www.w3.org/2001/XMLSchema-instance" xsi:noNamespaceSchemaLocation="../../../../shared/xml/schema/vehicle.xsd">
    <annotation>Copyright (C) GIANTS Software GmbH, All Rights Reserved.</annotation>

    <storeData>
        <name>MAXIMA 3 TI L</name>
        <specs>
            <neededPower>150</neededPower>
            <workingWidth>6.0</workingWidth>
            <combination filterCategory="weights" filterSpec="weight" filterSpecMin="800" filterSpecMax="900"/>
            <combination xmlFilename="$data/vehicles/kuhn/tf1512/tf1512.xml"/>
        </specs>
        <functions>
            <function>$l10n_function_planter</function>
        </functions>
        <image>$data/vehicles/kuhn/maxima3TIL/store_maxima3TIL.png</image>
        <price>59000</price>
        <lifetime>600</lifetime>
        <rotation>0</rotation>
        <brand>KUHN</brand>
        <category>planters</category>
        <shopHeight>3.5</shopHeight>
        <shopTranslationOffset>0 -0.008 0</shopTranslationOffset>
        <shopRotationOffset>-1.308 0 0</shopRotationOffset>
        <vertexBufferMemoryUsage>3068160</vertexBufferMemoryUsage>
        <indexBufferMemoryUsage>1125632</indexBufferMemoryUsage>
        <textureMemoryUsage>655360</textureMemoryUsage>
        <instanceVertexBufferMemoryUsage>0</instanceVertexBufferMemoryUsage>
        <instanceIndexBufferMemoryUsage>0</instanceIndexBufferMemoryUsage>
        <audioMemoryUsage>0</audioMemoryUsage>
    </storeData>

    <base>
        <typeDesc>$l10n_typeDesc_sowingMachine</typeDesc>
        <filename>$data/vehicles/kuhn/maxima3TIL/maxima3TIL.i3d</filename>
        <size width="3.25" length="2.5" height="2.85" lengthOffset="-0.2"/>
        <speedLimit value="10"/>
        <components>
            <component centerOfMass="0 0.5 0.2" solverIterationCount="20" mass="2540"/>
        </components>
        <schemaOverlay attacherJointPosition="0 0" name="IMPLEMENT"/>
        <mapHotspot type="TOOL"/>
    </base>

    <wheels>
        <wheelConfigurations>
            <wheelConfiguration name="$l10n_configuration_valueDefault" price="0" brand="BKT" saveId="BKT_DEFAULT">
                <wheels>
                    <wheel>
                        <physics restLoad="0.2" repr="wheel01" radius="0.1" width="0.1" mass="0.06" initialCompression="10" suspTravel="0.3" spring="5" damper="3" brakeFactor="0" yOffset="-0.15"/>
                    </wheel>
                    <wheel>
                        <physics restLoad="0.2" repr="wheel02" radius="0.1" width="0.1" mass="0.06" initialCompression="10" suspTravel="0.3" spring="5" damper="3" brakeFactor="0" yOffset="-0.15"/>
                    </wheel>
                    <wheel>
                        <physics restLoad="0.2" repr="wheel03" radius="0.1" width="0.1" mass="0.06" initialCompression="10" suspTravel="0.3" spring="5" damper="3" brakeFactor="0" yOffset="-0.15"/>
                    </wheel>
                    <wheel>
                        <physics restLoad="0.2" repr="wheel04" radius="0.1" width="0.1" mass="0.06" initialCompression="10" suspTravel="0.3" spring="5" damper="3" brakeFactor="0" yOffset="-0.15"/>
                    </wheel>
                    <wheel>
                        <physics restLoad="0.2" repr="wheel05" radius="0.1" width="0.1" mass="0.06" initialCompression="10" suspTravel="0.3" spring="5" damper="3" brakeFactor="0" yOffset="-0.15"/>
                    </wheel>
                    <wheel>
                        <physics restLoad="0.2" repr="wheel06" radius="0.1" width="0.1" mass="0.06" initialCompression="10" suspTravel="0.3" spring="5" damper="3" brakeFactor="0" yOffset="-0.15"/>
                    </wheel>
                    <wheel>
                        <physics restLoad="0.2" repr="wheel07" radius="0.1" width="0.1" mass="0.06" initialCompression="10" suspTravel="0.3" spring="5" damper="3" brakeFactor="0" yOffset="-0.15"/>
                    </wheel>
                    <wheel>
                        <physics restLoad="0.2" repr="wheel08" radius="0.1" width="0.1" mass="0.06" initialCompression="10" suspTravel="0.3" spring="5" damper="3" brakeFactor="0" yOffset="-0.15"/>
                    </wheel>

                    <wheel filename="$data/shared/wheels/tires/bkt/AS504/7_0__12.xml" isLeft="true">
                        <physics tipOcclusionAreaGroupId="1" restLoad="0.2" repr="frameWheelLeft01"  forcePointRatio="0.3" initialCompression="50" suspTravel="0.1" spring="10" damper="30"/>
                    </wheel>
                    <wheel filename="$data/shared/wheels/tires/bkt/AS504/7_0__12.xml" isLeft="false">
                        <physics tipOcclusionAreaGroupId="1" restLoad="0.2" repr="frameWheelLeft02"  forcePointRatio="0.3" initialCompression="50" suspTravel="0.1" spring="10" damper="30"/>
                    </wheel>
                    <wheel filename="$data/shared/wheels/tires/bkt/AS504/7_0__12.xml" isLeft="true">
                        <physics tipOcclusionAreaGroupId="1" restLoad="0.2" repr="frameWheelRight01" forcePointRatio="0.3" initialCompression="50" suspTravel="0.1" spring="10" damper="30"/>
                    </wheel>
                    <wheel filename="$data/shared/wheels/tires/bkt/AS504/7_0__12.xml" isLeft="false">
                        <physics tipOcclusionAreaGroupId="1" restLoad="0.2" repr="frameWheelRight02" forcePointRatio="0.3" initialCompression="50" suspTravel="0.1" spring="10" damper="30"/>
                    </wheel>
                </wheels>
            </wheelConfiguration>
        </wheelConfigurations>

        <hubMaterial materialTemplateName="KUHN_RED1"/>

        <hubs>
            <hub linkNode="frameWheelLeft01"  filename="$data/shared/wheels/hubs/hub_n6_1.xml" isLeft="true"  scale="0.08 0.12 0.12" offset="0.009"/>
            <hub linkNode="frameWheelLeft02"  filename="$data/shared/wheels/hubs/hub_n6_1.xml" isLeft="false" scale="0.08 0.12 0.12" offset="0.009"/>
            <hub linkNode="frameWheelRight01" filename="$data/shared/wheels/hubs/hub_n6_1.xml" isLeft="true"  scale="0.08 0.12 0.12" offset="0.009"/>
            <hub linkNode="frameWheelRight02" filename="$data/shared/wheels/hubs/hub_n6_1.xml" isLeft="false" scale="0.08 0.12 0.12" offset="0.009"/>
        </hubs>
    </wheels>

    <attachable>
        <inputAttacherJoints>
            <inputAttacherJoint node="attacherJoint" topReferenceNode="topReferenceNode" jointType="implement" upperRotationOffset="15" lowerRotationOffset="-10" lowerRotLimitScale="0 0 0.2" lowerTransLimitScale="0 1 0">
                <distanceToGround lower="0.55" upper="0.95"/>
                <bottomArm categories="3" ballType="1"/>
            </inputAttacherJoint>
        </inputAttacherJoints>
        <support animationName="moveSupport"/>
    </attachable>

    <connectionHoses>
        <hose inputAttacherJointIndices="1" type="hydraulicIn"  node="hydraulicIn01"  length="1.4" diameter="0.02" straighteningFactor="1" minDeltaY="0.15" minCenterPointOffset="0.05 0 0" maxCenterPointOffset="0.05 0 0" adapterNode="hydraulicIn01_detachedAdapter">
           <objectChange node="hydraulicIn01_detached" visibilityActive="false" visibilityInactive="true"/>
        </hose>
        <hose inputAttacherJointIndices="1" type="hydraulicOut" node="hydraulicOut01" length="1.4" diameter="0.02" straighteningFactor="1" minDeltaY="0.15" minCenterPointOffset="0.05 0 0" maxCenterPointOffset="0.05 0 0" adapterNode="hydraulicOut01_detachedAdapter">
            <objectChange node="hydraulicOut01_detached" visibilityActive="false" visibilityInactive="true"/>
        </hose>
        <hose inputAttacherJointIndices="1" type="hydraulicIn"  node="hydraulicIn02"  length="1.4" diameter="0.02" straighteningFactor="1" minDeltaY="0.15" minCenterPointOffset="0.05 0 0" maxCenterPointOffset="0.05 0 0" adapterNode="hydraulicIn02_detachedAdapter">
           <objectChange node="hydraulicIn02_detached" visibilityActive="false" visibilityInactive="true"/>
        </hose>
        <hose inputAttacherJointIndices="1" type="hydraulicOut" node="hydraulicOut02" length="1.4" diameter="0.02" straighteningFactor="1" minDeltaY="0.15" minCenterPointOffset="0.05 0 0" maxCenterPointOffset="0.05 0 0" adapterNode="hydraulicOut02_detachedAdapter">
            <objectChange node="hydraulicOut02_detached" visibilityActive="false" visibilityInactive="true"/>
        </hose>
        <hose inputAttacherJointIndices="1" type="electric" node="electric" adapterNode="electric_detached" length="1.4" diameter="0.02" straighteningFactor="1" minDeltaY="0.15" minCenterPointOffset="0.05 0 0" maxCenterPointOffset="0.05 0 0">
            <objectChange node="electric_detached" visibilityActive="false" visibilityInactive="true"/>
        </hose>
        <hose inputAttacherJointIndices="1" type="TOOL_CONNECTOR_TOP_RIGHT" node="topRightPipe" length="2.5" diameter="0.14" isTwoPointHose="true" straighteningFactor="3"/>
    </connectionHoses>

    <powerTakeOffs>
        <input inputAttacherJointIndices="1" detachNode="ptoDetachedNode" inputNode="ptoInputNode" aboveAttacher="true" materialTemplateName="SHARED_BLACK1" decalMaterialTemplateName="WALTERSCHEID_YELLOW1">
            <objectChange node="ptoHolder" rotationActive="0 0 180" rotationInactive="0 0 0"/>
        </input>
    </powerTakeOffs>

    <powerConsumer forceNode="maxima3TIL_main_component1" maxForce="17" ptoRpm="400" neededMaxPtoPower="10"/>

    <speedRotatingParts>
        <speedRotatingPart node="ridgeMarkerLeftDisc" radius="-0.17" groundReferenceNodeIndex="2" ridgeMarkerAnim="ridgeMarkerLeft"/>
        <speedRotatingPart node="ridgeMarkerRightDisc" radius="0.17" groundReferenceNodeIndex="3" ridgeMarkerAnim="ridgeMarkerRight"/>
        <speedRotatingPart node="disc01" radius="0.19" groundReferenceNodeIndex="1"/>
        <speedRotatingPart node="disc02" radius="0.19" groundReferenceNodeIndex="1"/>
        <speedRotatingPart node="disc03" radius="0.15" groundReferenceNodeIndex="1"/>
        <speedRotatingPart node="disc04" radius="0.15" groundReferenceNodeIndex="1"/>
        <speedRotatingPart node="disc05" radius="0.20" groundReferenceNodeIndex="1"/>
        <speedRotatingPart node="disc06" radius="0.20" groundReferenceNodeIndex="1"/>
        <speedRotatingPart node="disc07" radius="0.20" groundReferenceNodeIndex="1"/>
        <speedRotatingPart node="disc08" radius="0.20" groundReferenceNodeIndex="1"/>
        <speedRotatingPart node="disc09" radius="0.16" groundReferenceNodeIndex="1"/>
        <speedRotatingPart node="disc10" radius="0.16" groundReferenceNodeIndex="1"/>

        <speedRotatingPart node="disc11" radius="0.19" groundReferenceNodeIndex="1"/>
        <speedRotatingPart node="disc12" radius="0.19" groundReferenceNodeIndex="1"/>
        <speedRotatingPart node="disc13" radius="0.15" groundReferenceNodeIndex="1"/>
        <speedRotatingPart node="disc14" radius="0.15" groundReferenceNodeIndex="1"/>
        <speedRotatingPart node="disc15" radius="0.20" groundReferenceNodeIndex="1"/>
        <speedRotatingPart node="disc16" radius="0.20" groundReferenceNodeIndex="1"/>
        <speedRotatingPart node="disc17" radius="0.20" groundReferenceNodeIndex="1"/>
        <speedRotatingPart node="disc18" radius="0.20" groundReferenceNodeIndex="1"/>
        <speedRotatingPart node="disc19" radius="0.16" groundReferenceNodeIndex="1"/>
        <speedRotatingPart node="disc20" radius="0.16" groundReferenceNodeIndex="1"/>

        <speedRotatingPart node="disc21" radius="0.19" groundReferenceNodeIndex="1"/>
        <speedRotatingPart node="disc22" radius="0.19" groundReferenceNodeIndex="1"/>
        <speedRotatingPart node="disc23" radius="0.15" groundReferenceNodeIndex="1"/>
        <speedRotatingPart node="disc24" radius="0.15" groundReferenceNodeIndex="1"/>
        <speedRotatingPart node="disc25" radius="0.20" groundReferenceNodeIndex="1"/>
        <speedRotatingPart node="disc26" radius="0.20" groundReferenceNodeIndex="1"/>
        <speedRotatingPart node="disc27" radius="0.20" groundReferenceNodeIndex="1"/>
        <speedRotatingPart node="disc28" radius="0.20" groundReferenceNodeIndex="1"/>
        <speedRotatingPart node="disc29" radius="0.16" groundReferenceNodeIndex="1"/>
        <speedRotatingPart node="disc30" radius="0.16" groundReferenceNodeIndex="1"/>

        <speedRotatingPart node="disc31" radius="0.19" groundReferenceNodeIndex="1"/>
        <speedRotatingPart node="disc32" radius="0.19" groundReferenceNodeIndex="1"/>
        <speedRotatingPart node="disc33" radius="0.15" groundReferenceNodeIndex="1"/>
        <speedRotatingPart node="disc34" radius="0.15" groundReferenceNodeIndex="1"/>
        <speedRotatingPart node="disc35" radius="0.20" groundReferenceNodeIndex="1"/>
        <speedRotatingPart node="disc36" radius="0.20" groundReferenceNodeIndex="1"/>
        <speedRotatingPart node="disc37" radius="0.20" groundReferenceNodeIndex="1"/>
        <speedRotatingPart node="disc38" radius="0.20" groundReferenceNodeIndex="1"/>
        <speedRotatingPart node="disc39" radius="0.16" groundReferenceNodeIndex="1"/>
        <speedRotatingPart node="disc40" radius="0.16" groundReferenceNodeIndex="1"/>

        <speedRotatingPart node="disc41" radius="0.19" groundReferenceNodeIndex="1"/>
        <speedRotatingPart node="disc42" radius="0.19" groundReferenceNodeIndex="1"/>
        <speedRotatingPart node="disc43" radius="0.15" groundReferenceNodeIndex="1"/>
        <speedRotatingPart node="disc44" radius="0.15" groundReferenceNodeIndex="1"/>
        <speedRotatingPart node="disc45" radius="0.20" groundReferenceNodeIndex="1"/>
        <speedRotatingPart node="disc46" radius="0.20" groundReferenceNodeIndex="1"/>
        <speedRotatingPart node="disc47" radius="0.20" groundReferenceNodeIndex="1"/>
        <speedRotatingPart node="disc48" radius="0.20" groundReferenceNodeIndex="1"/>
        <speedRotatingPart node="disc49" radius="0.16" groundReferenceNodeIndex="1"/>
        <speedRotatingPart node="disc50" radius="0.16" groundReferenceNodeIndex="1"/>

        <speedRotatingPart node="disc51" radius="0.19" groundReferenceNodeIndex="1"/>
        <speedRotatingPart node="disc52" radius="0.19" groundReferenceNodeIndex="1"/>
        <speedRotatingPart node="disc53" radius="0.15" groundReferenceNodeIndex="1"/>
        <speedRotatingPart node="disc54" radius="0.15" groundReferenceNodeIndex="1"/>
        <speedRotatingPart node="disc55" radius="0.20" groundReferenceNodeIndex="1"/>
        <speedRotatingPart node="disc56" radius="0.20" groundReferenceNodeIndex="1"/>
        <speedRotatingPart node="disc57" radius="0.20" groundReferenceNodeIndex="1"/>
        <speedRotatingPart node="disc58" radius="0.20" groundReferenceNodeIndex="1"/>
        <speedRotatingPart node="disc59" radius="0.16" groundReferenceNodeIndex="1"/>
        <speedRotatingPart node="disc60" radius="0.16" groundReferenceNodeIndex="1"/>

        <speedRotatingPart node="disc61" radius="0.19" groundReferenceNodeIndex="1"/>
        <speedRotatingPart node="disc62" radius="0.19" groundReferenceNodeIndex="1"/>
        <speedRotatingPart node="disc63" radius="0.15" groundReferenceNodeIndex="1"/>
        <speedRotatingPart node="disc64" radius="0.15" groundReferenceNodeIndex="1"/>
        <speedRotatingPart node="disc65" radius="0.20" groundReferenceNodeIndex="1"/>
        <speedRotatingPart node="disc66" radius="0.20" groundReferenceNodeIndex="1"/>
        <speedRotatingPart node="disc67" radius="0.20" groundReferenceNodeIndex="1"/>
        <speedRotatingPart node="disc68" radius="0.20" groundReferenceNodeIndex="1"/>
        <speedRotatingPart node="disc69" radius="0.16" groundReferenceNodeIndex="1"/>
        <speedRotatingPart node="disc70" radius="0.16" groundReferenceNodeIndex="1"/>

        <speedRotatingPart node="disc71" radius="0.19" groundReferenceNodeIndex="1"/>
        <speedRotatingPart node="disc72" radius="0.19" groundReferenceNodeIndex="1"/>
        <speedRotatingPart node="disc73" radius="0.15" groundReferenceNodeIndex="1"/>
        <speedRotatingPart node="disc74" radius="0.15" groundReferenceNodeIndex="1"/>
        <speedRotatingPart node="disc75" radius="0.20" groundReferenceNodeIndex="1"/>
        <speedRotatingPart node="disc76" radius="0.20" groundReferenceNodeIndex="1"/>
        <speedRotatingPart node="disc77" radius="0.20" groundReferenceNodeIndex="1"/>
        <speedRotatingPart node="disc78" radius="0.20" groundReferenceNodeIndex="1"/>
        <speedRotatingPart node="disc79" radius="0.16" groundReferenceNodeIndex="1"/>
        <speedRotatingPart node="disc80" radius="0.16" groundReferenceNodeIndex="1"/>
    </speedRotatingParts>

    <lights>
        <sharedLight linkNode="rearLight05_01_01"    filename="$data/shared/assets/lights/lizard/rearLight05_right.xml"/>
        <sharedLight linkNode="rearLight05_01_02"    filename="$data/shared/assets/lights/lizard/rearLight05_left.xml"/>

        <realLights>
            <high>
                <light node="backLightsHigh1" lightTypes="0"/>
                <light node="backLightsHigh2" lightTypes="0"/>
                <turnLightLeft node="turnLightLeftBack"/>
                <turnLightRight node="turnLightRightBack"/>
                <brakeLight node="backLightsHigh1"/>
                <brakeLight node="backLightsHigh2"/>
            </high>
        </realLights>
    </lights>

    <groundReferenceNodes>
        <groundReferenceNode node="groundReferenceNode"  forceFactor="1" threshold="0.2" depthNode="depthNode" chargeValue="0.5"/>
        <groundReferenceNode node="ridgeMarkerLeftNode"  forceFactor="0" threshold="0.2" depthNode="ridgeMarkerLeftNode"  chargeValue="0.25"/>
        <groundReferenceNode node="ridgeMarkerRightNode" forceFactor="0" threshold="0.2" depthNode="ridgeMarkerRightNode" chargeValue="0.25"/>
    </groundReferenceNodes>

    <workAreas>
        <workArea type="sowingMachine" functionName="processSowingMachineArea">
            <area startNode="areaStart" widthNode="areaWidth" heightNode="areaHeight" />
            <groundReferenceNode index="1" />
            <onlyActiveWhenLowered value="true"/>
        </workArea>

        <workArea type="ridgemarker" functionName="processRidgeMarkerArea" disableBackwards="false" needsSetIsTurnedOn="false">
            <ridgeMarkerArea node="ridgeMarkerLeftNode" size="0.1" testAreaOffset="0.75"/>
            <groundReferenceNode index="2" />
            <folding minLimit="0" maxLimit="0.03"/>
            <onlyActiveWhenLowered value="false"/>
        </workArea>
        <workArea type="ridgemarker" functionName="processRidgeMarkerArea" disableBackwards="false" needsSetIsTurnedOn="false">
            <ridgeMarkerArea node="ridgeMarkerRightNode" size="0.1" testAreaOffset="0.75"/>
            <groundReferenceNode index="3" />
            <folding minLimit="0" maxLimit="0.03"/>
            <onlyActiveWhenLowered value="false"/>
        </workArea>
    </workAreas>

    <workParticles>
        <effect workAreaIndex="2">
            <effectNode effectClass="CultivatorMotionPathEffect" effectType="CULTIVATOR" linkNode="ridgeMarkerLeftDiscEffect">
                <motionPathEffect textureFilename="$data/effects/cultivator/arrays/sharedRidgeMarkerLeftArray.dds" numRows="3" rowLength="18" minFade="0.07" />
            </effectNode>
        </effect>
        <effect workAreaIndex="3">
            <effectNode effectClass="CultivatorMotionPathEffect" effectType="CULTIVATOR" linkNode="ridgeMarkerRightDiscEffect">
                <motionPathEffect textureFilename="$data/effects/cultivator/arrays/sharedRidgeMarkerRightArray.dds" numRows="3" rowLength="18" minFade="0.07" />
            </effectNode>
        </effect>

        <effect workAreaIndex="1">
            <effectNode effectClass="CultivatorMotionPathEffect" effectType="CULTIVATOR" linkNode="seederEffect01LinkNode">
                <motionPathEffect textureFilename="$data/vehicles/kuhn/maxima3TIL/seederEffect01Array.dds" numRows="3" rowLength="18" minFade="0.07" density="1" shapeScale="0.5" maxShapeScale="1"/>
            </effectNode>
            <effectNode effectClass="CultivatorMotionPathEffect" effectType="CULTIVATOR" linkNode="seederEffect02LinkNode">
                <motionPathEffect textureFilename="$data/vehicles/kuhn/maxima3TIL/seederEffect01Array.dds" numRows="3" rowLength="18" minFade="0.07" density="1" shapeScale="0.5" maxShapeScale="1"/>
            </effectNode>
            <effectNode effectClass="CultivatorMotionPathEffect" effectType="CULTIVATOR" linkNode="seederEffect03LinkNode">
                <motionPathEffect textureFilename="$data/vehicles/kuhn/maxima3TIL/seederEffect01Array.dds" numRows="3" rowLength="18" minFade="0.07" density="1" shapeScale="0.5" maxShapeScale="1"/>
            </effectNode>
            <effectNode effectClass="CultivatorMotionPathEffect" effectType="CULTIVATOR" linkNode="seederEffect04LinkNode">
                <motionPathEffect textureFilename="$data/vehicles/kuhn/maxima3TIL/seederEffect01Array.dds" numRows="3" rowLength="18" minFade="0.07" density="1" shapeScale="0.5" maxShapeScale="1"/>
            </effectNode>
            <effectNode effectClass="CultivatorMotionPathEffect" effectType="CULTIVATOR" linkNode="seederEffect05LinkNode">
                <motionPathEffect textureFilename="$data/vehicles/kuhn/maxima3TIL/seederEffect01Array.dds" numRows="3" rowLength="18" minFade="0.07" density="1" shapeScale="0.5" maxShapeScale="1"/>
            </effectNode>
            <effectNode effectClass="CultivatorMotionPathEffect" effectType="CULTIVATOR" linkNode="seederEffect06LinkNode">
                <motionPathEffect textureFilename="$data/vehicles/kuhn/maxima3TIL/seederEffect01Array.dds" numRows="3" rowLength="18" minFade="0.07" density="1" shapeScale="0.5" maxShapeScale="1"/>
            </effectNode>
            <effectNode effectClass="CultivatorMotionPathEffect" effectType="CULTIVATOR" linkNode="seederEffect07LinkNode">
                <motionPathEffect textureFilename="$data/vehicles/kuhn/maxima3TIL/seederEffect01Array.dds" numRows="3" rowLength="18" minFade="0.07" density="1" shapeScale="0.5" maxShapeScale="1"/>
            </effectNode>
            <effectNode effectClass="CultivatorMotionPathEffect" effectType="CULTIVATOR" linkNode="seederEffect08LinkNode">
                <motionPathEffect textureFilename="$data/vehicles/kuhn/maxima3TIL/seederEffect01Array.dds" numRows="3" rowLength="18" minFade="0.07" density="1" shapeScale="0.5" maxShapeScale="1"/>
            </effectNode>

            <effectNode effectClass="CultivatorMotionPathEffect" effectType="CULTIVATOR" linkNode="fertilizerEffect01LinkNode">
                <motionPathEffect textureFilename="$data/vehicles/kuhn/maxima3TIL/fertilizerEffect01Array.dds" numRows="3" rowLength="18" minFade="0.07" density="1" shapeScale="0.5" maxShapeScale="1"/>
            </effectNode>
            <effectNode effectClass="CultivatorMotionPathEffect" effectType="CULTIVATOR" linkNode="fertilizerEffect02LinkNode">
                <motionPathEffect textureFilename="$data/vehicles/kuhn/maxima3TIL/fertilizerEffect01Array.dds" numRows="3" rowLength="18" minFade="0.07" density="1" shapeScale="0.5" maxShapeScale="1"/>
            </effectNode>
            <effectNode effectClass="CultivatorMotionPathEffect" effectType="CULTIVATOR" linkNode="fertilizerEffect03LinkNode">
                <motionPathEffect textureFilename="$data/vehicles/kuhn/maxima3TIL/fertilizerEffect01Array.dds" numRows="3" rowLength="18" minFade="0.07" density="1" shapeScale="0.5" maxShapeScale="1"/>
            </effectNode>
            <effectNode effectClass="CultivatorMotionPathEffect" effectType="CULTIVATOR" linkNode="fertilizerEffect04LinkNode">
                <motionPathEffect textureFilename="$data/vehicles/kuhn/maxima3TIL/fertilizerEffect01Array.dds" numRows="3" rowLength="18" minFade="0.07" density="1" shapeScale="0.5" maxShapeScale="1"/>
            </effectNode>
            <effectNode effectClass="CultivatorMotionPathEffect" effectType="CULTIVATOR" linkNode="fertilizerEffect05LinkNode">
                <motionPathEffect textureFilename="$data/vehicles/kuhn/maxima3TIL/fertilizerEffect01Array.dds" numRows="3" rowLength="18" minFade="0.07" density="1" shapeScale="0.5" maxShapeScale="1"/>
            </effectNode>
            <effectNode effectClass="CultivatorMotionPathEffect" effectType="CULTIVATOR" linkNode="fertilizerEffect06LinkNode">
                <motionPathEffect textureFilename="$data/vehicles/kuhn/maxima3TIL/fertilizerEffect01Array.dds" numRows="3" rowLength="18" minFade="0.07" density="1" shapeScale="0.5" maxShapeScale="1"/>
            </effectNode>
            <effectNode effectClass="CultivatorMotionPathEffect" effectType="CULTIVATOR" linkNode="fertilizerEffect07LinkNode">
                <motionPathEffect textureFilename="$data/vehicles/kuhn/maxima3TIL/fertilizerEffect01Array.dds" numRows="3" rowLength="18" minFade="0.07" density="1" shapeScale="0.5" maxShapeScale="1"/>
            </effectNode>
            <effectNode effectClass="CultivatorMotionPathEffect" effectType="CULTIVATOR" linkNode="fertilizerEffect08LinkNode">
                <motionPathEffect textureFilename="$data/vehicles/kuhn/maxima3TIL/fertilizerEffect01Array.dds" numRows="3" rowLength="18" minFade="0.07" density="1" shapeScale="0.5" maxShapeScale="1"/>
            </effectNode>
        </effect>

        <particle>
            <node node="smokeEmitter01" refNodeIndex="1" particleType="SOIL_SMOKE" emitCountScale="2.5"/>
            <node node="smokeEmitter02" refNodeIndex="1" particleType="SOIL_SMOKE" emitCountScale="2.5"/>
        </particle>
    </workParticles>

    <foldable>
        <foldingConfigurations>
            <foldingConfiguration>
                <foldingParts startMoveDirection="1" turnOnFoldDirection="-1">
                    <foldingPart animationName="folding" speedScale="2"/>
                </foldingParts>
            </foldingConfiguration>
        </foldingConfigurations>
    </foldable>

    <animations>
        <animation name="moveSupport">
            <part node="supportArm01" startTime="0" endTime="0.4" startTrans="0 0.453 0" endTrans="0 0 0" />
            <part node="supportArm02" startTime="0" endTime="0.4" startTrans="0 0.453 0" endTrans="0 0 0" />
            <part node="supportCol01" startTime="0" endTime="0.4" startTrans="0 0.6 0" endTrans="0 0 0" />
            <part node="supportCol02" startTime="0" endTime="0.4" startTrans="0 0.6 0" endTrans="0 0 0" />
        </animation>

        <animation name="folding">
            <part node="seederLeft01Trans"  startTime="0" endTime="1" startTrans="0 0 0" endTrans="-0.15 0 0"/>
            <part node="seederLeft02Trans"  startTime="0" endTime="3.5" startTrans="0 0 0" endTrans="-0.52 0 0"/>
            <part node="seederLeft03Trans"  startTime="0" endTime="6" startTrans="0 0 0" endTrans="-0.9 0 0"/>
            <part node="seederLeft04Trans"  startTime="6" endTime="9" startTrans="0 0 0" endTrans="-0.397 0 0"/>
            <part node="seederRight01Trans" startTime="0" endTime="1" startTrans="0 0 0" endTrans="0.15 0 0"/>
            <part node="seederRight02Trans" startTime="0" endTime="3.5" startTrans="0 0 0" endTrans="0.52 0 0"/>
            <part node="seederRight03Trans" startTime="0" endTime="6" startTrans="0 0 0" endTrans="0.9 0 0"/>
            <part node="seederRight04Trans" startTime="6" endTime="9" startTrans="0 0 0" endTrans="0.397 0 0"/>

            <sound template="hydraulicClose01"      startTime="0.01" endTime="8.99" volumeScale="2.5"   pitchScale="0.6"/>
            <sound template="clackVar4"             startTime="0.01" direction="1"  volumeScale="1"   pitchScale="1.4"/>
            <sound template="clackVar1"             startTime="0.01" direction="1"  volumeScale="1"   pitchScale="1.4"/>
            <sound template="sheetImp02"            startTime="0.01" direction="1"  volumeScale="2"   pitchScale="0.8"/>
            <sound template="clackVar4"             startTime="1"    direction="1"  volumeScale="1.3" pitchScale="1.4"/>
            <sound template="metalClose"            startTime="3.5"  direction="1"  volumeScale="0.8" pitchScale="3"/>
            <sound template="clackVar4"             startTime="3.5"  direction="1"  volumeScale="1.1" pitchScale="1.5"/>
            <sound template="clackVar6"             startTime="3.5"  direction="1"  volumeScale="0.8" pitchScale="1.4"/>
            <sound template="clackVar6"             startTime="6"    direction="1"  volumeScale="0.8" pitchScale="1.2"/>
            <sound template="sheetImp02"            startTime="6"    direction="1"  volumeScale="2"   pitchScale="1.4"/>
            <sound template="clackVar4"             startTime="6"    direction="1"  volumeScale="1.2" pitchScale="1.6"/>
            <sound template="metalClose"            startTime="8.99" direction="1"  volumeScale="1.2" pitchScale="1.6"/>
            <sound template="clackVar4"             startTime="8.99" direction="1"  volumeScale="1.2" pitchScale="1.3"/>
            <sound template="clackVar6"             startTime="8.99" direction="1"  volumeScale="1.2" pitchScale="0.9"/>
            <sound template="clackVar4"             startTime="8.99" direction="-1" volumeScale="1"   pitchScale="1.6"/>
            <sound template="clackVar1"             startTime="8.99" direction="-1" volumeScale="0.7" pitchScale="1.2"/>
            <sound template="sheetImp02"            startTime="8.99" direction="-1" volumeScale="2"   pitchScale="0.6"/>
            <sound template="clackVar4"             startTime="6"    direction="-1" volumeScale="1.2" pitchScale="1.8"/>
            <sound template="clackVar4"             startTime="3.5"  direction="-1" volumeScale="1.3" pitchScale="1.6"/>
            <sound template="latchSmall"            startTime="3.5"  direction="-1" volumeScale="0.2" pitchScale="1.8"/>
            <sound template="sheetImp02"            startTime="1"    direction="-1" volumeScale="1.8" pitchScale="1.6"/>
            <sound template="clackVar4"             startTime="1"    direction="-1" volumeScale="1.1" pitchScale="1.8"/>
            <sound template="metalClose"            startTime="0.01" direction="-1" volumeScale="1.2" pitchScale="1.8"/>
            <sound template="clackVar4"             startTime="0.01" direction="-1" volumeScale="1.2" pitchScale="1.4"/>
            <sound template="clackVar6"             startTime="0.01" direction="-1" volumeScale="1.2" pitchScale="0.7"/>
        </animation>

        <animation name="ridgeMarkerLeft">
            <part node="ridgeMarkerLeft" startTime="0" endTime="1.6" startRot="0 0 0" endRot="0 0 -107" tangentType="spline"/>
            <part node="ridgeMarkerLeftExtension" startTime="0" endTime="1.0" startTrans="0 0 0"  endTrans="0 0 1.066" tangentType="spline"/>

            <sound template="hydraulicOpen02" startTime="0.01" endTime="1.59" volumeScale="1.5" pitchScale="1.8" fadeIn="0.1" fadeOut="0.1" linkNode="ridgeMarkerLeft"/>
            <sound template="clackVar6"       startTime="1.59" direction="1"  volumeScale="1.5" pitchScale="1.2" linkNode="ridgeMarkerLeft" />
            <sound template="clackVar2"       startTime="1.59" direction="1"  volumeScale="1.5" pitchScale="2.2" linkNode="ridgeMarkerLeft" />
            <sound template="clackVar6"       startTime="0.01" direction="-1" volumeScale="1.5" pitchScale="1.0" linkNode="ridgeMarkerLeft" />
            <sound template="clackVar4"       startTime="0.01" direction="-1" volumeScale="1.5" pitchScale="1.7" linkNode="ridgeMarkerLeft" />
            <sound template="vibratingImp"    startTime="0.01" direction="-1" volumeScale="1.2" pitchScale="1.4" linkNode="ridgeMarkerLeft" />
        </animation>

        <animation name="ridgeMarkerRight">
            <part node="ridgeMarkerRight" startTime="0" endTime="1.6" startRot="0 0 0" endRot="0 0 107" tangentType="spline"/>
            <part node="ridgeMarkerRightExtension" startTime="0" endTime="1.0" startTrans="0 0 0"  endTrans="0 0 1.066" tangentType="spline"/>

            <sound template="hydraulicOpen02" startTime="0.01" endTime="1.59" volumeScale="1.5" pitchScale="1.5" fadeIn="0.1" fadeOut="0.1" linkNode="ridgeMarkerRight"/>
            <sound template="clackVar6"       startTime="1.59" direction="1"  volumeScale="1.5" pitchScale="1.1"                            linkNode="ridgeMarkerRight" />
            <sound template="clackVar2"       startTime="1.59" direction="1"  volumeScale="1.5" pitchScale="2.3"                            linkNode="ridgeMarkerRight" />
            <sound template="clackVar6"       startTime="0.01" direction="-1" volumeScale="1.5" pitchScale="0.9"                            linkNode="ridgeMarkerRight" />
            <sound template="clackVar4"       startTime="0.01" direction="-1" volumeScale="1.5" pitchScale="1.6"                            linkNode="ridgeMarkerRight" />
            <sound template="vibratingImp"    startTime="0.01" direction="-1"  volumeScale="1.2" pitchScale="1.7"                           linkNode="ridgeMarkerRight" />
        </animation>
    </animations>

    <cylindered>
        <movingTools>
            <movingTool node="seederLeft01Trans" playSound="true" wheelIndices="1">
                <dependentPart node="seederConnector01Part01" />
            </movingTool>
            <movingTool node="seederLeft02Trans" playSound="true" wheelIndices="2">
                <dependentPart node="seederConnector02Part01" />
            </movingTool>
            <movingTool node="seederLeft03Trans" playSound="true" wheelIndices="3 4 9 10">
                <dependentPart node="seederConnector03Part01" />
            </movingTool>
            <movingTool node="seederLeft04Trans" playSound="true" wheelIndices="4">
                <dependentPart node="seederConnector04Part01" />
            </movingTool>
            <movingTool node="seederRight01Trans" playSound="true" wheelIndices="5">
                <dependentPart node="seederConnector01Part01" />
            </movingTool>
            <movingTool node="seederRight02Trans" playSound="true" wheelIndices="6">
                <dependentPart node="seederConnector05Part01" />
            </movingTool>
            <movingTool node="seederRight03Trans" playSound="true" wheelIndices="7 8 11 12">
                <dependentPart node="seederConnector06Part01" />
            </movingTool>
            <movingTool node="seederRight04Trans" playSound="true" wheelIndices="8">
                <dependentPart node="seederConnector07Part01" />
            </movingTool>
            <movingTool node="ridgeMarkerLeft" playSound="true">
                <dependentPart node="ridgeMarkerLeftHydraulic" />
            </movingTool>
            <movingTool node="ridgeMarkerRight" playSound="true">
                <dependentPart node="ridgeMarkerRightHydraulic" />
            </movingTool>
        </movingTools>

        <movingParts>
            <!-- leftArm -->
            <movingPart node="seederLeft01Arm01" referencePoint="seederLeft01Arm01Ref" referenceFrame="seederLeft01Arm01RefFrame" isActiveDirty="true" maxUpdateDistance="100">
                <dependentPart node="seederLeft01" />
                <dependentPart node="seederLeft01Spring" />
                <dependentPart node="seederLeft01PartSpring" />
            </movingPart>
            <movingPart node="seederLeft01" localReferencePoint="seederLeft01Arm02" referencePoint="seederLeft01Arm02Ref" referenceFrame="seederLeft01RefFrame">
                <dependentPart node="seederLeft01Arm02" />
            </movingPart>
            <movingPart node="seederLeft01Arm02" referencePoint="seederLeft01Arm02Ref" referenceFrame="seederLeft01Arm02Ref"/>
            <movingPart node="seederLeft01Spring" referencePoint="seederLeft01SpringRef" referenceFrame="seederLeft01SpringRef" scaleZ="true"/>
            <movingPart node="seederLeft01PartSpring" referencePoint="seederLeft01PartSpringRef" referenceFrame="seederLeft01PartSpringRef" scaleZ="true"/>
            <movingPart node="seederLeft02Arm01" referencePoint="seederLeft02Arm01Ref" referenceFrame="seederLeft02Arm01RefFrame" isActiveDirty="true" maxUpdateDistance="100">
                <dependentPart node="seederLeft02" />
                <dependentPart node="seederLeft02Spring" />
                <dependentPart node="seederLeft02PartSpring" />
            </movingPart>
            <movingPart node="seederLeft02" localReferencePoint="seederLeft02Arm02" referencePoint="seederLeft02Arm02Ref" referenceFrame="seederLeft02RefFrame">
                <dependentPart node="seederLeft02Arm02" />
            </movingPart>
            <movingPart node="seederLeft02Arm02" referencePoint="seederLeft02Arm02Ref" referenceFrame="seederLeft02Arm02Ref"/>
            <movingPart node="seederLeft02Spring" referencePoint="seederLeft02SpringRef" referenceFrame="seederLeft02SpringRef" scaleZ="true"/>
            <movingPart node="seederLeft02PartSpring" referencePoint="seederLeft02PartSpringRef" referenceFrame="seederLeft02PartSpringRef" scaleZ="true"/>
            <movingPart node="seederLeft03Arm01" referencePoint="seederLeft03Arm01Ref" referenceFrame="seederLeft03Arm01RefFrame" isActiveDirty="true" maxUpdateDistance="100">
                <dependentPart node="seederLeft03" />
                <dependentPart node="seederLeft03Spring" />
                <dependentPart node="seederLeft03PartSpring" />
            </movingPart>
            <movingPart node="seederLeft03" localReferencePoint="seederLeft03Arm02" referencePoint="seederLeft03Arm02Ref" referenceFrame="seederLeft03RefFrame">
                <dependentPart node="seederLeft03Arm02" />
            </movingPart>
            <movingPart node="seederLeft03Arm02" referencePoint="seederLeft03Arm02Ref" referenceFrame="seederLeft03Arm02Ref"/>
            <movingPart node="seederLeft03Spring" referencePoint="seederLeft03SpringRef" referenceFrame="seederLeft03SpringRef" scaleZ="true"/>
            <movingPart node="seederLeft03PartSpring" referencePoint="seederLeft03PartSpringRef" referenceFrame="seederLeft03PartSpringRef" scaleZ="true"/>
            <movingPart node="seederLeft04Arm01" referencePoint="seederLeft04Arm01Ref" referenceFrame="seederLeft04Arm01RefFrame" isActiveDirty="true" maxUpdateDistance="100">
                <dependentPart node="seederLeft04" />
                <dependentPart node="seederLeft04Spring" />
                <dependentPart node="seederLeft04PartSpring" />
            </movingPart>
            <movingPart node="seederLeft04" localReferencePoint="seederLeft04Arm02" referencePoint="seederLeft04Arm02Ref" referenceFrame="seederLeft04RefFrame">
                <dependentPart node="seederLeft04Arm02" />
            </movingPart>
            <movingPart node="seederLeft04Arm02" referencePoint="seederLeft04Arm02Ref" referenceFrame="seederLeft04Arm02Ref"/>
            <movingPart node="seederLeft04Spring" referencePoint="seederLeft04SpringRef" referenceFrame="seederLeft04SpringRef" scaleZ="true"/>
            <movingPart node="seederLeft04PartSpring" referencePoint="seederLeft04PartSpringRef" referenceFrame="seederLeft04PartSpringRef" scaleZ="true"/>

            <!-- rightArm -->
            <movingPart node="seederRight01Arm01" referencePoint="seederRight01Arm01Ref" referenceFrame="seederRight01Arm01RefFrame" isActiveDirty="true" maxUpdateDistance="100">
                <dependentPart node="seederRight01" />
                <dependentPart node="seederRight01Spring" />
                <dependentPart node="seederRight01PartSpring" />
            </movingPart>
            <movingPart node="seederRight01" localReferencePoint="seederRight01Arm02" referencePoint="seederRight01Arm02Ref" referenceFrame="seederRight01RefFrame">
                <dependentPart node="seederRight01Arm02" />
            </movingPart>
            <movingPart node="seederRight01Arm02" referencePoint="seederRight01Arm02Ref" referenceFrame="seederRight01Arm02Ref"/>
            <movingPart node="seederRight01Spring" referencePoint="seederRight01SpringRef" referenceFrame="seederRight01SpringRef" scaleZ="true"/>
            <movingPart node="seederRight01PartSpring" referencePoint="seederRight01PartSpringRef" referenceFrame="seederRight01PartSpringRef" scaleZ="true"/>
            <movingPart node="seederRight02Arm01" referencePoint="seederRight02Arm01Ref" referenceFrame="seederRight02Arm01RefFrame" isActiveDirty="true" maxUpdateDistance="100">
                <dependentPart node="seederRight02" />
                <dependentPart node="seederRight02Spring" />
                <dependentPart node="seederRight02PartSpring" />
            </movingPart>
            <movingPart node="seederRight02" localReferencePoint="seederRight02Arm02" referencePoint="seederRight02Arm02Ref" referenceFrame="seederRight02RefFrame">
                <dependentPart node="seederRight02Arm02" />
            </movingPart>
            <movingPart node="seederRight02Arm02" referencePoint="seederRight02Arm02Ref" referenceFrame="seederRight02Arm02Ref"/>
            <movingPart node="seederRight02Spring" referencePoint="seederRight02SpringRef" referenceFrame="seederRight02SpringRef" scaleZ="true"/>
            <movingPart node="seederRight02PartSpring" referencePoint="seederRight02PartSpringRef" referenceFrame="seederRight02PartSpringRef" scaleZ="true"/>
            <movingPart node="seederRight03Arm01" referencePoint="seederRight03Arm01Ref" referenceFrame="seederRight03Arm01RefFrame" isActiveDirty="true" maxUpdateDistance="100">
                <dependentPart node="seederRight03" />
                <dependentPart node="seederRight03Spring" />
                <dependentPart node="seederRight03PartSpring" />
            </movingPart>
            <movingPart node="seederRight03" localReferencePoint="seederRight03Arm02" referencePoint="seederRight03Arm02Ref" referenceFrame="seederRight03RefFrame">
                <dependentPart node="seederRight03Arm02" />
            </movingPart>
            <movingPart node="seederRight03Arm02" referencePoint="seederRight03Arm02Ref" referenceFrame="seederRight03Arm02Ref"/>
            <movingPart node="seederRight03Spring" referencePoint="seederRight03SpringRef" referenceFrame="seederRight03SpringRef" scaleZ="true"/>
            <movingPart node="seederRight03PartSpring" referencePoint="seederRight03PartSpringRef" referenceFrame="seederRight03PartSpringRef" scaleZ="true"/>
            <movingPart node="seederRight04Arm01" referencePoint="seederRight04Arm01Ref" referenceFrame="seederRight04Arm01RefFrame" isActiveDirty="true" maxUpdateDistance="100">
                <dependentPart node="seederRight04" />
                <dependentPart node="seederRight04Spring" />
                <dependentPart node="seederRight04PartSpring" />
            </movingPart>
            <movingPart node="seederRight04" localReferencePoint="seederRight04Arm02" referencePoint="seederRight04Arm02Ref" referenceFrame="seederRight04RefFrame">
                <dependentPart node="seederRight04Arm02" />
            </movingPart>
            <movingPart node="seederRight04Arm02" referencePoint="seederRight04Arm02Ref" referenceFrame="seederRight04Arm02Ref"/>
            <movingPart node="seederRight04Spring" referencePoint="seederRight04SpringRef" referenceFrame="seederRight04SpringRef" scaleZ="true"/>
            <movingPart node="seederRight04PartSpring" referencePoint="seederRight04PartSpringRef" referenceFrame="seederRight04PartSpringRef" scaleZ="true"/>

            <!-- seederConnectors -->
            <movingPart node="seederConnector01Part01" localReferencePoint="seederConnector01Part02" referencePoint="seederConnector01Part02Ref" referenceFrame="seederConnector01Part01RefFrame">
                <dependentPart node="seederConnector01Part02" />
            </movingPart>
            <movingPart node="seederConnector01Part02" referencePoint="seederConnector01Part02Ref" referenceFrame="seederConnector01Part02Ref"/>
            <movingPart node="seederConnector02Part01" localReferencePoint="seederConnector02Part02" referencePoint="seederConnector02Part02Ref" referenceFrame="seederConnector02Part01RefFrame">
                <dependentPart node="seederConnector02Part02" />
            </movingPart>
            <movingPart node="seederConnector02Part02" referencePoint="seederConnector02Part02Ref" referenceFrame="seederConnector02Part02Ref"/>
            <movingPart node="seederConnector03Part01" localReferencePoint="seederConnector03Part02" referencePoint="seederConnector03Part02Ref" referenceFrame="seederConnector03Part01RefFrame">
                <dependentPart node="seederConnector03Part02" />
            </movingPart>
            <movingPart node="seederConnector03Part02" referencePoint="seederConnector03Part02Ref" referenceFrame="seederConnector03Part02Ref"/>
            <movingPart node="seederConnector04Part01" localReferencePoint="seederConnector04Part02" referencePoint="seederConnector04Part02Ref" referenceFrame="seederConnector04Part01RefFrame">
                <dependentPart node="seederConnector04Part02" />
            </movingPart>
            <movingPart node="seederConnector04Part02" referencePoint="seederConnector04Part02Ref" referenceFrame="seederConnector04Part02Ref"/>
            <movingPart node="seederConnector05Part01" localReferencePoint="seederConnector05Part02" referencePoint="seederConnector05Part02Ref" referenceFrame="seederConnector05Part01RefFrame">
                <dependentPart node="seederConnector05Part02" />
            </movingPart>
            <movingPart node="seederConnector05Part02" referencePoint="seederConnector05Part02Ref" referenceFrame="seederConnector05Part02Ref"/>
            <movingPart node="seederConnector06Part01" localReferencePoint="seederConnector06Part02" referencePoint="seederConnector06Part02Ref" referenceFrame="seederConnector06Part01RefFrame">
                <dependentPart node="seederConnector06Part02" />
            </movingPart>
            <movingPart node="seederConnector06Part02" referencePoint="seederConnector06Part02Ref" referenceFrame="seederConnector06Part02Ref"/>
            <movingPart node="seederConnector07Part01" localReferencePoint="seederConnector07Part02" referencePoint="seederConnector07Part02Ref" referenceFrame="seederConnector07Part01RefFrame">
                <dependentPart node="seederConnector07Part02" />
            </movingPart>
            <movingPart node="seederConnector07Part02" referencePoint="seederConnector07Part02Ref" referenceFrame="seederConnector07Part02Ref"/>

            <!-- ridgeMarker -->
            <movingPart node="ridgeMarkerLeftHydraulic" referencePoint="ridgeMarkerLeftHydraulicRef" referenceFrame="ridgeMarkerLeftHydraulicRef">
                <translatingPart node="ridgeMarkerLeftHydraulicPunch" />
            </movingPart>
            <movingPart node="ridgeMarkerRightHydraulic" referencePoint="ridgeMarkerRightHydraulicRef" referenceFrame="ridgeMarkerRightHydraulicRef">
                <translatingPart node="ridgeMarkerRightHydraulicPunch" />
            </movingPart>
        </movingParts>
    </cylindered>

    <randomlyMovingParts>
        <randomlyMovingPart node="seederLeft01Part" rotAxis="1" rotMax="2" rotMin="0" speedScale="1" refNodeIndex="1" isSpeedDependent="true"/>
        <randomlyMovingPart node="seederLeft02Part" rotAxis="1" rotMax="2" rotMin="0" speedScale="1" refNodeIndex="1" isSpeedDependent="true"/>
        <randomlyMovingPart node="seederLeft03Part" rotAxis="1" rotMax="2" rotMin="0" speedScale="1" refNodeIndex="1" isSpeedDependent="true"/>
        <randomlyMovingPart node="seederLeft04Part" rotAxis="1" rotMax="2" rotMin="0" speedScale="1" refNodeIndex="1" isSpeedDependent="true"/>
        <randomlyMovingPart node="seederRight01Part" rotAxis="1" rotMax="2" rotMin="0" speedScale="1" refNodeIndex="1" isSpeedDependent="true"/>
        <randomlyMovingPart node="seederRight02Part" rotAxis="1" rotMax="2" rotMin="0" speedScale="1" refNodeIndex="1" isSpeedDependent="true"/>
        <randomlyMovingPart node="seederRight03Part" rotAxis="1" rotMax="2" rotMin="0" speedScale="1" refNodeIndex="1" isSpeedDependent="true"/>
        <randomlyMovingPart node="seederRight04Part" rotAxis="1" rotMax="2" rotMin="0" speedScale="1" refNodeIndex="1" isSpeedDependent="true"/>
    </randomlyMovingParts>


    <ridgeMarker onlyActiveWhenLowered="false" foldMinLimit="0.0" foldMaxLimit="0.1">
        <marker animName="ridgeMarkerLeft" workAreaIndex="2"/>
        <marker animName="ridgeMarkerRight" workAreaIndex="3"/>
    </ridgeMarker>

    <fillUnit>
        <fillUnitConfigurations>
            <fillUnitConfiguration>
                <fillUnits>
                    <unloading width="4.2" offset="0 0 -2.2"/>
                    <fillUnit unitTextOverride="$l10n_unit_literShort" fillTypes="seeds" capacity="800">
                        <exactFillRootNode node="exactFillRootNodeSeeds" />
                    </fillUnit>
                    <fillUnit unitTextOverride="$l10n_unit_literShort" fillTypes="fertilizer" capacity="390">
                        <exactFillRootNode node="exactFillRootNodeFertilizer" />
                    </fillUnit>
                </fillUnits>
            </fillUnitConfiguration>
        </fillUnitConfigurations>
    </fillUnit>

    <sowingMachine fillUnitIndex="1">
        <seedFruitTypeCategories>planter</seedFruitTypeCategories>
        <needsActivation value="true"/>
        <fieldGroundType value="PLANTED"/>

        <sounds>
            <work template="defaultSowingWork" linkNode="0>" />
            <airBlower template="defaultSowingAirBlower" linkNode="0>" />
        </sounds>
    </sowingMachine>

    <sprayer fillUnitIndex="2" unloadInfoIndex="2">
        <usageScales workingWidth="6" scale="1" />
    </sprayer>

    <turnOnVehicle turnOffIfNotAllowed="true"/>

    <ai>
        <needsLowering value="true"/>
        <allowTurnBackward value="true"/>
        <areaMarkers leftNode="aiMarkerLeft" rightNode="aiMarkerRight" backNode="aiMarkerBack"/>
        <sizeMarkers leftNode="sizeMarkerLeft" rightNode="sizeMarkerRight" backNode="sizeMarkerBack"/>
        <collisionTrigger node="aiCollisionNode" width="5.8" height="2.8"/>
        <agentAttachment width="3.1" height="2.8" length="2.5" lengthOffset="-0.17"/>
    </ai>

    <foliageBending>
        <bendingNode minX="-1.6" maxX="1.6" minZ="-1.45" maxZ="1.1" yOffset="0.3"/>
        <bendingNode minX="1.6" maxX="2.9" minZ="-1.45" maxZ="1.1" yOffset="0.3" node="seederLeft04Trans"/>
        <bendingNode minX="-2.9" maxX="-1.6" minZ="-1.45" maxZ="1.1" yOffset="0.3" node="seederRight04Trans"/>
    </foliageBending>

    <wearable wearDuration="480" workMultiplier="5" fieldMultiplier="2"/>
    <washable dirtDuration="90" washDuration="1" workMultiplier="6" fieldMultiplier="2"/>

    <i3dMappings>
        <i3dMapping id="maxima3TIL_main_component1" node="0>" />
        <i3dMapping id="attacherJoint" node="0>0|0|0" />
        <i3dMapping id="topReferenceNode" node="0>0|0|1" />
        <i3dMapping id="hydraulicIn01_detached" node="0>0|0|2|0" />
        <i3dMapping id="hydraulicIn01_detachedAdapter" node="0>0|0|2|0|0" />
        <i3dMapping id="hydraulicOut01_detached" node="0>0|0|2|1" />
        <i3dMapping id="hydraulicOut01_detachedAdapter" node="0>0|0|2|1|0" />
        <i3dMapping id="hydraulicIn02_detached" node="0>0|0|2|2" />
        <i3dMapping id="hydraulicIn02_detachedAdapter" node="0>0|0|2|2|0" />
        <i3dMapping id="hydraulicOut02_detached" node="0>0|0|2|3" />
        <i3dMapping id="hydraulicOut02_detachedAdapter" node="0>0|0|2|3|0" />
        <i3dMapping id="hydraulicIn02" node="0>0|0|2|4" />
        <i3dMapping id="hydraulicOut01" node="0>0|0|2|5" />
        <i3dMapping id="hydraulicIn01" node="0>0|0|2|6" />
        <i3dMapping id="hydraulicOut02" node="0>0|0|2|7" />
        <i3dMapping id="electric_detached" node="0>0|0|2|8" />
        <i3dMapping id="electric" node="0>0|0|2|9" />
        <i3dMapping id="ptoInputNode" node="0>0|0|3|0" />
        <i3dMapping id="ptoDetachedNode" node="0>0|0|3|1" />
        <i3dMapping id="ptoHolder" node="0>0|0|3|2" />
        <i3dMapping id="topRightPipe" node="0>0|0|4" />
        <i3dMapping id="seederLeft01Trans" node="0>0|1|0" />
        <i3dMapping id="wheel01" node="0>0|1|0|0" />
        <i3dMapping id="seederLeft01Arm01Ref" node="0>0|1|0|0|0" />
        <i3dMapping id="seederLeft01Arm01RefFrame" node="0>0|1|0|1" />
        <i3dMapping id="seederLeft01Arm01" node="0>0|1|0|1|0" />
        <i3dMapping id="seederLeft01RefFrame" node="0>0|1|0|1|0|0" />
        <i3dMapping id="seederLeft01" node="0>0|1|0|1|0|0|0" />
        <i3dMapping id="seederLeft01Arm02" node="0>0|1|0|1|0|0|0|0" />
        <i3dMapping id="seederLeft01SpringRef" node="0>0|1|0|1|0|0|0|0|0" />
        <i3dMapping id="seederLeft01PartSpring" node="0>0|1|0|1|0|0|0|1" />
        <i3dMapping id="seederLeft01Part" node="0>0|1|0|1|0|0|0|2|0" />
        <i3dMapping id="seederLeft01PartSpringRef" node="0>0|1|0|1|0|0|0|2|0|0" />
        <i3dMapping id="disc39" node="0>0|1|0|1|0|0|0|2|0|2|0|0" />
        <i3dMapping id="disc40" node="0>0|1|0|1|0|0|0|2|0|2|1|0" />
        <i3dMapping id="seederEffect04LinkNode" node="0>0|1|0|1|0|0|0|5|0" />
        <i3dMapping id="disc33" node="0>0|1|0|1|0|0|0|8|0|0" />
        <i3dMapping id="disc34" node="0>0|1|0|1|0|0|0|8|1|0" />
        <i3dMapping id="disc35" node="0>0|1|0|1|0|0|0|8|2|0" />
        <i3dMapping id="disc36" node="0>0|1|0|1|0|0|0|8|3|0" />
        <i3dMapping id="disc37" node="0>0|1|0|1|0|0|0|8|4|0" />
        <i3dMapping id="disc38" node="0>0|1|0|1|0|0|0|8|5|0" />
        <i3dMapping id="seederLeft01Spring" node="0>0|1|0|1|0|1" />
        <i3dMapping id="seederLeft01Arm02Ref" node="0>0|1|0|2" />
        <i3dMapping id="seederConnector01Part01RefFrame" node="0>0|1|0|3" />
        <i3dMapping id="seederConnector01Part01" node="0>0|1|0|3|0" />
        <i3dMapping id="seederConnector01Part02" node="0>0|1|0|3|0|0" />
        <i3dMapping id="seederConnector02Part02Ref" node="0>0|1|0|4" />
        <i3dMapping id="fertilizerEffect04LinkNode" node="0>0|1|0|8" />
        <i3dMapping id="disc31" node="0>0|1|0|9|0|0" />
        <i3dMapping id="disc32" node="0>0|1|0|9|1|0" />
        <i3dMapping id="seederLeft02Trans" node="0>0|1|1" />
        <i3dMapping id="wheel02" node="0>0|1|1|0" />
        <i3dMapping id="seederLeft02Arm01Ref" node="0>0|1|1|0|0" />
        <i3dMapping id="seederLeft02Arm01RefFrame" node="0>0|1|1|1" />
        <i3dMapping id="seederLeft02Arm01" node="0>0|1|1|1|0" />
        <i3dMapping id="seederLeft02RefFrame" node="0>0|1|1|1|0|0" />
        <i3dMapping id="seederLeft02" node="0>0|1|1|1|0|0|0" />
        <i3dMapping id="seederLeft02Arm02" node="0>0|1|1|1|0|0|0|0" />
        <i3dMapping id="seederLeft02SpringRef" node="0>0|1|1|1|0|0|0|0|0" />
        <i3dMapping id="seederLeft02Part" node="0>0|1|1|1|0|0|0|1|0" />
        <i3dMapping id="seederLeft02PartSpringRef" node="0>0|1|1|1|0|0|0|1|0|0" />
        <i3dMapping id="disc29" node="0>0|1|1|1|0|0|0|1|0|2|0|0" />
        <i3dMapping id="disc30" node="0>0|1|1|1|0|0|0|1|0|2|1|0" />
        <i3dMapping id="seederLeft02PartSpring" node="0>0|1|1|1|0|0|0|2" />
        <i3dMapping id="seederEffect03LinkNode" node="0>0|1|1|1|0|0|0|5|0" />
        <i3dMapping id="disc23" node="0>0|1|1|1|0|0|0|8|0|0" />
        <i3dMapping id="disc24" node="0>0|1|1|1|0|0|0|8|1|0" />
        <i3dMapping id="disc25" node="0>0|1|1|1|0|0|0|8|2|0" />
        <i3dMapping id="disc26" node="0>0|1|1|1|0|0|0|8|3|0" />
        <i3dMapping id="disc27" node="0>0|1|1|1|0|0|0|8|4|0" />
        <i3dMapping id="disc28" node="0>0|1|1|1|0|0|0|8|5|0" />
        <i3dMapping id="seederLeft02Spring" node="0>0|1|1|1|0|1" />
        <i3dMapping id="seederLeft02Arm02Ref" node="0>0|1|1|2" />
        <i3dMapping id="supportArm02" node="0>0|1|1|3|0" />
        <i3dMapping id="supportCol01" node="0>0|1|1|4" />
        <i3dMapping id="seederConnector02Part01RefFrame" node="0>0|1|1|5" />
        <i3dMapping id="seederConnector02Part01" node="0>0|1|1|5|0" />
        <i3dMapping id="seederConnector02Part02" node="0>0|1|1|5|0|0" />
        <i3dMapping id="seederConnector03Part02Ref" node="0>0|1|1|6" />
        <i3dMapping id="fertilizerEffect03LinkNode" node="0>0|1|1|10" />
        <i3dMapping id="disc21" node="0>0|1|1|11|0|0" />
        <i3dMapping id="disc22" node="0>0|1|1|11|1|0" />
        <i3dMapping id="seederLeft03Trans" node="0>0|1|2" />
        <i3dMapping id="wheel03" node="0>0|1|2|0" />
        <i3dMapping id="seederLeft03Arm01Ref" node="0>0|1|2|0|0" />
        <i3dMapping id="seederLeft03Arm01RefFrame" node="0>0|1|2|1" />
        <i3dMapping id="seederLeft03Arm01" node="0>0|1|2|1|0" />
        <i3dMapping id="seederLeft03RefFrame" node="0>0|1|2|1|0|0" />
        <i3dMapping id="seederLeft03" node="0>0|1|2|1|0|0|0" />
        <i3dMapping id="seederLeft03Arm02" node="0>0|1|2|1|0|0|0|0" />
        <i3dMapping id="seederLeft03SpringRef" node="0>0|1|2|1|0|0|0|0|0" />
        <i3dMapping id="seederLeft03Part" node="0>0|1|2|1|0|0|0|1|0" />
        <i3dMapping id="seederLeft03PartSpringRef" node="0>0|1|2|1|0|0|0|1|0|0" />
        <i3dMapping id="disc19" node="0>0|1|2|1|0|0|0|1|0|2|0|0" />
        <i3dMapping id="disc20" node="0>0|1|2|1|0|0|0|1|0|2|1|0" />
        <i3dMapping id="seederLeft03PartSpring" node="0>0|1|2|1|0|0|0|2" />
        <i3dMapping id="seederEffect02LinkNode" node="0>0|1|2|1|0|0|0|6|0" />
        <i3dMapping id="disc13" node="0>0|1|2|1|0|0|0|8|0|0" />
        <i3dMapping id="disc14" node="0>0|1|2|1|0|0|0|8|1|0" />
        <i3dMapping id="disc15" node="0>0|1|2|1|0|0|0|8|2|0" />
        <i3dMapping id="disc16" node="0>0|1|2|1|0|0|0|8|3|0" />
        <i3dMapping id="disc17" node="0>0|1|2|1|0|0|0|8|4|0" />
        <i3dMapping id="disc18" node="0>0|1|2|1|0|0|0|8|5|0" />
        <i3dMapping id="seederLeft03Spring" node="0>0|1|2|1|0|1" />
        <i3dMapping id="seederLeft03Arm02Ref" node="0>0|1|2|2" />
        <i3dMapping id="seederLeft04Trans" node="0>0|1|2|3" />
        <i3dMapping id="wheel04" node="0>0|1|2|3|0" />
        <i3dMapping id="seederLeft04Arm01Ref" node="0>0|1|2|3|0|0" />
        <i3dMapping id="seederLeft04Arm01RefFrame" node="0>0|1|2|3|1" />
        <i3dMapping id="seederLeft04Arm01" node="0>0|1|2|3|1|0" />
        <i3dMapping id="seederLeft04RefFrame" node="0>0|1|2|3|1|0|0" />
        <i3dMapping id="seederLeft04" node="0>0|1|2|3|1|0|0|0" />
        <i3dMapping id="seederLeft04Arm02" node="0>0|1|2|3|1|0|0|0|0" />
        <i3dMapping id="seederLeft04SpringRef" node="0>0|1|2|3|1|0|0|0|0|0" />
        <i3dMapping id="seederLeft04Part" node="0>0|1|2|3|1|0|0|0|1|0" />
        <i3dMapping id="seederLeft04PartSpringRef" node="0>0|1|2|3|1|0|0|0|1|0|0" />
        <i3dMapping id="disc09" node="0>0|1|2|3|1|0|0|0|1|0|2|0|0" />
        <i3dMapping id="disc10" node="0>0|1|2|3|1|0|0|0|1|0|2|1|0" />
        <i3dMapping id="seederLeft04PartSpring" node="0>0|1|2|3|1|0|0|0|2" />
        <i3dMapping id="rearLight05_01_02" node="0>0|1|2|3|1|0|0|0|4|0" />
        <i3dMapping id="backLightsHigh1" node="0>0|1|2|3|1|0|0|0|4|1" />
        <i3dMapping id="turnLightLeftBack" node="0>0|1|2|3|1|0|0|0|4|2" />
        <i3dMapping id="seederEffect01LinkNode" node="0>0|1|2|3|1|0|0|0|7|0" />
        <i3dMapping id="disc03" node="0>0|1|2|3|1|0|0|0|9|0|0" />
        <i3dMapping id="disc04" node="0>0|1|2|3|1|0|0|0|9|1|0" />
        <i3dMapping id="disc05" node="0>0|1|2|3|1|0|0|0|9|2|0" />
        <i3dMapping id="disc06" node="0>0|1|2|3|1|0|0|0|9|3|0" />
        <i3dMapping id="disc07" node="0>0|1|2|3|1|0|0|0|9|4|0" />
        <i3dMapping id="disc08" node="0>0|1|2|3|1|0|0|0|9|5|0" />
        <i3dMapping id="seederLeft04Spring" node="0>0|1|2|3|1|0|1" />
        <i3dMapping id="seederLeft04Arm02Ref" node="0>0|1|2|3|2" />
        <i3dMapping id="seederConnector04Part01RefFrame" node="0>0|1|2|3|3" />
        <i3dMapping id="seederConnector04Part01" node="0>0|1|2|3|3|0" />
        <i3dMapping id="seederConnector04Part02" node="0>0|1|2|3|3|0|0" />
        <i3dMapping id="ridgeMarkerLeft" node="0>0|1|2|3|4|0" />
        <i3dMapping id="ridgeMarkerLeftExtension" node="0>0|1|2|3|4|0|0|0" />
        <i3dMapping id="ridgeMarkerLeftDisc" node="0>0|1|2|3|4|0|0|0|0|0" />
        <i3dMapping id="ridgeMarkerLeftDiscEffect" node="0>0|1|2|3|4|0|0|0|0|1" />
        <i3dMapping id="ridgeMarkerLeftNode" node="0>0|1|2|3|4|0|0|0|1" />
        <i3dMapping id="ridgeMarkerLeftHydraulicRef" node="0>0|1|2|3|4|0|1" />
        <i3dMapping id="ridgeMarkerLeftHydraulic" node="0>0|1|2|3|4|1" />
        <i3dMapping id="ridgeMarkerLeftHydraulicPunch" node="0>0|1|2|3|4|1|0" />
        <i3dMapping id="whiteRectangle_01_02" node="0>0|1|2|3|5|0" />
        <i3dMapping id="fertilizerEffect01LinkNode" node="0>0|1|2|3|9" />
        <i3dMapping id="smokeEmitter01" node="0>0|1|2|3|10" />
        <i3dMapping id="areaStart" node="0>0|1|2|3|11" />
        <i3dMapping id="areaHeight" node="0>0|1|2|3|12" />
        <i3dMapping id="disc01" node="0>0|1|2|3|13|0|0" />
        <i3dMapping id="disc02" node="0>0|1|2|3|13|1|0" />
        <i3dMapping id="seederConnector03Part01RefFrame" node="0>0|1|2|4" />
        <i3dMapping id="seederConnector03Part01" node="0>0|1|2|4|0" />
        <i3dMapping id="seederConnector03Part02" node="0>0|1|2|4|0|0" />
        <i3dMapping id="seederConnector04Part02Ref" node="0>0|1|2|5" />
        <i3dMapping id="frameWheelLeft01" node="0>0|1|2|8" />
        <i3dMapping id="frameWheelLeft02" node="0>0|1|2|9" />
        <i3dMapping id="disc11" node="0>0|1|2|11|0|0" />
        <i3dMapping id="disc12" node="0>0|1|2|11|1|0" />
        <i3dMapping id="fertilizerEffect02LinkNode" node="0>0|1|2|13" />
        <i3dMapping id="seederRight01Trans" node="0>0|1|3" />
        <i3dMapping id="wheel05" node="0>0|1|3|0" />
        <i3dMapping id="seederRight01Arm01Ref" node="0>0|1|3|0|0" />
        <i3dMapping id="seederRight01Arm01RefFrame" node="0>0|1|3|1" />
        <i3dMapping id="seederRight01Arm01" node="0>0|1|3|1|0" />
        <i3dMapping id="seederRight01RefFrame" node="0>0|1|3|1|0|0" />
        <i3dMapping id="seederRight01" node="0>0|1|3|1|0|0|0" />
        <i3dMapping id="seederRight01Arm02" node="0>0|1|3|1|0|0|0|0" />
        <i3dMapping id="seederRight01SpringRef" node="0>0|1|3|1|0|0|0|0|0" />
        <i3dMapping id="seederRight01Part" node="0>0|1|3|1|0|0|0|1|0" />
        <i3dMapping id="seederRight01PartSpringRef" node="0>0|1|3|1|0|0|0|1|0|0" />
        <i3dMapping id="disc49" node="0>0|1|3|1|0|0|0|1|0|2|0|0" />
        <i3dMapping id="disc50" node="0>0|1|3|1|0|0|0|1|0|2|1|0" />
        <i3dMapping id="seederRight01PartSpring" node="0>0|1|3|1|0|0|0|2" />
        <i3dMapping id="seederEffect05LinkNode" node="0>0|1|3|1|0|0|0|4|0" />
        <i3dMapping id="disc43" node="0>0|1|3|1|0|0|0|6|0|0" />
        <i3dMapping id="disc44" node="0>0|1|3|1|0|0|0|6|1|0" />
        <i3dMapping id="disc45" node="0>0|1|3|1|0|0|0|6|2|0" />
        <i3dMapping id="disc46" node="0>0|1|3|1|0|0|0|6|3|0" />
        <i3dMapping id="disc47" node="0>0|1|3|1|0|0|0|6|4|0" />
        <i3dMapping id="disc48" node="0>0|1|3|1|0|0|0|6|5|0" />
        <i3dMapping id="seederRight01Spring" node="0>0|1|3|1|0|1" />
        <i3dMapping id="seederRight01Arm02Ref" node="0>0|1|3|2" />
        <i3dMapping id="seederConnector01Part02Ref" node="0>0|1|3|3" />
        <i3dMapping id="seederConnector05Part01RefFrame" node="0>0|1|3|4" />
        <i3dMapping id="seederConnector05Part01" node="0>0|1|3|4|0" />
        <i3dMapping id="seederConnector05Part02" node="0>0|1|3|4|0|0" />
        <i3dMapping id="fertilizerEffect05LinkNode" node="0>0|1|3|8" />
        <i3dMapping id="disc41" node="0>0|1|3|9|0|0" />
        <i3dMapping id="disc42" node="0>0|1|3|9|1|0" />
        <i3dMapping id="seederRight02Trans" node="0>0|1|4" />
        <i3dMapping id="wheel06" node="0>0|1|4|0" />
        <i3dMapping id="seederRight02Arm01Ref" node="0>0|1|4|0|0" />
        <i3dMapping id="seederRight02Arm01RefFrame" node="0>0|1|4|1" />
        <i3dMapping id="seederRight02Arm01" node="0>0|1|4|1|0" />
        <i3dMapping id="seederRight02RefFrame" node="0>0|1|4|1|0|0" />
        <i3dMapping id="seederRight02" node="0>0|1|4|1|0|0|0" />
        <i3dMapping id="seederRight02Arm02" node="0>0|1|4|1|0|0|0|0" />
        <i3dMapping id="seederRight02SpringRef" node="0>0|1|4|1|0|0|0|0|0" />
        <i3dMapping id="seederRight02Part" node="0>0|1|4|1|0|0|0|1|0" />
        <i3dMapping id="seederRight02PartSpringRef" node="0>0|1|4|1|0|0|0|1|0|0" />
        <i3dMapping id="disc59" node="0>0|1|4|1|0|0|0|1|0|2|0|0" />
        <i3dMapping id="disc60" node="0>0|1|4|1|0|0|0|1|0|2|1|0" />
        <i3dMapping id="seederRight02PartSpring" node="0>0|1|4|1|0|0|0|2" />
        <i3dMapping id="seederEffect06LinkNode" node="0>0|1|4|1|0|0|0|4|0" />
        <i3dMapping id="disc53" node="0>0|1|4|1|0|0|0|7|0|0" />
        <i3dMapping id="disc54" node="0>0|1|4|1|0|0|0|7|1|0" />
        <i3dMapping id="disc55" node="0>0|1|4|1|0|0|0|7|2|0" />
        <i3dMapping id="disc56" node="0>0|1|4|1|0|0|0|7|3|0" />
        <i3dMapping id="disc57" node="0>0|1|4|1|0|0|0|7|4|0" />
        <i3dMapping id="disc58" node="0>0|1|4|1|0|0|0|7|5|0" />
        <i3dMapping id="seederRight02Spring" node="0>0|1|4|1|0|1" />
        <i3dMapping id="seederRight02Arm02Ref" node="0>0|1|4|2" />
        <i3dMapping id="seederConnector05Part02Ref" node="0>0|1|4|3" />
        <i3dMapping id="seederConnector06Part01RefFrame" node="0>0|1|4|4" />
        <i3dMapping id="seederConnector06Part01" node="0>0|1|4|4|0" />
        <i3dMapping id="seederConnector06Part02" node="0>0|1|4|4|0|0" />
        <i3dMapping id="supportArm01" node="0>0|1|4|6|0" />
        <i3dMapping id="supportCol02" node="0>0|1|4|7" />
        <i3dMapping id="fertilizerEffect06LinkNode" node="0>0|1|4|10" />
        <i3dMapping id="disc51" node="0>0|1|4|11|0|0" />
        <i3dMapping id="disc52" node="0>0|1|4|11|1|0" />
        <i3dMapping id="seederRight03Trans" node="0>0|1|5" />
        <i3dMapping id="wheel07" node="0>0|1|5|0" />
        <i3dMapping id="seederRight03Arm01Ref" node="0>0|1|5|0|0" />
        <i3dMapping id="seederRight03Arm01RefFrame" node="0>0|1|5|1" />
        <i3dMapping id="seederRight03Arm01" node="0>0|1|5|1|0" />
        <i3dMapping id="seederRight03RefFrame" node="0>0|1|5|1|0|0" />
        <i3dMapping id="seederRight03" node="0>0|1|5|1|0|0|0" />
        <i3dMapping id="seederRight03Arm02" node="0>0|1|5|1|0|0|0|0" />
        <i3dMapping id="seederRight03SpringRef" node="0>0|1|5|1|0|0|0|0|0" />
        <i3dMapping id="seederRight03Part" node="0>0|1|5|1|0|0|0|1|0" />
        <i3dMapping id="seederRight03PartSpringRef" node="0>0|1|5|1|0|0|0|1|0|0" />
        <i3dMapping id="disc69" node="0>0|1|5|1|0|0|0|1|0|2|0|0" />
        <i3dMapping id="disc70" node="0>0|1|5|1|0|0|0|1|0|2|1|0" />
        <i3dMapping id="seederRight03PartSpring" node="0>0|1|5|1|0|0|0|2" />
        <i3dMapping id="seederEffect07LinkNode" node="0>0|1|5|1|0|0|0|4|0" />
        <i3dMapping id="disc63" node="0>0|1|5|1|0|0|0|7|0|0" />
        <i3dMapping id="disc64" node="0>0|1|5|1|0|0|0|7|1|0" />
        <i3dMapping id="disc65" node="0>0|1|5|1|0|0|0|7|2|0" />
        <i3dMapping id="disc66" node="0>0|1|5|1|0|0|0|7|3|0" />
        <i3dMapping id="disc67" node="0>0|1|5|1|0|0|0|7|4|0" />
        <i3dMapping id="disc68" node="0>0|1|5|1|0|0|0|7|5|0" />
        <i3dMapping id="seederRight03Spring" node="0>0|1|5|1|0|1" />
        <i3dMapping id="seederRight03Arm02Ref" node="0>0|1|5|2" />
        <i3dMapping id="seederRight04Trans" node="0>0|1|5|3" />
        <i3dMapping id="wheel08" node="0>0|1|5|3|0" />
        <i3dMapping id="seederRight04Arm01Ref" node="0>0|1|5|3|0|0" />
        <i3dMapping id="seederRight04Arm01RefFrame" node="0>0|1|5|3|1" />
        <i3dMapping id="seederRight04Arm01" node="0>0|1|5|3|1|0" />
        <i3dMapping id="seederRight04RefFrame" node="0>0|1|5|3|1|0|0" />
        <i3dMapping id="seederRight04" node="0>0|1|5|3|1|0|0|0" />
        <i3dMapping id="seederRight04Arm02" node="0>0|1|5|3|1|0|0|0|0" />
        <i3dMapping id="seederRight04SpringRef" node="0>0|1|5|3|1|0|0|0|0|0" />
        <i3dMapping id="seederRight04Part" node="0>0|1|5|3|1|0|0|0|1|0" />
        <i3dMapping id="seederRight04PartSpringRef" node="0>0|1|5|3|1|0|0|0|1|0|0" />
        <i3dMapping id="disc79" node="0>0|1|5|3|1|0|0|0|1|0|2|0|0" />
        <i3dMapping id="disc80" node="0>0|1|5|3|1|0|0|0|1|0|2|1|0" />
        <i3dMapping id="seederRight04PartSpring" node="0>0|1|5|3|1|0|0|0|2" />
        <i3dMapping id="rearLight05_01_01" node="0>0|1|5|3|1|0|0|0|3|0" />
        <i3dMapping id="backLightsHigh2" node="0>0|1|5|3|1|0|0|0|3|1" />
        <i3dMapping id="turnLightRightBack" node="0>0|1|5|3|1|0|0|0|3|2" />
        <i3dMapping id="seederEffect08LinkNode" node="0>0|1|5|3|1|0|0|0|5|0" />
        <i3dMapping id="disc73" node="0>0|1|5|3|1|0|0|0|7|0|0" />
        <i3dMapping id="disc74" node="0>0|1|5|3|1|0|0|0|7|1|0" />
        <i3dMapping id="disc75" node="0>0|1|5|3|1|0|0|0|7|2|0" />
        <i3dMapping id="disc76" node="0>0|1|5|3|1|0|0|0|7|3|0" />
        <i3dMapping id="disc77" node="0>0|1|5|3|1|0|0|0|7|4|0" />
        <i3dMapping id="disc78" node="0>0|1|5|3|1|0|0|0|7|5|0" />
        <i3dMapping id="seederRight04Spring" node="0>0|1|5|3|1|0|1" />
        <i3dMapping id="seederRight04Arm02Ref" node="0>0|1|5|3|2" />
        <i3dMapping id="seederConnector07Part02Ref" node="0>0|1|5|3|3" />
        <i3dMapping id="ridgeMarkerRight" node="0>0|1|5|3|4|0" />
        <i3dMapping id="ridgeMarkerRightExtension" node="0>0|1|5|3|4|0|0|0" />
        <i3dMapping id="ridgeMarkerRightDisc" node="0>0|1|5|3|4|0|0|0|0|0" />
        <i3dMapping id="ridgeMarkerRightDiscEffect" node="0>0|1|5|3|4|0|0|0|0|1" />
        <i3dMapping id="ridgeMarkerRightNode" node="0>0|1|5|3|4|0|0|0|1" />
        <i3dMapping id="ridgeMarkerRightHydraulicRef" node="0>0|1|5|3|4|0|1" />
        <i3dMapping id="ridgeMarkerRightHydraulic" node="0>0|1|5|3|4|1" />
        <i3dMapping id="ridgeMarkerRightHydraulicPunch" node="0>0|1|5|3|4|1|0" />
        <i3dMapping id="whiteRectangle_01_01" node="0>0|1|5|3|5|0" />
        <i3dMapping id="fertilizerEffect08LinkNode" node="0>0|1|5|3|9" />
        <i3dMapping id="smokeEmitter02" node="0>0|1|5|3|10" />
        <i3dMapping id="areaWidth" node="0>0|1|5|3|11" />
        <i3dMapping id="disc71" node="0>0|1|5|3|12|0|0" />
        <i3dMapping id="disc72" node="0>0|1|5|3|12|1|0" />
        <i3dMapping id="seederConnector06Part02Ref" node="0>0|1|5|4" />
        <i3dMapping id="seederConnector07Part01RefFrame" node="0>0|1|5|5" />
        <i3dMapping id="seederConnector07Part01" node="0>0|1|5|5|0" />
        <i3dMapping id="seederConnector07Part02" node="0>0|1|5|5|0|1" />
        <i3dMapping id="frameWheelRight01" node="0>0|1|5|8" />
        <i3dMapping id="frameWheelRight02" node="0>0|1|5|9" />
        <i3dMapping id="fertilizerEffect07LinkNode" node="0>0|1|5|11" />
        <i3dMapping id="disc61" node="0>0|1|5|12|0|0" />
        <i3dMapping id="disc62" node="0>0|1|5|12|1|0" />
        <i3dMapping id="maxima3TIL_vis_lod0" node="0>0|2|4|0" />
        <i3dMapping id="groundReferenceNode" node="0>0|3|0" />
        <i3dMapping id="depthNode" node="0>0|3|1" />
        <i3dMapping id="aiMarkerLeft" node="0>0|4|0" />
        <i3dMapping id="aiMarkerRight" node="0>0|4|1" />
        <i3dMapping id="aiMarkerBack" node="0>0|4|2" />
        <i3dMapping id="sizeMarkerLeft" node="0>0|4|3" />
        <i3dMapping id="sizeMarkerRight" node="0>0|4|4" />
        <i3dMapping id="sizeMarkerBack" node="0>0|4|5" />
        <i3dMapping id="aiCollisionNode" node="0>0|4|6" />
        <i3dMapping id="exactFillRootNodeSeeds" node="0>0|5|0" />
        <i3dMapping id="exactFillRootNodeFertilizer" node="0>0|5|1" />
    </i3dMappings>
</vehicle>
