﻿<?xml version="1.0" encoding="utf-8" standalone="no" ?>
<vehicle type="augerWagon" xmlns:xsi="http://www.w3.org/2001/XMLSchema-instance" xsi:noNamespaceSchemaLocation="../../../../shared/xml/schema/vehicle.xsd">
    <annotation>Copyright (C) GIANTS Software GmbH, All Rights Reserved.</annotation>

    <storeData>
        <name>WMB 4000</name>
        <specs>
            <neededPower>300</neededPower>
        </specs>
        <functions>
            <function>$l10n_function_augerWagon</function>
        </functions>
        <image>$data/vehicles/walkabout/motherBin4000/store_motherBin4000.png</image>
        <price>190000</price>
        <lifetime>600</lifetime>
        <rotation>0</rotation>
        <brand>WALKABOUT</brand>
        <category>augerWagons</category>
        <shopTranslationOffset>0 0.22 0</shopTranslationOffset>
        <shopRotationOffset>0.008 0 0</shopRotationOffset>
        <shopLoadingDelay initial="0.3"/>
        <vertexBufferMemoryUsage>2277120</vertexBufferMemoryUsage>
        <indexBufferMemoryUsage>866816</indexBufferMemoryUsage>
        <textureMemoryUsage>1114112</textureMemoryUsage>
        <instanceVertexBufferMemoryUsage>0</instanceVertexBufferMemoryUsage>
        <instanceIndexBufferMemoryUsage>0</instanceIndexBufferMemoryUsage>
        <audioMemoryUsage>0</audioMemoryUsage>
    </storeData>

    <base>
        <typeDesc>$l10n_typeDesc_augerWagon</typeDesc>
        <filename>$data/vehicles/walkabout/motherBin4000/motherBin4000.i3d</filename>
        <size width="4.5" length="18.1" height="3.85" lengthOffset="1.65"/>
        <components maxMass="130000">
            <component centerOfMass="0 1 0.4" solverIterationCount="10" mass="16000"/>
            <component centerOfMass="0 0 0"   solverIterationCount="10" mass="2000"/>
            <joint component1="1" component2="2" node="componentJoint" rotLimit="30 0 0"/>
        </components>
        <schemaOverlay attacherJointPosition="0 0" name="IMPLEMENT"/>
        <mapHotspot type="TRAILER"/>
    </base>

    <powerConsumer ptoRpm="400" neededMaxPtoPower="150"/>

    <wheels>
        <wheelConfigurations tireCategories="TRUCK">
            <tireCombination brand="CONTINENTAL" names="contiHybridHT3"/>
            <wheelConfiguration name="$l10n_configuration_valueDefault" price="0" saveId="DEFAULT">
                <wheels>
                    <wheel dimensions="385_65R22_5" isLeft="true" hasTireTracks="true" hasParticles="true">
                        <physics rotSpeed="1" tipOcclusionAreaGroupId="1" restLoad="1.5" repr="axis01" driveNode="wheel01" forcePointRatio="0.35" initialCompression="8" suspTravel="0.12" spring="125" damper="50" yOffset="-0.01" supportsWheelSink="false"/>
                        <steeringAxle scale="1"/>
                    </wheel>
                    <wheel dimensions="385_65R22_5" isLeft="false" hasTireTracks="true" hasParticles="true">
                        <physics rotSpeed="1" tipOcclusionAreaGroupId="1" restLoad="1.5" repr="axis02" driveNode="wheel02" forcePointRatio="0.35" initialCompression="8" suspTravel="0.12" spring="125" damper="50" yOffset="-0.01" supportsWheelSink="false"/>
                        <steeringAxle scale="1"/>
                    </wheel>
                    <wheel dimensions="385_65R22_5" isLeft="true" hasTireTracks="true" hasParticles="true">
                        <physics rotSpeed="1" tipOcclusionAreaGroupId="1" restLoad="1.5" repr="axis03" driveNode="wheel03" forcePointRatio="0.35" initialCompression="8" suspTravel="0.12" spring="125" damper="50" yOffset="-0.01" supportsWheelSink="false"/>
                        <steeringAxle scale="1"/>
                    </wheel>
                    <wheel dimensions="385_65R22_5" isLeft="false" hasTireTracks="true" hasParticles="true">
                        <physics rotSpeed="1" tipOcclusionAreaGroupId="1" restLoad="1.5" repr="axis04" driveNode="wheel04" forcePointRatio="0.35" initialCompression="8" suspTravel="0.12" spring="125" damper="50" yOffset="-0.01" supportsWheelSink="false"/>
                        <steeringAxle scale="1"/>
                    </wheel>
                    <wheel dimensions="385_65R22_5" isLeft="true" hasTireTracks="true" hasParticles="true">
                        <physics rotSpeed="1" tipOcclusionAreaGroupId="1" restLoad="1.4" repr="axis05" driveNode="wheel05" forcePointRatio="0.35" initialCompression="8" suspTravel="0.12" spring="125" damper="50" yOffset="-0.01" supportsWheelSink="false"/>
                        <steeringAxle scale="1"/>
                    </wheel>
                    <wheel dimensions="385_65R22_5" isLeft="false" hasTireTracks="true" hasParticles="true">
                        <physics rotSpeed="1" tipOcclusionAreaGroupId="1" restLoad="1.4" repr="axis06" driveNode="wheel06" forcePointRatio="0.35" initialCompression="8" suspTravel="0.12" spring="125" damper="50" yOffset="-0.01" supportsWheelSink="false"/>
                        <steeringAxle scale="1"/>
                    </wheel>
                    <wheel dimensions="385_65R22_5" isLeft="true" hasTireTracks="true" hasParticles="true">
                        <physics rotSpeed="1" tipOcclusionAreaGroupId="1" restLoad="1.4" repr="axis07" driveNode="wheel07" forcePointRatio="0.35" initialCompression="8" suspTravel="0.12" spring="125" damper="50" yOffset="-0.01" supportsWheelSink="false"/>
                        <steeringAxle scale="1"/>
                    </wheel>
                    <wheel dimensions="385_65R22_5" isLeft="false" hasTireTracks="true" hasParticles="true">
                        <physics rotSpeed="1" tipOcclusionAreaGroupId="1" restLoad="1.4" repr="axis08" driveNode="wheel08" forcePointRatio="0.35" initialCompression="8" suspTravel="0.12" spring="125" damper="50" yOffset="-0.01" supportsWheelSink="false"/>
                        <steeringAxle scale="1"/>
                    </wheel>

                    <wheel dimensions="385_65R22_5" isLeft="true" hasTireTracks="true" hasParticles="true">
                        <physics rotSpeed="1" tipOcclusionAreaGroupId="1" restLoad="1.3" repr="axis09" driveNode="wheel09" forcePointRatio="0.35" initialCompression="8" suspTravel="0.12" spring="125" damper="50" yOffset="-0.01" supportsWheelSink="false" frictionScale="1.6"/>
                        <steeringAxle scale="1"/>
                        <steering node="steeringBar05" nodeMinTransX="0.075" nodeMaxTransX="-0.075"/>
                    </wheel>
                    <wheel dimensions="385_65R22_5" isLeft="false" hasTireTracks="true" hasParticles="true">
                        <physics rotSpeed="1" tipOcclusionAreaGroupId="1" restLoad="1.3" repr="axis10" driveNode="wheel10" forcePointRatio="0.35" initialCompression="8" suspTravel="0.12" spring="125" damper="50" yOffset="-0.01" supportsWheelSink="false" frictionScale="1.6"/>
                        <steeringAxle scale="1"/>
                    </wheel>
                    <wheel dimensions="385_65R22_5" isLeft="true" hasTireTracks="true" hasParticles="true">
                        <physics rotSpeed="1" tipOcclusionAreaGroupId="1" restLoad="1.2" repr="axis11" driveNode="wheel11" forcePointRatio="0.35" initialCompression="8" suspTravel="0.12" spring="125" damper="50" yOffset="-0.01" supportsWheelSink="false" frictionScale="1.7"/>
                        <steeringAxle scale="1"/>
                        <steering node="steeringBar06" nodeMinTransX="0.075" nodeMaxTransX="-0.075"/>
                    </wheel>
                    <wheel dimensions="385_65R22_5" isLeft="false" hasTireTracks="true" hasParticles="true">
                        <physics rotSpeed="1" tipOcclusionAreaGroupId="1" restLoad="1.2" repr="axis12" driveNode="wheel12" forcePointRatio="0.35" initialCompression="8" suspTravel="0.12" spring="125" damper="50" yOffset="-0.01" supportsWheelSink="false" frictionScale="1.7"/>
                        <steeringAxle scale="1"/>
                    </wheel>
                    <wheel dimensions="385_65R22_5" isLeft="true" hasTireTracks="true" hasParticles="true">
                        <physics rotSpeed="1" tipOcclusionAreaGroupId="1" restLoad="1.2" repr="axis13" driveNode="wheel13" forcePointRatio="0.35" initialCompression="8" suspTravel="0.12" spring="125" damper="50" yOffset="-0.01" supportsWheelSink="false" frictionScale="1.8"/>
                        <steeringAxle scale="1"/>
                        <steering node="steeringBar07" nodeMinTransX="0.075" nodeMaxTransX="-0.075"/>
                    </wheel>
                    <wheel dimensions="385_65R22_5" isLeft="false" hasTireTracks="true" hasParticles="true">
                        <physics rotSpeed="1" tipOcclusionAreaGroupId="1" restLoad="1.2" repr="axis14" driveNode="wheel14" forcePointRatio="0.35" initialCompression="8" suspTravel="0.12" spring="125" damper="50" yOffset="-0.01" supportsWheelSink="false" frictionScale="1.8"/>
                        <steeringAxle scale="1"/>
                    </wheel>
                </wheels>
            </wheelConfiguration>
        </wheelConfigurations>

        <rimMaterial materialTemplateName="WALKABOUT_WHITE1"/>
        <hubMaterial materialTemplateName="WALKABOUT_BLUE1"/>

        <ackermannSteeringConfigurations>
            <ackermannSteering rotSpeed="2" rotMax="60" rotCenter="0 5" />
        </ackermannSteeringConfigurations>

        <hubs>
            <hub linkNode="wheel01" filename="$data/shared/wheels/hubs/hub_n10_5.xml" isLeft="true"  scale="0.335 0.335 0.335" />
            <hub linkNode="wheel02" filename="$data/shared/wheels/hubs/hub_n10_5.xml" isLeft="false" scale="0.335 0.335 0.335" />
            <hub linkNode="wheel03" filename="$data/shared/wheels/hubs/hub_n10_5.xml" isLeft="true"  scale="0.335 0.335 0.335" />
            <hub linkNode="wheel04" filename="$data/shared/wheels/hubs/hub_n10_5.xml" isLeft="false" scale="0.335 0.335 0.335" />
            <hub linkNode="wheel05" filename="$data/shared/wheels/hubs/hub_n10_5.xml" isLeft="true"  scale="0.335 0.335 0.335" />
            <hub linkNode="wheel06" filename="$data/shared/wheels/hubs/hub_n10_5.xml" isLeft="false" scale="0.335 0.335 0.335" />
            <hub linkNode="wheel07" filename="$data/shared/wheels/hubs/hub_n10_5.xml" isLeft="true"  scale="0.335 0.335 0.335" />
            <hub linkNode="wheel08" filename="$data/shared/wheels/hubs/hub_n10_5.xml" isLeft="false" scale="0.335 0.335 0.335" />
            <hub linkNode="wheel09" filename="$data/shared/wheels/hubs/hub_n10_5.xml" isLeft="true"  scale="0.335 0.335 0.335" />
            <hub linkNode="wheel10" filename="$data/shared/wheels/hubs/hub_n10_5.xml" isLeft="false" scale="0.335 0.335 0.335" />
            <hub linkNode="wheel11" filename="$data/shared/wheels/hubs/hub_n10_5.xml" isLeft="true"  scale="0.335 0.335 0.335" />
            <hub linkNode="wheel12" filename="$data/shared/wheels/hubs/hub_n10_5.xml" isLeft="false" scale="0.335 0.335 0.335" />
            <hub linkNode="wheel13" filename="$data/shared/wheels/hubs/hub_n10_5.xml" isLeft="true"  scale="0.335 0.335 0.335" />
            <hub linkNode="wheel14" filename="$data/shared/wheels/hubs/hub_n10_5.xml" isLeft="false" scale="0.335 0.335 0.335" />
        </hubs>
    </wheels>

    <attachable>
        <inputAttacherJoints>
            <inputAttacherJoint node="attacherJoint" jointType="trailer" rootNode="motherBin4000_drawbar_component2" attacherHeight="0.6" />
        </inputAttacherJoints>
        <brakeForce force="0.5" maxForce="2" maxForceMass="130000"/>
        <support animationName="moveSupport" />
        <steeringAxleAngleScale backwards="true" speedDependent="false" forceUsage="true"/>
        <airConsumer usage="0.3" />
        <sounds>
            <active file="$data/sounds/tools/trailer/trailerRattle_02.wav" innerRadius="10" outerRadius="50" volumeScale="2.5" isLocalSound="true" pitchScale="0.8">
                <volume indoor="0.6" outdoor="0.9" >
                    <modifier type="WHEEL_SUSPENSION" value="-0.04" modifiedValue="0.3"/>
                    <modifier type="WHEEL_SUSPENSION" value="-0.02" modifiedValue="0.2"/>
                    <modifier type="WHEEL_SUSPENSION" value="-0.00" modifiedValue="0.0"/>
                    <modifier type="WHEEL_SUSPENSION" value="0.02" modifiedValue="0.2"/>
                    <modifier type="WHEEL_SUSPENSION" value="0.04" modifiedValue="0.3"/>

                    <modifier type="SPEED" value="0.0" modifiedValue="0.0"/>
                    <modifier type="SPEED" value="2.0" modifiedValue="1.0"/>
                    <modifier type="SPEED" value="40.0" modifiedValue="1.0"/>
                </volume>
                <lowpassCutoffFrequency indoor="300" outdoor="20000" />
                <lowpassGain indoor="0.7" outdoor="1" />
            </active>
        </sounds>
    </attachable>

    <powerTakeOffs>
        <input inputAttacherJointIndices="1" inputNode="ptoInputNode" aboveAttacher="true" detachNode="ptoDetachNode"/>
    </powerTakeOffs>

    <connectionHoses>
        <hose inputAttacherJointIndices="1" type="hydraulicIn" node="hydraulicIn01" adapterNode="hydraulicIn01_detachedAdapter" length="2.3" diameter="0.02">
            <objectChange node="hydraulicIn01_detached" visibilityActive="false" visibilityInactive="true"/>
        </hose>
        <hose inputAttacherJointIndices="1" type="hydraulicOut" node="hydraulicOut01" adapterNode="hydraulicOut01_detachedAdapter" length="2.3" diameter="0.02">
            <objectChange node="hydraulicOut01_detached" visibilityActive="false" visibilityInactive="true"/>
        </hose>

        <hose inputAttacherJointIndices="1" type="hydraulicIn" node="hydraulicIn02" adapterNode="hydraulicIn02_detachedAdapter" length="2.3" diameter="0.02">
            <objectChange node="hydraulicIn02_detached" visibilityActive="false" visibilityInactive="true"/>
        </hose>
        <hose inputAttacherJointIndices="1" type="hydraulicOut" node="hydraulicOut02" adapterNode="hydraulicOut02_detachedAdapter" length="2.3" diameter="0.02">
            <objectChange node="hydraulicOut02_detached" visibilityActive="false" visibilityInactive="true"/>
        </hose>
        <hose inputAttacherJointIndices="1" type="electric" node="electric" adapterNode="electric_detachedAdapter" length="2.3" diameter="0.02" straighteningFactor="1">
            <objectChange node="electric_detached" visibilityActive="false" visibilityInactive="true" />
        </hose>
    </connectionHoses>

    <lights>
        <realLights>
            <high>
                <light          node="backLightsHigh"     lightTypes="0" />
                <light          node="workLightFrontHigh" lightTypes="1" />
                <brakeLight     node="backLightsHigh" />
                <turnLightLeft  node="turnLightLeftBack" />
                <turnLightRight node="turnLightRightBack" />
            </high>
        </realLights>

        <staticLightCompounds>
            <staticLightCompound>
                <node node="motherBin4000Lights_static" intensity="15"/>
                <node node="motherBin4000LightsGlass_static" intensity="1"/>
            </staticLightCompound>
        </staticLightCompounds>
    </lights>

    <licensePlates>
        <licensePlate node="licensePlateNodeBack" position="BACK" preferedType="SQUARISH" placementArea="0.2 0.3 0.2 0.3"/>
    </licensePlates>

    <animations>
        <animation name="foldPipe" soundVolumeFactor="1.4">
            <part node="screen"           startTime="0" endTime="1" startRot="0 0 -90"     endRot="0 0 0" />
            <part node="augerArm02Holder" startTime="0" endTime="1" startRot="0 0 65.319"  endRot="0 0 0" />
            <part node="augerArm01"       startTime="0" endTime="6" startRot="0 0 0"       endRot="0 0 0" />
            <part node="augerArm02"       startTime="0" endTime="6" startRot="0 0 148.832" endRot="0 0 0" />
            <part node="augerArm03"       startTime="0" endTime="6" startRot="0 0 0"       endRot="0 0 0" />

            <sound template="hydraulicOpen05"       startTime="0.01" endTime="5.99"  direction="0" pitchScale="1.4" volumeScale="1.4" fadeIn="0.1" fadeOut="0.1" linkNode="augerArm01"/>
            <sound template="hydraulicClose03"      startTime="0.01" endTime="5.99"  direction="0"  pitchScale="1.7" volumeScale="2.0" linkNode="augerArm01" fadeIn="0.1" fadeOut="0.1"/>
            <sound template="cylinderPunch"         startTime="0.02" direction="-1"                pitchScale="1.1" volumeScale="1.1" linkNode="augerArm01"/>
            <sound template="clackVar1"             startTime="0.1"  direction="-1"                                 volumeScale="0.7" linkNode="augerArm01"/>
            <sound template="clackVar4"             startTime="0.01" direction="1"                 pitchScale="0.4" volumeScale="3.0" fadeIn="0.2" linkNode="augerArm01"/>
            <sound template="clackVar4"             startTime="5.99" direction="-1"                pitchScale="0.4" volumeScale="3.0" fadeIn="0.2" linkNode="augerArm01"/>
            <sound template="cylinderPunch"         startTime="5.99" direction="1"                 pitchScale="1.3" volumeScale="1.1" linkNode="augerArm01"/>
            <sound template="clackVar1"             startTime="5.7"  direction="1"                 pitchScale="0.8" volumeScale="0.8" linkNode="augerArm01"/>
            <sound template="latchSmall"            startTime="5.6"  direction="1"                 pitchScale="0.4" volumeScale="0.3" linkNode="augerArm01"/>
            <sound template="hingeMedium"           startTime="1.8"  direction="1"                 pitchScale="0.3" volumeScale="2.5" linkNode="augerArm01"/>
            <sound template="clackVar6"             startTime="1"    direction="1"                 pitchScale="1"   volumeScale="1"   linkNode="screen"/>
            <sound template="hingeSmall"            startTime="1"    direction="-1"                pitchScale="0.4" volumeScale="0.2" linkNode="screen"/>
            <sound template="hingeSmall"            startTime="0.01" direction="1"                 pitchScale="0.4" volumeScale="0.2" linkNode="screen"/>
        </animation>

        <animation name="raycastNodeAnim">
            <part node="pipeRaycastNode" startTime="0" endTime="1" startRot="0 0 -25" endRot="0 0 -30" />
        </animation>

        <animation name="moveSupport">
            <part node="supportArm"       startTime="0.00" endTime="0.75" startRot="0 0 0"       endRot="0 0 90" />
            <part node="supportCollision" startTime="0.00" endTime="0.75" startTrans="0 0.288 0" endTrans="0 -0.15 0" />

            <sound template="metalClose"   startTime="0.01" direction="-1" volumeScale="0.7" pitchScale="2.8" linkNode="attacherJoint"/>
            <sound template="metalClose"   startTime="0.70" direction="1"  volumeScale="0.7" pitchScale="2.8" linkNode="attacherJoint"/>
            <sound template="clackVar1"    startTime="0.10" direction="1"  volumeScale="1.3" pitchScale="1.8" linkNode="attacherJoint"/>
            <sound template="vibratingImp" startTime="0.10" direction="-1" volumeScale="1.3" pitchScale="2" linkNode="attacherJoint"/>
            <sound template="clackVar1"    startTime="0.70" direction="-1" volumeScale="1.3" pitchScale="1.8" linkNode="attacherJoint"/>
        </animation>

        <animation name="toggleCover">
            <part node="covers_closed" startTime="0"    endTime="0.05" visibility="true" />
            <part node="covers_closed" startTime="0.05" endTime="0.1"  visibility="false" />
            <part node="covers_opened" startTime="0"    endTime="0.05" visibility="false" />
            <part node="covers_opened" startTime="0.05" endTime="0.1"  visibility="true" />

            <sound template="fabricCover2" startTime="0.01" direction="1"  volumeScale="1.4" pitchScale="1.5"/>
            <sound template="fabricCover1" startTime="0.05" direction="-1" volumeScale="1.4" pitchScale="1.8"/>
        </animation>
    </animations>

    <cylindered>
        <movingTools>
            <movingTool node="augerArm03" freezingPipeStates="1">
                <controls axis="AXIS_PIPE" invertAxis="false" mouseSpeedFactor="0.2" iconName="PIPE_END_ROTATE" />
                <rotation rotSpeed="25" rotAcceleration="200" rotMin="0" rotMax="25" startRot="0" rotationAxis="3"/>
                <dependentAnimation name="raycastNodeAnim" rotationAxis="3" minValue="0" maxValue="25"/>
                <dependentPart node="augerArm03Hydraulic" />
            </movingTool>
            <movingTool node="augerArm02" playSound="true" >
                <dependentPart node="augerArm02Part01" />
            </movingTool>
        </movingTools>

        <movingParts>
            <movingPart node="drawbar" referencePoint="drawbarRef" referenceFrame="drawbarRef" limitedAxis="1" isActiveDirty="true" maxUpdateDistance="300">
                    <powerTakeOffs indices="1"/>
            </movingPart>
            <movingPart node="steeringBar01"       referencePoint="steeringBar01Ref"       referenceFrame="steeringBar01Ref"       isActiveDirty="true" maxUpdateDistance="30" scaleZ="true"/>
            <movingPart node="steeringBar02"       referencePoint="steeringBar02Ref"       referenceFrame="steeringBar02Ref"       isActiveDirty="true" maxUpdateDistance="30" scaleZ="true"/>
            <movingPart node="steeringBar03"       referencePoint="steeringBar03Ref"       referenceFrame="steeringBar03Ref"       isActiveDirty="true" maxUpdateDistance="30" scaleZ="true"/>
            <movingPart node="steeringBar04"       referencePoint="steeringBar04Ref"       referenceFrame="steeringBar04Ref"       isActiveDirty="true" maxUpdateDistance="30" scaleZ="true"/>
            <movingPart node="steeringBar05Part01" referencePoint="steeringBar05Part01Ref" referenceFrame="steeringBar05Part01Ref" isActiveDirty="true" maxUpdateDistance="30" scaleZ="true"/>
            <movingPart node="steeringBar05Part02" referencePoint="steeringBar05Part02Ref" referenceFrame="steeringBar05Part02Ref" isActiveDirty="true" maxUpdateDistance="30" scaleZ="true"/>
            <movingPart node="steeringBar06Part01" referencePoint="steeringBar06Part01Ref" referenceFrame="steeringBar06Part01Ref" isActiveDirty="true" maxUpdateDistance="30" scaleZ="true"/>
            <movingPart node="steeringBar06Part02" referencePoint="steeringBar06Part02Ref" referenceFrame="steeringBar06Part02Ref" isActiveDirty="true" maxUpdateDistance="30" scaleZ="true"/>
            <movingPart node="steeringBar07Part01" referencePoint="steeringBar07Part01Ref" referenceFrame="steeringBar07Part01Ref" isActiveDirty="true" maxUpdateDistance="30" scaleZ="true"/>
            <movingPart node="steeringBar07Part02" referencePoint="steeringBar07Part02Ref" referenceFrame="steeringBar07Part02Ref" isActiveDirty="true" maxUpdateDistance="30" scaleZ="true"/>
            <movingPart node="augerArm02Part01"    localReferencePoint="augerArm02Part02"  referencePoint="augerArm02Part02Ref"    referenceFrame="augerArm02Part01RefFrame">
                <dependentPart node="augerArm02Part02" />
                <dependentPart node="augerArm02Part01Hydraulic" />
            </movingPart>
            <movingPart node="augerArm02Part02"          referencePoint="augerArm02Part02Ref"          referenceFrame="augerArm02Part02RefFrame"/>
            <movingPart node="augerArm02Part01Hydraulic" referencePoint="augerArm02Part01HydraulicRef" referenceFrame="augerArm02Part01HydraulicRefFrame">
                <translatingPart node="augerArm02Part01HydraulicPunch" />
            </movingPart>
            <movingPart node="augerArm03Hydraulic" referencePoint="augerArm03HydraulicRef" referenceFrame="augerArm03HydraulicRef">
                <translatingPart node="augerArm03HydraulicPunch" />
            </movingPart>
        </movingParts>

        <sounds>
            <actionSound template="hydraulicOpen05"       pitchScale="1.6" volumeScale="1.8" linkNode="augerArm03Hydraulic" actionNames="TRANSLATING_POS TRANSLATING_NEG" nodes="augerArm03Hydraulic" fadeIn="0.1" fadeOut="0.1"/>
            <actionSound template="clackVar4"             pitchScale="1"   volumeScale="0.2" linkNode="augerArm03"          actionNames="TOOL_MOVE_END_POS_LIMIT"         nodes="augerArm03"/>
            <actionSound template="sheetImp02"            pitchScale="1.7" volumeScale="0.5" linkNode="augerArm03"          actionNames="TOOL_MOVE_END_POS_LIMIT"         nodes="augerArm03"/>
            <actionSound template="clackVar6"             pitchScale="1"   volumeScale="0.5" linkNode="augerArm03"          actionNames="TOOL_MOVE_END_POS_LIMIT"         nodes="augerArm03"/>
            <actionSound template="sheetImp02"            pitchScale="1.5" volumeScale="0.5" linkNode="augerArm03"          actionNames="TOOL_MOVE_END_NEG_LIMIT"         nodes="augerArm03"/>
            <actionSound template="clackVar6"             pitchScale="0.8" volumeScale="0.5" linkNode="augerArm03"          actionNames="TOOL_MOVE_END_NEG_LIMIT"         nodes="augerArm03"/>
        </sounds>
    </cylindered>

    <fillUnit>
        <fillUnitConfigurations>
            <fillUnitConfiguration>
                <fillUnits>
                    <fillUnit shopDisplayUnit="CUBICMETER" fillTypeCategories="AUGERWAGON" capacity="282000" >
                        <exactFillRootNode node="exactFillRootNode" />
                        <dashboard displayType="TEXT" valueType="fillLevel" node="numbersWeight" textColor="1 0 0 1" textSize="0.13" textMask="000000" font="DIGIT"/>
                    </fillUnit>
                </fillUnits>
            </fillUnitConfiguration>
        </fillUnitConfigurations>
    </fillUnit>

    <fillVolume>
        <fillVolumeConfigurations>
            <fillVolumeConfiguration>
                <volumes>
                    <volume node="fillVolume" maxDelta="0.2" fillUnitIndex="1" />
                </volumes>
            </fillVolumeConfiguration>
        </fillVolumeConfigurations>

        <unloadInfos>
            <unloadInfo>
                <node node="unloadInfo" width="0.3" length="0.3" />
            </unloadInfo>
        </unloadInfos>
    </fillVolume>

    <pipe dischargeNodeIndex="1">
        <states num="2" unloading="2" />
        <animation name="foldPipe" speedScale="1" />
        <unloadingTriggers>
            <unloadingTrigger node="trailerTrigger" />
        </unloadingTriggers>
    </pipe>

    <dischargeable>
        <dischargeNode node="pipeRaycastNode" emptySpeed="2000" fillUnitIndex="1" unloadInfoIndex="1" maxDistance="8">
            <info width="0.3" length="0.3" useRaycastHitPosition="true"/>

            <effects>
                <effectNode effectClass="PipeEffect" effectNode="pipeEffect"      materialType="pipe" delay="0" maxBending="0.9" positionUpdateNodes="pipeEffectSmoke" extraDistance="0.5"/>
                <effectNode                          effectNode="pipeEffectSmoke" materialType="unloadingSmoke"  delay="0.1" alignToWorldY="true"/>
            </effects>

            <dischargeStateSound template="augerBelt" pitchScale="0.65" volumeScale="1.1" fadeIn="0.5" fadeOut="2.7"/>
        </dischargeNode>
    </dischargeable>

    <cover>
        <coverConfigurations>
            <coverConfiguration >
                <cover openAnimation="toggleCover" fillUnitIndices="1"/>
            </coverConfiguration>
        </coverConfigurations>
    </cover>

    <ai>
        <allowTurnBackward value="false"/>
        <agentAttachment jointNode="attacherJoint" rotCenterWheelIndices="1 2 3 4 5 6 7 8 9 10 11 12 13 14" useSize="true"/>
    </ai>

    <foliageBending>
        <bendingNode minX="-1.73" maxX="1.73" minZ="-7.2" maxZ="7.8" yOffset="0.4"/>
        <bendingNode minX="-0.80" maxX="0.80" minZ="-1.9" maxZ="1.0" yOffset="-0.1" node="motherBin4000_drawbar_component2"/>
    </foliageBending>

    <wearable wearDuration="480" workMultiplier="5" fieldMultiplier="2"/>
    <washable dirtDuration="90"  workMultiplier="3" fieldMultiplier="2" washDuration="1"/>

    <i3dMappings>
        <i3dMapping id="motherBin4000_main_component1" node="0>" />
        <i3dMapping id="motherBin4000_vis" node="0>0" />
        <i3dMapping id="axis01" node="0>0|0|0" />
        <i3dMapping id="wheel01" node="0>0|0|0|0" />
        <i3dMapping id="steeringBar01" node="0>0|0|0|1" />
        <i3dMapping id="axis02" node="0>0|0|1" />
        <i3dMapping id="wheel02" node="0>0|0|1|0" />
        <i3dMapping id="steeringBar01Ref" node="0>0|0|1|1" />
        <i3dMapping id="axis03" node="0>0|0|2" />
        <i3dMapping id="wheel03" node="0>0|0|2|0" />
        <i3dMapping id="steeringBar02" node="0>0|0|2|1" />
        <i3dMapping id="axis04" node="0>0|0|3" />
        <i3dMapping id="wheel04" node="0>0|0|3|0" />
        <i3dMapping id="steeringBar02Ref" node="0>0|0|3|1" />
        <i3dMapping id="axis05" node="0>0|0|4" />
        <i3dMapping id="wheel05" node="0>0|0|4|0" />
        <i3dMapping id="steeringBar03" node="0>0|0|4|1" />
        <i3dMapping id="axis06" node="0>0|0|5" />
        <i3dMapping id="wheel06" node="0>0|0|5|0" />
        <i3dMapping id="steeringBar03Ref" node="0>0|0|5|1" />
        <i3dMapping id="axis07" node="0>0|0|6" />
        <i3dMapping id="wheel07" node="0>0|0|6|0" />
        <i3dMapping id="steeringBar04" node="0>0|0|6|1" />
        <i3dMapping id="axis08" node="0>0|0|7" />
        <i3dMapping id="wheel08" node="0>0|0|7|0" />
        <i3dMapping id="steeringBar04Ref" node="0>0|0|7|1" />
        <i3dMapping id="axis09" node="0>0|0|8" />
        <i3dMapping id="wheel09" node="0>0|0|8|0" />
        <i3dMapping id="steeringBar05Part01" node="0>0|0|8|1" />
        <i3dMapping id="axis10" node="0>0|0|9" />
        <i3dMapping id="wheel10" node="0>0|0|9|0" />
        <i3dMapping id="steeringBar05Part02" node="0>0|0|9|1" />
        <i3dMapping id="axis11" node="0>0|0|10" />
        <i3dMapping id="wheel11" node="0>0|0|10|0" />
        <i3dMapping id="steeringBar06Part01" node="0>0|0|10|1" />
        <i3dMapping id="axis12" node="0>0|0|11" />
        <i3dMapping id="wheel12" node="0>0|0|11|0" />
        <i3dMapping id="steeringBar06Part02" node="0>0|0|11|1" />
        <i3dMapping id="axis13" node="0>0|0|12" />
        <i3dMapping id="wheel13" node="0>0|0|12|0" />
        <i3dMapping id="steeringBar07Part01" node="0>0|0|12|1" />
        <i3dMapping id="axis14" node="0>0|0|13" />
        <i3dMapping id="wheel14" node="0>0|0|13|0" />
        <i3dMapping id="steeringBar07Part02" node="0>0|0|13|1" />
        <i3dMapping id="steeringBar05" node="0>0|0|14" />
        <i3dMapping id="steeringBar05Part01Ref" node="0>0|0|14|0" />
        <i3dMapping id="steeringBar05Part02Ref" node="0>0|0|14|1" />
        <i3dMapping id="steeringBar06" node="0>0|0|15" />
        <i3dMapping id="steeringBar06Part01Ref" node="0>0|0|15|0" />
        <i3dMapping id="steeringBar06Part02Ref" node="0>0|0|15|1" />
        <i3dMapping id="steeringBar07" node="0>0|0|16" />
        <i3dMapping id="steeringBar07Part01Ref" node="0>0|0|16|0" />
        <i3dMapping id="steeringBar07Part02Ref" node="0>0|0|16|1" />
        <i3dMapping id="motherBin4000Lights_static" node="0>0|1|0|0" />
        <i3dMapping id="motherBin4000LightsGlass_static" node="0>0|1|0|1" />
        <i3dMapping id="backLightsHigh" node="0>0|1|1|0" />
        <i3dMapping id="turnLightLeftBack" node="0>0|1|2|0" />
        <i3dMapping id="turnLightRightBack" node="0>0|1|2|1" />
        <i3dMapping id="drawbar" node="0>0|2|0" />
        <i3dMapping id="supportArm" node="0>0|2|0|0|0" />
        <i3dMapping id="ptoDetachNode" node="0>0|2|0|1" />
        <i3dMapping id="augerArm01" node="0>0|2|1" />
        <i3dMapping id="augerArm02" node="0>0|2|1|0" />
        <i3dMapping id="augerArm03" node="0>0|2|1|0|0" />
        <i3dMapping id="augerArm03HydraulicRef" node="0>0|2|1|0|0|0" />
        <i3dMapping id="worklightBackStatic01" node="0>0|2|1|0|0|1|0|0" />
        <i3dMapping id="workLightFrontHigh" node="0>0|2|1|0|0|1|1" />
        <i3dMapping id="pipeRaycastNode" node="0>0|2|1|0|0|2|0" />
        <i3dMapping id="pipeEffect" node="0>0|2|1|0|0|5|0" />
        <i3dMapping id="pipeEffectSmoke" node="0>0|2|1|0|0|5|1" />
        <i3dMapping id="augerArm03Hydraulic" node="0>0|2|1|0|2" />
        <i3dMapping id="augerArm03HydraulicPunch" node="0>0|2|1|0|2|0" />
        <i3dMapping id="augerArm02Part02Ref" node="0>0|2|1|0|3" />
        <i3dMapping id="augerArm02Holder" node="0>0|2|1|1" />
        <i3dMapping id="hydraulicIn01" node="0>0|2|1|2|0" />
        <i3dMapping id="hydraulicIn01_detached" node="0>0|2|1|2|0|0" />
        <i3dMapping id="hydraulicIn01_detachedAdapter" node="0>0|2|1|2|0|0|0" />
        <i3dMapping id="hydraulicOut01" node="0>0|2|1|2|1" />
        <i3dMapping id="hydraulicOut01_detached" node="0>0|2|1|2|1|0" />
        <i3dMapping id="hydraulicOut01_detachedAdapter" node="0>0|2|1|2|1|0|0" />
        <i3dMapping id="hydraulicIn02" node="0>0|2|1|2|2" />
        <i3dMapping id="hydraulicIn02_detached" node="0>0|2|1|2|2|0" />
        <i3dMapping id="hydraulicIn02_detachedAdapter" node="0>0|2|1|2|2|0|0" />
        <i3dMapping id="hydraulicOut02" node="0>0|2|1|2|3" />
        <i3dMapping id="hydraulicOut02_detached" node="0>0|2|1|2|3|0" />
        <i3dMapping id="hydraulicOut02_detachedAdapter" node="0>0|2|1|2|3|0|0" />
        <i3dMapping id="electric" node="0>0|2|1|2|4" />
        <i3dMapping id="electric_detached" node="0>0|2|1|2|4|0" />
        <i3dMapping id="electric_detachedAdapter" node="0>0|2|1|2|4|0|0" />
        <i3dMapping id="augerArm02Part01RefFrame" node="0>0|2|1|4" />
        <i3dMapping id="augerArm02Part01" node="0>0|2|1|4|0" />
        <i3dMapping id="augerArm02Part02RefFrame" node="0>0|2|1|4|0|0" />
        <i3dMapping id="augerArm02Part02" node="0>0|2|1|4|0|0|0" />
        <i3dMapping id="augerArm02Part01HydraulicRef" node="0>0|2|1|4|0|1" />
        <i3dMapping id="augerArm02Part01HydraulicRefFrame" node="0>0|2|1|5" />
        <i3dMapping id="augerArm02Part01Hydraulic" node="0>0|2|1|5|0" />
        <i3dMapping id="augerArm02Part01HydraulicPunch" node="0>0|2|1|5|0|0" />
        <i3dMapping id="ptoInputNode" node="0>0|2|1|6" />
        <i3dMapping id="screen" node="0>0|2|2" />
        <i3dMapping id="numbersWeight" node="0>0|2|2|0" />
        <i3dMapping id="covers_closed" node="0>0|3|0" />
        <i3dMapping id="covers_opened" node="0>0|3|1" />
        <i3dMapping id="exactFillRootNode" node="0>0|4|0" />
        <i3dMapping id="fillVolume" node="0>0|4|1" />
        <i3dMapping id="unloadInfo" node="0>0|4|2" />
        <i3dMapping id="licensePlateNodeBack" node="0>0|5" />
        <i3dMapping id="trailerTrigger" node="0>0|6" />
        <i3dMapping id="componentJoint" node="0>0|8" />
        <i3dMapping id="motherBin4000_drawbar_component2" node="1>" />
        <i3dMapping id="attacherJoint" node="1>0" />
        <i3dMapping id="drawbarRef" node="1>1" />
        <i3dMapping id="supportCollision" node="1>2" />
    </i3dMappings>
</vehicle>
