<?xml version="1.0" encoding="utf-8" standalone="no" ?>
<vehicle type="manureBarrel" xmlns:xsi="http://www.w3.org/2001/XMLSchema-instance" xsi:noNamespaceSchemaLocation="../../../../shared/xml/schema/vehicle.xsd">
    <annotation>Copyright (C) GIANTS Software GmbH, All Rights Reserved.</annotation>

    <storeData>
        <name>PG II 28 Genesis</name>
        <specs>
            <neededPower>300</neededPower>
            <combination xmlFilename="$data/vehicles/bomech/multi4XL/multi4XL.xml"/>
            <combination xmlFilename="$data/vehicles/samsonAgro/sbh4_36/sbh4_36.xml"/>
        </specs>
        <functions>
            <function>$l10n_function_slurrySpreaderWithoutTool</function>
            <function>$l10n_function_wheelWeightsRecommended</function>
        </functions>
        <image>$data/vehicles/samsonAgro/pgII28Genesis/store_pgII28Genesis.png</image>
        <price>212500</price>
        <lifetime>600</lifetime>
        <rotation>0</rotation>
        <brand>SAMSONAGRO</brand>
        <category>slurryTanks</category>
        <shopTranslationOffset>0 -0.036 0</shopTranslationOffset>
        <shopRotationOffset>-0.04 0 0</shopRotationOffset>
        <vertexBufferMemoryUsage>4166912</vertexBufferMemoryUsage>
        <indexBufferMemoryUsage>1825024</indexBufferMemoryUsage>
        <textureMemoryUsage>786432</textureMemoryUsage>
        <instanceVertexBufferMemoryUsage>0</instanceVertexBufferMemoryUsage>
        <instanceIndexBufferMemoryUsage>0</instanceIndexBufferMemoryUsage>
        <audioMemoryUsage>0</audioMemoryUsage>
    </storeData>

    <base>
        <typeDesc>$l10n_typeDesc_manureBarrel</typeDesc>
        <filename>$data/vehicles/samsonAgro/pgII28Genesis/pgII28Genesis.i3d</filename>
        <size width="3.2" length="11.2" height="4.15" lengthOffset="-0.1"/>
        <speedLimit value="16"/>
        <components>
            <component centerOfMass="0 0.85 -1.35" solverIterationCount="20" mass="11680"/>
        </components>
        <schemaOverlay attacherJointPosition="0 0" name="IMPLEMENT"/>
        <mapHotspot type="TRAILER"/>
    </base>

    <wheels>
        <wheelConfigurations tireCategories="TRAILER">
            <wheelConfiguration name="$l10n_configuration_valueDefault" price="0" saveId="DEFAULT" numDynamicConfigurations="1">
                <wheels>
                    <wheel dimensions="800_60R32" isLeft="true" hasTireTracks="true" hasParticles="true">
                        <physics restLoad="2.2" repr="wheelFrontLeftRepr"  driveNode="wheelFrontLeft"  forcePointRatio="0.35" initialCompression="15" suspTravel="0.15" spring="78" damper="70" yOffset="0.035"/>
                        <innerRim filename="$data/shared/wheels/rims/rim009.i3d" nodeLeft="0|0" nodeRight="0|1" scale="0.5 0.6 0.6" widthAndDiam="26.3 50" offset="0.05"/>
                        <steering node="steeringBarFrontCenter" nodeMinTransX="0.08" nodeMaxTransX="-0.08"/>
                        <steeringAxle scale="0.4" rotMax="10" rotMin="-10"/>
                    </wheel>
                    <wheel dimensions="800_60R32" isLeft="false" hasTireTracks="true" hasParticles="true">
                        <physics restLoad="2.2" repr="wheelFrontRightRepr" driveNode="wheelFrontRight" forcePointRatio="0.35" initialCompression="15" suspTravel="0.15" spring="78" damper="70" yOffset="0.035"/>
                        <innerRim filename="$data/shared/wheels/rims/rim009.i3d" nodeLeft="0|0" nodeRight="0|1" scale="0.5 0.6 0.6" widthAndDiam="26.3 50" offset="0.05"/>
                        <steeringAxle scale="0.4" rotMax="10" rotMin="-10"/>
                    </wheel>
                    <wheel dimensions="800_60R32" isLeft="true">
                        <physics restLoad="2.2" repr="wheelMiddleLeft"                                 forcePointRatio="0.35" initialCompression="15" suspTravel="0.15" spring="78" damper="70" yOffset="0.035"/>
                        <wheelChock parkingNode="wheelChock06_01" filename="$data/shared/assets/wheelChocks/wheelChock06.i3d"/>
                        <wheelChock parkingNode="wheelChock06_02" filename="$data/shared/assets/wheelChocks/wheelChock06.i3d" isInverted="true"/>
                        <innerRim filename="$data/shared/wheels/rims/rim009.i3d" nodeLeft="0|0" nodeRight="0|1" scale="0.5 0.6 0.6" widthAndDiam="26.3 50" offset="0.05"/>
                    </wheel>
                    <wheel dimensions="800_60R32" isLeft="false">
                        <physics restLoad="2.2" repr="wheelMiddleRight"                                forcePointRatio="0.35" initialCompression="15" suspTravel="0.15" spring="78" damper="70" yOffset="0.035"/>
                        <innerRim filename="$data/shared/wheels/rims/rim009.i3d" nodeLeft="0|0" nodeRight="0|1" scale="0.5 0.6 0.6" widthAndDiam="26.3 50" offset="0.05"/>
                    </wheel>
                    <wheel dimensions="800_60R32" isLeft="true" hasTireTracks="true" hasParticles="true">
                        <physics restLoad="2.2" repr="wheelBackLeftRepr"  driveNode="wheelBackLeft"    forcePointRatio="0.35" initialCompression="15" suspTravel="0.15" spring="78" damper="70" yOffset="0.035"/>
                        <innerRim filename="$data/shared/wheels/rims/rim009.i3d" nodeLeft="0|0" nodeRight="0|1" scale="0.5 0.6 0.6" widthAndDiam="26.3 50" offset="0.05"/>
                        <steering node="steeringBarBackCenter" nodeMinTransX="0.08" nodeMaxTransX="-0.08"/>
                        <steeringAxle scale="-0.7" rotMax="10" rotMin="-10"/>
                    </wheel>
                    <wheel dimensions="800_60R32" isLeft="false" hasTireTracks="true" hasParticles="true">
                        <physics restLoad="2.2" repr="wheelBackRightRepr" driveNode="wheelBackRight"   forcePointRatio="0.35" initialCompression="15" suspTravel="0.15" spring="78" damper="70" yOffset="0.035"/>
                        <innerRim filename="$data/shared/wheels/rims/rim009.i3d" nodeLeft="0|0" nodeRight="0|1" scale="0.5 0.6 0.6" widthAndDiam="26.3 50" offset="0.05"/>
                        <steeringAxle scale="-0.7" rotMax="10" rotMin="-10"/>
                    </wheel>
                </wheels>

                <objectChange node="pumpDefault" visibilityActive="true" visibilityInactive="false"/>
                <objectChange node="wheelMiddleLeftHubDefault" visibilityActive="true" visibilityInactive="false"/>
                <objectChange node="wheelMiddleRightHubDefault" visibilityActive="true" visibilityInactive="false"/>
            </wheelConfiguration>

            <wheelConfiguration name="HWD" price="1000" saveId="BROAD" numDynamicConfigurations="1">
                <wheels>
                    <wheel dimensions="800_60R32" isLeft="true" hasTireTracks="true" hasParticles="true">
                        <physics restLoad="2.2" repr="wheelFrontLeftRepr"  driveNode="wheelFrontLeft"  forcePointRatio="0.35" initialCompression="15" suspTravel="0.15" spring="78" damper="70" yOffset="0.035"/>
                        <innerRim filename="$data/shared/wheels/rims/rim009.i3d" nodeLeft="0|0" nodeRight="0|1" scale="0.5 0.6 0.6" widthAndDiam="26.3 50" offset="0.05"/>
                        <steering node="steeringBarFrontCenter" nodeMinTransX="0.08" nodeMaxTransX="-0.08"/>
                        <steeringAxle scale="0.4" rotMax="10" rotMin="-10"/>
                    </wheel>
                    <wheel dimensions="800_60R32" isLeft="false" hasTireTracks="true" hasParticles="true">
                        <physics restLoad="2.2" repr="wheelFrontRightRepr" driveNode="wheelFrontRight" forcePointRatio="0.35" initialCompression="15" suspTravel="0.15" spring="78" damper="70" yOffset="0.035"/>
                        <innerRim filename="$data/shared/wheels/rims/rim009.i3d" nodeLeft="0|0" nodeRight="0|1" scale="0.5 0.6 0.6" widthAndDiam="26.3 50" offset="0.05"/>
                        <steeringAxle scale="0.4" rotMax="10" rotMin="-10"/>
                    </wheel>
                    <wheel dimensions="800_60R32" isLeft="true">
                        <physics restLoad="2.2" repr="wheelMiddleLeft"                                 forcePointRatio="0.35" initialCompression="15" suspTravel="0.15" spring="78" damper="70" yOffset="0.035"/>
                        <wheelChock parkingNode="wheelChock06_01" filename="$data/shared/assets/wheelChocks/wheelChock06.i3d"/>
                        <wheelChock parkingNode="wheelChock06_02" filename="$data/shared/assets/wheelChocks/wheelChock06.i3d" isInverted="true"/>
                        <innerRim filename="$data/shared/wheels/rims/rim009.i3d" nodeLeft="0|1" nodeRight="0|0" scale="0.5 0.6 0.6" widthAndDiam="26.3 50" offset="0.15"/>
                    </wheel>
                    <wheel dimensions="800_60R32" isLeft="false">
                        <physics restLoad="2.2" repr="wheelMiddleRight"                                forcePointRatio="0.35" initialCompression="15" suspTravel="0.15" spring="78" damper="70" yOffset="0.035"/>
                        <innerRim filename="$data/shared/wheels/rims/rim009.i3d" nodeLeft="0|1" nodeRight="0|0" scale="0.5 0.6 0.6" widthAndDiam="26.3 50" offset="0.15"/>
                    </wheel>
                    <wheel dimensions="800_60R32" isLeft="true" hasTireTracks="true" hasParticles="true">
                        <physics restLoad="2.2" repr="wheelBackLeftRepr"  driveNode="wheelBackLeft"    forcePointRatio="0.35" initialCompression="15" suspTravel="0.15" spring="78" damper="70" yOffset="0.035"/>
                        <innerRim filename="$data/shared/wheels/rims/rim009.i3d" nodeLeft="0|0" nodeRight="0|1" scale="0.5 0.6 0.6" widthAndDiam="26.3 50" offset="0.05"/>
                        <steering node="steeringBarBackCenter" nodeMinTransX="0.08" nodeMaxTransX="-0.08"/>
                        <steeringAxle scale="-0.7" rotMax="10" rotMin="-10"/>
                    </wheel>
                    <wheel dimensions="800_60R32" isLeft="false" hasTireTracks="true" hasParticles="true">
                        <physics restLoad="2.2" repr="wheelBackRightRepr" driveNode="wheelBackRight"   forcePointRatio="0.35" initialCompression="15" suspTravel="0.15" spring="78" damper="70" yOffset="0.035"/>
                        <innerRim filename="$data/shared/wheels/rims/rim009.i3d" nodeLeft="0|0" nodeRight="0|1" scale="0.5 0.6 0.6" widthAndDiam="26.3 50" offset="0.05"/>
                        <steeringAxle scale="-0.7" rotMax="10" rotMin="-10"/>
                    </wheel>
                </wheels>

                <objectChange node="pumpWithHWD" visibilityActive="true" visibilityInactive="false"/>
                <objectChange node="wheelMiddleLeftHubHWD" visibilityActive="true" visibilityInactive="false"/>
                <objectChange node="wheelMiddleRightHubHWD" visibilityActive="true" visibilityInactive="false"/>
                <objectChange node="ptoInput" translationActive="0 0 -0.248" translationInactive="0 0 0" />
            </wheelConfiguration>
        </wheelConfigurations>

        <hubs>
            <hub linkNode="wheelFrontLeft"             filename="$data/shared/wheels/hubs/hub_n10_5.xml" isLeft="true"  scale="0.33 0.33 0.33"/>
            <hub linkNode="wheelFrontRight"            filename="$data/shared/wheels/hubs/hub_n10_5.xml" isLeft="false" scale="0.33 0.33 0.33"/>
            <hub linkNode="wheelMiddleLeftHubDefault"  filename="$data/shared/wheels/hubs/hub_n10_5.xml" isLeft="true"  scale="0.33 0.33 0.33"/>
            <hub linkNode="wheelMiddleRightHubDefault" filename="$data/shared/wheels/hubs/hub_n10_5.xml" isLeft="false" scale="0.33 0.33 0.33"/>
            <hub linkNode="wheelMiddleLeftHubHWD"      filename="$data/shared/wheels/hubs/hub_n10_20.xml" isLeft="true"  scale="0.34 0.34 0.34" offset="0.185"/>
            <hub linkNode="wheelMiddleRightHubHWD"     filename="$data/shared/wheels/hubs/hub_n10_20.xml" isLeft="false" scale="0.34 0.34 0.34" offset="0.185"/>
            <hub linkNode="wheelBackLeft"              filename="$data/shared/wheels/hubs/hub_n10_5.xml" isLeft="true"  scale="0.33 0.33 0.33"/>
            <hub linkNode="wheelBackRight"             filename="$data/shared/wheels/hubs/hub_n10_5.xml" isLeft="false" scale="0.33 0.33 0.33"/>
        </hubs>
    </wheels>

    <attachable>
        <inputAttacherJoints>
            <inputAttacherJoint node="attacherJoint" jointType="trailerLow" attacherHeight="0.715" drawbarNode="drawbar"/>
        </inputAttacherJoints>
        <steeringAxleAngleScale backwards="false" speedDependent="false" forceUsage="true" />
        <brakeForce force="2.2" maxForce="4.8" maxForceMass="38500"/>
        <support animationName="moveSupport"/>
        <sounds>
            <active file="$data/sounds/tools/trailer/trailerRattle_02.wav" innerRadius="10" outerRadius="50" volumeScale="3.5" isLocalSound="true" pitchScale="1.1">
                <volume indoor="0.7" outdoor="0.9" >
                    <modifier type="WHEEL_SUSPENSION" value="-0.04" modifiedValue="0.2"/>
                    <modifier type="WHEEL_SUSPENSION" value="-0.02" modifiedValue="0.13"/>
                    <modifier type="WHEEL_SUSPENSION" value="-0.01" modifiedValue="0.02"/>
                    <modifier type="WHEEL_SUSPENSION" value="-0.00" modifiedValue="0.00"/>
                    <modifier type="WHEEL_SUSPENSION" value="0.01" modifiedValue="0.02"/>
                    <modifier type="WHEEL_SUSPENSION" value="0.02" modifiedValue="0.13"/>
                    <modifier type="WHEEL_SUSPENSION" value="0.04" modifiedValue="0.2"/>

                    <modifier type="SPEED" value="0.0" modifiedValue="0.0"/>
                    <modifier type="SPEED" value="2.0" modifiedValue="1.0"/>
                    <modifier type="SPEED" value="40.0" modifiedValue="1.0"/>
                </volume>
                <lowpassCutoffFrequency indoor="250" outdoor="20000" />
                <lowpassGain indoor="0.5" outdoor="1" />
            </active>
        </sounds>
    </attachable>

    <attacherJoints>
        <attacherJoint node="attacherJointBack" jointType="implement" lowerRotationOffset="-0.03" upperRotationOffset="-0.03" moveTime="2.5">
            <distanceToGround lower="0.21" upper="1.17"/>
            <rotationNode node="attacherJointBackRot" lowerRotation="-37 0 0" upperRotation="44 0 0"/>
            <rotationNode2 node="attacherJointBackRot2"/>
            <bottomArm rotationNode="attacherJointBackArmBottom" translationNode="attacherJointBackArmBottomTrans" referenceNode="referencePointBackBottom" zScale="-1" categoryRange="3"/>
            <topArm baseNode="attacherJointBackArmTop" filename="$data/shared/assets/upperLinks/walterscheidSO_65_560.xml" zScale="1" toggleVisibility="true"/>
            <schema position="1 0" rotation="0" invertX="false"/>
            <steeringBars leftNode="attacherJointBackArmTop2Ref"/>
        </attacherJoint>

        <sounds>
            <attach    template="attach01"/>
            <hydraulic template="hydraulicOpen02"/>
        </sounds>
    </attacherJoints>

    <powerTakeOffs>
        <input inputNode="ptoInput" detachNode="ptoDetach" inputAttacherJointNodes="attacherJoint" />

        <sounds>
            <turnedOn template="tractorPTO" volumeScale="0.5" linkNode="attacherJoint"/>
        </sounds>
    </powerTakeOffs>

    <connectionHoses>
        <hose inputAttacherJointIndices="1" type="hydraulicIn" node="hydraulicIn01"  length="1.7" diameter="0.02" straighteningFactor="0.5" adapterNode="hydraulicIn01_connector">
           <objectChange node="hydraulicIn01_detached" visibilityActive="false" visibilityInactive="true"/>
        </hose>
        <hose inputAttacherJointIndices="1" type="hydraulicOut" node="hydraulicOut01" length="1.7" diameter="0.02" straighteningFactor="0.5" adapterNode="hydraulicOut01_connector">
            <objectChange node="hydraulicOut01_detached" visibilityActive="false" visibilityInactive="true"/>
        </hose>
        <hose inputAttacherJointIndices="1" type="hydraulicIn" node="hydraulicIn02"  length="1.7" diameter="0.02" straighteningFactor="0.5" adapterNode="hydraulicIn02_connector">
           <objectChange node="hydraulicIn02_detached" visibilityActive="false" visibilityInactive="true"/>
        </hose>
        <hose inputAttacherJointIndices="1" type="hydraulicOut" node="hydraulicOut02" length="1.7" diameter="0.02" straighteningFactor="0.5" adapterNode="hydraulicOut02_connector">
            <objectChange node="hydraulicOut02_detached" visibilityActive="false" visibilityInactive="true"/>
        </hose>
        <hose inputAttacherJointIndices="1" type="hydraulicIn" node="hydraulicIn03"  length="1.7" diameter="0.02" straighteningFactor="0.5" adapterNode="hydraulicIn03_connector">
           <objectChange node="hydraulicIn03_detached" visibilityActive="false" visibilityInactive="true"/>
        </hose>
        <hose inputAttacherJointIndices="1" type="hydraulicOut" node="hydraulicOut03" length="1.7" diameter="0.02" straighteningFactor="0.5" adapterNode="hydraulicOut03_connector">
            <objectChange node="hydraulicOut03_detached" visibilityActive="false" visibilityInactive="true"/>
        </hose>
        <hose inputAttacherJointIndices="1" type="hydraulicIn" node="hydraulicIn04"  length="1.7" diameter="0.02" straighteningFactor="0.5" adapterNode="hydraulicIn04_connector">
           <objectChange node="hydraulicIn04_detached" visibilityActive="false" visibilityInactive="true"/>
        </hose>
        <hose inputAttacherJointIndices="1" type="hydraulicOut" node="hydraulicOut04" length="1.7" diameter="0.02" straighteningFactor="0.5" adapterNode="hydraulicOut04_connector">
            <objectChange node="hydraulicOut04_detached" visibilityActive="false" visibilityInactive="true"/>
        </hose>
        <hose inputAttacherJointIndices="1" type="airDoubleYellow" node="airYellow" length="1.7" diameter="0.015" straighteningFactor="0.3" adapterNode="airYellow_connector">
           <objectChange node="airYellow_detached" visibilityActive="false" visibilityInactive="true"/>
        </hose>
        <hose inputAttacherJointIndices="1" type="airDoubleRed" node="airRed" length="1.7" diameter="0.015" straighteningFactor="0.3" adapterNode="airRed_connector" >
            <objectChange node="airRed_detached" visibilityActive="false" visibilityInactive="true"/>
        </hose>
        <hose inputAttacherJointIndices="1" type="electric" node="electric" length="1.7" diameter="0.01" straighteningFactor="0.5" adapterNode="electric_connector" >
            <objectChange node="electric_detached" visibilityActive="false" visibilityInactive="true"/>
        </hose>

        <!-- attacherJoint Back -->
        <target attacherJointIndices="1" type="TOOL_CONNECTOR_TOP_RIGHT" adapterType="NONE" node="topLeftHose" straighteningFactor="5">
            <objectChange node="topLeftHose_connector" visibilityActive="true" visibilityInactive="false"/>
        </target>
        <target attacherJointIndices="1" type="hydraulicIn" node="hydraulicIn01Back" straighteningFactor="2">
            <objectChange node="hydraulicIn01Back_cover" rotationActive="-80 0 0" rotationInactive="0 0 0"/>
        </target>
        <target attacherJointIndices="1" type="hydraulicOut" node="hydraulicOut01Back" straighteningFactor="2">
            <objectChange node="hydraulicOut01Back_cover" rotationActive="-80 0 0" rotationInactive="0 0 0"/>
        </target>
        <target attacherJointIndices="1" type="hydraulicIn"  node="hydraulicIn02Back" straighteningFactor="2">
            <objectChange node="hydraulicIn02Back_cover" rotationActive="-80 0 0" rotationInactive="0 0 0"/>
        </target>
        <target attacherJointIndices="1" type="hydraulicOut" node="hydraulicOut02Back" straighteningFactor="2">
            <objectChange node="hydraulicOut02Back_cover" rotationActive="-80 0 0" rotationInactive="0 0 0"/>
        </target>
        <target attacherJointIndices="1" type="hydraulicIn"  node="hydraulicIn03Back" straighteningFactor="2">
            <objectChange node="hydraulicIn03Back_cover" rotationActive="-80 0 0" rotationInactive="0 0 0"/>
        </target>
        <target attacherJointIndices="1" type="hydraulicOut" node="hydraulicOut03Back" straighteningFactor="2">
            <objectChange node="hydraulicOut03Back_cover" rotationActive="-80 0 0" rotationInactive="0 0 0"/>
        </target>
        <target attacherJointIndices="1" type="hydraulicIn"  node="hydraulicIn04Back" straighteningFactor="2">
            <objectChange node="hydraulicIn04Back_cover" rotationActive="-80 0 0" rotationInactive="0 0 0"/>
        </target>
        <target attacherJointIndices="1" type="hydraulicOut" node="hydraulicOut04Back" straighteningFactor="2">
            <objectChange node="hydraulicOut04Back_cover" rotationActive="-80 0 0" rotationInactive="0 0 0"/>
        </target>
        <target attacherJointIndices="1" type="hydraulicIn"  node="hydraulicIn05Back" straighteningFactor="2">
            <objectChange node="hydraulicIn05Back_cover" rotationActive="-80 0 0" rotationInactive="0 0 0"/>
        </target>
        <target attacherJointIndices="1" type="hydraulicOut" node="hydraulicOut05Back" straighteningFactor="2">
            <objectChange node="hydraulicOut05Back_cover" rotationActive="-80 0 0" rotationInactive="0 0 0"/>
        </target>
        <target attacherJointIndices="1" type="hydraulicIn" node="hydraulicIn06Back" straighteningFactor="2">
            <objectChange node="hydraulicIn06Back_cover" rotationActive="-80 0 0" rotationInactive="0 0 0"/>
        </target>
        <target attacherJointIndices="1" type="hydraulicOut" node="hydraulicOut06Back" straighteningFactor="2">
            <objectChange node="hydraulicOut06Back_cover" rotationActive="-80 0 0" rotationInactive="0 0 0"/>
        </target>
        <target attacherJointIndices="1" type="hydraulicIn" node="hydraulicIn07Back" straighteningFactor="2">
            <objectChange node="hydraulicIn07Back_cover" rotationActive="-80 0 0" rotationInactive="0 0 0"/>
        </target>
        <target attacherJointIndices="1" type="hydraulicOut" node="hydraulicOut07Back" straighteningFactor="2">
            <objectChange node="hydraulicOut07Back_cover" rotationActive="-80 0 0" rotationInactive="0 0 0"/>
        </target>
        <target attacherJointIndices="1" type="hydraulicIn"  node="hydraulicIn08Back" straighteningFactor="2">
            <objectChange node="hydraulicIn08Back_cover" rotationActive="-80 0 0" rotationInactive="0 0 0"/>
        </target>
        <target attacherJointIndices="1" type="hydraulicOut" node="hydraulicOut08Back" straighteningFactor="2">
            <objectChange node="hydraulicOut08Back_cover" rotationActive="-80 0 0" rotationInactive="0 0 0"/>
        </target>
        <target attacherJointIndices="1" type="hydraulicIn"  node="hydraulicIn09Back" straighteningFactor="2">
            <objectChange node="hydraulicIn09Back_cover" rotationActive="-80 0 0" rotationInactive="0 0 0"/>
        </target>
        <target attacherJointIndices="1" type="hydraulicOut" node="hydraulicOut09Back" straighteningFactor="2">
            <objectChange node="hydraulicOut09Back_cover" rotationActive="-80 0 0" rotationInactive="0 0 0"/>
        </target>
        <target attacherJointIndices="1" type="hydraulicIn"  node="hydraulicIn10Back" straighteningFactor="2">
            <objectChange node="hydraulicIn10Back_cover" rotationActive="-80 0 0" rotationInactive="0 0 0"/>
        </target>
        <target attacherJointIndices="1" type="hydraulicOut" node="hydraulicOut10Back" straighteningFactor="2">
            <objectChange node="hydraulicOut10Back_cover" rotationActive="-80 0 0" rotationInactive="0 0 0"/>
        </target>
        <target attacherJointIndices="1" type="electric" node="electricBack" socket="electric"/>
        <sounds>
            <connect    type="airDoubleRed" template="hydraulicHosesAttach" volumeScale="0.7" linkNode="attacherJoint"/>
            <connect    type="electric"     template="generalConnection"    volumeScale="0.7" linkNode="attacherJoint"/>
            <disconnect type="airDoubleRed" template="hydraulicHosesDetach" volumeScale="0.7" linkNode="attacherJoint"/>
            <disconnect type="electric"     template="generalConnection"    volumeScale="0.7" linkNode="attacherJoint"/>
        </sounds>
    </connectionHoses>

    <powerConsumer ptoRpm="400" neededMinPtoPower="15" neededMaxPtoPower="20"/>

    <lights>
        <sharedLight linkNode="plateNumberLight04" filename="$data/shared/assets/lights/lizard/plateNumberLight04.xml" />

        <sharedLight linkNode="rearLight10_left01"  filename="$data/shared/assets/lights/lizard/rearLight10_left.xml" />
        <sharedLight linkNode="rearLight10_left02"  filename="$data/shared/assets/lights/lizard/rearLight10_left.xml" />
        <sharedLight linkNode="rearLight10_right01" filename="$data/shared/assets/lights/lizard/rearLight10_right.xml" />
        <sharedLight linkNode="rearLight10_right02" filename="$data/shared/assets/lights/lizard/rearLight10_right.xml" />
        <sharedLight linkNode="sideMarker03_left"  filename="$data/shared/assets/lights/lizard/sideMarker03_left.xml" />
        <sharedLight linkNode="sideMarker03_right" filename="$data/shared/assets/lights/lizard/sideMarker03_right.xml" />

        <sharedLight linkNode="sideMarker09Orange_left01" filename="$data/shared/assets/lights/lizard/sideMarker09Orange.xml" />
        <sharedLight linkNode="sideMarker09Orange_left02" filename="$data/shared/assets/lights/lizard/sideMarker09Orange.xml" />
        <sharedLight linkNode="sideMarker09Orange_left03" filename="$data/shared/assets/lights/lizard/sideMarker09Orange.xml" />
        <sharedLight linkNode="sideMarker09Orange_left04" filename="$data/shared/assets/lights/lizard/sideMarker09Orange.xml" />
        <sharedLight linkNode="sideMarker09Orange_right01" filename="$data/shared/assets/lights/lizard/sideMarker09Orange.xml" />
        <sharedLight linkNode="sideMarker09Orange_right02" filename="$data/shared/assets/lights/lizard/sideMarker09Orange.xml" />
        <sharedLight linkNode="sideMarker09Orange_right03" filename="$data/shared/assets/lights/lizard/sideMarker09Orange.xml" />
        <sharedLight linkNode="sideMarker09Orange_right04" filename="$data/shared/assets/lights/lizard/sideMarker09Orange.xml" />

        <sharedLight linkNode="workingLight15_01" lightTypes="1" filename="$data/shared/assets/lights/lizard/workingLight15.xml" />
        <sharedLight linkNode="workingLight15_02" lightTypes="1" filename="$data/shared/assets/lights/lizard/workingLight15.xml" />
        <sharedLight linkNode="workingLight15_03" lightTypes="1" filename="$data/shared/assets/lights/lizard/workingLight15.xml" />
        <sharedLight linkNode="workingLight15_04" lightTypes="1" filename="$data/shared/assets/lights/lizard/workingLight15.xml" />
        <sharedLight linkNode="workingLight15_05" lightTypes="1" filename="$data/shared/assets/lights/lizard/workingLight15.xml" />
        <sharedLight linkNode="workingLight15_06" lightTypes="1" filename="$data/shared/assets/lights/lizard/workingLight15.xml" />
        <sharedLight linkNode="workingLight15_07" lightTypes="1" filename="$data/shared/assets/lights/lizard/workingLight15.xml" />
        <sharedLight linkNode="workingLight15_08" lightTypes="1" filename="$data/shared/assets/lights/lizard/workingLight15.xml" />
        <sharedLight linkNode="workingLight15_09" lightTypes="1" filename="$data/shared/assets/lights/lizard/workingLight15.xml" />

        <realLights>
            <high>
                <light node="backLightsHigh" lightTypes="0" />
                <light node="licensePlateLightHigh" lightTypes="0" />
                <light node="workLightBackHigh" lightTypes="1" />
                <light node="workLightBackHighTurretPT" lightTypes="1" />
                <light node="workLightBackHighTurretSAP2" lightTypes="1" />
                <turnLightLeft node="turnLightLeftBack" />
                <turnLightRight node="turnLightRightBack" />
                <brakeLight node="backLightsHigh" />
            </high>
        </realLights>

        <beaconLights>
            <beaconLight node="beaconLight02" filename="$data/shared/assets/beaconLights/lizard/beaconLight02.xml" mountType="SURFACE" variationName="ROTATE"/>
        </beaconLights>
    </lights>

    <licensePlates>
        <licensePlate node="licensePlateBack" position="BACK" preferedType="SQUARISH" placementArea="0.11 0.2 0.13 0.12"/>
    </licensePlates>

    <animations>
        <animation name="moveSupport">
            <part node="supportArm01" startTime="0.0" endTime="0.5" startRot="90 0 0" endRot="0 0 0"/>
            <part node="supportArm01Phys" startTime="0.0" endTime="0.5" startRot="90 0 0" endRot="0 0 0"/>
            <part node="supportArm02" startTime="0.5" endTime="1.0" startTrans="0 0.04 0" endTrans="0 -0.1 0"/>
            <part node="supportArm02Phys" startTime="0.5" endTime="1.0" startTrans="0 0.04 0" endTrans="0 -0.1 0"/>

            <sound template="slideOpen"    startTime="0.01" endTime="0.99" volumeScale="2" pitchScale="2" linkNode="supportArm01"/>
            <sound template="vibratingImp" startTime="0.01" direction="-1" volumeScale="1" pitchScale="2" linkNode="supportArm01"/>
        </animation>
        <animation name="fillLevel">
            <part node="fillLevelMarker" startTime="0" endTime="1" startRot="0 0 0" endRot="0 0 -118.5"/>
        </animation>
    </animations>

    <cylindered>
        <movingTools>
            <movingTool node="drawbarPhysRot">
                <inputAttacherJoint value="true" />
            </movingTool>

            <movingTool node="attacherJointBackArmBottom">
                <dependentPart node="attacherJointBackArmBottomHydraulic" />
            </movingTool>
        </movingTools>

        <movingParts>
            <!-- drawbar -->
            <movingPart node="drawbar" referencePoint="drawbarRef" referenceFrame="drawbarPhysRot" limitedAxis="1" maxUpdateDistance="300">
                <dependentPart node="drawbarHydraulic" maxUpdateDistance="50"/>
            </movingPart>
            <movingPart node="drawbarHydraulic" referencePoint="drawbarHydraulicRef" referenceFrame="drawbarHydraulicRef">
                <translatingPart node="drawbarHydraulicPunch" />
            </movingPart>

            <!-- steering -->
            <movingPart node="steeringBarFrontLeft" referencePoint="steeringBarFrontLeftRef" referenceFrame="steeringBarFrontLeftRef" scaleZ="true" isActiveDirty="true" maxUpdateDistance="25">
                <dependentPart node="steeringBarFrontRight"/>
            </movingPart>
            <movingPart node="steeringBarFrontRight" referencePoint="steeringBarFrontRightRef" referenceFrame="steeringBarFrontRightRef" scaleZ="true">
                <dependentPart node="steeringBarBackLeft"/>
            </movingPart>
            <movingPart node="steeringBarBackLeft" referencePoint="steeringBarBackLeftRef" referenceFrame="steeringBarBackLeftRef" scaleZ="true">
                <dependentPart node="steeringBarBackRight"/>
            </movingPart>
            <movingPart node="steeringBarBackRight" referencePoint="steeringBarBackRightRef" referenceFrame="steeringBarBackRightRef" scaleZ="true"/>

            <!-- attacherJoints -->
            <movingPart node="attacherJointBackArmBottomHydraulic" referencePoint="attacherJointBackArmBottomHydraulicRef" referenceFrame="attacherJointBackArmBottomHydraulicRef" >
                <translatingPart node="attacherJointBackArmBottomHydraulicPunch" />
            </movingPart>
        </movingParts>

        <cylinderedConfigurations>
            <cylinderedConfiguration name="PT" price="12000">
                <movingTools>
                    <movingTool node="turretPTMainArm"  playSound="true" >
                        <controls axis="AXIS_CRANE_ARM" invertAxis="true" mouseSpeedFactor="0.3" iconName="CRANE_ARM1_ROTATE_Y" />
                        <rotation rotSpeed="30" rotAcceleration="60" rotMax="130" rotMin="-130" rotationAxis="2"/>
                        <dependentMovingTool node="turretPTArm01">
                            <rotationBasedLimits>
                                <limit rotation="-130" rotMax="35" rotMin="-13" />
                                <limit rotation="-80"  rotMax="35" rotMin="-13" />
                                <limit rotation="-20"  rotMax="35" rotMin="2" />
                                <limit rotation="-5"   rotMax="35" rotMin="2" />
                                <limit rotation="-1"   rotMax="35" rotMin="0" />
                                <limit rotation="1"    rotMax="35" rotMin="2" />
                                <limit rotation="2"    rotMax="35" rotMin="2" />
                                <limit rotation="20"   rotMax="35" rotMin="2" />
                                <limit rotation="40"   rotMax="35" rotMin="-15" />
                                <limit rotation="130"  rotMax="35" rotMin="-15" />
                            </rotationBasedLimits>
                        </dependentMovingTool>
                        <dependentMovingTool node="turretPTArm02Rot">
                            <rotationBasedLimits>
                                <limit rotation="-130" rotMax="0" rotMin="-37.5" />
                                <limit rotation="-40"  rotMax="0" rotMin="-37.5" />
                                <limit rotation="-15"  rotMax="0" rotMin="0" />
                                <limit rotation="15"   rotMax="0" rotMin="0" />
                                <limit rotation="40"   rotMax="0" rotMin="-37.5" />
                                <limit rotation="130"  rotMax="0" rotMin="-37.5" />
                            </rotationBasedLimits>
                        </dependentMovingTool>
                        <dependentMovingTool node="turretPTArm02">
                            <rotationBasedLimits>
                                <limit rotation="-130" rotMax="0" rotMin="-37.5" />
                                <limit rotation="-40"  rotMax="0" rotMin="-37.5" />
                                <limit rotation="-15"  rotMax="0" rotMin="0" />
                                <limit rotation="1"    rotMax="0" rotMin="0" />
                                <limit rotation="40"   rotMax="0" rotMin="-37.5" />
                                <limit rotation="130"  rotMax="0" rotMin="-37.5" />
                            </rotationBasedLimits>
                        </dependentMovingTool>
                    </movingTool>

                    <movingTool node="turretPTArm01" playSound="true" >
                        <controls axis="AXIS_CRANE_ARM2" invertAxis="false" mouseSpeedFactor="0.3" iconName="CRANE_ARM1_ROTATE_X" />
                        <rotation rotSpeed="20" rotAcceleration="60" rotMax="35" rotMin="-15" rotationAxis="1" syncMinRotLimits="true" syncMaxRotLimits="true"/>
                        <dependentPart node="turretPTArm01Hydraulic" />
                    </movingTool>
                    <movingTool node="turretPTArm02Rot" playSound="true" >
                        <controls axis="AXIS_CRANE_ARM3" invertAxis="false" mouseSpeedFactor="0.3" iconName="CRANE_ARM2_ROTATE_X" />
                        <rotation rotSpeed="20" rotAcceleration="60" rotMax="0" rotMin="-37.5" rotationAxis="1" syncMinRotLimits="true" syncMaxRotLimits="true"/>
                        <dependentMovingTool node="turretPTArm02" speedScale="1" />
                        <dependentPart node="turretPTArm02RotHydraulic" />
                    </movingTool>
                    <movingTool node="turretPTArm02" playSound="true">
                        <rotation rotSpeed="20" rotAcceleration="60" rotMax="0" rotMin="-37.5" rotationAxis="1" syncMinRotLimits="true" syncMaxRotLimits="true"/>
                        <dependentPart node="turretPTArm02Hydraulic" />
                    </movingTool>
                    <movingTool node="turretPTArm03" playSound="true" >
                        <controls axis="AXIS_CRANE_ARM4" invertAxis="true" mouseSpeedFactor="0.3" iconName="CRANE_ARM2_TRANSLATE" />
                        <translation transSpeed="0.7" transAcceleration="1.8" transMax="0" transMin="-1.1" translationAxis="3" />
                        <dependentMovingTool node="turretPTArm04" speedScale="1" />
                    </movingTool>
                    <movingTool node="turretPTArm04" playSound="true" >
                        <translation transSpeed="0.7" transAcceleration="1.8" transMax="0" transMin="-1.1" translationAxis="3" />
                    </movingTool>
                </movingTools>

                <movingParts>
                    <movingPart node="turretPTArm01Hydraulic" referencePoint="turretPTArm01HydraulicRef" referenceFrame="turretPTArm01HydraulicRef">
                        <translatingPart node="turretPTArm01HydraulicPunch" />
                    </movingPart>
                    <movingPart node="turretPTArm02RotHydraulic" referencePoint="turretPTArm02RotHydraulicRef" referenceFrame="turretPTArm02RotHydraulicRef">
                        <translatingPart node="turretPTArm02RotHydraulicPunch" />
                    </movingPart>
                    <movingPart node="turretPTArm02Hydraulic" referencePoint="turretPTArm02HydraulicRef" referenceFrame="turretPTArm02HydraulicRef">
                        <translatingPart node="turretPTArm02HydraulicPunch" />
                    </movingPart>
                </movingParts>

                <objectChange node="turretPT" visibilityActive="true" visibilityInactive="false" />
                <objectChange node="hosesTurretPT" visibilityActive="true" visibilityInactive="false" />

                <objectChange node="turretPTCol01" compoundChildActive="true" compoundChildInactive="false" />
                <objectChange node="turretPTCol02" compoundChildActive="true" compoundChildInactive="false" />
                <objectChange node="turretPTCol03" compoundChildActive="true" compoundChildInactive="false" />
                <objectChange node="turretPTCol04" compoundChildActive="true" compoundChildInactive="false" />
                <objectChange node="turretPTCol05" compoundChildActive="true" compoundChildInactive="false" />
                <objectChange node="turretPTCol07" compoundChildActive="true" compoundChildInactive="false" />
                <objectChange node="turretPTCol08" compoundChildActive="true" compoundChildInactive="false" />

                <sounds>
                    <actionSound template="hydraulicClose01"  volumeScale="3.4" pitchScale="0.7" linkNode="turretPTMainArm" actionNames="TOOL_MOVE_POS TOOL_MOVE_NEG"                     nodes="turretPTMainArm" fadeIn="0.1" fadeOut="0.1"/>
                    <actionSound template="hydraulicOpen02"   volumeScale="2.2" pitchScale="1.7" linkNode="turretPTArm01"   actionNames="TOOL_MOVE_POS TOOL_MOVE_NEG"                     nodes="turretPTArm01"   fadeIn="0.1" fadeOut="0.1"/>
                    <actionSound template="hydraulicClose03"  volumeScale="1.8" pitchScale="2.3" linkNode="turretPTArm02"   actionNames="TOOL_MOVE_POS TOOL_MOVE_NEG"                     nodes="turretPTArm02"   fadeIn="0.1" fadeOut="0.1"/>
                    <actionSound template="hydraulicOpen04"   volumeScale="1.8" pitchScale="2.3" linkNode="turretPTArm03"   actionNames="TOOL_MOVE_POS TOOL_MOVE_NEG"                     nodes="turretPTArm03"   fadeIn="0.1" fadeOut="0.1"/>
                    <actionSound template="clackVar6"         volumeScale="3"   pitchScale="0.7" linkNode="turretPTMainArm" actionNames="TOOL_MOVE_END_POS_LIMIT TOOL_MOVE_END_NEG_LIMIT" nodes="turretPTMainArm"/>
                    <actionSound template="cylinderPunch"     volumeScale="1"   pitchScale="1.7" linkNode="turretPTMainArm" actionNames="TOOL_MOVE_END_POS_LIMIT TOOL_MOVE_END_NEG_LIMIT" nodes="turretPTMainArm"/>
                    <actionSound template="vibratingImp"      volumeScale="1"   pitchScale="1.2" linkNode="turretPTArm01"   actionNames="TOOL_MOVE_END_POS_LIMIT TOOL_MOVE_END_NEG_LIMIT" nodes="turretPTArm01"/>
                    <actionSound template="cylinderPunch"     volumeScale="0.8" pitchScale="1.9" linkNode="turretPTArm01"   actionNames="TOOL_MOVE_END_POS_LIMIT TOOL_MOVE_END_NEG_LIMIT" nodes="turretPTArm01"/>
                    <actionSound template="vibratingImp"      volumeScale="0.8" pitchScale="2"   linkNode="turretPTArm02"   actionNames="TOOL_MOVE_END_POS_LIMIT TOOL_MOVE_END_NEG_LIMIT" nodes="turretPTArm02"/>
                    <actionSound template="metalImpHigh01"    volumeScale="0.7" pitchScale="1.2" linkNode="turretPTArm02"   actionNames="TOOL_MOVE_END_POS_LIMIT TOOL_MOVE_END_NEG_LIMIT" nodes="turretPTArm02"/>
                    <actionSound template="cylinderPunch"     volumeScale="0.8" pitchScale="1.9" linkNode="turretPTArm02"   actionNames="TOOL_MOVE_END_POS_LIMIT TOOL_MOVE_END_NEG_LIMIT" nodes="turretPTArm02"/>
                    <actionSound template="clackVar6"         volumeScale="1.8" pitchScale="0.7" linkNode="turretPTArm03"   actionNames="TOOL_MOVE_END_POS_LIMIT TOOL_MOVE_END_NEG_LIMIT" nodes="turretPTArm03"/>
                    <actionSound template="metalClose"        volumeScale="1.2" pitchScale="1.8" linkNode="turretPTArm03"   actionNames="TOOL_MOVE_END_POS_LIMIT TOOL_MOVE_END_NEG_LIMIT" nodes="turretPTArm03"/>
                    <actionSound template="cylinderPunch"     volumeScale="0.5" pitchScale="1.9" linkNode="turretPTArm03"   actionNames="TOOL_MOVE_END_POS_LIMIT TOOL_MOVE_END_NEG_LIMIT" nodes="turretPTArm03"/>
                </sounds>
            </cylinderedConfiguration>

            <cylinderedConfiguration name="%s %s" params="SAP2|$l10n_configuration_valueDesign01">
                <movingTools>
                    <movingTool node="turretSAP2Arm01"  playSound="true" >
                        <controls axis="AXIS_CRANE_ARM2" invertAxis="true" mouseSpeedFactor="0.4" iconName="CRANE_EC_TRANSLATE_Z" />
                        <rotation rotSpeed="20" rotAcceleration="80" rotMax="85" rotMin="0" rotationAxis="3"/>
                        <dependentPart node="turretSAP2Arm01Hydraulic" />
                        <dependentMovingTool node="turretSAP2Arm02">
                            <rotationBasedLimits>
                                <limit rotation="10" rotMax="0"    rotMin="-150" />
                                <limit rotation="85" rotMax="-150" rotMin="-150" />
                            </rotationBasedLimits>
                        </dependentMovingTool>
                    </movingTool>
                    <movingTool node="turretSAP2Arm02">
                        <controls axis="AXIS_CRANE_ARM" invertAxis="false" mouseSpeedFactor="0.5" iconName="CRANE_EC_TRANSLATE_Z" />
                        <rotation rotSpeed="25" rotAcceleration="80" rotMax="0" rotMin="-150" rotationAxis="3" syncMinRotLimits="true" syncMaxRotLimits="true"/>
                        <dependentPart node="turretSAP2ArmAlignArm01" />
                    </movingTool>
                </movingTools>

                <movingParts>
                    <movingPart node="turretSAP2ArmAlignArm01" localReferencePoint="turretSAP2ArmAlignArm02" referencePoint="turretSAP2ArmAlignArmRef" referenceFrame="turretSAP2ArmAlignArm01RefFrame" limitedAxis="1">
                        <dependentPart node="turretSAP2ArmAlignArm02" />
                    </movingPart>
                    <movingPart node="turretSAP2ArmAlignArm02" referencePoint="turretSAP2ArmAlignArmRef" referenceFrame="turretSAP2ArmAlignArmRef">
                        <dependentPart node="turretSAP2ArmAlignArm01Hydraulic" />
                    </movingPart>
                    <movingPart node="turretSAP2ArmAlignArm01Hydraulic" referencePoint="turretSAP2ArmAlignArm01HydraulicRef" referenceFrame="turretSAP2ArmAlignArm01HydraulicRef">
                        <translatingPart node="turretSAP2ArmAlignArm01HydraulicPunch" />
                    </movingPart>

                    <movingPart node="turretSAP2Arm01Hydraulic" referencePoint="turretSAP2Arm01HydraulicRef" referenceFrame="turretSAP2Arm01HydraulicRef">
                        <translatingPart node="turretSAP2Arm01HydraulicPunch" />
                    </movingPart>
                </movingParts>

                <objectChange node="turretSAP2" visibilityActive="true" visibilityInactive="false" />
                <objectChange node="turretSAP2PipeVar01" visibilityActive="true" visibilityInactive="false" />
                <objectChange node="turretSAP2PipeVar02Holder" visibilityActive="true" visibilityInactive="false" />
                <objectChange node="hosesTurretSAP2" visibilityActive="true" visibilityInactive="false" />

                <objectChange node="turretSAP2Col01" compoundChildActive="true" compoundChildInactive="false" />
                <objectChange node="turretSAP2Col02" compoundChildActive="true" compoundChildInactive="false" />
                <objectChange node="turretSAP2Col03" compoundChildActive="true" compoundChildInactive="false" />
                <objectChange node="turretSAP2Col04" compoundChildActive="true" compoundChildInactive="false" />
                <objectChange node="turretSAP2Col05" compoundChildActive="true" compoundChildInactive="false" />

                <sounds>
                    <actionSound template="hydraulicClose01"  volumeScale="3.4" pitchScale="0.7" linkNode="turretSAP2Arm01" actionNames="TOOL_MOVE_POS TOOL_MOVE_NEG"                     nodes="turretSAP2Arm01" fadeIn="0.1" fadeOut="0.1"/>
                    <actionSound template="hydraulicOpen02"   volumeScale="2.2" pitchScale="1.7" linkNode="turretSAP2Arm02" actionNames="TOOL_MOVE_POS TOOL_MOVE_NEG"                     nodes="turretSAP2Arm02"   fadeIn="0.1" fadeOut="0.1"/>
                    <actionSound template="clackVar6"         volumeScale="3"   pitchScale="0.7" linkNode="turretSAP2Arm01" actionNames="TOOL_MOVE_END_POS_LIMIT TOOL_MOVE_END_NEG_LIMIT" nodes="turretSAP2Arm01"/>
                    <actionSound template="cylinderPunch"     volumeScale="1"   pitchScale="1.7" linkNode="turretSAP2Arm01" actionNames="TOOL_MOVE_END_POS_LIMIT TOOL_MOVE_END_NEG_LIMIT" nodes="turretSAP2Arm01"/>
                    <actionSound template="vibratingImp"      volumeScale="1"   pitchScale="1.2" linkNode="turretSAP2Arm02" actionNames="TOOL_MOVE_END_POS_LIMIT TOOL_MOVE_END_NEG_LIMIT" nodes="turretSAP2Arm02"/>
                    <actionSound template="cylinderPunch"     volumeScale="0.8" pitchScale="1.9" linkNode="turretSAP2Arm02" actionNames="TOOL_MOVE_END_POS_LIMIT TOOL_MOVE_END_NEG_LIMIT" nodes="turretSAP2Arm02"/>
                </sounds>
            </cylinderedConfiguration>

            <cylinderedConfiguration name="%s %s" params="SAP2|$l10n_configuration_valueDesign02" price="500">
                <movingTools>
                    <movingTool node="turretSAP2Arm01"  playSound="true" >
                        <controls axis="AXIS_CRANE_ARM2" invertAxis="true" mouseSpeedFactor="0.4" iconName="CRANE_EC_TRANSLATE_Z" />
                        <rotation rotSpeed="20" rotAcceleration="80" rotMax="85" rotMin="0" rotationAxis="3"/>
                        <dependentPart node="turretSAP2Arm01Hydraulic" />
                        <dependentMovingTool node="turretSAP2Arm02">
                            <rotationBasedLimits>
                                <limit rotation="10" rotMax="0"    rotMin="-150" />
                                <limit rotation="85" rotMax="-150" rotMin="-150" />
                            </rotationBasedLimits>
                        </dependentMovingTool>
                    </movingTool>
                    <movingTool node="turretSAP2Arm02">
                        <controls axis="AXIS_CRANE_ARM" invertAxis="false" mouseSpeedFactor="0.5" iconName="CRANE_EC_TRANSLATE_Z" />
                        <rotation rotSpeed="25" rotAcceleration="80" rotMax="0" rotMin="-150" rotationAxis="3" syncMinRotLimits="true" syncMaxRotLimits="true"/>
                        <dependentPart node="turretSAP2ArmAlignArm01" />
                    </movingTool>
                </movingTools>

                <movingParts>
                    <movingPart node="turretSAP2ArmAlignArm01" localReferencePoint="turretSAP2ArmAlignArm02" referencePoint="turretSAP2ArmAlignArmRef" referenceFrame="turretSAP2ArmAlignArm01RefFrame" limitedAxis="1">
                        <dependentPart node="turretSAP2ArmAlignArm02" />
                    </movingPart>
                    <movingPart node="turretSAP2ArmAlignArm02" referencePoint="turretSAP2ArmAlignArmRef" referenceFrame="turretSAP2ArmAlignArmRef">
                        <dependentPart node="turretSAP2ArmAlignArm01Hydraulic" />
                    </movingPart>
                    <movingPart node="turretSAP2ArmAlignArm01Hydraulic" referencePoint="turretSAP2ArmAlignArm01HydraulicRef" referenceFrame="turretSAP2ArmAlignArm01HydraulicRef">
                        <translatingPart node="turretSAP2ArmAlignArm01HydraulicPunch" />
                    </movingPart>

                    <movingPart node="turretSAP2Arm01Hydraulic" referencePoint="turretSAP2Arm01HydraulicRef" referenceFrame="turretSAP2Arm01HydraulicRef">
                        <translatingPart node="turretSAP2Arm01HydraulicPunch" />
                    </movingPart>
                </movingParts>

                <objectChange node="turretSAP2" visibilityActive="true" visibilityInactive="false" />
                <objectChange node="turretSAP2PipeVar02" visibilityActive="true" visibilityInactive="false" />
                <objectChange node="turretSAP2PipeVar01Holder" visibilityActive="true" visibilityInactive="false" />
                <objectChange node="hosesTurretSAP2" visibilityActive="true" visibilityInactive="false" />

                <objectChange node="turretSAP2Col01" compoundChildActive="true" compoundChildInactive="false" />
                <objectChange node="turretSAP2Col02" compoundChildActive="true" compoundChildInactive="false" />
                <objectChange node="turretSAP2Col03" compoundChildActive="true" compoundChildInactive="false" />
                <objectChange node="turretSAP2Col04" compoundChildActive="true" compoundChildInactive="false" />
                <sounds>
                    <actionSound template="hydraulicClose01"  volumeScale="3.4" pitchScale="0.7" linkNode="turretSAP2Arm01" actionNames="TOOL_MOVE_POS TOOL_MOVE_NEG"                     nodes="turretSAP2Arm01" fadeIn="0.1" fadeOut="0.1"/>
                    <actionSound template="hydraulicOpen02"   volumeScale="2.2" pitchScale="1.7" linkNode="turretSAP2Arm02" actionNames="TOOL_MOVE_POS TOOL_MOVE_NEG"                     nodes="turretSAP2Arm02"   fadeIn="0.1" fadeOut="0.1"/>
                    <actionSound template="clackVar6"         volumeScale="3"   pitchScale="0.7" linkNode="turretSAP2Arm01" actionNames="TOOL_MOVE_END_POS_LIMIT TOOL_MOVE_END_NEG_LIMIT" nodes="turretSAP2Arm01"/>
                    <actionSound template="cylinderPunch"     volumeScale="1"   pitchScale="1.7" linkNode="turretSAP2Arm01" actionNames="TOOL_MOVE_END_POS_LIMIT TOOL_MOVE_END_NEG_LIMIT" nodes="turretSAP2Arm01"/>
                    <actionSound template="vibratingImp"      volumeScale="1"   pitchScale="1.2" linkNode="turretSAP2Arm02" actionNames="TOOL_MOVE_END_POS_LIMIT TOOL_MOVE_END_NEG_LIMIT" nodes="turretSAP2Arm02"/>
                    <actionSound template="cylinderPunch"     volumeScale="0.8" pitchScale="1.9" linkNode="turretSAP2Arm02" actionNames="TOOL_MOVE_END_POS_LIMIT TOOL_MOVE_END_NEG_LIMIT" nodes="turretSAP2Arm02"/>
                </sounds>
            </cylinderedConfiguration>
        </cylinderedConfigurations>
    </cylindered>

    <connectedAttributes>
        <attribute isActiveDirty="true">
            <source node="turretPTCableTray01" type="LOCAL_OFFSET" values="x y z">
                <localOffset node="turretPTCableTray01OffsetRef" />
            </source>
            <target node="turretPTCableTray01" type="SHADER_PARAMETER" values="z y - -">
                <shaderParameter name="controlPointAndLength" />
            </target>
        </attribute>

        <attribute isActiveDirty="true">
            <source node="turretPTCableTray02" type="LOCAL_OFFSET" values="x y z">
                <localOffset node="turretPTCableTray02OffsetRef" />
            </source>
            <target node="turretPTCableTray02" type="SHADER_PARAMETER" values="z y - -">
                <shaderParameter name="controlPointAndLength" />
            </target>
        </attribute>
    </connectedAttributes>

    <fillUnit>
        <fillUnitConfigurations>
            <fillUnitConfiguration>
                <fillUnits>
                    <fillUnit shopDisplayUnit="CUBICMETER" fillTypeCategories="slurryTank" capacity="55600">
                        <dashboard displayType="ANIMATION" valueType="fillLevel" animName="fillLevel"/>
                        <exactFillRootNode node="exactFillRootNode" />
                    </fillUnit>
                    <fillTrigger consumePtoPower="true" litersPerSecond="1390"/>
                </fillUnits>
            </fillUnitConfiguration>
        </fillUnitConfigurations>
        <sounds>
            <fill template="slurry01" />
        </sounds>
    </fillUnit>

    <fillTriggerVehicle triggerNode="fillTrigger" fillUnitIndex="1" litersPerSecond="1390"/>

    <dischargeable requiresTipOcclusionArea="false">
        <dischargeNode node="dischargeNode" emptySpeed="1390" fillUnitIndex="1" unloadInfoIndex="3" allowAIDischarge="true" canDischargeToGround="false">
            <info width="1.0" length="0.5" zOffset="0.4" />
            <trigger node="dischargeTrigger" />
            <dischargeSound template="slurry01"/>
        </dischargeNode>
    </dischargeable>

    <turnOnVehicle>
        <activatableFillUnits>
            <activatableFillUnit index="1" />
        </activatableFillUnits>
        <sounds>
            <work template="slurry03" volumeScale="1.4">
                <pitch indoor="0.75" outdoor="0.75" />
            </work>
        </sounds>
    </turnOnVehicle>

    <ai>
        <allowTurnBackward value="false"/>
        <turningRadiusLimitation radius="10"/>
        <toolReverserDirectionNode node="toolReverserDirectionNode"/>
        <agentAttachment jointNode="attacherJoint" rotCenterWheelIndices="1 2 3 4 5 6" width="3.2" height="4.05" length="10.7" lengthOffset="1.3"/>
    </ai>

    <foliageBending>
        <bendingNode wheelIndices="1 2" minZ="-5.4" maxZ="1.2" yOffset="0.6"/>
        <bendingNode minX="-1.2" maxX="1.2" minZ="1.2" maxZ="3.5" yOffset="0.6"/>
        <bendingNode minX="-0.4" maxX="0.4" minZ="3.5" maxZ="5.2" yOffset="0.6"/>
    </foliageBending>

    <designConfigurations title="$l10n_configuration_worklight" isYesNoOption="true">
        <designConfiguration name="$l10n_configuration_valueNo" price="0"/>
        <designConfiguration name="$l10n_configuration_valueYes" price="750">
            <objectChange node="turretPTWorkLightHolder" visibilityActive="true" visibilityInactive="false"/>
            <objectChange node="turretSAP2WorkLightHolder" visibilityActive="true" visibilityInactive="false"/>
            <objectChange node="hosesWorkLightHolderPT" visibilityActive="true" visibilityInactive="false"/>
        </designConfiguration>
    </designConfigurations>

    <wearable wearDuration="480" workMultiplier="5" fieldMultiplier="2"/>
    <washable dirtDuration="90" washDuration="1" workMultiplier="4" fieldMultiplier="2"/>

    <i3dMappings>
        <i3dMapping id="pgII28Genesis_main_component1" node="0>" />
        <i3dMapping id="pgII28Genesis_vis" node="0>0" />
        <i3dMapping id="wheelFrontLeftRepr" node="0>0|0|0|0" />
        <i3dMapping id="wheelFrontLeft" node="0>0|0|0|0|0|0" />
        <i3dMapping id="steeringBarFrontLeft" node="0>0|0|0|0|1" />
        <i3dMapping id="wheelFrontRightRepr" node="0>0|0|1|0" />
        <i3dMapping id="wheelFrontRight" node="0>0|0|1|0|0|0" />
        <i3dMapping id="steeringBarFrontRight" node="0>0|0|1|0|1" />
        <i3dMapping id="wheelMiddleLeft" node="0>0|0|2" />
        <i3dMapping id="wheelMiddleLeftHubDefault" node="0>0|0|2|0" />
        <i3dMapping id="wheelMiddleLeftHubHWD" node="0>0|0|2|1" />
        <i3dMapping id="wheelMiddleRight" node="0>0|0|3" />
        <i3dMapping id="wheelMiddleRightHubDefault" node="0>0|0|3|0" />
        <i3dMapping id="wheelMiddleRightHubHWD" node="0>0|0|3|1" />
        <i3dMapping id="wheelBackLeftRepr" node="0>0|0|4|0" />
        <i3dMapping id="wheelBackLeft" node="0>0|0|4|0|0|0" />
        <i3dMapping id="steeringBarBackLeft" node="0>0|0|4|0|1" />
        <i3dMapping id="wheelBackRightRepr" node="0>0|0|5|0" />
        <i3dMapping id="wheelBackRight" node="0>0|0|5|0|0|0" />
        <i3dMapping id="steeringBarBackRight" node="0>0|0|5|0|1" />
        <i3dMapping id="steeringBarFrontCenter" node="0>0|0|6" />
        <i3dMapping id="steeringBarFrontLeftRef" node="0>0|0|6|0" />
        <i3dMapping id="steeringBarFrontRightRef" node="0>0|0|6|1" />
        <i3dMapping id="steeringBarBackCenter" node="0>0|0|7" />
        <i3dMapping id="steeringBarBackLeftRef" node="0>0|0|7|0" />
        <i3dMapping id="steeringBarBackRightRef" node="0>0|0|7|1" />
        <i3dMapping id="wheelChock06_01" node="0>0|0|8" />
        <i3dMapping id="wheelChock06_02" node="0>0|0|9" />
        <i3dMapping id="beaconLight02" node="0>0|1|0|0" />
        <i3dMapping id="workingLight15_01" node="0>0|1|0|5" />
        <i3dMapping id="rearLight10_left01" node="0>0|1|0|6" />
        <i3dMapping id="rearLight10_left02" node="0>0|1|0|7" />
        <i3dMapping id="rearLight10_right01" node="0>0|1|0|8" />
        <i3dMapping id="rearLight10_right02" node="0>0|1|0|9" />
        <i3dMapping id="plateNumberLight04" node="0>0|1|0|10" />
        <i3dMapping id="sideMarker03_left" node="0>0|1|0|11" />
        <i3dMapping id="sideMarker03_right" node="0>0|1|0|12" />
        <i3dMapping id="sideMarker09Orange_left01" node="0>0|1|0|13" />
        <i3dMapping id="sideMarker09Orange_right01" node="0>0|1|0|14" />
        <i3dMapping id="sideMarker09Orange_left02" node="0>0|1|0|15" />
        <i3dMapping id="sideMarker09Orange_right02" node="0>0|1|0|16" />
        <i3dMapping id="sideMarker09Orange_left03" node="0>0|1|0|17" />
        <i3dMapping id="sideMarker09Orange_right03" node="0>0|1|0|18" />
        <i3dMapping id="sideMarker09Orange_left04" node="0>0|1|0|19" />
        <i3dMapping id="sideMarker09Orange_right04" node="0>0|1|0|20" />
        <i3dMapping id="licensePlateLightHigh" node="0>0|1|1|0" />
        <i3dMapping id="workLightBackHigh" node="0>0|1|2|0" />
        <i3dMapping id="backLightsHigh" node="0>0|1|3|0" />
        <i3dMapping id="turnLightLeftBack" node="0>0|1|4|0" />
        <i3dMapping id="turnLightRightBack" node="0>0|1|4|1" />
        <i3dMapping id="electric" node="0>0|2|0|0" />
        <i3dMapping id="electric_detached" node="0>0|2|0|0|0" />
        <i3dMapping id="electric_connector" node="0>0|2|0|0|0|0" />
        <i3dMapping id="airRed" node="0>0|2|0|1" />
        <i3dMapping id="airRed_detached" node="0>0|2|0|1|0" />
        <i3dMapping id="airRed_connector" node="0>0|2|0|1|0|0" />
        <i3dMapping id="airYellow" node="0>0|2|0|2" />
        <i3dMapping id="airYellow_detached" node="0>0|2|0|2|0" />
        <i3dMapping id="airYellow_connector" node="0>0|2|0|2|0|0" />
        <i3dMapping id="hydraulicIn01" node="0>0|2|0|3" />
        <i3dMapping id="hydraulicIn01_detached" node="0>0|2|0|3|0" />
        <i3dMapping id="hydraulicIn01_connector" node="0>0|2|0|3|0|0" />
        <i3dMapping id="hydraulicOut01" node="0>0|2|0|4" />
        <i3dMapping id="hydraulicOut01_detached" node="0>0|2|0|4|0" />
        <i3dMapping id="hydraulicOut01_connector" node="0>0|2|0|4|0|0" />
        <i3dMapping id="hydraulicIn02" node="0>0|2|0|5" />
        <i3dMapping id="hydraulicIn02_detached" node="0>0|2|0|5|0" />
        <i3dMapping id="hydraulicIn02_connector" node="0>0|2|0|5|0|0" />
        <i3dMapping id="hydraulicOut02" node="0>0|2|0|6" />
        <i3dMapping id="hydraulicOut02_detached" node="0>0|2|0|6|0" />
        <i3dMapping id="hydraulicOut02_connector" node="0>0|2|0|6|0|0" />
        <i3dMapping id="hydraulicIn03" node="0>0|2|0|7" />
        <i3dMapping id="hydraulicIn03_detached" node="0>0|2|0|7|0" />
        <i3dMapping id="hydraulicIn03_connector" node="0>0|2|0|7|0|0" />
        <i3dMapping id="hydraulicOut03" node="0>0|2|0|8" />
        <i3dMapping id="hydraulicOut03_detached" node="0>0|2|0|8|0" />
        <i3dMapping id="hydraulicOut03_connector" node="0>0|2|0|8|0|0" />
        <i3dMapping id="hydraulicIn04" node="0>0|2|0|9" />
        <i3dMapping id="hydraulicIn04_detached" node="0>0|2|0|9|0" />
        <i3dMapping id="hydraulicIn04_connector" node="0>0|2|0|9|0|0" />
        <i3dMapping id="hydraulicOut04" node="0>0|2|0|10" />
        <i3dMapping id="hydraulicOut04_detached" node="0>0|2|0|10|0" />
        <i3dMapping id="hydraulicOut04_connector" node="0>0|2|0|10|0|0" />
        <i3dMapping id="ptoInput" node="0>0|2|1|0|0" />
        <i3dMapping id="ptoDetach" node="0>0|2|1|1" />
        <i3dMapping id="attacherJointBackRot" node="0>0|3|0|0" />
        <i3dMapping id="attacherJointBackRot2" node="0>0|3|0|0|0" />
        <i3dMapping id="attacherJointBack" node="0>0|3|0|0|0|0" />
        <i3dMapping id="attacherJointBackArmBottom" node="0>0|3|0|1" />
        <i3dMapping id="attacherJointBackArmBottomTrans" node="0>0|3|0|1|0" />
        <i3dMapping id="referencePointBackBottom" node="0>0|3|0|1|0|0" />
        <i3dMapping id="attacherJointBackArmBottomHydraulic" node="0>0|3|0|1|1" />
        <i3dMapping id="attacherJointBackArmBottomHydraulicPunch" node="0>0|3|0|1|1|0" />
        <i3dMapping id="attacherJointBackArmTop" node="0>0|3|0|2" />
        <i3dMapping id="attacherJointBackArmTop2Ref" node="0>0|3|0|3" />
        <i3dMapping id="attacherJointBackArmBottomHydraulicRef" node="0>0|3|0|4" />
        <i3dMapping id="hydraulicIn01Back" node="0>0|3|1|0" />
        <i3dMapping id="hydraulicIn01Back_cover" node="0>0|3|1|0|0|0" />
        <i3dMapping id="hydraulicOut01Back" node="0>0|3|1|1" />
        <i3dMapping id="hydraulicOut01Back_cover" node="0>0|3|1|1|0|0" />
        <i3dMapping id="hydraulicIn02Back" node="0>0|3|1|2" />
        <i3dMapping id="hydraulicIn02Back_cover" node="0>0|3|1|2|0|0" />
        <i3dMapping id="hydraulicOut02Back" node="0>0|3|1|3" />
        <i3dMapping id="hydraulicOut02Back_cover" node="0>0|3|1|3|0|0" />
        <i3dMapping id="hydraulicIn03Back" node="0>0|3|1|4" />
        <i3dMapping id="hydraulicIn03Back_cover" node="0>0|3|1|4|0|0" />
        <i3dMapping id="hydraulicOut03Back" node="0>0|3|1|5" />
        <i3dMapping id="hydraulicOut03Back_cover" node="0>0|3|1|5|0|0" />
        <i3dMapping id="hydraulicIn04Back" node="0>0|3|1|6" />
        <i3dMapping id="hydraulicIn04Back_cover" node="0>0|3|1|6|0|0" />
        <i3dMapping id="hydraulicOut04Back" node="0>0|3|1|7" />
        <i3dMapping id="hydraulicOut04Back_cover" node="0>0|3|1|7|0|0" />
        <i3dMapping id="hydraulicIn05Back" node="0>0|3|1|8" />
        <i3dMapping id="hydraulicIn05Back_cover" node="0>0|3|1|8|0|0" />
        <i3dMapping id="hydraulicOut05Back" node="0>0|3|1|9" />
        <i3dMapping id="hydraulicOut05Back_cover" node="0>0|3|1|9|0|0" />
        <i3dMapping id="hydraulicIn06Back" node="0>0|3|1|10" />
        <i3dMapping id="hydraulicIn06Back_cover" node="0>0|3|1|10|0|0" />
        <i3dMapping id="hydraulicOut06Back" node="0>0|3|1|11" />
        <i3dMapping id="hydraulicOut06Back_cover" node="0>0|3|1|11|0|0" />
        <i3dMapping id="hydraulicIn07Back" node="0>0|3|1|12" />
        <i3dMapping id="hydraulicIn07Back_cover" node="0>0|3|1|12|0|0" />
        <i3dMapping id="hydraulicOut07Back" node="0>0|3|1|13" />
        <i3dMapping id="hydraulicOut07Back_cover" node="0>0|3|1|13|0|0" />
        <i3dMapping id="hydraulicIn08Back" node="0>0|3|1|14" />
        <i3dMapping id="hydraulicIn08Back_cover" node="0>0|3|1|14|0|0" />
        <i3dMapping id="hydraulicOut08Back" node="0>0|3|1|15" />
        <i3dMapping id="hydraulicOut08Back_cover" node="0>0|3|1|15|0|0" />
        <i3dMapping id="hydraulicIn09Back" node="0>0|3|1|16" />
        <i3dMapping id="hydraulicIn09Back_cover" node="0>0|3|1|16|0|0" />
        <i3dMapping id="hydraulicOut09Back" node="0>0|3|1|17" />
        <i3dMapping id="hydraulicOut09Back_cover" node="0>0|3|1|17|0|0" />
        <i3dMapping id="hydraulicIn10Back" node="0>0|3|1|18" />
        <i3dMapping id="hydraulicIn10Back_cover" node="0>0|3|1|18|0|0" />
        <i3dMapping id="hydraulicOut10Back" node="0>0|3|1|19" />
        <i3dMapping id="hydraulicOut10Back_cover" node="0>0|3|1|19|0|0" />
        <i3dMapping id="electricBack" node="0>0|3|1|20" />
        <i3dMapping id="topLeftHose" node="0>0|3|1|21" />
        <i3dMapping id="topLeftHose_connector" node="0>0|3|1|21|0" />
        <i3dMapping id="drawbarPhysRot" node="0>0|4|0" />
        <i3dMapping id="supportArm01Phys" node="0>0|4|0|0|0" />
        <i3dMapping id="supportArm02Phys" node="0>0|4|0|0|0|0|0" />
        <i3dMapping id="attacherJoint" node="0>0|4|0|1" />
        <i3dMapping id="drawbar" node="0>0|4|1" />
        <i3dMapping id="supportArm01" node="0>0|4|1|0|0" />
        <i3dMapping id="supportArm02" node="0>0|4|1|0|0|0|0" />
        <i3dMapping id="drawbarHydraulicRef" node="0>0|4|1|1" />
        <i3dMapping id="drawbarRef" node="0>0|4|1|2" />
        <i3dMapping id="drawbarHydraulic" node="0>0|4|2" />
        <i3dMapping id="drawbarHydraulicPunch" node="0>0|4|2|0" />
        <i3dMapping id="fillLevelMarker" node="0>0|4|3" />
        <i3dMapping id="pumpDefault" node="0>0|5|0|0" />
        <i3dMapping id="pumpWithHWD" node="0>0|5|0|1" />
        <i3dMapping id="turretPT" node="0>0|5|1|0" />
        <i3dMapping id="turretPTMainArm" node="0>0|5|1|0|0" />
        <i3dMapping id="turretPTArm01" node="0>0|5|1|0|0|0" />
        <i3dMapping id="turretPTArm02Rot" node="0>0|5|1|0|0|0|0" />
        <i3dMapping id="turretPTArm02" node="0>0|5|1|0|0|0|0|0" />
        <i3dMapping id="turretPTArm03" node="0>0|5|1|0|0|0|0|0|0" />
        <i3dMapping id="turretPTArm04" node="0>0|5|1|0|0|0|0|0|0|0" />
        <i3dMapping id="turretPTCableTray02" node="0>0|5|1|0|0|0|0|0|0|0|0" />
        <i3dMapping id="turretPTCol06" node="0>0|5|1|0|0|0|0|0|0|0|2" />
        <i3dMapping id="turretPTCableTray01" node="0>0|5|1|0|0|0|0|0|0|1" />
        <i3dMapping id="turretPTCol05" node="0>0|5|1|0|0|0|0|0|0|3" />
        <i3dMapping id="turretPTArm02Hydraulic" node="0>0|5|1|0|0|0|0|0|1" />
        <i3dMapping id="turretPTArm02HydraulicPunch" node="0>0|5|1|0|0|0|0|0|1|0" />
        <i3dMapping id="turretPTCableTray01OffsetRef" node="0>0|5|1|0|0|0|0|0|2" />
        <i3dMapping id="turretPTCableTray02OffsetRef" node="0>0|5|1|0|0|0|0|0|3" />
        <i3dMapping id="turretPTCol04" node="0>0|5|1|0|0|0|0|0|5" />
        <i3dMapping id="turretPTArm02RotHydraulicRef" node="0>0|5|1|0|0|0|0|1" />
        <i3dMapping id="turretPTArm02HydraulicRef" node="0>0|5|1|0|0|0|0|2" />
        <i3dMapping id="turretPTCol03" node="0>0|5|1|0|0|0|0|4" />
        <i3dMapping id="turretPTArm01Hydraulic" node="0>0|5|1|0|0|0|1" />
        <i3dMapping id="turretPTArm01HydraulicPunch" node="0>0|5|1|0|0|0|1|0" />
        <i3dMapping id="turretPTArm02RotHydraulic" node="0>0|5|1|0|0|0|2" />
        <i3dMapping id="turretPTArm02RotHydraulicPunch" node="0>0|5|1|0|0|0|2|0" />
        <i3dMapping id="turretPTWorkLightHolder" node="0>0|5|1|0|0|0|3" />
        <i3dMapping id="workingLight15_06" node="0>0|5|1|0|0|0|3|0|0" />
        <i3dMapping id="workingLight15_07" node="0>0|5|1|0|0|0|3|0|1" />
        <i3dMapping id="workingLight15_08" node="0>0|5|1|0|0|0|3|0|2" />
        <i3dMapping id="workingLight15_09" node="0>0|5|1|0|0|0|3|0|3" />
        <i3dMapping id="workLightBackHighTurretPT" node="0>0|5|1|0|0|0|3|1" />
        <i3dMapping id="turretPTCol02" node="0>0|5|1|0|0|0|6" />
        <i3dMapping id="turretPTArm01HydraulicRef" node="0>0|5|1|0|0|1" />
        <i3dMapping id="turretPTCol01" node="0>0|5|1|0|0|3" />
        <i3dMapping id="turretPTCol07" node="0>0|5|1|0|2" />
        <i3dMapping id="turretPTCol08" node="0>0|5|1|0|3" />
        <i3dMapping id="turretSAP2" node="0>0|5|1|1" />
        <i3dMapping id="turretSAP2Arm01" node="0>0|5|1|1|0|0|0" />
        <i3dMapping id="turretSAP2Arm02" node="0>0|5|1|1|0|0|0|0|0" />
        <i3dMapping id="turretSAP2PipeVar01" node="0>0|5|1|1|0|0|0|0|0|0|0" />
        <i3dMapping id="turretSAP2Col04" node="0>0|5|1|1|0|0|0|0|0|0|0|2" />
        <i3dMapping id="turretSAP2Col05" node="0>0|5|1|1|0|0|0|0|0|0|0|3" />
        <i3dMapping id="turretSAP2PipeVar02" node="0>0|5|1|1|0|0|0|0|0|0|1" />
        <i3dMapping id="turretSAP2ArmAlignArmRef" node="0>0|5|1|1|0|0|0|0|0|1" />
        <i3dMapping id="turretSAP2ArmAlignArm01RefFrame" node="0>0|5|1|1|0|0|0|1" />
        <i3dMapping id="turretSAP2ArmAlignArm01" node="0>0|5|1|1|0|0|0|1|0" />
        <i3dMapping id="turretSAP2ArmAlignArm02" node="0>0|5|1|1|0|0|0|1|0|0" />
        <i3dMapping id="turretSAP2ArmAlignArm01HydraulicRef" node="0>0|5|1|1|0|0|0|1|0|1" />
        <i3dMapping id="turretSAP2ArmAlignArm01Hydraulic" node="0>0|5|1|1|0|0|0|2" />
        <i3dMapping id="turretSAP2ArmAlignArm01HydraulicPunch" node="0>0|5|1|1|0|0|0|2|0" />
        <i3dMapping id="turretSAP2Arm01HydraulicRef" node="0>0|5|1|1|0|0|0|3" />
        <i3dMapping id="turretSAP2Col03" node="0>0|5|1|1|0|0|0|5" />
        <i3dMapping id="turretSAP2Arm01Hydraulic" node="0>0|5|1|1|0|1" />
        <i3dMapping id="turretSAP2Arm01HydraulicPunch" node="0>0|5|1|1|0|1|0" />
        <i3dMapping id="turretSAP2PipeVar01Holder" node="0>0|5|1|1|1|0" />
        <i3dMapping id="turretSAP2PipeVar02Holder" node="0>0|5|1|1|1|1" />
        <i3dMapping id="turretSAP2WorkLightHolder" node="0>0|5|1|1|1|2" />
        <i3dMapping id="workingLight15_02" node="0>0|5|1|1|1|2|0|0|0" />
        <i3dMapping id="workingLight15_03" node="0>0|5|1|1|1|2|0|0|1" />
        <i3dMapping id="workingLight15_04" node="0>0|5|1|1|1|2|0|0|2" />
        <i3dMapping id="workingLight15_05" node="0>0|5|1|1|1|2|0|0|3" />
        <i3dMapping id="workLightBackHighTurretSAP2" node="0>0|5|1|1|1|2|0|1" />
        <i3dMapping id="turretSAP2Col01" node="0>0|5|1|1|3" />
        <i3dMapping id="turretSAP2Col02" node="0>0|5|1|1|4" />
        <i3dMapping id="fillTrigger" node="0>0|6|0" />
        <i3dMapping id="exactFillRootNode" node="0>0|6|1" />
        <i3dMapping id="dischargeTrigger" node="0>0|6|2" />
        <i3dMapping id="dischargeNode" node="0>0|6|3" />
        <i3dMapping id="toolReverserDirectionNode" node="0>0|7|0" />
        <i3dMapping id="licensePlateBack" node="0>0|8|0" />
        <i3dMapping id="hosesTurretSAP2" node="0>1|1" />
        <i3dMapping id="hosesTurretPT" node="0>1|2" />
        <i3dMapping id="hosesWorkLightHolderPT" node="0>1|2|0" />
    </i3dMappings>
</vehicle>
