﻿<?xml version="1.0" encoding="utf-8" standalone="no" ?>
<vehicle type="fertilizingSowingMachine" xmlns:xsi="http://www.w3.org/2001/XMLSchema-instance" xsi:noNamespaceSchemaLocation="../../../../shared/xml/schema/vehicle.xsd">
    <annotation>Copyright (C) GIANTS Software GmbH, All Rights Reserved.</annotation>

    <storeData>
        <name>4905 Blue Drive</name>
        <specs>
            <neededPower>350</neededPower>
            <workingWidth>18.2</workingWidth>
        </specs>
        <functions>
            <function>$l10n_function_planter</function>
            <function>$l10n_function_sowingMachineDirect</function>
        </functions>
        <image>$data/vehicles/kinze/planter4900/store_planter4900.png</image>
        <price>249500</price>
        <lifetime>600</lifetime>
        <rotation>0</rotation>
        <brand>KINZE</brand>
        <category>planters</category>
        <shopTranslationOffset>0 0.588 0</shopTranslationOffset>
        <shopRotationOffset>0.584 0 0</shopRotationOffset>
        <vertexBufferMemoryUsage>0</vertexBufferMemoryUsage>
        <indexBufferMemoryUsage>0</indexBufferMemoryUsage>
        <textureMemoryUsage>0</textureMemoryUsage>
        <instanceVertexBufferMemoryUsage>0</instanceVertexBufferMemoryUsage>
        <instanceIndexBufferMemoryUsage>0</instanceIndexBufferMemoryUsage>
    </storeData>

    <base>
        <typeDesc>$l10n_typeDesc_sowingMachine</typeDesc>
        <filename>$data/vehicles/kinze/planter4900/planter4900.i3d</filename>
        <size width="3.7" length="14.6" height="3.6" lengthOffset="3.25"/>
        <speedLimit value="18"/>
        <components>
            <component centerOfMass="0 0.6 -3" solverIterationCount="25" mass="7640"/>
            <component centerOfMass="0 0 0.5" solverIterationCount="25" mass="1500"/>
            <component centerOfMass="0 0 0" solverIterationCount="10" mass="2000"/>
            <component centerOfMass="0 0 0" solverIterationCount="10" mass="2000"/>
            <component centerOfMass="0 0 0" solverIterationCount="10" mass="500"/>
            <component centerOfMass="0 0 0" solverIterationCount="10" mass="500"/>
            <joint component1="1" component2="2" node="componentJointDrawbar" rotLimit="0 0 0" transLimit="0 0 0"/>
            <joint component1="1" component2="3" node="componentJointArmLeftPart"  rotLimit="0 0 0" transLimit="0 0 0"/>
            <joint component1="1" component2="4" node="componentJointArmRightPart" rotLimit="0 0 0" transLimit="0 0 0"/>
            <joint component1="3" component2="5" node="componentJointRidgeMarkerLeft" rotLimit="0 0 0" transLimit="0 0 0"/>
            <joint component1="4" component2="6" node="componentJointRidgeMarkerRight" rotLimit="0 0 0" transLimit="0 0 0"/>
            <collisionPair component1="2" component2="3" enabled="false"/>
            <collisionPair component1="2" component2="4" enabled="false"/>
            <collisionPair component1="3" component2="4" enabled="false"/>
        </components>
        <schemaOverlay attacherJointPosition="0 0" name="IMPLEMENT" />
        <mapHotspot type="TOOL_TRAILED" />
    </base>

    <wheels>
        <wheelConfigurations>
            <wheelConfiguration name="$l10n_configuration_valueDefault" price="0" brand="CONTINENTAL" saveId="DEFAULT">
                <wheels>
                    <wheel filename="$data/shared/wheels/tires/continental/contiHybridHD3/245_70R19_5.xml" isLeft="true" hasParticles="true" configId="trailer">
                        <physics restLoad="5.9" repr="centerSupportWheel01Repr"   forcePointRatio="0.25" initialCompression="40" suspTravel="0.12" spring="120" damper="65" frictionScale="2" supportsWheelSink="false"/>
                    </wheel>
                    <wheel filename="$data/shared/wheels/tires/continental/contiHybridHD3/245_70R19_5.xml" isLeft="false" hasParticles="true" configId="trailer">
                        <physics restLoad="5.9" repr="centerSupportWheel04Repr"   forcePointRatio="0.25" initialCompression="40" suspTravel="0.12" spring="120" damper="65" frictionScale="2" supportsWheelSink="false"/>
                    </wheel>

                    <wheel filename="$data/shared/wheels/tires/continental/contiHybridHD3/245_70R19_5.xml" isLeft="true" hasParticles="true" configId="trailer">
                        <physics restLoad="1.7" repr="armLeftSupportWheel01Repr"  forcePointRatio="0.25" initialCompression="40" suspTravel="0.12" spring="30" damper="40" frictionScale="2" brakeFactor="0" supportsWheelSink="false"/>
                    </wheel>
                    <wheel filename="$data/shared/wheels/tires/continental/contiHybridHD3/245_70R19_5.xml" isLeft="false" hasParticles="true" configId="trailer">
                        <physics restLoad="1.7" repr="armRightSupportWheel01Repr" forcePointRatio="0.25" initialCompression="40" suspTravel="0.12" spring="30" damper="40" frictionScale="2" brakeFactor="0" supportsWheelSink="false"/>
                    </wheel>

                    <wheel filename="$data/shared/wheels/tires/mitas/FL02/6_50_R10.xml" isLeft="true" hasParticles="true">
                        <physics restLoad="0.3" repr="ridgeMarkerLeftWheel"  useReprDirection="true" forcePointRatio="0.25" initialCompression="30" suspTravel="0.1" spring="10" damper="10" brakeFactor="0" supportsWheelSink="false" yOffset="0.03"/>
                    </wheel>
                    <wheel filename="$data/shared/wheels/tires/mitas/FL02/6_50_R10.xml" isLeft="false" hasParticles="true">
                        <physics restLoad="0.3" repr="ridgeMarkerRightWheel" useReprDirection="true" forcePointRatio="0.25" initialCompression="30" suspTravel="0.1" spring="10" damper="10" brakeFactor="0" supportsWheelSink="false" yOffset="0.03"/>
                    </wheel>
                </wheels>
            </wheelConfiguration>
        </wheelConfigurations>

        <dynamicallyLoadedWheels>
            <dynamicallyLoadedWheel linkNode="centerSupportWheel02Repr"   filename="$data/shared/wheels/tires/continental/contiHybridHD3/245_70R19_5.xml" configId="trailer" isLeft="true"/>
            <dynamicallyLoadedWheel linkNode="centerSupportWheel03Repr"   filename="$data/shared/wheels/tires/continental/contiHybridHD3/245_70R19_5.xml" configId="trailer" isLeft="false"/>
            <dynamicallyLoadedWheel linkNode="armLeftSupportWheel02Repr"  filename="$data/shared/wheels/tires/continental/contiHybridHD3/245_70R19_5.xml" configId="trailer" isLeft="true"/>
            <dynamicallyLoadedWheel linkNode="armRightSupportWheel02Repr" filename="$data/shared/wheels/tires/continental/contiHybridHD3/245_70R19_5.xml" configId="trailer" isLeft="false"/>
        </dynamicallyLoadedWheels>


        <hubs>
            <hub linkNode="centerSupportWheel01Repr"   filename="$data/shared/wheels/hubs/hub_n6_1.xml" isLeft="true"  scale="0.15 0.15 0.15" />
            <hub linkNode="centerSupportWheel01Repr"   filename="$data/shared/wheels/hubs/hub_n6_1.xml" isLeft="false" scale="0.15 0.15 0.15" />
            <hub linkNode="centerSupportWheel02Repr"   filename="$data/shared/wheels/hubs/hub_n6_1.xml" isLeft="true"  scale="0.15 0.15 0.15" />
            <hub linkNode="centerSupportWheel02Repr"   filename="$data/shared/wheels/hubs/hub_n6_1.xml" isLeft="false" scale="0.15 0.15 0.15" />
            <hub linkNode="centerSupportWheel03Repr"   filename="$data/shared/wheels/hubs/hub_n6_1.xml" isLeft="true"  scale="0.15 0.15 0.15" />
            <hub linkNode="centerSupportWheel03Repr"   filename="$data/shared/wheels/hubs/hub_n6_1.xml" isLeft="false" scale="0.15 0.15 0.15" />
            <hub linkNode="centerSupportWheel04Repr"   filename="$data/shared/wheels/hubs/hub_n6_1.xml" isLeft="true"  scale="0.15 0.15 0.15" />
            <hub linkNode="centerSupportWheel04Repr"   filename="$data/shared/wheels/hubs/hub_n6_1.xml" isLeft="false" scale="0.15 0.15 0.15" />
            <hub linkNode="armLeftSupportWheel01Repr"  filename="$data/shared/wheels/hubs/hub_n6_1.xml" isLeft="true"  scale="0.15 0.15 0.15" />
            <hub linkNode="armLeftSupportWheel01Repr"  filename="$data/shared/wheels/hubs/hub_n6_1.xml" isLeft="false" scale="0.15 0.15 0.15" />
            <hub linkNode="armLeftSupportWheel02Repr"  filename="$data/shared/wheels/hubs/hub_n6_1.xml" isLeft="true"  scale="0.15 0.15 0.15" />
            <hub linkNode="armLeftSupportWheel02Repr"  filename="$data/shared/wheels/hubs/hub_n6_1.xml" isLeft="false" scale="0.15 0.15 0.15" />
            <hub linkNode="armRightSupportWheel01Repr" filename="$data/shared/wheels/hubs/hub_n6_1.xml" isLeft="false"  scale="0.15 0.15 0.15" />
            <hub linkNode="armRightSupportWheel01Repr" filename="$data/shared/wheels/hubs/hub_n6_1.xml" isLeft="true" scale="0.15 0.15 0.15" />
            <hub linkNode="armRightSupportWheel02Repr" filename="$data/shared/wheels/hubs/hub_n6_1.xml" isLeft="false"  scale="0.15 0.15 0.15" />
            <hub linkNode="armRightSupportWheel02Repr" filename="$data/shared/wheels/hubs/hub_n6_1.xml" isLeft="true" scale="0.15 0.15 0.15" />
        </hubs>
    </wheels>

    <speedRotatingParts>
        <!-- Center support wheels -->
        <speedRotatingPart node="centerSupportWheel02Repr" wheelIndex="1"/>
        <speedRotatingPart node="centerSupportWheel03Repr" wheelIndex="2"/>

        <speedRotatingPart node="armLeftSupportWheel02Repr" wheelIndex="3"/>
        <speedRotatingPart node="armRightSupportWheel02Repr" wheelIndex="4"/>

        <speedRotatingPart node="ridgeMarkerLeftDisc" wheelIndex="5" radius="-0.2"/>
        <speedRotatingPart node="ridgeMarkerRightDisc" wheelIndex="6" radius="0.2"/>

        <speedRotatingPart shaderNode="plantingWheel01" groundReferenceNodeIndex="1" radius="-0.2"/>
        <speedRotatingPart shaderNode="plantingWheel02" groundReferenceNodeIndex="1" radius="-0.2"/>
        <speedRotatingPart shaderNode="plantingWheel03" groundReferenceNodeIndex="1" radius="-0.2"/>
        <speedRotatingPart shaderNode="plantingWheel04" groundReferenceNodeIndex="1" radius="-0.2"/>
        <speedRotatingPart shaderNode="plantingWheel05" groundReferenceNodeIndex="1" radius="-0.2"/>
        <speedRotatingPart shaderNode="plantingWheel06" groundReferenceNodeIndex="1" radius="-0.2"/>
        <speedRotatingPart shaderNode="plantingWheel07" groundReferenceNodeIndex="1" radius="-0.2"/>
        <speedRotatingPart shaderNode="plantingWheel08" groundReferenceNodeIndex="1" radius="-0.2"/>
        <speedRotatingPart shaderNode="plantingWheel09" groundReferenceNodeIndex="1" radius="-0.2"/>
        <speedRotatingPart shaderNode="plantingWheel10" groundReferenceNodeIndex="1" radius="-0.2"/>
        <speedRotatingPart shaderNode="plantingWheel11" groundReferenceNodeIndex="1" radius="-0.2"/>
        <speedRotatingPart shaderNode="plantingWheel12" groundReferenceNodeIndex="1" radius="-0.2"/>
        <speedRotatingPart shaderNode="plantingWheel13" groundReferenceNodeIndex="1" radius="-0.2"/>
        <speedRotatingPart shaderNode="plantingWheel14" groundReferenceNodeIndex="1" radius="-0.2"/>
        <speedRotatingPart shaderNode="plantingWheel15" groundReferenceNodeIndex="1" radius="-0.2"/>
        <speedRotatingPart shaderNode="plantingWheel16" groundReferenceNodeIndex="1" radius="-0.2"/>
        <speedRotatingPart shaderNode="plantingWheel17" groundReferenceNodeIndex="1" radius="-0.2"/>
        <speedRotatingPart shaderNode="plantingWheel18" groundReferenceNodeIndex="1" radius="-0.2"/>
        <speedRotatingPart shaderNode="plantingWheel19" groundReferenceNodeIndex="1" radius="-0.2"/>
        <speedRotatingPart shaderNode="plantingWheel20" groundReferenceNodeIndex="1" radius="-0.2"/>
        <speedRotatingPart shaderNode="plantingWheel21" groundReferenceNodeIndex="1" radius="-0.2"/>
        <speedRotatingPart shaderNode="plantingWheel22" groundReferenceNodeIndex="1" radius="-0.2"/>
        <speedRotatingPart shaderNode="plantingWheel23" groundReferenceNodeIndex="1" radius="-0.2"/>
        <speedRotatingPart shaderNode="plantingWheel24" groundReferenceNodeIndex="1" radius="-0.2"/>
    </speedRotatingParts>

    <attachable>
        <inputAttacherJoints>
            <inputAttacherJoint node="attacherJoint" jointType="trailer" rootNode="planter4900_drawbar_component2" attacherHeight="0.6"/>
        </inputAttacherJoints>
        <support animationName="support" detachAfterAnimation="false"/>
        <lowerAnimation name="lowering" speed="1"/>
        <brakeForce force="2.5"/>
        <sounds>
            <active file="$data/sounds/tools/cultivator/generalRattle_01.wav" innerRadius="10" outerRadius="50" volumeScale="4" isLocalSound="true" pitchScale="0.9">
                <volume indoor="0.7" outdoor="0.9" >
                    <modifier type="WHEEL_SUSPENSION" value="-0.08" modifiedValue="0.3"/>
                    <modifier type="WHEEL_SUSPENSION" value="-0.04" modifiedValue="0.05"/>
                    <modifier type="WHEEL_SUSPENSION" value="-0.02" modifiedValue="0.0"/>
                    <modifier type="WHEEL_SUSPENSION" value="-0.01" modifiedValue="0.00"/>
                    <modifier type="WHEEL_SUSPENSION" value="-0.00" modifiedValue="0.0"/>
                    <modifier type="WHEEL_SUSPENSION" value="0.01" modifiedValue="0.00"/>
                    <modifier type="WHEEL_SUSPENSION" value="0.02" modifiedValue="0.0"/>
                    <modifier type="WHEEL_SUSPENSION" value="0.04" modifiedValue="0.05"/>
                    <modifier type="WHEEL_SUSPENSION" value="0.08" modifiedValue="0.30"/>

                    <modifier type="SPEED" value="0.0" modifiedValue="0.0"/>
                    <modifier type="SPEED" value="2.0" modifiedValue="1.0"/>
                    <modifier type="SPEED" value="40.0" modifiedValue="1.0"/>
                </volume>
                <lowpassCutoffFrequency indoor="250" outdoor="20000" />
                <lowpassGain indoor="0.5" outdoor="1" />
            </active>
        </sounds>
    </attachable>

    <connectionHoses>
        <hose inputAttacherJointIndices="1" type="electric" node="electric" length="1.5" diameter="0.02" straighteningFactor="1.0" minCenterPointOffset="0 0 0" maxCenterPointOffset="0.1 0 0" adapterNode="electric_connector">
           <objectChange node="electric_detached" visibilityActive="false" visibilityInactive="true"/>
        </hose>
        <hose inputAttacherJointIndices="1" type="airDoubleRed" node="airDoubleRed" length="1.5" diameter="0.022" straighteningFactor="1.0" minCenterPointOffset="0 0 0" maxCenterPointOffset="0.1 0 0" adapterNode="airDoubleRed_connector">
           <objectChange node="airDoubleRed_detached" visibilityActive="false" visibilityInactive="true"/>
        </hose>
        <hose inputAttacherJointIndices="1" type="airDoubleYellow" node="airDoubleYellow" length="1.5" diameter="0.022" straighteningFactor="1.0" adapterNode="airDoubleYellow_connector">
           <objectChange node="airDoubleYellow_detached" visibilityActive="false" visibilityInactive="true"/>
        </hose>
        <hose inputAttacherJointIndices="1" type="hydraulicIn" node="hydraulicIn01" length="1.5" diameter="0.018" straighteningFactor="1.0" adapterNode="hydraulicIn01_connector">
           <objectChange node="hydraulicIn01_detached" visibilityActive="false" visibilityInactive="true"/>
        </hose>
        <hose inputAttacherJointIndices="1" type="hydraulicOut" node="hydraulicOut01" length="1.5" diameter="0.018" straighteningFactor="1.0" adapterNode="hydraulicOut01_connector">
           <objectChange node="hydraulicOut01_detached" visibilityActive="false" visibilityInactive="true"/>
        </hose>
        <hose inputAttacherJointIndices="1" type="hydraulicIn" node="hydraulicIn02" length="1.5" diameter="0.018" straighteningFactor="1.0" adapterNode="hydraulicIn02_connector">
           <objectChange node="hydraulicIn02_detached" visibilityActive="false" visibilityInactive="true"/>
        </hose>
        <hose inputAttacherJointIndices="1" type="hydraulicOut" node="hydraulicOut02" length="1.5" diameter="0.018" straighteningFactor="1.0" adapterNode="hydraulicOut02_connector">
           <objectChange node="hydraulicOut02_detached" visibilityActive="false" visibilityInactive="true"/>
        </hose>
        <hose inputAttacherJointIndices="1" type="hydraulicIn" node="hydraulicIn03" length="1.5" diameter="0.022" straighteningFactor="1.0" minCenterPointOffset="0 0 0" maxCenterPointOffset="0.1 0 0" adapterNode="hydraulicIn03_connector">
           <objectChange node="hydraulicIn03_detached" visibilityActive="false" visibilityInactive="true"/>
        </hose>
        <hose inputAttacherJointIndices="1" type="hydraulicOut" node="hydraulicOut03" length="1.5" diameter="0.022" straighteningFactor="1.0" minCenterPointOffset="0 0 0" maxCenterPointOffset="0.1 0 0" adapterNode="hydraulicIn03_connector">
           <objectChange node="hydraulicOut03_detached" visibilityActive="false" visibilityInactive="true"/>
        </hose>
         <sounds>
            <connect type="hydraulicIn"    template="hydraulicHosesAttach" volumeScale="1" pitchScale="1" linkNode="attacherJoint"/>
            <connect type="electric"       template="generalConnection"    volumeScale="1" pitchScale="1" linkNode="attacherJoint"/>

            <disconnect type="hydraulicIn" template="hydraulicHosesDetach" volumeScale="2" pitchScale="1" linkNode="attacherJoint"/>
            <disconnect type="electric"    template="generalConnection"    volumeScale="1" pitchScale="1" linkNode="attacherJoint"/>
        </sounds>
    </connectionHoses>

    <powerConsumer forceNode="planter4900_main_component1" maxForce="32" ptoRpm="400" neededMaxPtoPower="20"/>

    <lights>
        <realLights>
            <high>
                <light node="backLightHigh"       lightTypes="0"/>
                <light node="workLightBackHigh"   lightTypes="1"/>
                <light node="workLightLeftHigh"   lightTypes="1"/>
                <light node="workLightRightHigh"  lightTypes="1"/>
                <brakeLight node="backLightHigh" />
                <turnLightLeft node="turnLightLeft" />
                <turnLightRight node="turnLightRight" />
            </high>
        </realLights>

        <staticLightCompounds>
            <staticLightCompound>
                <node node="lightStatic" intensity="5"/>
                <node node="lightStaticGlass" intensity="1"/>
                <node node="worklightArmLeftPart_static" intensity="5"/>
                <node node="worklightArmLeftPartGlass_static" intensity="1"/>
                <node node="worklightArmRightPart_static" intensity="5"/>
                <node node="worklightArmRightPartGlass_static" intensity="1"/>
            </staticLightCompound>
        </staticLightCompounds>
    </lights>

    <licensePlates>
        <licensePlate node="licensePlateBack" position="BACK" preferedType="SQUARISH" placementArea="0.12 0.2 0.11 0.2"/>
    </licensePlates>

    <groundReferenceNodes>
        <groundReferenceNode node="groundReferenceNode"  forceFactor="1" threshold="0.2"/>
        <groundReferenceNode node="ridgeMarkerLeftNode"  forceFactor="0" threshold="0.2"/>
        <groundReferenceNode node="ridgeMarkerRightNode" forceFactor="0" threshold="0.2"/>
    </groundReferenceNodes>

    <workAreas>
        <workArea type="sowingMachine" functionName="processSowingMachineArea">
            <area startNode="workAreaStart" widthNode="workAreaWidth" heightNode="workAreaHeight"/>
            <groundReferenceNode index="1"/>
            <folding minLimit="0" maxLimit="0.2"/>
            <onlyActiveWhenLowered value="true"/>
        </workArea>
        <workArea type="ridgemarker" functionName="processRidgeMarkerArea" disableBackwards="false" needsSetIsTurnedOn="false">
            <ridgeMarkerArea node="ridgeMarkerLeftNode" size="0.1" testAreaOffset="0.75"/>
            <groundReferenceNode index="2" />
            <onlyActiveWhenLowered value="false"/>
        </workArea>
        <workArea type="ridgemarker" functionName="processRidgeMarkerArea" disableBackwards="false" needsSetIsTurnedOn="false">
            <ridgeMarkerArea node="ridgeMarkerRightNode" size="0.1" testAreaOffset="0.75"/>
            <groundReferenceNode index="3" />
            <onlyActiveWhenLowered value="false"/>
        </workArea>
    </workAreas>

    <workParticles>
        <effect workAreaIndex="1">
            <effectNode effectClass="CultivatorMotionPathEffect" effectType="CULTIVATOR" linkNode="discEffectLinkNode01">
                <motionPathEffect textureFilename="$data/vehicles/kinze/planter4900/discEffect01Array.dds" numRows="3" rowLength="18" minFade="0.07" shapeScale="0.5" density="0.75"/>
            </effectNode>
            <effectNode effectClass="CultivatorMotionPathEffect" effectType="CULTIVATOR" linkNode="discEffectLinkNode02">
                <motionPathEffect textureFilename="$data/vehicles/kinze/planter4900/discEffect01Array.dds" numRows="3" rowLength="18" minFade="0.07" shapeScale="0.5" density="0.75"/>
            </effectNode>
            <effectNode effectClass="CultivatorMotionPathEffect" effectType="CULTIVATOR" linkNode="discEffectLinkNode03">
                <motionPathEffect textureFilename="$data/vehicles/kinze/planter4900/discEffect01Array.dds" numRows="3" rowLength="18" minFade="0.07" shapeScale="0.5" density="0.75"/>
            </effectNode>
            <effectNode effectClass="CultivatorMotionPathEffect" effectType="CULTIVATOR" linkNode="discEffectLinkNode04">
                <motionPathEffect textureFilename="$data/vehicles/kinze/planter4900/discEffect01Array.dds" numRows="3" rowLength="18" minFade="0.07" shapeScale="0.5" density="0.75"/>
            </effectNode>
            <effectNode effectClass="CultivatorMotionPathEffect" effectType="CULTIVATOR" linkNode="discEffectLinkNode05">
                <motionPathEffect textureFilename="$data/vehicles/kinze/planter4900/discEffect01Array.dds" numRows="3" rowLength="18" minFade="0.07" shapeScale="0.5" density="0.75"/>
            </effectNode>
            <effectNode effectClass="CultivatorMotionPathEffect" effectType="CULTIVATOR" linkNode="discEffectLinkNode06">
                <motionPathEffect textureFilename="$data/vehicles/kinze/planter4900/discEffect01Array.dds" numRows="3" rowLength="18" minFade="0.07" shapeScale="0.5" density="0.75"/>
            </effectNode>
            <effectNode effectClass="CultivatorMotionPathEffect" effectType="CULTIVATOR" linkNode="discEffectLinkNode07">
                <motionPathEffect textureFilename="$data/vehicles/kinze/planter4900/discEffect01Array.dds" numRows="3" rowLength="18" minFade="0.07" shapeScale="0.5" density="0.75"/>
            </effectNode>
            <effectNode effectClass="CultivatorMotionPathEffect" effectType="CULTIVATOR" linkNode="discEffectLinkNode08">
                <motionPathEffect textureFilename="$data/vehicles/kinze/planter4900/discEffect01Array.dds" numRows="3" rowLength="18" minFade="0.07" shapeScale="0.5" density="0.75"/>
            </effectNode>
            <effectNode effectClass="CultivatorMotionPathEffect" effectType="CULTIVATOR" linkNode="discEffectLinkNode09">
                <motionPathEffect textureFilename="$data/vehicles/kinze/planter4900/discEffect01Array.dds" numRows="3" rowLength="18" minFade="0.07" shapeScale="0.5" density="0.75"/>
            </effectNode>
            <effectNode effectClass="CultivatorMotionPathEffect" effectType="CULTIVATOR" linkNode="discEffectLinkNode10">
                <motionPathEffect textureFilename="$data/vehicles/kinze/planter4900/discEffect01Array.dds" numRows="3" rowLength="18" minFade="0.07" shapeScale="0.5" density="0.75"/>
            </effectNode>
            <effectNode effectClass="CultivatorMotionPathEffect" effectType="CULTIVATOR" linkNode="discEffectLinkNode11">
                <motionPathEffect textureFilename="$data/vehicles/kinze/planter4900/discEffect01Array.dds" numRows="3" rowLength="18" minFade="0.07" shapeScale="0.5" density="0.75"/>
            </effectNode>
            <effectNode effectClass="CultivatorMotionPathEffect" effectType="CULTIVATOR" linkNode="discEffectLinkNode12">
                <motionPathEffect textureFilename="$data/vehicles/kinze/planter4900/discEffect01Array.dds" numRows="3" rowLength="18" minFade="0.07" shapeScale="0.5" density="0.75"/>
            </effectNode>
            <effectNode effectClass="CultivatorMotionPathEffect" effectType="CULTIVATOR" linkNode="discEffectLinkNode13">
                <motionPathEffect textureFilename="$data/vehicles/kinze/planter4900/discEffect01Array.dds" numRows="3" rowLength="18" minFade="0.07" shapeScale="0.5" density="0.75"/>
            </effectNode>
            <effectNode effectClass="CultivatorMotionPathEffect" effectType="CULTIVATOR" linkNode="discEffectLinkNode14">
                <motionPathEffect textureFilename="$data/vehicles/kinze/planter4900/discEffect01Array.dds" numRows="3" rowLength="18" minFade="0.07" shapeScale="0.5" density="0.75"/>
            </effectNode>
            <effectNode effectClass="CultivatorMotionPathEffect" effectType="CULTIVATOR" linkNode="discEffectLinkNode15">
                <motionPathEffect textureFilename="$data/vehicles/kinze/planter4900/discEffect01Array.dds" numRows="3" rowLength="18" minFade="0.07" shapeScale="0.5" density="0.75"/>
            </effectNode>
            <effectNode effectClass="CultivatorMotionPathEffect" effectType="CULTIVATOR" linkNode="discEffectLinkNode16">
                <motionPathEffect textureFilename="$data/vehicles/kinze/planter4900/discEffect01Array.dds" numRows="3" rowLength="18" minFade="0.07" shapeScale="0.5" density="0.75"/>
            </effectNode>
            <effectNode effectClass="CultivatorMotionPathEffect" effectType="CULTIVATOR" linkNode="discEffectLinkNode17">
                <motionPathEffect textureFilename="$data/vehicles/kinze/planter4900/discEffect01Array.dds" numRows="3" rowLength="18" minFade="0.07" shapeScale="0.5" density="0.75"/>
            </effectNode>
            <effectNode effectClass="CultivatorMotionPathEffect" effectType="CULTIVATOR" linkNode="discEffectLinkNode18">
                <motionPathEffect textureFilename="$data/vehicles/kinze/planter4900/discEffect01Array.dds" numRows="3" rowLength="18" minFade="0.07" shapeScale="0.5" density="0.75"/>
            </effectNode>
            <effectNode effectClass="CultivatorMotionPathEffect" effectType="CULTIVATOR" linkNode="discEffectLinkNode19">
                <motionPathEffect textureFilename="$data/vehicles/kinze/planter4900/discEffect01Array.dds" numRows="3" rowLength="18" minFade="0.07" shapeScale="0.5" density="0.75"/>
            </effectNode>
            <effectNode effectClass="CultivatorMotionPathEffect" effectType="CULTIVATOR" linkNode="discEffectLinkNode20">
                <motionPathEffect textureFilename="$data/vehicles/kinze/planter4900/discEffect01Array.dds" numRows="3" rowLength="18" minFade="0.07" shapeScale="0.5" density="0.75"/>
            </effectNode>
            <effectNode effectClass="CultivatorMotionPathEffect" effectType="CULTIVATOR" linkNode="discEffectLinkNode21">
                <motionPathEffect textureFilename="$data/vehicles/kinze/planter4900/discEffect01Array.dds" numRows="3" rowLength="18" minFade="0.07" shapeScale="0.5" density="0.75"/>
            </effectNode>
            <effectNode effectClass="CultivatorMotionPathEffect" effectType="CULTIVATOR" linkNode="discEffectLinkNode22">
                <motionPathEffect textureFilename="$data/vehicles/kinze/planter4900/discEffect01Array.dds" numRows="3" rowLength="18" minFade="0.07" shapeScale="0.5" density="0.75"/>
            </effectNode>
            <effectNode effectClass="CultivatorMotionPathEffect" effectType="CULTIVATOR" linkNode="discEffectLinkNode23">
                <motionPathEffect textureFilename="$data/vehicles/kinze/planter4900/discEffect01Array.dds" numRows="3" rowLength="18" minFade="0.07" shapeScale="0.5" density="0.75"/>
            </effectNode>
            <effectNode effectClass="CultivatorMotionPathEffect" effectType="CULTIVATOR" linkNode="discEffectLinkNode24">
                <motionPathEffect textureFilename="$data/vehicles/kinze/planter4900/discEffect01Array.dds" numRows="3" rowLength="18" minFade="0.07" shapeScale="0.5" density="0.75"/>
            </effectNode>
        </effect>

        <effect workAreaIndex="2">
            <effectNode effectClass="CultivatorMotionPathEffect" effectType="CULTIVATOR" linkNode="ridgeMarkerLeftDiscEffect">
                <motionPathEffect textureFilename="$data/effects/cultivator/arrays/sharedRidgeMarkerLeftArray.dds" numRows="3" rowLength="18" minFade="0.07" />
            </effectNode>
        </effect>
        <effect workAreaIndex="3">
            <effectNode effectClass="CultivatorMotionPathEffect" effectType="CULTIVATOR" linkNode="ridgeMarkerRightDiscEffect">
                <motionPathEffect textureFilename="$data/effects/cultivator/arrays/sharedRidgeMarkerRightArray.dds" numRows="3" rowLength="18" minFade="0.07" />
            </effectNode>
        </effect>

        <particle>
            <node node="effectParticleSmokeEmit" refNodeIndex="1" particleType="SOIL_SMOKE" emitCountScale="2.5"/>
        </particle>
    </workParticles>

    <ridgeMarker onlyActiveWhenLowered="true" foldMinLimit="0.0" foldMaxLimit="0.2">
        <marker animName="ridgeMarkerLeft"  workAreaIndex="2"/>
        <marker animName="ridgeMarkerRight" workAreaIndex="3"/>
    </ridgeMarker>

    <sprayer fillUnitIndex="2" unloadInfoIndex="2">
        <usageScales workingWidth="18.2" scale="1"/>
    </sprayer>

    <randomlyMovingParts>
        <randomlyMovingPart node="armLeftPlanterUnit01LowerArm" rotAxis="3" rotMax="3" speedScale="0.5" refNodeIndex="1" isSpeedDependent="true">
            <node node="armLeftPlanterUnit01" scale="-1"/>
            <node node="armLeftPlanterUnit01UpperArm" scale="1"/>
        </randomlyMovingPart>
        <randomlyMovingPart node="armLeftPlanterUnit02LowerArm" rotAxis="3" rotMax="3" speedScale="0.5" refNodeIndex="1" isSpeedDependent="true">
            <node node="armLeftPlanterUnit02" scale="-1"/>
            <node node="armLeftPlanterUnit02UpperArm" scale="1"/>
        </randomlyMovingPart>
        <randomlyMovingPart node="armLeftPlanterUnit03LowerArm" rotAxis="3" rotMax="3" speedScale="0.5" refNodeIndex="1" isSpeedDependent="true">
            <node node="armLeftPlanterUnit03" scale="-1"/>
            <node node="armLeftPlanterUnit03UpperArm" scale="1"/>
        </randomlyMovingPart>
        <randomlyMovingPart node="armLeftPlanterUnit04LowerArm" rotAxis="1" rotMax="3" speedScale="0.5" refNodeIndex="1" isSpeedDependent="true">
            <node node="armLeftPlanterUnit04" scale="-1"/>
            <node node="armLeftPlanterUnit04UpperArm" scale="1"/>
        </randomlyMovingPart>
        <randomlyMovingPart node="armCenterPlanterUnit01LowerArm" rotAxis="1" rotMax="3" speedScale="0.5" refNodeIndex="1" isSpeedDependent="true">
            <node node="armCenterPlanterUnit01" scale="-1"/>
            <node node="armCenterPlanterUnit01UpperArm" scale="1"/>
        </randomlyMovingPart>
        <randomlyMovingPart node="armCenterPlanterUnit02LowerArm" rotAxis="1" rotMax="3" speedScale="0.5" refNodeIndex="1" isSpeedDependent="true">
            <node node="armCenterPlanterUnit02" scale="-1"/>
            <node node="armCenterPlanterUnit02UpperArm" scale="1"/>
        </randomlyMovingPart>
        <randomlyMovingPart node="armRightPlanterUnit01LowerArm" rotAxis="3" rotMax="3" speedScale="0.5" refNodeIndex="1" isSpeedDependent="true">
            <node node="armRightPlanterUnit01" scale="-1"/>
            <node node="armRightPlanterUnit01UpperArm" scale="1"/>
        </randomlyMovingPart>
        <randomlyMovingPart node="armRightPlanterUnit02LowerArm" rotAxis="3" rotMax="3" speedScale="0.5" refNodeIndex="1" isSpeedDependent="true">
            <node node="armRightPlanterUnit02" scale="-1"/>
            <node node="armRightPlanterUnit02UpperArm" scale="1"/>
        </randomlyMovingPart>
        <randomlyMovingPart node="armRightPlanterUnit03LowerArm" rotAxis="3" rotMax="3" speedScale="0.5" refNodeIndex="1" isSpeedDependent="true">
            <node node="armRightPlanterUnit03" scale="-1"/>
            <node node="armRightPlanterUnit03UpperArm" scale="1"/>
        </randomlyMovingPart>
        <randomlyMovingPart node="armRightPlanterUnit04LowerArm" rotAxis="1" rotMax="3" speedScale="0.5" refNodeIndex="1" isSpeedDependent="true">
            <node node="armRightPlanterUnit04" scale="-1"/>
            <node node="armRightPlanterUnit04UpperArm" scale="1"/>
        </randomlyMovingPart>
    </randomlyMovingParts>

    <foldable>
        <foldingConfigurations>
            <foldingConfiguration>
                <foldingParts startMoveDirection="1" foldMiddleAnimTime="0.1" turnOnFoldMinLimit="0" turnOnFoldMaxLimit="0.1">
                    <foldingPart animationName="folding" speedScale="1.0"/>
                </foldingParts>
            </foldingConfiguration>
        </foldingConfigurations>
    </foldable>

    <animations>
        <animation name="support">
            <part node="supportArmPart" startTime="0.19" endTime="0.20" startTrans="0.000 1.221 -0.688" endTrans="0.000 -0.181 -0.382" startRot="74 0 0" endRot="90 0 0"/>
            <part node="supportColPart" startTime="0.00" endTime="0.40" startTrans="0.000 0.350 1.471" endTrans="0.000 -0.330 1.471" />
            <part node="supportArmBolt" startTime="0.19" endTime="0.20" startTrans="-0.007 1.167 -0.670" endTrans="-0.007 -0.208 -0.384" />

            <sound template="metalClose" startTime="0.1" direction="-1" volumeScale="2" pitchScale="2.5" linkNode="attacherJoint"/>
        </animation>

        <animation name="folding">
            <!-- folding -->
            <part node="componentJointDrawbar"   startTime="2.0" endTime="12.5" startTrans="0 0.694 5.319" endTrans="0 0.694 9.895" tangentType="spline"/>
            <part node="armLeft"                 startTime="2.0" endTime="12.5" startRot="0 0 0" endRot="-90 0 0" tangentType="spline"/>
            <part node="armRight"                startTime="2.0" endTime="12.5" startRot="0 0 0" endRot="-90 0 0" tangentType="spline"/>
            <part componentIndex="5"             startTime="2.0" endTime="12.5" startCenterOfMass="0 0 0" endCenterOfMass="0 1.5 0"/>
            <part componentIndex="6"             startTime="2.0" endTime="12.5" startCenterOfMass="0 0 0" endCenterOfMass="0 1.5 0"/>
            <part componentJointIndex="2"        startTime="0.0" endTime="14.0" startRotLimit="0 0 21" endRotLimit="0 0 0" />
            <part componentJointIndex="3"        startTime="0.0" endTime="14.0" startRotLimit="0 0 21" endRotLimit="0 0 0" />
            <part node="supportArmDrawbarPhy"    startTime="15.0" endTime="17.0" startTrans="0 0 0.5" endTrans="0 0 0.95" />
            <part node="supportArmDrawbar"       startTime="15.0" endTime="17.0" startTrans="0 0 0.5" endTrans="0 0 0.95" />
            <part node="centerSupportWheel"      startTime="15.0" endTime="20.0" startRot="-25 0 0" endRot="-136 0 0" />
            <part node="armLeftSupportWheel"     startTime="13.0" endTime="15.0" startRot="0 0 -40" endRot="0 0 0" />
            <part node="armRightSupportWheel"    startTime="13.0" endTime="15.0" startRot="0 0 40" endRot="0 0 0" />
            <part node="armLeftSupportWheelPhy"  startTime="13.0" endTime="15.0" startRot="-40 0 0" endRot="0 0 0" />
            <part node="armRightSupportWheelPhy" startTime="13.0" endTime="15.0" startRot="-40 0 0" endRot="0 0 0" />
            <part node="armLeftSupportWheel"     startTime="8.0" endTime="12.0" startRot="0 0 -25" endRot="0 0 -40" />
            <part node="armRightSupportWheel"    startTime="8.0" endTime="12.0" startRot="0 0 25" endRot="0 0 40" />
            <part node="armLeftSupportWheelPhy"  startTime="8.0" endTime="12.0" startRot="-25 0 0" endRot="-40 0 0" />
            <part node="armRightSupportWheelPhy" startTime="8.0" endTime="12.0" startRot="-25 0 0" endRot="-40 0 0" />

            <!-- lowering -->
            <part node="supportArmDrawbarPhy"    startTime="0.0" endTime="2.0" startTrans="0 0 0.1" endTrans="0 0 0.5" />
            <part node="supportArmDrawbar"       startTime="0.0" endTime="2.0" startTrans="0 0 0.1" endTrans="0 0 0.5" />
            <part node="centerSupportWheel"      startTime="0.0" endTime="2.0" startRot="-4 0 0" endRot="-25 0 0" />
            <part node="armLeftSupportWheel"     startTime="0.0" endTime="2.0" startRot="0 0 -4" endRot="0 0 -25" />
            <part node="armRightSupportWheel"    startTime="0.0" endTime="2.0" startRot="0 0 4" endRot="0 0 25" />
            <part node="armLeftSupportWheelPhy"  startTime="0.0" endTime="2.0" startRot="-4 0 0" endRot="-25 0 0" />
            <part node="armRightSupportWheelPhy" startTime="0.0" endTime="2.0" startRot="-4 0 0" endRot="-25 0 0" />

            <part componentJointIndex="4" requiredAnimation="ridgeMarkerLeft" requiredAnimationRange="0.8 1" startTime="0" endTime="2.0" startRotLimit="20 0 0" endRotLimit="0 0 0" />
            <part componentJointIndex="5" requiredAnimation="ridgeMarkerRight" requiredAnimationRange="0.8 1" startTime="0" endTime="2.0" startRotLimit="20 0 0" endRotLimit="0 0 0" />

            <sound template="hydraulicClose01"      startTime="15"    endTime="19.99" volumeScale="4.6" pitchScale="0.6"  fadeIn="0.1" fadeOut="0.1" />
            <sound template="hydraulicOpen02"       startTime="13"    endTime="15"    volumeScale="2.6" pitchScale="1.2"  fadeIn="0.1" fadeOut="0.1" />
            <sound template="hydraulicClose03"      startTime="2.01"  endTime="12.5"  direction="-1"    volumeScale="3.5" startPitchScale="1.2" endPitchScale="1.3" fadeIn="0.1" fadeOut="0.1" />
            <sound template="hydraulicClose03"      startTime="2.01"  endTime="12.5"  direction="-1"    volumeScale="3.5" startPitchScale="1.4" endPitchScale="1.5"                  fadeIn="0.1" fadeOut="0.1" />
            <sound template="hydraulicClose03"      startTime="2.01"  endTime="12.5"  direction="1"     volumeScale="3.5" pitchScale="1.2" fadeIn="0.1" fadeOut="0.1" />
            <sound template="hydraulicClose03"      startTime="2.01"  endTime="12.5"  direction="1"     volumeScale="3.5" pitchScale="1.4" fadeIn="0.1" fadeOut="0.1" />
            <sound template="hydraulicOpen06"       startTime="0.01"  endTime="1.99"  direction="-1"    volumeScale="2"   startPitchScale="0.55" endPitchScale="0.6" fadeIn="0.1" fadeOut="0.1" />
            <sound template="hydraulicClose01"      startTime="0.01"  endTime="1.99"  direction="1"     volumeScale="4.6" pitchScale="0.6" fadeIn="0.1" fadeOut="0.1" />
            <sound template="sheetImp02"            startTime="19.99" direction="-1"  volumeScale="3"   pitchScale="0.6" />
            <sound template="clackVar6"             startTime="19.8"  direction="-1"  volumeScale="1"   pitchScale="0.6" />
            <sound template="sheetImp02"            startTime="15"                    volumeScale="2.5" pitchScale="0.6" />
            <sound template="foldStartMed02"        startTime="15"                    volumeScale="2.5" pitchScale="0.8" />
            <sound template="clackVar6"             startTime="13.6" direction="-1"   volumeScale="1.2" pitchScale="0.6" />
            <sound template="sheetImp02"            startTime="13.6" direction="-1"   volumeScale="2.8" pitchScale="0.8" />
            <sound template="vibratingImp"          startTime="13.6" direction="-1"   volumeScale="1.1" pitchScale="0.8" />
            <sound template="sheetImp02"            startTime="12.5" direction="-1"   volumeScale="2"   pitchScale="0.8" />
            <sound template="foldStartMed02"        startTime="12.4" direction="-1"   volumeScale="2.5" pitchScale="0.7" />
            <sound template="metalClose"            startTime="2.01" direction="-1"   volumeScale="2"   pitchScale="0.6" />
            <sound template="foldStartMed02"        startTime="2.01" direction="-1"   volumeScale="5"   pitchScale="0.6" />
            <sound template="metalImpHigh04"        startTime="2.1" direction="-1"    volumeScale="0.8" pitchScale="0.9" />
            <sound template="sheetImp02"            startTime="2.1"  direction="-1"   volumeScale="3"   pitchScale="0.7" />
            <sound template="sheetImp02"            startTime="2.2"  direction="1"    volumeScale="4"   pitchScale="0.6" />
            <sound template="clackVar6"             startTime="2.3"  direction="1"    volumeScale="1.3" pitchScale="0.6" />
            <sound template="clackVar2"             startTime="2.3"  direction="1"    volumeScale="1.3" pitchScale="0.6" />
            <sound template="clackVar4"             startTime="12.5" direction="1"    volumeScale="1.5" pitchScale="1.1" />
            <sound template="clackVar6"             startTime="12.5" direction="1"    volumeScale="1.5" pitchScale="0.7" />
            <sound template="foldStartMed02"        startTime="12.5" direction="1"    volumeScale="2.5" pitchScale="0.8" />
            <sound template="vibratingImp"          startTime="12.5" direction="1"    volumeScale="1.4" pitchScale="0.8" />
            <sound template="trailerCloseImpact_01" startTime="12.5" direction="1"    volumeScale="0.8" pitchScale="0.8" />
            <sound template="foldStartMed02"        startTime="19.9" direction="1"    volumeScale="2.6" pitchScale="0.7" />
            <sound template="sheetImp02"            startTime="19.9" direction="1"    volumeScale="2.5" pitchScale="0.6" />
            <sound template="clackVar2"             startTime="19.8" direction="1"    volumeScale="1.5" pitchScale="0.8" />
            <sound template="sheetImp01"            startTime="0.1"  direction="-1"   volumeScale="1.9" pitchScale="0.8" />
            <sound template="sheetImp02"            startTime="0.1"  direction="-1"   volumeScale="2.9" pitchScale="0.7" />
            <sound template="vibratingImp"          startTime="0.1"  direction="-1"   volumeScale="1.3" pitchScale="0.9" />
            <sound template="metalImpHigh04"        startTime="0.2"  direction="-1"   volumeScale="1.3" pitchScale="0.9" />
            <sound template="clackVar4"             startTime="0.1"  direction="1"    volumeScale="1.5" pitchScale="0.7" />
            <sound template="sheetImp05"            startTime="1.99" direction="1"    volumeScale="2"   pitchScale="0.7" />
            <sound template="sheetImp02"            startTime="1.99" direction="1"    volumeScale="2"   pitchScale="0.7" />
            <sound template="clackVar4"             startTime="1.99" direction="1"    volumeScale="2.5" pitchScale="0.8" />
        </animation>

        <animation name="ridgeMarkerLeft" soundVolumeFactor="1.4">
            <part node="ridgeMarkerLeft"               startTime="0.0" endTime="1.5" startRot="0.8 0 0" endRot="90 0 0" />
            <part node="ridgeMarkerLeftPhy"            startTime="0.0" endTime="1.5" startRot="0.8 0 0" endRot="90 0 0" />
            <part node="ridgeMarkerLeftPart02"         startTime="1.5" endTime="2.7" startRot="0 0 0" endRot="-166.5 0 0" />
            <part node="ridgeMarkerLeftPart02Phy"      startTime="1.5" endTime="2.7" startRot="0 0 0" endRot="0 0 166.5" />
            <part node="componentJointRidgeMarkerLeft" startTime="1.5" endTime="3.0" startRot="0 0 0" endRot="90 0 0" />
            <part componentJointIndex="4" requiredAnimation="folding" requiredAnimationRange="0.0 0.09" startTime="2.3" endTime="3.0" startRotLimit="0 0 0" endRotLimit="20 0 0" />

            <sound template="hydraulicOpen01"  startTime="0.01" endTime="2.99" direction="1"     volumeScale="1.0" pitchScale="2.3" linkNode="ridgeMarkerLeft" fadeIn="0.1" fadeOut="0.1"/>
            <sound template="hydraulicOpen06"  startTime="0.01" endTime="2.99" direction="1"     volumeScale="0.8" pitchScale="0.6" linkNode="ridgeMarkerLeft" fadeIn="0.1" fadeOut="0.1"/>
            <sound template="hydraulicClose01" startTime="0.01" endTime="2.99" direction="-1"    volumeScale="1"   pitchScale="0.8" linkNode="ridgeMarkerLeft" fadeIn="0.1" fadeOut="0.1"/>
            <sound template="hydraulicClose03" startTime="0.01" endTime="2.99" direction="-1"    volumeScale="2"   pitchScale="1.8" linkNode="ridgeMarkerLeft" fadeIn="0.1" fadeOut="0.1"/>
            <sound template="metalImpHigh03"   startTime="2.99" direction="1"  volumeScale="0.1" pitchScale="1.1"  linkNode="ridgeMarkerLeftDisc"/>
            <sound template="vibratingImp"     startTime="2.99" direction="1"  volumeScale="0.8" pitchScale="1.4"  linkNode="ridgeMarkerLeftDisc"/>
            <sound template="metalImpHigh01"   startTime="2.99" direction="1"  volumeScale="0.4" pitchScale="1.4"  linkNode="ridgeMarkerLeftDisc"/>
            <sound template="vibratingImp"     startTime="0.01" direction="-1" volumeScale="0.8" pitchScale="1.2"  linkNode="ridgeMarkerLeft"/>
            <sound template="grabImp"          startTime="0.01" direction="-1" volumeScale="0.3" pitchScale="1.4"  linkNode="ridgeMarkerLeft"/>
        </animation>

        <animation name="ridgeMarkerRight" soundVolumeFactor="1.4">
            <part node="ridgeMarkerRight"               startTime="0.0" endTime="1.5" startRot="0.8 0 0" endRot="90 0 0" />
            <part node="ridgeMarkerRightPhy"            startTime="0.0" endTime="1.5" startRot="0.8 0 0" endRot="90 0 0" />
            <part node="ridgeMarkerRightPart02"         startTime="1.5" endTime="2.7" startRot="0 0 0" endRot="-166.5 0 0" />
            <part node="ridgeMarkerRightPart02Phy"      startTime="1.5" endTime="2.7" startRot="0 0 0" endRot="0 0 -166.5" />
            <part node="componentJointRidgeMarkerRight" startTime="1.5" endTime="3.0" startRot="0 0 0" endRot="90 0 0" />
            <part componentJointIndex="5" requiredAnimation="folding" requiredAnimationRange="0.0 0.09" startTime="2.3" endTime="3.0" startRotLimit="0 0 0" endRotLimit="20 0 0" />

            <sound template="hydraulicOpen01"  startTime="0.01" endTime="2.99" direction="1"     volumeScale="1.0" pitchScale="2.1"  linkNode="ridgeMarkerRight" fadeIn="0.1" fadeOut="0.1"/>
            <sound template="hydraulicOpen06"  startTime="0.01" endTime="2.99" direction="1"     volumeScale="0.8" pitchScale="0.75" linkNode="ridgeMarkerRight" fadeIn="0.1" fadeOut="0.1"/>
            <sound template="hydraulicClose01" startTime="0.01" endTime="2.99" direction="-1"    volumeScale="1"   pitchScale="1.0"  linkNode="ridgeMarkerRight" fadeIn="0.1" fadeOut="0.1"/>
            <sound template="hydraulicClose03" startTime="0.01" endTime="2.99" direction="-1"    volumeScale="2"   pitchScale="1.6"  linkNode="ridgeMarkerRight" fadeIn="0.1" fadeOut="0.1"/>
            <sound template="metalImpHigh03"   startTime="2.99" direction="1"  volumeScale="0.1" pitchScale="1.1"  linkNode="ridgeMarkerRightDisc"/>
            <sound template="vibratingImp"     startTime="2.99" direction="1"  volumeScale="0.8" pitchScale="1.4"  linkNode="ridgeMarkerRightDisc"/>
            <sound template="metalImpHigh01"   startTime="2.99" direction="1"  volumeScale="0.4" pitchScale="1.4"  linkNode="ridgeMarkerRightDisc"/>
            <sound template="vibratingImp"     startTime="0.01" direction="-1" volumeScale="0.8" pitchScale="1.4"  linkNode="ridgeMarkerRight"/>
            <sound template="grabImp"          startTime="0.01" direction="-1" volumeScale="0.3" pitchScale="1.2"  linkNode="ridgeMarkerRight"/>
            <sound template="metalImpHigh01"   startTime="0.01" direction="-1" volumeScale="0.5" pitchScale="1.2"  linkNode="ridgeMarkerRight"/>
        </animation>

        <animation name="toggleCover">
            <part node="coverClosed" startTime="0.00" endTime="0.05" visibility="true" />
            <part node="coverClosed" startTime="0.05" endTime="0.10" visibility="false"/>
            <part node="coverOpen"   startTime="0.00" endTime="0.05" visibility="false" />
            <part node="coverOpen"   startTime="0.05" endTime="0.10" visibility="true"/>

            <sound template="palletsFillPlastic" startTime="0.05" volumeScale="6" />
        </animation>
    </animations>

    <cylindered>
        <movingTools>
            <movingTool node="componentJointDrawbar">
                <componentJoint index="1" />
            </movingTool>
            <movingTool node="armLeft">
                <componentJoint index="2" />
                <dependentPart node="armLeftHydraulic" />
            </movingTool>
            <movingTool node="armRight">
                <componentJoint index="3" />
                <dependentPart node="armRightHydraulic" />
            </movingTool>

            <movingTool node="supportArmDrawbarPhy">
                <inputAttacherJoint value="true" />
            </movingTool>

            <movingTool node="centerSupportWheel" wheelIndices="1 2">
                <dependentPart node="centerSupportWheelHydraulic" />
                <dependentPart node="centerSupportWheelPart01" />
                <dependentPart node="centerSupportWheelPart02" />
            </movingTool>

            <movingTool node="armLeftSupportWheel" wheelIndices="3">
                <dependentPart node="armLeftSupportWheelHydraulic" />
            </movingTool>
            <movingTool node="armRightSupportWheel" wheelIndices="4">
                <dependentPart node="armRightSupportWheelHydraulic" />
            </movingTool>

            <movingTool node="componentJointRidgeMarkerLeft">
                <componentJoint index="4" />
            </movingTool>
            <movingTool node="ridgeMarkerLeft">
                <componentJoint index="4" />
            </movingTool>
            <movingTool node="componentJointRidgeMarkerRight">
                <componentJoint index="5" />
            </movingTool>
            <movingTool node="ridgeMarkerRight">
                <componentJoint index="5" />
            </movingTool>
        </movingTools>

        <movingParts>
            <movingPart node="ridgeMarkerLeftPart01" referencePoint="ridgeMarkerLeftPart01Ref" referenceFrame="ridgeMarkerLeftPart01Ref" isActiveDirty="true" maxUpdateDistance="-" limitedAxis="1">
                <dependentPart node="ridgeMarkerLeftHydraulic" />
            </movingPart>
            <movingPart node="ridgeMarkerRightPart01" referencePoint="ridgeMarkerRightPart01Ref" referenceFrame="ridgeMarkerRightPart01Ref" isActiveDirty="true" maxUpdateDistance="-" limitedAxis="1">
                <dependentPart node="ridgeMarkerRightHydraulic" />
            </movingPart>

            <movingPart node="drawbarRot" referencePoint="drawbarRef" referenceFrame="planter4900_main_component1" isActiveDirty="true" maxUpdateDistance="200" doDirectionAlignment="false" >
                <translatingPart node="drawbar" />
            </movingPart>

            <movingPart node="armLeftLink" referencePoint="armLeftLinkRef" referenceFrame="armLeftLinkRef" limitedAxis="2" isActiveDirty="true" maxUpdateDistance="125">
                <dependentPart node="armLeftLinkPart" />
                <dependentPart node="armLeftLinkPartNonScaled" />
            </movingPart>
            <movingPart node="armLeftLinkPart" referencePoint="armLeftLinkRef" referenceFrame="armLeftLinkRef" scaleZ="true" limitedAxis="1"/>
            <movingPart node="armLeftLinkPartNonScaled" referencePoint="armLeftLinkRef" referenceFrame="armLeftLinkRef" limitedAxis="1">
                <translatingPart node="armLeftLinkPartNonScaledTrans"/>
            </movingPart>

            <movingPart node="armRightLink" referencePoint="armRightLinkRef" referenceFrame="armRightLinkRef" limitedAxis="2" isActiveDirty="true" maxUpdateDistance="125">
                <dependentPart node="armRightLinkPart" />
                <dependentPart node="armRightLinkPartNonScaled" />
            </movingPart>
            <movingPart node="armRightLinkPart" referencePoint="armRightLinkRef" referenceFrame="armRightLinkRef" scaleZ="true" limitedAxis="1"/>
            <movingPart node="armRightLinkPartNonScaled" referencePoint="armRightLinkRef" referenceFrame="armRightLinkRef" limitedAxis="1">
                <translatingPart node="armRightLinkPartNonScaledTrans"/>
            </movingPart>

            <movingPart node="armLeftHydraulic" referencePoint="armLeftHydraulicRef" referenceFrame="armLeftHydraulicRef">
                <translatingPart node="armLeftHydraulicPunch" />
            </movingPart>
            <movingPart node="armRightHydraulic" referencePoint="armRightHydraulicRef" referenceFrame="armRightHydraulicRef">
                <translatingPart node="armRightHydraulicPunch" />
            </movingPart>

            <movingPart node="armLeftPart" referencePoint="armLeftPartRef" referenceFrame="armLeftPartRef" isActiveDirty="true" maxUpdateDistance="-">
                <dependentPart node="armLeftPartHydraulic"/>
            </movingPart>
            <movingPart node="armRightPart" referencePoint="armRightPartRef" referenceFrame="armRightPartRef" isActiveDirty="true" maxUpdateDistance="-">
                <dependentPart node="armRightPartHydraulic"/>
            </movingPart>

            <movingPart node="armLeftPartHydraulic" referencePoint="armLeftPartHydraulicRef" referenceFrame="armLeftPartHydraulicRef">
                <translatingPart node="armLeftPartHydraulicPunch"/>
            </movingPart>
            <movingPart node="armRightPartHydraulic" referencePoint="armRightPartHydraulicRef" referenceFrame="armRightPartHydraulicRef">
                <translatingPart node="armRightPartHydraulicPunch"/>
            </movingPart>

            <movingPart node="centerSupportWheelHydraulic" referencePoint="centerSupportWheelHydraulicRef" referenceFrame="centerSupportWheelHydraulicRefFrame" isActiveDirty="true" maxUpdateDistance="25">
                <translatingPart node="centerSupportWheelHydraulicPunch" />
            </movingPart>

            <movingPart node="armLeftSupportWheelHydraulic" referencePoint="armLeftSupportWheelHydraulicRef" referenceFrame="armLeftSupportWheelHydraulicRef">
                <translatingPart node="armLeftSupportWheelHydraulicPunch" />
            </movingPart>

            <movingPart node="armRightSupportWheelHydraulic" referencePoint="armRightSupportWheelHydraulicRef" referenceFrame="armRightSupportWheelHydraulicRef">
                <translatingPart node="armRightSupportWheelHydraulicPunch" />
            </movingPart>

            <movingPart node="centerSupportWheelPart01" localReferencePoint="centerSupportWheelPart02" referencePoint="centerSupportWheelPart02Ref" referenceFrame="centerSupportWheelPart01RefFrame" maxUpdateDistance="100" />
            <movingPart node="centerSupportWheelPart02" referencePoint="centerSupportWheelPart02Ref" referenceFrame="centerSupportWheelPart02RefFrame" maxUpdateDistance="100" />

            <movingPart node="ridgeMarkerLeftHydraulic" referencePoint="ridgeMarkerLeftHydraulicRef" referenceFrame="ridgeMarkerLeftHydraulicRefFrame">
                <translatingPart node="ridgeMarkerLeftHydraulicPunch" />
            </movingPart>
            <movingPart node="ridgeMarkerRightHydraulic" referencePoint="ridgeMarkerRightHydraulicRef" referenceFrame="ridgeMarkerRightHydraulicRefFrame">
                <translatingPart node="ridgeMarkerRightHydraulicPunch" />
            </movingPart>
        </movingParts>
    </cylindered>

    <fillUnit>
        <fillUnitConfigurations>
            <fillUnitConfiguration>
                <fillUnits>
                    <unloading width="14.2" offset="0 0 -5"/>
                    <fillUnit unitTextOverride="$l10n_unit_literShort" fillTypes="seeds" capacity="8456">
                        <exactFillRootNode node="exactFillRootNodeSeedsLeft"  extraEffectDistance="0.6"/>
                        <exactFillRootNode node="exactFillRootNodeSeedsRight" extraEffectDistance="0.6"/>
                    </fillUnit>
                    <fillUnit unitTextOverride="$l10n_unit_literShort" fillTypes="liquidFertilizer" capacity="5680">
                        <exactFillRootNode node="exactFillRootNodeFertilizer" extraEffectDistance="0.6"/>
                    </fillUnit>
                </fillUnits>
            </fillUnitConfiguration>
        </fillUnitConfigurations>
    </fillUnit>

    <fillVolume>
        <fillVolumeConfigurations>
            <fillVolumeConfiguration>
                <volumes>
                    <volume node="fillVolumeSeedsLeft" fillUnitIndex="1" maxDelta="0.1"/>
                    <volume node="fillVolumeSeedsRight" fillUnitIndex="1" maxDelta="0.1"/>
                </volumes>
            </fillVolumeConfiguration>
        </fillVolumeConfigurations>
        <unloadInfos>
            <unloadInfo>
                <node node="unloadNodeSeeds" width="0.4" length="0.1"/>
            </unloadInfo>
        </unloadInfos>
        <loadInfos>
            <loadInfo>
                <node node="loadNode" width="5.0" length="5.0"/>
            </loadInfo>
        </loadInfos>
    </fillVolume>

    <sowingMachine fillUnitIndex="1">
        <seedFruitTypeCategories>planter</seedFruitTypeCategories>
        <needsActivation value="true"/>
        <useDirectPlanting value="true"/>
        <fieldGroundType value="PLANTED"/>
        <sounds>
            <work template="defaultSowingWork" linkNode="planter4900_main_component1" volumeScale="2.3"/>
            <airBlower template="defaultSowingAirBlower" linkNode="planter4900_main_component1" />
        </sounds>
    </sowingMachine>

    <cover>
        <coverConfigurations>
            <coverConfiguration>
                <cover openAnimation="toggleCover" openAnimationStopTime="1" closeAnimation="toggleCover" closeAnimationStopTime="0" fillUnitIndices="1 2" openOnBuy="false" autoReactToTrigger="true"/>
            </coverConfiguration>
        </coverConfigurations>
    </cover>

    <turnOnVehicle turnOffIfNotAllowed="true">
        <sounds>
            <start template="defaultCompressorAirBlowerStart"/>
            <work template="defaultCompressorAirBlower"/>
            <stop template="defaultCompressorAirBlowerStop"/>
        </sounds>
    </turnOnVehicle>

    <ai>
        <needsLowering value="true"/>
        <areaMarkers leftNode="aiMarkerLeft" rightNode="aiMarkerRight" backNode="aiMarkerBack"/>
        <collisionTrigger node="aiCollisionNode" width="19.1" height="3.1"/>
        <allowTurnBackward value="false"/>
        <toolReverserDirectionNode node="aiMarkerBack"/>
        <agentAttachment jointNode="attacherJoint" rotCenterWheelIndices="1 2 3 4" width="3.65" height="2.8" length="14.2" lengthOffset="5.7"/>
    </ai>

    <foliageBending>
        <bendingNode minX="-0.4" maxX="0.4" minZ="-1.9" maxZ="5.9" yOffset="0.6"/>
        <bendingNode minX="-2.1" maxX="1.3" minZ="-0.95" maxZ="1.6" yOffset="-0.6" node="armCenterPlanterUnit01"/>
        <bendingNode minX="-0.2" maxX="1.5" minZ="-3.05" maxZ="6" yOffset="-0.2" node="armLeftPart"/>
        <bendingNode minX="-1.5" maxX="0.2" minZ="-3.05" maxZ="6" yOffset="-0.2" node="armRightPart"/>
    </foliageBending>

    <wearable wearDuration="480" workMultiplier="5" fieldMultiplier="2"/>
    <washable dirtDuration="90" washDuration="1" workMultiplier="6" fieldMultiplier="2"/>

    <i3dMappings>
        <i3dMapping id="planter4900_main_component1" node="0>" />
        <i3dMapping id="planter4900_vis" node="0>0" />
        <i3dMapping id="lightStatic" node="0>0|0|0|0" />
        <i3dMapping id="lightStaticGlass" node="0>0|0|0|1" />
        <i3dMapping id="backLightHigh" node="0>0|0|1|0" />
        <i3dMapping id="workLightBackHigh" node="0>0|0|2|0" />
        <i3dMapping id="turnLightLeft" node="0>0|0|3|0" />
        <i3dMapping id="turnLightRight" node="0>0|0|3|1" />
        <i3dMapping id="componentJointDrawbar" node="0>0|1|0" />
        <i3dMapping id="drawbarRot" node="0>0|1|1" />
        <i3dMapping id="drawbar" node="0>0|1|1|0" />
        <i3dMapping id="supportArmDrawbar" node="0>0|1|1|0|0|0|0" />
        <i3dMapping id="supportArmPart" node="0>0|1|1|0|0|1" />
        <i3dMapping id="supportArmBolt" node="0>0|1|1|0|0|2" />
        <i3dMapping id="electric" node="0>0|1|1|0|1|0" />
        <i3dMapping id="electric_detached" node="0>0|1|1|0|1|0|0" />
        <i3dMapping id="electric_connector" node="0>0|1|1|0|1|0|0|0" />
        <i3dMapping id="airDoubleRed" node="0>0|1|1|0|1|1" />
        <i3dMapping id="airDoubleRed_detached" node="0>0|1|1|0|1|1|0" />
        <i3dMapping id="airDoubleRed_connector" node="0>0|1|1|0|1|1|0|0" />
        <i3dMapping id="airDoubleYellow" node="0>0|1|1|0|1|2" />
        <i3dMapping id="airDoubleYellow_detached" node="0>0|1|1|0|1|2|0" />
        <i3dMapping id="airDoubleYellow_connector" node="0>0|1|1|0|1|2|0|0" />
        <i3dMapping id="hydraulicIn01" node="0>0|1|1|0|1|3" />
        <i3dMapping id="hydraulicIn01_detached" node="0>0|1|1|0|1|3|0" />
        <i3dMapping id="hydraulicIn01_connector" node="0>0|1|1|0|1|3|0|0" />
        <i3dMapping id="hydraulicIn02" node="0>0|1|1|0|1|4" />
        <i3dMapping id="hydraulicIn02_detached" node="0>0|1|1|0|1|4|0" />
        <i3dMapping id="hydraulicIn02_connector" node="0>0|1|1|0|1|4|0|0" />
        <i3dMapping id="hydraulicOut02" node="0>0|1|1|0|1|5" />
        <i3dMapping id="hydraulicOut02_detached" node="0>0|1|1|0|1|5|0" />
        <i3dMapping id="hydraulicOut02_connector" node="0>0|1|1|0|1|5|0|0" />
        <i3dMapping id="hydraulicOut01" node="0>0|1|1|0|1|6" />
        <i3dMapping id="hydraulicOut01_detached" node="0>0|1|1|0|1|6|0" />
        <i3dMapping id="hydraulicOut01_connector" node="0>0|1|1|0|1|6|0|0" />
        <i3dMapping id="hydraulicIn03" node="0>0|1|1|0|1|7" />
        <i3dMapping id="hydraulicIn03_detached" node="0>0|1|1|0|1|7|0" />
        <i3dMapping id="hydraulicIn03_connector" node="0>0|1|1|0|1|7|0|0" />
        <i3dMapping id="hydraulicOut03" node="0>0|1|1|0|1|8" />
        <i3dMapping id="hydraulicOut03_detached" node="0>0|1|1|0|1|8|0" />
        <i3dMapping id="hydraulicOut03_connector" node="0>0|1|1|0|1|8|0|0" />
        <i3dMapping id="armLeftLinkRef" node="0>0|1|1|0|2" />
        <i3dMapping id="armRightLinkRef" node="0>0|1|1|0|3" />
        <i3dMapping id="armLeftRefFrame" node="0>0|1|2" />
        <i3dMapping id="armLeft" node="0>0|1|2|0" />
        <i3dMapping id="armLeftPart" node="0>0|1|2|0|0" />
        <i3dMapping id="armLeftLink" node="0>0|1|2|0|0|0" />
        <i3dMapping id="armLeftLinkPart" node="0>0|1|2|0|0|0|0" />
        <i3dMapping id="armLeftLinkPartNonScaled" node="0>0|1|2|0|0|0|1" />
        <i3dMapping id="armLeftLinkPartNonScaledTrans" node="0>0|1|2|0|0|0|1|0" />
        <i3dMapping id="armLeftPlanterUnit01LowerArm" node="0>0|1|2|0|0|1" />
        <i3dMapping id="armLeftPlanterUnit01" node="0>0|1|2|0|0|1|0" />
        <i3dMapping id="armLeftPlanterUnit01UpperArm" node="0>0|1|2|0|0|1|0|0" />
        <i3dMapping id="plantingWheel01" node="0>0|1|2|0|0|1|0|1" />
        <i3dMapping id="plantingWheel05" node="0>0|1|2|0|0|1|0|2" />
        <i3dMapping id="plantingWheel08" node="0>0|1|2|0|0|1|0|3" />
        <i3dMapping id="armLeftPlanterUnit02LowerArm" node="0>0|1|2|0|0|2" />
        <i3dMapping id="armLeftPlanterUnit02" node="0>0|1|2|0|0|2|0" />
        <i3dMapping id="armLeftPlanterUnit02UpperArm" node="0>0|1|2|0|0|2|0|0" />
        <i3dMapping id="plantingWheel03" node="0>0|1|2|0|0|2|0|1" />
        <i3dMapping id="plantingWheel07" node="0>0|1|2|0|0|2|0|2" />
        <i3dMapping id="armLeftPlanterUnit03LowerArm" node="0>0|1|2|0|0|3" />
        <i3dMapping id="armLeftPlanterUnit03" node="0>0|1|2|0|0|3|0" />
        <i3dMapping id="armLeftPlanterUnit03UpperArm" node="0>0|1|2|0|0|3|0|0" />
        <i3dMapping id="plantingWheel02" node="0>0|1|2|0|0|3|0|1" />
        <i3dMapping id="plantingWheel04" node="0>0|1|2|0|0|3|0|2" />
        <i3dMapping id="plantingWheel06" node="0>0|1|2|0|0|3|0|3" />
        <i3dMapping id="armLeftSupportWheel" node="0>0|1|2|0|0|4" />
        <i3dMapping id="armLeftSupportWheelHydraulicRef" node="0>0|1|2|0|0|4|0" />
        <i3dMapping id="armLeftSupportWheelHydraulic" node="0>0|1|2|0|0|5" />
        <i3dMapping id="armLeftSupportWheelHydraulicPunch" node="0>0|1|2|0|0|5|0" />
        <i3dMapping id="ridgeMarkerLeft" node="0>0|1|2|0|0|6" />
        <i3dMapping id="ridgeMarkerLeftPart01" node="0>0|1|2|0|0|6|0" />
        <i3dMapping id="ridgeMarkerLeftPart02" node="0>0|1|2|0|0|6|0|0" />
        <i3dMapping id="ridgeMarkerLeftNode" node="0>0|1|2|0|0|6|0|0|0" />
        <i3dMapping id="ridgeMarkerLeftDisc" node="0>0|1|2|0|0|6|0|0|1|0" />
        <i3dMapping id="ridgeMarkerLeftDiscPart" node="0>0|1|2|0|0|6|0|0|1|0|0" />
        <i3dMapping id="ridgeMarkerLeftDiscEffect" node="0>0|1|2|0|0|6|0|0|3" />
        <i3dMapping id="ridgeMarkerLeftHydraulicRef" node="0>0|1|2|0|0|6|0|1" />
        <i3dMapping id="ridgeMarkerLeftHydraulicRefFrame" node="0>0|1|2|0|0|7" />
        <i3dMapping id="ridgeMarkerLeftHydraulic" node="0>0|1|2|0|0|7|0" />
        <i3dMapping id="ridgeMarkerLeftHydraulicPunch" node="0>0|1|2|0|0|7|0|0" />
        <i3dMapping id="armLeftPartHydraulicRef" node="0>0|1|2|0|0|8" />
        <i3dMapping id="worklightArmLeftPart_static" node="0>0|1|2|0|0|9|0" />
        <i3dMapping id="worklightArmLeftPartGlass_static" node="0>0|1|2|0|0|9|1" />
        <i3dMapping id="workLightLeftHigh" node="0>0|1|2|0|0|9|2" />
        <i3dMapping id="discEffectLinkNode01" node="0>0|1|2|0|0|13|0" />
        <i3dMapping id="discEffectLinkNode02" node="0>0|1|2|0|0|13|1" />
        <i3dMapping id="discEffectLinkNode03" node="0>0|1|2|0|0|13|2" />
        <i3dMapping id="discEffectLinkNode04" node="0>0|1|2|0|0|13|3" />
        <i3dMapping id="discEffectLinkNode05" node="0>0|1|2|0|0|13|4" />
        <i3dMapping id="discEffectLinkNode06" node="0>0|1|2|0|0|13|5" />
        <i3dMapping id="discEffectLinkNode07" node="0>0|1|2|0|0|13|6" />
        <i3dMapping id="discEffectLinkNode08" node="0>0|1|2|0|0|13|7" />
        <i3dMapping id="armLeftPartHydraulic" node="0>0|1|2|0|1" />
        <i3dMapping id="armLeftPartHydraulicPunch" node="0>0|1|2|0|1|0" />
        <i3dMapping id="armLeftHydraulic" node="0>0|1|2|0|2" />
        <i3dMapping id="armLeftHydraulicPunch" node="0>0|1|2|0|2|0" />
        <i3dMapping id="armLeftPlanterUnit04LowerArm" node="0>0|1|2|0|3|0" />
        <i3dMapping id="armLeftPlanterUnit04" node="0>0|1|2|0|3|0|0" />
        <i3dMapping id="armLeftPlanterUnit04UpperArm" node="0>0|1|2|0|3|0|0|0" />
        <i3dMapping id="plantingWheel09" node="0>0|1|2|0|3|0|0|1" />
        <i3dMapping id="plantingWheel10" node="0>0|1|2|0|3|0|0|2" />
        <i3dMapping id="componentJointArmLeftPart" node="0>0|1|2|0|5" />
        <i3dMapping id="discEffectLinkNode09" node="0>0|1|2|0|7|0" />
        <i3dMapping id="discEffectLinkNode10" node="0>0|1|2|0|7|1" />
        <i3dMapping id="armRightRefFrame" node="0>0|1|3" />
        <i3dMapping id="armRight" node="0>0|1|3|0" />
        <i3dMapping id="armRightPart" node="0>0|1|3|0|0" />
        <i3dMapping id="armRightLink" node="0>0|1|3|0|0|0" />
        <i3dMapping id="armRightLinkPart" node="0>0|1|3|0|0|0|0" />
        <i3dMapping id="armRightLinkPartNonScaled" node="0>0|1|3|0|0|0|1" />
        <i3dMapping id="armRightLinkPartNonScaledTrans" node="0>0|1|3|0|0|0|1|0" />
        <i3dMapping id="armRightPlanterUnit01LowerArm" node="0>0|1|3|0|0|1" />
        <i3dMapping id="armRightPlanterUnit01" node="0>0|1|3|0|0|1|0" />
        <i3dMapping id="armRightPlanterUnit01UpperArm" node="0>0|1|3|0|0|1|0|0" />
        <i3dMapping id="plantingWheel24" node="0>0|1|3|0|0|1|0|1" />
        <i3dMapping id="plantingWheel20" node="0>0|1|3|0|0|1|0|2" />
        <i3dMapping id="plantingWheel17" node="0>0|1|3|0|0|1|0|3" />
        <i3dMapping id="armRightPlanterUnit02LowerArm" node="0>0|1|3|0|0|2" />
        <i3dMapping id="armRightPlanterUnit02" node="0>0|1|3|0|0|2|0" />
        <i3dMapping id="armRightPlanterUnit02UpperArm" node="0>0|1|3|0|0|2|0|0" />
        <i3dMapping id="plantingWheel18" node="0>0|1|3|0|0|2|0|1" />
        <i3dMapping id="plantingWheel22" node="0>0|1|3|0|0|2|0|2" />
        <i3dMapping id="armRightPlanterUnit03LowerArm" node="0>0|1|3|0|0|3" />
        <i3dMapping id="armRightPlanterUnit03" node="0>0|1|3|0|0|3|0" />
        <i3dMapping id="armRightPlanterUnit03UpperArm" node="0>0|1|3|0|0|3|0|0" />
        <i3dMapping id="plantingWheel19" node="0>0|1|3|0|0|3|0|1" />
        <i3dMapping id="plantingWheel21" node="0>0|1|3|0|0|3|0|2" />
        <i3dMapping id="plantingWheel23" node="0>0|1|3|0|0|3|0|3" />
        <i3dMapping id="armRightSupportWheel" node="0>0|1|3|0|0|4" />
        <i3dMapping id="armRightSupportWheelHydraulicRef" node="0>0|1|3|0|0|4|0" />
        <i3dMapping id="armRightSupportWheelHydraulic" node="0>0|1|3|0|0|5" />
        <i3dMapping id="armRightSupportWheelHydraulicPunch" node="0>0|1|3|0|0|5|0" />
        <i3dMapping id="ridgeMarkerRight" node="0>0|1|3|0|0|6" />
        <i3dMapping id="ridgeMarkerRightPart01" node="0>0|1|3|0|0|6|0" />
        <i3dMapping id="ridgeMarkerRightPart02" node="0>0|1|3|0|0|6|0|0" />
        <i3dMapping id="ridgeMarkerRightNode" node="0>0|1|3|0|0|6|0|0|0" />
        <i3dMapping id="ridgeMarkerRightDisc" node="0>0|1|3|0|0|6|0|0|1|0" />
        <i3dMapping id="ridgeMarkerRightDiscEffect" node="0>0|1|3|0|0|6|0|0|3" />
        <i3dMapping id="ridgeMarkerRightHydraulicRef" node="0>0|1|3|0|0|6|0|1" />
        <i3dMapping id="ridgeMarkerRightHydraulicRefFrame" node="0>0|1|3|0|0|7" />
        <i3dMapping id="ridgeMarkerRightHydraulic" node="0>0|1|3|0|0|7|0" />
        <i3dMapping id="ridgeMarkerRightHydraulicPunch" node="0>0|1|3|0|0|7|0|0" />
        <i3dMapping id="armRightPartHydraulicRef" node="0>0|1|3|0|0|8" />
        <i3dMapping id="worklightArmRightPart_static" node="0>0|1|3|0|0|9|0" />
        <i3dMapping id="worklightArmRightPartGlass_static" node="0>0|1|3|0|0|9|1" />
        <i3dMapping id="workLightRightHigh" node="0>0|1|3|0|0|9|2" />
        <i3dMapping id="discEffectLinkNode17" node="0>0|1|3|0|0|13|0" />
        <i3dMapping id="discEffectLinkNode18" node="0>0|1|3|0|0|13|1" />
        <i3dMapping id="discEffectLinkNode19" node="0>0|1|3|0|0|13|2" />
        <i3dMapping id="discEffectLinkNode20" node="0>0|1|3|0|0|13|3" />
        <i3dMapping id="discEffectLinkNode21" node="0>0|1|3|0|0|13|4" />
        <i3dMapping id="discEffectLinkNode22" node="0>0|1|3|0|0|13|5" />
        <i3dMapping id="discEffectLinkNode23" node="0>0|1|3|0|0|13|6" />
        <i3dMapping id="discEffectLinkNode24" node="0>0|1|3|0|0|13|7" />
        <i3dMapping id="armRightPartHydraulic" node="0>0|1|3|0|1" />
        <i3dMapping id="armRightPartHydraulicPunch" node="0>0|1|3|0|1|0" />
        <i3dMapping id="armRightHydraulic" node="0>0|1|3|0|2" />
        <i3dMapping id="armRightHydraulicPunch" node="0>0|1|3|0|2|0" />
        <i3dMapping id="armRightPlanterUnit04LowerArm" node="0>0|1|3|0|3|0" />
        <i3dMapping id="armRightPlanterUnit04" node="0>0|1|3|0|3|0|0" />
        <i3dMapping id="armRightPlanterUnit04UpperArm" node="0>0|1|3|0|3|0|0|0" />
        <i3dMapping id="plantingWheel16" node="0>0|1|3|0|3|0|0|1" />
        <i3dMapping id="plantingWheel15" node="0>0|1|3|0|3|0|0|2" />
        <i3dMapping id="componentJointArmRightPart" node="0>0|1|3|0|5" />
        <i3dMapping id="discEffectLinkNode15" node="0>0|1|3|0|7|0" />
        <i3dMapping id="discEffectLinkNode16" node="0>0|1|3|0|7|1" />
        <i3dMapping id="armCenterPlanterUnit01LowerArm" node="0>0|1|4" />
        <i3dMapping id="armCenterPlanterUnit01" node="0>0|1|4|0" />
        <i3dMapping id="armCenterPlanterUnit01UpperArm" node="0>0|1|4|0|0" />
        <i3dMapping id="plantingWheel11" node="0>0|1|4|0|1" />
        <i3dMapping id="plantingWheel13" node="0>0|1|4|0|2" />
        <i3dMapping id="armCenterPlanterUnit02LowerArm" node="0>0|1|5" />
        <i3dMapping id="armCenterPlanterUnit02" node="0>0|1|5|0" />
        <i3dMapping id="armCenterPlanterUnit02UpperArm" node="0>0|1|5|0|0" />
        <i3dMapping id="plantingWheel12" node="0>0|1|5|0|1" />
        <i3dMapping id="plantingWheel14" node="0>0|1|5|0|2" />
        <i3dMapping id="centerSupportWheelHydraulicRefFrame" node="0>0|1|6|0" />
        <i3dMapping id="centerSupportWheelHydraulic" node="0>0|1|6|0|0" />
        <i3dMapping id="centerSupportWheelHydraulicPunch" node="0>0|1|6|0|0|0" />
        <i3dMapping id="centerSupportWheel" node="0>0|1|6|1" />
        <i3dMapping id="centerSupportWheelPart01RefFrame" node="0>0|1|6|1|0" />
        <i3dMapping id="centerSupportWheelPart01" node="0>0|1|6|1|0|0" />
        <i3dMapping id="centerSupportWheelPart02" node="0>0|1|6|1|0|0|0" />
        <i3dMapping id="centerSupportWheelHydraulicRef" node="0>0|1|6|1|0|0|0|0" />
        <i3dMapping id="centerSupportWheelPart02RefFrame" node="0>0|1|6|1|0|0|1" />
        <i3dMapping id="centerSupportWheel01Repr" node="0>0|1|6|1|1" />
        <i3dMapping id="centerSupportWheel02Repr" node="0>0|1|6|1|2" />
        <i3dMapping id="centerSupportWheel03Repr" node="0>0|1|6|1|3" />
        <i3dMapping id="centerSupportWheel04Repr" node="0>0|1|6|1|4" />
        <i3dMapping id="armLeftHydraulicRef" node="0>0|1|7" />
        <i3dMapping id="armRightHydraulicRef" node="0>0|1|8" />
        <i3dMapping id="centerSupportWheelPart02Ref" node="0>0|1|9" />
        <i3dMapping id="coverClosed" node="0>0|2|0" />
        <i3dMapping id="coverOpen" node="0>0|2|1" />
        <i3dMapping id="fillVolumeSeedsLeft" node="0>0|3|0" />
        <i3dMapping id="fillVolumeSeedsRight" node="0>0|3|1" />
        <i3dMapping id="exactFillRootNodeSeedsLeft" node="0>0|3|2" />
        <i3dMapping id="exactFillRootNodeSeedsRight" node="0>0|3|3" />
        <i3dMapping id="exactFillRootNodeFertilizer" node="0>0|3|4" />
        <i3dMapping id="unloadNodeSeeds" node="0>0|3|5" />
        <i3dMapping id="loadNode" node="0>0|3|6" />
        <i3dMapping id="workAreaStart" node="0>0|4|0" />
        <i3dMapping id="workAreaWidth" node="0>0|4|1" />
        <i3dMapping id="workAreaHeight" node="0>0|4|2" />
        <i3dMapping id="groundReferenceNode" node="0>0|4|3" />
        <i3dMapping id="discEffectLinkNode11" node="0>0|5|0" />
        <i3dMapping id="discEffectLinkNode12" node="0>0|5|1" />
        <i3dMapping id="discEffectLinkNode13" node="0>0|5|2" />
        <i3dMapping id="discEffectLinkNode14" node="0>0|5|3" />
        <i3dMapping id="effectParticleSmokeEmit" node="0>0|5|4" />
        <i3dMapping id="aiMarkerLeft" node="0>0|6|0" />
        <i3dMapping id="aiMarkerRight" node="0>0|6|1" />
        <i3dMapping id="aiMarkerBack" node="0>0|6|2" />
        <i3dMapping id="aiCollisionNode" node="0>0|6|3" />
        <i3dMapping id="licensePlateBack" node="0>0|7" />
        <i3dMapping id="alpha_decals" node="0>0|8|0" />
        <i3dMapping id="planter4900_drawbar_component2" node="1>" />
        <i3dMapping id="drawbar_vis" node="1>0" />
        <i3dMapping id="supportArmDrawbarPhy" node="1>0|0|0" />
        <i3dMapping id="attacherJoint" node="1>0|0|0|0" />
        <i3dMapping id="drawbarRef" node="1>0|1" />
        <i3dMapping id="supportColPart" node="1>0|2" />
        <i3dMapping id="armLeftPartRef" node="2>0" />
        <i3dMapping id="armLeftSupportWheelPhy" node="2>1" />
        <i3dMapping id="armLeftSupportWheel01Repr" node="2>1|0" />
        <i3dMapping id="armLeftSupportWheel02Repr" node="2>1|1" />
        <i3dMapping id="ridgeMarkerLeftPhy" node="2>2|0" />
        <i3dMapping id="componentJointRidgeMarkerLeft" node="2>2|0|0" />
        <i3dMapping id="armRightPartRef" node="3>0" />
        <i3dMapping id="armRightSupportWheelPhy" node="3>1" />
        <i3dMapping id="armRightSupportWheel01Repr" node="3>1|0" />
        <i3dMapping id="armRightSupportWheel02Repr" node="3>1|1" />
        <i3dMapping id="ridgeMarkerRightPhy" node="3>2|0" />
        <i3dMapping id="componentJointRidgeMarkerRight" node="3>2|0|0" />
        <i3dMapping id="planter4900_ridgeMarkerLeft_component5" node="4>" />
        <i3dMapping id="ridgeMarkerLeftPart01Ref" node="4>0" />
        <i3dMapping id="ridgeMarkerLeftWheel" node="4>1|0" />
        <i3dMapping id="ridgeMarkerLeftPart02Phy" node="4>2" />
        <i3dMapping id="ridgeMarkerRightPart01Ref" node="5>0" />
        <i3dMapping id="ridgeMarkerRightWheel" node="5>1|0" />
        <i3dMapping id="ridgeMarkerRightPart02Phy" node="5>2" />
    </i3dMappings>
</vehicle>
