<?xml version="1.0" encoding="utf-8" standalone="no" ?>
<vehicle type="manureBarrel" xmlns:xsi="http://www.w3.org/2001/XMLSchema-instance" xsi:noNamespaceSchemaLocation="../../../../shared/xml/schema/vehicle.xsd">
    <annotation>Copyright (C) GIANTS Software GmbH, All Rights Reserved.</annotation>

    <storeData>
        <name>PQ 32.000</name>
        <specs>
            <neededPower>350</neededPower>
            <combination xmlFilename="$data/vehicles/bomech/multi4XL/multi4XL.xml"/>
            <combination xmlFilename="$data/vehicles/samsonAgro/sbh4_36/sbh4_36.xml"/>
        </specs>
        <functions>
            <function>$l10n_function_slurrySpreaderWithoutTool</function>
            <function>$l10n_function_wheelWeightsRecommended</function>
        </functions>
        <image>$data/vehicles/kotte/pq32000/store_pq32000.png</image>
        <price>258500</price>
        <lifetime>600</lifetime>
        <rotation>0</rotation>
        <brand>KOTTE</brand>
        <category>slurryTanks</category>
        <shopTranslationOffset>0 0.128 0</shopTranslationOffset>
        <shopRotationOffset>0.117 0 0</shopRotationOffset>
        <vertexBufferMemoryUsage>3225856</vertexBufferMemoryUsage>
        <indexBufferMemoryUsage>1438464</indexBufferMemoryUsage>
        <textureMemoryUsage>917504</textureMemoryUsage>
        <instanceVertexBufferMemoryUsage>0</instanceVertexBufferMemoryUsage>
        <instanceIndexBufferMemoryUsage>0</instanceIndexBufferMemoryUsage>
        <audioMemoryUsage>0</audioMemoryUsage>
    </storeData>

    <base>
        <typeDesc>$l10n_typeDesc_manureBarrel</typeDesc>
        <filename>$data/vehicles/kotte/pq32000/pq32000.i3d</filename>
        <size width="3.05" length="13.1" height="4"/>
        <speedLimit value="16"/>
        <components maxMass="46500">
            <component centerOfMass="0 0.85 -1.25" solverIterationCount="20" mass="15375"/>
        </components>
        <schemaOverlay attacherJointPosition="0 0" name="IMPLEMENT"/>
        <mapHotspot type="TRAILER"/>
    </base>

    <wheels>
        <wheelConfigurations tireCategories="TRAILER">
            <wheelConfiguration name="$l10n_configuration_valueDefault" price="0" saveId="DEFAULT">
                <wheels>
                    <wheel dimensions="650_65R30_5" isLeft="true" hasTireTracks="true" hasParticles="true">
                        <physics restLoad="2.1" repr="wheelLeft01Repr"  driveNode="wheelLeft01"  forcePointRatio="0.35" initialCompression="14" suspTravel="0.15" spring="82" damper="60" yOffset="0.038"/>
                        <steering node="steeringBar01" nodeMinTransX="0.081" nodeMaxTransX="-0.081"/>
                        <steeringAxle scale="1" rotMax="10" rotMin="-10"/>
                    </wheel>
                    <wheel dimensions="650_65R30_5" isLeft="false" hasTireTracks="true" hasParticles="true">
                        <physics restLoad="2.1" repr="wheelRight01Repr" driveNode="wheelRight01" forcePointRatio="0.35" initialCompression="14" suspTravel="0.15" spring="82" damper="60" yOffset="0.038"/>
                        <steeringAxle scale="1" rotMax="10" rotMin="-10"/>
                    </wheel>

                    <wheel dimensions="650_65R30_5" isLeft="true">
                        <physics restLoad="2.1" repr="wheelLeft02Repr"  driveNode="wheelLeft02"  forcePointRatio="0.35" initialCompression="14" suspTravel="0.15" spring="82" damper="60" yOffset="0.038"/>
                        <steering node="steeringBar02" nodeMinTransX="0.081" nodeMaxTransX="-0.081" />
                        <steeringAxle scale="0.7" rotMax="10" rotMin="-10"/>
                    </wheel>
                    <wheel dimensions="650_65R30_5" isLeft="false">
                        <physics restLoad="2.1" repr="wheelRight02Repr" driveNode="wheelRight02" forcePointRatio="0.35" initialCompression="14" suspTravel="0.15" spring="82" damper="60" yOffset="0.038"/>
                        <steeringAxle scale="0.7" rotMax="10" rotMin="-10"/>
                    </wheel>

                    <wheel dimensions="650_65R30_5" isLeft="true" hasTireTracks="true" hasParticles="true">
                        <physics restLoad="2.1" repr="wheelLeft03Repr"  driveNode="wheelLeft03"  forcePointRatio="0.35" initialCompression="14" suspTravel="0.15" spring="82" damper="60" yOffset="0.038"/>
                        <steering node="steeringBar03" nodeMinTransX="0.081" nodeMaxTransX="-0.081" />
                        <steeringAxle scale="-0.7" rotMax="10" rotMin="-10"/>
                    </wheel>
                    <wheel dimensions="650_65R30_5" isLeft="false" hasTireTracks="true" hasParticles="true">
                        <physics restLoad="2.1" repr="wheelRight03Repr" driveNode="wheelRight03" forcePointRatio="0.35" initialCompression="14" suspTravel="0.15" spring="82" damper="60" yOffset="0.038"/>
                        <steeringAxle scale="-0.7" rotMax="10" rotMin="-10"/>
                    </wheel>

                    <wheel dimensions="650_65R30_5" isLeft="true" hasTireTracks="true" hasParticles="true">
                        <physics restLoad="2.1" repr="wheelLeft04Repr"  driveNode="wheelLeft04"  forcePointRatio="0.35" initialCompression="14" suspTravel="0.15" spring="82" damper="60" yOffset="0.038"/>
                        <steering node="steeringBar04" nodeMinTransX="0.081" nodeMaxTransX="-0.081" />
                        <steeringAxle scale="-1" rotMax="10" rotMin="-10"/>
                        <wheelChock parkingNode="wheelChock01_01"/>
                        <wheelChock parkingNode="wheelChock01_02" isInverted="true"/>
                    </wheel>
                    <wheel dimensions="650_65R30_5" isLeft="false" hasTireTracks="true" hasParticles="true">
                        <physics restLoad="2.1" repr="wheelRight04Repr" driveNode="wheelRight04" forcePointRatio="0.35" initialCompression="14" suspTravel="0.15" spring="82" damper="60" yOffset="0.038"/>
                        <steeringAxle scale="-1" rotMax="10" rotMin="-10"/>
                    </wheel>
                </wheels>
            </wheelConfiguration>
        </wheelConfigurations>

        <hubs>
            <hub linkNode="wheelLeft01"  filename="$data/shared/wheels/hubs/hub_n10_5.xml" isLeft="true"  scale="0.368 0.368 0.368" offset="-0.007"/>
            <hub linkNode="wheelRight01" filename="$data/shared/wheels/hubs/hub_n10_5.xml" isLeft="false" scale="0.368 0.368 0.368" offset="-0.007"/>
            <hub linkNode="wheelLeft02"  filename="$data/shared/wheels/hubs/hub_n10_5.xml" isLeft="true"  scale="0.368 0.368 0.368" offset="-0.007"/>
            <hub linkNode="wheelRight02" filename="$data/shared/wheels/hubs/hub_n10_5.xml" isLeft="false" scale="0.368 0.368 0.368" offset="-0.007"/>
            <hub linkNode="wheelLeft03"  filename="$data/shared/wheels/hubs/hub_n10_5.xml" isLeft="true"  scale="0.368 0.368 0.368" offset="-0.007"/>
            <hub linkNode="wheelRight03" filename="$data/shared/wheels/hubs/hub_n10_5.xml" isLeft="false" scale="0.368 0.368 0.368" offset="-0.007"/>
            <hub linkNode="wheelLeft04"  filename="$data/shared/wheels/hubs/hub_n10_5.xml" isLeft="true"  scale="0.368 0.368 0.368" offset="-0.007"/>
            <hub linkNode="wheelRight04" filename="$data/shared/wheels/hubs/hub_n10_5.xml" isLeft="false" scale="0.368 0.368 0.368" offset="-0.007"/>
        </hubs>
    </wheels>

    <attachable>
        <inputAttacherJoints>
            <inputAttacherJoint node="attacherJoint" jointType="trailerLow" attacherHeight="0.69" steeringBarLeftNode="steeringBarLeftPart"/>
        </inputAttacherJoints>
        <steeringAxleAngleScale backwards="true" speedDependent="false" forceUsage="true"/>
        <brakeForce force="1.8" maxForce="4.3" maxForceMass="46000" />
        <support animationName="moveSupport" />
        <sounds>
            <active file="$data/sounds/tools/trailer/trailerRattle_02.wav" innerRadius="10" outerRadius="50" volumeScale="3.7" isLocalSound="true" pitchScale="1.0">
                <volume indoor="0.7" outdoor="0.9" >
                    <modifier type="WHEEL_SUSPENSION" value="-0.04" modifiedValue="0.2"/>
                    <modifier type="WHEEL_SUSPENSION" value="-0.02" modifiedValue="0.05"/>
                    <modifier type="WHEEL_SUSPENSION" value="-0.01" modifiedValue="0.02"/>
                    <modifier type="WHEEL_SUSPENSION" value="-0.00" modifiedValue="0.00"/>
                    <modifier type="WHEEL_SUSPENSION" value="0.01" modifiedValue="0.02"/>
                    <modifier type="WHEEL_SUSPENSION" value="0.02" modifiedValue="0.05"/>
                    <modifier type="WHEEL_SUSPENSION" value="0.04" modifiedValue="0.2"/>

                    <modifier type="SPEED" value="0.0" modifiedValue="0.0"/>
                    <modifier type="SPEED" value="2.0" modifiedValue="1.0"/>
                    <modifier type="SPEED" value="40.0" modifiedValue="1.0"/>
                </volume>
                <lowpassCutoffFrequency indoor="250" outdoor="20000" />
                <lowpassGain indoor="0.5" outdoor="1" />
            </active>
        </sounds>
    </attachable>

    <attacherJoints>
        <attacherJoint node="attacherJointBack" jointType="implement" lowerRotationOffset="0.03" upperRotationOffset="0.03" moveTime="2.5">
            <distanceToGround lower="0.21" upper="1.23"/>
            <rotationNode node="attacherJointBackRot" lowerRotation="-42 0 0" upperRotation="47 0 0" />
            <rotationNode2 node="attacherJointBackRot2" />
            <bottomArm rotationNode="attacherJointBackArmBottom" translationNode="attacherJointBackArmBottomTrans" referenceNode="referencePointBackBottom" zScale="-1" categoryRange="2 4" defaultCategory="3" >
                <armLeft node="attacherJointBackArmBottomLeft" referenceNode="attacherJointBackArmBottomLeftRef"/>
                <armRight node="attacherJointBackArmBottomRight" referenceNode="attacherJointBackArmBottomRightRef"/>
            </bottomArm>
            <topArm baseNode="attacherJointBackArmTop" filename="$data/shared/assets/upperLinks/walterscheidSO_65_660.xml" zScale="-1" materialTemplateName="metalPaintedBlack" useBrandDecal="false" toggleVisibility="true"/>
            <schema position="1 0" rotation="0" invertX="false" />
        </attacherJoint>
        <sounds>
            <attach    template="attach01"         linkNode="attacherJointBackArmMain" />
            <hydraulic template="hydraulicClose03" linkNode="attacherJointBackArmMain" volumeScale="1.8" pitchScale="1.2" fadeIn="0.1" fadeOut="0.1"/>
        </sounds>
    </attacherJoints>

    <powerTakeOffs>
        <input inputAttacherJointIndices="1" inputNode="ptoInput" aboveAttacher="true" detachNode="ptoDetach"/>
        <sounds>
            <turnedOn template="tractorPTO" volumeScale="0.6" linkNode="attacherJoint"/>
        </sounds>
    </powerTakeOffs>

    <connectionHoses>
        <hose inputAttacherJointIndices="1" type="hydraulicIn"  node="hydraulicIn01"  length="1.5" diameter="0.02" straighteningFactor="1" adapterNode="hydraulicIn01_connector">
            <objectChange node="hydraulicIn01_detached" visibilityActive="false" visibilityInactive="true"/>
        </hose>
        <hose inputAttacherJointIndices="1" type="hydraulicOut" node="hydraulicOut01" length="1.5" diameter="0.02" straighteningFactor="1" adapterNode="hydraulicOut01_connector">
            <objectChange node="hydraulicOut01_detached" visibilityActive="false" visibilityInactive="true"/>
        </hose>
        <hose inputAttacherJointIndices="1" type="hydraulicIn"  node="hydraulicIn02"  length="1.5" diameter="0.02" straighteningFactor="1" adapterNode="hydraulicIn02_connector">
            <objectChange node="hydraulicIn02_detached" visibilityActive="false" visibilityInactive="true"/>
        </hose>
        <hose inputAttacherJointIndices="1" type="hydraulicOut" node="hydraulicOut02" length="1.5" diameter="0.02" straighteningFactor="1" adapterNode="hydraulicOut02_connector">
            <objectChange node="hydraulicOut02_detached" visibilityActive="false" visibilityInactive="true"/>
        </hose>
        <hose inputAttacherJointIndices="1" type="hydraulicIn"  node="hydraulicIn03"  length="1.5" diameter="0.02" straighteningFactor="1" adapterNode="hydraulicIn03_connector">
            <objectChange node="hydraulicIn03_detached" visibilityActive="false" visibilityInactive="true"/>
        </hose>
        <hose inputAttacherJointIndices="1" type="hydraulicOut" node="hydraulicOut03" length="1.5" diameter="0.02" straighteningFactor="1" adapterNode="hydraulicOut03_connector">
            <objectChange node="hydraulicOut03_detached" visibilityActive="false" visibilityInactive="true"/>
        </hose>
        <hose inputAttacherJointIndices="1" type="airDoubleRed" node="airYellow" length="1.5" diameter="0.02" straighteningFactor="1" adapterNode="airRed_connector">
            <objectChange node="airYellow_detached" visibilityActive="false" visibilityInactive="true"/>
        </hose>
        <hose inputAttacherJointIndices="1" type="airDoubleYellow" node="airRed" length="1.5" diameter="0.02" straighteningFactor="1" adapterNode="airYellow_connector">
            <objectChange node="airRed_detached" visibilityActive="false" visibilityInactive="true"/>
        </hose>
        <hose inputAttacherJointIndices="1" type="electric" node="electricFront" length="1.5" diameter="0.008" straighteningFactor="1" adapterNode="electricFront_connector">
            <objectChange node="electricFront_detached" visibilityActive="false" visibilityInactive="true"/>
        </hose>

        <target attacherJointIndices="1" type="TOOL_CONNECTOR_TOP_LEFT" adapterType="NONE" node="topLeftHoseRef" straighteningFactor="2">
            <objectChange node="topLeftHose_connector"      visibilityActive="true" visibilityInactive="false"/>
            <objectChange node="topLeftHose_lockArmOpen"    visibilityActive="false" visibilityInactive="true"/>
            <objectChange node="topLeftHose_lockArmClosed"  visibilityActive="true" visibilityInactive="false"/>
        </target>

        <target attacherJointIndices="1" type="TOOL_CONNECTOR_TOP_RIGHT" adapterType="NONE" node="topRightHoseRef" straighteningFactor="2">
            <objectChange node="topRightHose_connector"     visibilityActive="true" visibilityInactive="false"/>
            <objectChange node="topRightHose_lockArmOpen"   visibilityActive="false" visibilityInactive="true"/>
            <objectChange node="topRightHose_lockArmClosed" visibilityActive="true" visibilityInactive="false"/>
        </target>

        <target attacherJointIndices="1" type="hydraulicIn" node="hydraulicIn04" straighteningFactor="2">
            <objectChange node="hydraulicIn04_cover" rotationActive="80 0 0" rotationInactive="0 0 0"/>
        </target>
        <target attacherJointIndices="1" type="hydraulicOut" node="hydraulicOut04" straighteningFactor="2">
            <objectChange node="hydraulicOut04_cover" rotationActive="80 0 0" rotationInactive="0 0 0"/>
        </target>
        <target attacherJointIndices="1" type="hydraulicIn" node="hydraulicIn05" straighteningFactor="2">
            <objectChange node="hydraulicIn05_cover" rotationActive="80 0 0" rotationInactive="0 0 0"/>
        </target>
        <target attacherJointIndices="1" type="hydraulicOut" node="hydraulicOut05" straighteningFactor="2">
            <objectChange node="hydraulicOut05_cover" rotationActive="80 0 0" rotationInactive="0 0 0"/>
        </target>
        <target attacherJointIndices="1" type="hydraulicIn" node="hydraulicIn06" straighteningFactor="2">
            <objectChange node="hydraulicIn06_cover" rotationActive="80 0 0" rotationInactive="0 0 0"/>
        </target>
        <target attacherJointIndices="1" type="hydraulicOut" node="hydraulicOut06" straighteningFactor="2">
            <objectChange node="hydraulicOut06_cover" rotationActive="80 0 0" rotationInactive="0 0 0"/>
        </target>
        <target attacherJointIndices="1" type="hydraulicIn" node="hydraulicIn07" straighteningFactor="2">
            <objectChange node="hydraulicIn07_cover" rotationActive="80 0 0" rotationInactive="0 0 0"/>
        </target>
        <target attacherJointIndices="1" type="hydraulicOut" node="hydraulicOut07" straighteningFactor="2">
            <objectChange node="hydraulicOut07_cover" rotationActive="80 0 0" rotationInactive="0 0 0"/>
        </target>
        <target attacherJointIndices="1" type="hydraulicIn" node="hydraulicIn08" straighteningFactor="2">
            <objectChange node="hydraulicIn08_cover" rotationActive="80 0 0" rotationInactive="0 0 0"/>
        </target>
        <target attacherJointIndices="1" type="hydraulicOut" node="hydraulicOut08" straighteningFactor="2">
            <objectChange node="hydraulicOut08_cover" rotationActive="80 0 0" rotationInactive="0 0 0"/>
        </target>
        <target attacherJointIndices="1" type="hydraulicIn" node="hydraulicIn09" straighteningFactor="2">
            <objectChange node="hydraulicIn09_cover" rotationActive="80 0 0" rotationInactive="0 0 0"/>
        </target>
        <target attacherJointIndices="1" type="hydraulicOut" node="hydraulicOut09" straighteningFactor="2">
            <objectChange node="hydraulicOut09_cover" rotationActive="80 0 0" rotationInactive="0 0 0"/>
        </target>
        <target attacherJointIndices="1" type="electric" node="electricBack" socket="electric"/>
        <sounds>
            <connect    type="airDoubleRed" template="hydraulicHosesAttach" volumeScale="0.7" linkNode="attacherJoint"/>
            <connect    type="electric"     template="generalConnection"    volumeScale="0.7" linkNode="attacherJoint"/>
            <disconnect type="airDoubleRed" template="hydraulicHosesDetach" volumeScale="0.7" linkNode="attacherJoint"/>
            <disconnect type="electric"     template="generalConnection"    volumeScale="0.7" linkNode="attacherJoint"/>
        </sounds>
    </connectionHoses>

    <dynamicallyLoadedParts>
        <dynamicallyLoadedPart node="0" linkNode="chockSupport_01" filename="$data/shared/assets/wheelChocks/wheelChockSupport01.i3d"/>
        <dynamicallyLoadedPart node="0" linkNode="chockSupport_02" filename="$data/shared/assets/wheelChocks/wheelChockSupport01.i3d"/>
    </dynamicallyLoadedParts>

    <powerConsumer ptoRpm="400" neededMinPtoPower="20" neededMaxPtoPower="20"/>

    <lights>
        <sharedLight linkNode="rearLight44_01"        filename="$data/shared/assets/lights/lizard/rearLight44_left.xml" />
        <sharedLight linkNode="rearLight44_02"        filename="$data/shared/assets/lights/lizard/rearLight44_right.xml" />
        <sharedLight linkNode="sideMarker01_left"     filename="$data/shared/assets/lights/lizard/sideMarker01_left.xml" />
        <sharedLight linkNode="sideMarker01_right"    filename="$data/shared/assets/lights/lizard/sideMarker01_right.xml" />
        <sharedLight linkNode="plateNumberLight02_01" filename="$data/shared/assets/lights/lizard/plateNumberLight02.xml" />
        <sharedLight linkNode="plateNumberLight02_02" filename="$data/shared/assets/lights/lizard/plateNumberLight02.xml" />

        <realLights>
            <high>
                <light node="backLightsHigh"        lightTypes="0" />
                <light node="licensePlateLightHigh" lightTypes="0" />
                <turnLightLeft  node="turnLightLeftBack" />
                <turnLightRight node="turnLightRightBack" />
                <brakeLight     node="backLightsHigh" />
            </high>
        </realLights>
    </lights>

    <licensePlates>
        <licensePlate node="licensePlateBack" position="BACK" preferedType="ELONGATED" placementArea="0.07 0.27 0.07 0.27"/>
    </licensePlates>

    <animations>
        <animation name="moveSupport">
            <part node="supportArm"         startTime="0.0"  endTime="0.5" startRot="90 0 0" endRot="0 0 0" />
            <part node="supportArm_decals1" startTime="0.0"  endTime="0.1" visibility="true" />
            <part node="supportArm_decals1" startTime="0.11" endTime="1.6" visibility="false" />
            <part node="supportArmPart"     startTime="0.5"  endTime="1.5" startTrans="0.010 -0.241 0.042" endTrans="0.010 -0.39 0.042" />
            <part node="supportArm_decals1" startTime="1.59" endTime="1.6" visibility="true" />

            <sound template="clackVar6"  startTime="1.59" direction="-1" volumeScale="1.2" pitchScale="0.8" linkNode="attacherJoint"/>
            <sound template="latchSmall" startTime="1.59" direction="-1" volumeScale="0.2" pitchScale="2"   linkNode="attacherJoint"/>
            <sound template="slideOpen"  startTime="0.01" endTime="0.5"  volumeScale="2.2" pitchScale="0.8" linkNode="attacherJoint"/>
            <sound template="clackVar6"  startTime="0.01" direction="-1" volumeScale="0.6" pitchScale="1"   linkNode="supportArm"/>
            <sound template="hingeImp"   startTime="0.1"  direction="-1" volumeScale="0.7" pitchScale="1.2" linkNode="supportArm"/>
        </animation>

        <animation name="fillLevel">
            <part node="fillLevelIndicator" startTime="0" endTime="1" startRot="0 0 -80" endRot="0 0 100" />
        </animation>

        <animation name="cableTrayAnimation">
            <part node="cableTray" startTime="0" endTime="1" shaderParameter="lengthAndRadius" shaderStartValues="1.865 0.15 0 0" shaderEndValues="1.34 0.15 0 0"/>
        </animation>
    </animations>

    <cylindered>
        <movingTools>
            <movingTool node="armMain"  playSound="true" >
                <controls axis="AXIS_CRANE_ARM" invertAxis="true" mouseSpeedFactor="0.2" iconName="CRANE_ARM1_ROTATE_Y" />
                <rotation rotSpeed="25" rotAcceleration="50" rotMax="130" rotMin="-130" rotationAxis="2"/>
                <dependentAnimation name="armMainHosesAnimJoint" rotationAxis="3" minValue="130" maxValue="-130"/>
                <dependentMovingTool node="armMainPart01">
                    <rotationBasedLimits>
                        <limit rotation="-130" rotMax="35" rotMin="-13" />
                        <limit rotation="-80"  rotMax="35" rotMin="-13" />
                        <limit rotation="-20"  rotMax="35" rotMin="2" />
                        <limit rotation="-2"   rotMax="35" rotMin="2" />
                        <limit rotation="-1"   rotMax="35" rotMin="0" />
                        <limit rotation="1"    rotMax="35" rotMin="0" />
                        <limit rotation="2"    rotMax="35" rotMin="2" />
                        <limit rotation="20"   rotMax="35" rotMin="2" />
                        <limit rotation="40"   rotMax="35" rotMin="-15" />
                        <limit rotation="130"  rotMax="35" rotMin="-15" />
                    </rotationBasedLimits>
                </dependentMovingTool>
                <dependentMovingTool node="armMainPart02">
                    <rotationBasedLimits>
                        <limit rotation="-130" rotMax="0" rotMin="-37.5" />
                        <limit rotation="-40"  rotMax="0" rotMin="-37.5" />
                        <limit rotation="-15"  rotMax="0" rotMin="0" />
                        <limit rotation="15"   rotMax="0" rotMin="0" />
                        <limit rotation="40"   rotMax="0" rotMin="-37.5" />
                        <limit rotation="130"  rotMax="0" rotMin="-37.5" />
                    </rotationBasedLimits>
                </dependentMovingTool>
                <dependentMovingTool node="armMainPart03">
                    <rotationBasedLimits>
                        <limit rotation="-130" rotMax="0" rotMin="-37.5" />
                        <limit rotation="-40"  rotMax="0" rotMin="-37.5" />
                        <limit rotation="-15"  rotMax="0" rotMin="0" />
                        <limit rotation="15"   rotMax="0" rotMin="0" />
                        <limit rotation="40"   rotMax="0" rotMin="-37.5" />
                        <limit rotation="130"  rotMax="0" rotMin="-37.5" />
                    </rotationBasedLimits>
                </dependentMovingTool>
            </movingTool>

            <movingTool node="armMainPart01" playSound="true" >
                <controls axis="AXIS_CRANE_ARM2" invertAxis="false" mouseSpeedFactor="0.2" iconName="CRANE_ARM1_ROTATE_X" />
                <rotation rotSpeed="15" rotAcceleration="50" rotMax="35" rotMin="-15" rotationAxis="1" syncMinRotLimits="true" syncMaxRotLimits="true"/>
                <dependentPart node="armMainHydraulic" />
            </movingTool>

            <movingTool node="armMainPart02" playSound="true" >
                <controls axis="AXIS_CRANE_TOOL" invertAxis="true" mouseSpeedFactor="0.2" iconName="CRANE_ARM2_ROTATE_X" />
                <rotation rotSpeed="20" rotAcceleration="50" rotMax="0" rotMin="-37.5" rotationAxis="1" syncMinRotLimits="true" syncMaxRotLimits="true"/>
                <dependentPart node="armMainPart01Hydraulic" />
            </movingTool>

            <movingTool node="armMainPart03" playSound="true">
                <controls axis="AXIS_CRANE_ARM4" invertAxis="true" mouseSpeedFactor="0.2" iconName="CRANE_ARM2_ROTATE_X" />
                <rotation rotSpeed="20" rotAcceleration="50" rotMax="0" rotMin="-37.5" rotationAxis="1" syncMinRotLimits="true" syncMaxRotLimits="true"/>
                <dependentPart node="armMainPart02Hydraulic" />
            </movingTool>

            <movingTool node="armMainPart03Extension" playSound="true" >
                <controls axis="AXIS_FRONTLOADER_ARM2" invertAxis="true" mouseSpeedFactor="0.2" iconName="CRANE_ARM2_TRANSLATE" />
                <translation transSpeed="0.7" transAcceleration="1.8" transMax="-2.309" transMin="-3.362" translationAxis="3" />
                <dependentAnimation name="cableTrayAnimation" translationAxis="3" minValue="-3.362" maxValue="-2.309"/>
            </movingTool>

            <movingTool node="attacherJointBackArmBottom">
                <dependentPart node="attacherJointBackArmMain"/>
                <dependentPart node="attacherJointBackArmBottomLeftPart"/>
                <dependentPart node="attacherJointBackArmBottomRightPart"/>
            </movingTool>
        </movingTools>

        <movingParts>
            <movingPart node="steeringBarLeft01"  referencePoint="steeringBarLeft01Ref"  referenceFrame="steeringBarLeft01Ref"  scaleZ="true" isActiveDirty="true" maxUpdateDistance="50"/>
            <movingPart node="steeringBarRight01" referencePoint="steeringBarRight01Ref" referenceFrame="steeringBarRight01Ref" scaleZ="true" isActiveDirty="true" maxUpdateDistance="50"/>
            <movingPart node="steeringBarLeft02"  referencePoint="steeringBarLeft02Ref"  referenceFrame="steeringBarLeft02Ref"  scaleZ="true" isActiveDirty="true" maxUpdateDistance="50"/>
            <movingPart node="steeringBarRight02" referencePoint="steeringBarRight02Ref" referenceFrame="steeringBarRight02Ref" scaleZ="true" isActiveDirty="true" maxUpdateDistance="50"/>
            <movingPart node="steeringBarLeft03"  referencePoint="steeringBarLeft03Ref"  referenceFrame="steeringBarLeft03Ref"  scaleZ="true" isActiveDirty="true" maxUpdateDistance="50"/>
            <movingPart node="steeringBarRight03" referencePoint="steeringBarRight03Ref" referenceFrame="steeringBarRight03Ref" scaleZ="true" isActiveDirty="true" maxUpdateDistance="50"/>
            <movingPart node="steeringBarLeft04"  referencePoint="steeringBarLeft04Ref"  referenceFrame="steeringBarLeft04Ref"  scaleZ="true" isActiveDirty="true" maxUpdateDistance="50"/>
            <movingPart node="steeringBarRight04" referencePoint="steeringBarRight04Ref" referenceFrame="steeringBarRight04Ref" scaleZ="true" isActiveDirty="true" maxUpdateDistance="50"/>

            <movingPart node="steeringBarLeftPart" localReferencePoint="steeringBarLeft" referencePoint="steeringBarLeftRef" referenceFrame="steeringBarLeftPartRefFrame">
                <dependentPart node="steeringBarLeft" />
            </movingPart>
            <movingPart node="steeringBarLeft" referencePoint="steeringBarLeftRef" referenceFrame="steeringBarLeftRef"/>

            <!-- attacherJoints -->
            <movingPart node="attacherJointBackArmMain" referencePoint="attacherJointBackArmMainPartRef" localReferencePoint="attacherJointBackArmMainPart" referenceFrame="attacherJointBackArmMainRefFrame" limitedAxis="1">
                <dependentPart node="attacherJointBackArmMainHydraulic"/>
                <dependentPart node="attacherJointBackArmMainPart"/>
                <dependentPart node="attacherJointBackArmMainPartLeft"/>
                <dependentPart node="attacherJointBackArmMainPartRight"/>
            </movingPart>
            <movingPart node="attacherJointBackArmMainPart" referencePoints="attacherJointBackArmMainPartLeftRef attacherJointBackArmMainPartRightRef" referenceFrame="attacherJointBackArmPartRefFrame" limitedAxis="1"/>
            <movingPart node="attacherJointBackArmMainHydraulic" referencePoint="attacherJointBackArmMainHydraulicRef" referenceFrame="attacherJointBackArmMainHydraulicRef" isActiveDirty="true" maxUpdateDistance="10">
                <translatingPart node="attacherJointBackArmMainHydraulicPunch" />
            </movingPart>

            <movingPart node="attacherJointBackArmMainPartLeft" referencePoint="attacherJointBackArmMainPartLeftRef" referenceFrame="attacherJointBackArmMainPartLeftRef" />
            <movingPart node="attacherJointBackArmBottomLeftPart" referencePoint="attacherJointBackArmBottomLeftPartRef" referenceFrame="attacherJointBackArmBottomLeftPartRef">
                <translatingPart node="attacherJointBackArmBottomLeftPartPunch" />
            </movingPart>

            <movingPart node="attacherJointBackArmMainPartRight" referencePoint="attacherJointBackArmMainPartRightRef" referenceFrame="attacherJointBackArmMainPartRightRef" />
            <movingPart node="attacherJointBackArmBottomRightPart" referencePoint="attacherJointBackArmBottomRightPartRef" referenceFrame="attacherJointBackArmBottomRightPartRef">
                <translatingPart node="attacherJointBackArmBottomRightPartPunch" />
            </movingPart>

            <movingPart node="armMainHydraulic" referencePoint="armMainHydraulicPunchRef" referenceFrame="armMainHydraulicPunchRef" >
                <translatingPart node="armMainHydraulicPunch" />
            </movingPart>
            <movingPart node="armMainPart01Hydraulic" referencePoint="armMain01HydraulicPunchRef" referenceFrame="armMain01HydraulicPunchRef" >
                <translatingPart node="armMainPart01HydraulicPunch" />
            </movingPart>
            <movingPart node="armMainPart02Hydraulic" referencePoint="armMain02HydraulicPunchRef" referenceFrame="armMain02HydraulicPunchRef" >
                <translatingPart node="armMainPart02HydraulicPunch" />
            </movingPart>
        </movingParts>

        <sounds>
            <actionSound template="hydraulicClose01"      pitchScale="0.7" volumeScale="2.5" linkNode="armMain"                actionNames="TOOL_MOVE_POS TOOL_MOVE_NEG"                     nodes="armMain"                fadeIn="0.1" fadeOut="0.1"/>
            <actionSound template="hydraulicOpen02"       pitchScale="1.4" volumeScale="2.4" linkNode="armMainPart01"          actionNames="TOOL_MOVE_NEG"                                   nodes="armMainPart01"          fadeIn="0.1" fadeOut="0.1"/>
            <actionSound template="hydraulicOpen05"       pitchScale="1.4" volumeScale="2.4" linkNode="armMainPart01"          actionNames="TOOL_MOVE_POS"                                   nodes="armMainPart01"          fadeIn="0.1" fadeOut="0.1"/>
            <actionSound template="hydraulicOpen02"       pitchScale="1.3" volumeScale="1.8" linkNode="armMainPart02"          actionNames="TOOL_MOVE_POS TOOL_MOVE_NEG"                     nodes="armMainPart02"          fadeIn="0.1" fadeOut="0.1"/>
            <actionSound template="hydraulicClose01"      pitchScale="0.9" volumeScale="1.8" linkNode="armMainPart02"          actionNames="TOOL_MOVE_POS"                                   nodes="armMainPart02"          fadeIn="0.1" fadeOut="0.1"/>
            <actionSound template="hydraulicSoftOpen02"   pitchScale="1.6" volumeScale="2"   linkNode="armMainPart03"          actionNames="TOOL_MOVE_POS TOOL_MOVE_NEG"                     nodes="armMainPart03"          fadeIn="0.1" fadeOut="0.1"/>
            <actionSound template="hydraulicClose02"      pitchScale="1.2" volumeScale="3"   linkNode="armMainPart03"          actionNames="TOOL_MOVE_POS"                                   nodes="armMainPart03"          fadeIn="0.1" fadeOut="0.1"/>
            <actionSound template="hydraulicOpen04"       pitchScale="2.3" volumeScale="1.5" linkNode="armMainPart03Extension" actionNames="TOOL_MOVE_POS TOOL_MOVE_NEG"                     nodes="armMainPart03Extension" fadeIn="0.1" fadeOut="0.1"/>
            <actionSound template="clackVar6"             pitchScale="0.7" volumeScale="1.3" linkNode="armMainPart01"          actionNames="TOOL_MOVE_END_NEG_LIMIT"                         nodes="armMainPart01"/>
            <actionSound template="metalClose"            pitchScale="2.3" volumeScale="0.7" linkNode="armMainPart01"          actionNames="TOOL_MOVE_END_NEG_LIMIT"                         nodes="armMainPart01"/>
            <actionSound template="cylinderPunch"         pitchScale="1"   volumeScale="0.6" linkNode="armMainPart01"          actionNames="TOOL_MOVE_END_NEG_LIMIT"                         nodes="armMainPart01"/>
            <actionSound template="clackVar6"             pitchScale="0.8" volumeScale="1.3" linkNode="armMainPart01"          actionNames="TOOL_MOVE_END_POS_LIMIT"                         nodes="armMainPart01"/>
            <actionSound template="cylinderPunch"         pitchScale="2"   volumeScale="0.6" linkNode="armMainPart01"          actionNames="TOOL_MOVE_END_POS_LIMIT"                         nodes="armMainPart01"/>
            <actionSound template="clackVar6"             pitchScale="0.8" volumeScale="1.3" linkNode="armMain"                actionNames="TOOL_MOVE_END_POS_LIMIT TOOL_MOVE_END_NEG_LIMIT" nodes="armMain"/>
            <actionSound template="cylinderPunch"         pitchScale="2"   volumeScale="0.6" linkNode="armMain"                actionNames="TOOL_MOVE_END_POS_LIMIT TOOL_MOVE_END_NEG_LIMIT" nodes="armMain"/>
            <actionSound template="clackVar6"             pitchScale="0.8" volumeScale="1.3" linkNode="armMainPart02"          actionNames="TOOL_MOVE_END_POS_LIMIT TOOL_MOVE_END_NEG_LIMIT" nodes="armMainPart02"/>
            <actionSound template="sheetImp02"            pitchScale="1.4" volumeScale="1.6" linkNode="armMainPart02"          actionNames="TOOL_MOVE_END_POS_LIMIT TOOL_MOVE_END_NEG_LIMIT" nodes="armMainPart02"/>
            <actionSound template="cylinderPunch"         pitchScale="2"   volumeScale="0.5" linkNode="armMainPart02"          actionNames="TOOL_MOVE_END_POS_LIMIT TOOL_MOVE_END_NEG_LIMIT" nodes="armMainPart02"/>
            <actionSound template="clackVar6"             pitchScale="0.8" volumeScale="0.8" linkNode="armMainPart03"          actionNames="TOOL_MOVE_END_POS_LIMIT TOOL_MOVE_END_NEG_LIMIT" nodes="armMainPart03"/>
            <actionSound template="sheetImp02"            pitchScale="1.4" volumeScale="1.1" linkNode="armMainPart03"          actionNames="TOOL_MOVE_END_POS_LIMIT TOOL_MOVE_END_NEG_LIMIT" nodes="armMainPart03"/>
            <actionSound template="cylinderPunch"         pitchScale="2.4" volumeScale="0.4" linkNode="armMainPart03"          actionNames="TOOL_MOVE_END_POS_LIMIT TOOL_MOVE_END_NEG_LIMIT" nodes="armMainPart03"/>
            <actionSound template="clackVar6"             pitchScale="1"   volumeScale="0.8" linkNode="armMainPart03Extension" actionNames="TOOL_MOVE_END_POS_LIMIT TOOL_MOVE_END_NEG_LIMIT" nodes="armMainPart03Extension"/>
            <actionSound template="sheetImp02"            pitchScale="1.4" volumeScale="1.1" linkNode="armMainPart03Extension" actionNames="TOOL_MOVE_END_POS_LIMIT TOOL_MOVE_END_NEG_LIMIT" nodes="armMainPart03Extension"/>
            <actionSound template="cylinderPunch"         pitchScale="2.4" volumeScale="0.3" linkNode="armMainPart03Extension" actionNames="TOOL_MOVE_END_POS_LIMIT TOOL_MOVE_END_NEG_LIMIT" nodes="armMainPart03Extension"/>
        </sounds>
    </cylindered>

    <fillUnit>
        <fillUnitConfigurations>
            <fillUnitConfiguration>
                <fillUnits>
                    <fillUnit shopDisplayUnit="CUBICMETER" fillTypeCategories="slurryTank" capacity="64000" allowAILoading="true">
                        <exactFillRootNode node="exactFillRootNode" />
                        <dashboard displayType="ANIMATION" valueType="fillLevel" animName="fillLevel"/>
                        <measurementNodes>
                            <measurementNode node="fillMeasurementNode" />
                        </measurementNodes>
                    </fillUnit>
                    <fillTrigger consumePtoPower="true" litersPerSecond="1600"/>
                </fillUnits>
            </fillUnitConfiguration>
        </fillUnitConfigurations>
        <sounds>
            <fill template="slurry01" />
        </sounds>
    </fillUnit>

    <fillTriggerVehicle triggerNode="fillTrigger" fillUnitIndex="1" litersPerSecond="1600"/>

    <dischargeable requiresTipOcclusionArea="false">
        <dischargeNode node="dischargeNode" emptySpeed="1600" fillUnitIndex="1" unloadInfoIndex="3" allowAIDischarge="true" canDischargeToGround="false">
            <info width="1.0" length="0.5" zOffset="0.4" />
            <trigger node="dischargeTrigger" />
            <dischargeSound template="slurry01"/>
        </dischargeNode>
    </dischargeable>

    <turnOnVehicle>
        <activatableFillUnits>
            <activatableFillUnit index="1" />
        </activatableFillUnits>
        <animationNodes>
            <animationNode node="fan" rotSpeed="-400" rotAxis="3" turnOnFadeTime="2" turnOffFadeTime="1" />
        </animationNodes>
        <sounds>
            <work template="slurry03" volumeScale="1.4">
                <pitch indoor="0.75" outdoor="0.75" />
            </work>
        </sounds>
    </turnOnVehicle>

    <ai>
        <allowTurnBackward value="false"/>
        <turningRadiusLimitation radius="10"/>
        <toolReverserDirectionNode node="toolReverserDirectionNode"/>
        <agentAttachment jointNode="attacherJoint" rotCenterWheelIndices="1 2 3 4 5 6 7 8" width="3.05" height="4" length="13.1" lengthOffset="1.65"/>
    </ai>

    <foliageBending>
        <bendingNode wheelIndices="1 2 3 4 5 6 7 8" minZ="-6" maxZ="5" yOffset="0.5" />
        <bendingNode minX="-0.3" maxX="0.3" minZ="5" maxZ="6.2" yOffset="0.5" />
    </foliageBending>

    <baseColorConfigurations>
        <baseColorConfiguration materialTemplateName="KOTTE_GREEN1"/>
        <baseColorConfiguration materialTemplateName="KOTTE_GREEN2"/>
        <baseColorConfiguration materialTemplateName="SHARED_BLACK2"/>

        <material materialSlotName="base_color_mat"/>
        <material materialSlotName="chassis_color_mat"/>
    </baseColorConfigurations>

    <rimColorConfigurations>
        <rimColorConfiguration materialTemplateName="RIM_DEFAULT"/>
        <rimColorConfiguration materialTemplateName="RIM_CONFIGURATION_BLACK"/>
    </rimColorConfigurations>

    <wearable wearDuration="480" workMultiplier="5" fieldMultiplier="2"/>
    <washable dirtDuration="90" washDuration="1" workMultiplier="4" fieldMultiplier="2"/>

    <i3dMappings>
        <i3dMapping id="pq32000_main_component1" node="0>" />
        <i3dMapping id="pq32000_vis" node="0>0" />
        <i3dMapping id="attacherJoint" node="0>0|0|0|0" />
        <i3dMapping id="attacherJointBackArmTop" node="0>0|0|0|1" />
        <i3dMapping id="attacherJointBackRot" node="0>0|0|0|2" />
        <i3dMapping id="attacherJointBackRot2" node="0>0|0|0|2|0" />
        <i3dMapping id="attacherJointBack" node="0>0|0|0|2|0|0" />
        <i3dMapping id="attacherJointBackArmBottom" node="0>0|0|0|3" />
        <i3dMapping id="attacherJointBackArmBottomTrans" node="0>0|0|0|3|0" />
        <i3dMapping id="attacherJointBackArmBottomLeft" node="0>0|0|0|3|0|0" />
        <i3dMapping id="attacherJointBackArmBottomLeftPartRef" node="0>0|0|0|3|0|0|0" />
        <i3dMapping id="attacherJointBackArmMainPartLeftRef" node="0>0|0|0|3|0|0|1" />
        <i3dMapping id="attacherJointBackArmBottomLeftRef" node="0>0|0|0|3|0|0|2" />
        <i3dMapping id="attacherJointBackArmBottomRight" node="0>0|0|0|3|0|1" />
        <i3dMapping id="attacherJointBackArmBottomRightPartRef" node="0>0|0|0|3|0|1|0" />
        <i3dMapping id="attacherJointBackArmMainPartRightRef" node="0>0|0|0|3|0|1|1" />
        <i3dMapping id="attacherJointBackArmBottomRightRef" node="0>0|0|0|3|0|1|2" />
        <i3dMapping id="attacherJointBackArmMainPartRef" node="0>0|0|0|3|0|2" />
        <i3dMapping id="referencePointBackBottom" node="0>0|0|0|3|0|3" />
        <i3dMapping id="supportArm" node="0>0|0|1|0|0" />
        <i3dMapping id="supportArmPart" node="0>0|0|1|0|0|0" />
        <i3dMapping id="supportArm_decals1" node="0>0|0|1|0|0|1|0" />
        <i3dMapping id="ptoInput" node="0>0|0|2|0" />
        <i3dMapping id="ptoDetach" node="0>0|0|2|1" />
        <i3dMapping id="wheelChock01_01" node="0>0|0|3|0" />
        <i3dMapping id="wheelChock01_02" node="0>0|0|3|1" />
        <i3dMapping id="chockSupport_01" node="0>0|0|3|2" />
        <i3dMapping id="chockSupport_02" node="0>0|0|3|3" />
        <i3dMapping id="electricFront" node="0>0|0|4|0" />
        <i3dMapping id="electricFront_detached" node="0>0|0|4|0|0" />
        <i3dMapping id="electricFront_connector" node="0>0|0|4|0|0|0" />
        <i3dMapping id="electricBack" node="0>0|0|4|1" />
        <i3dMapping id="airRed" node="0>0|0|4|2" />
        <i3dMapping id="airRed_detached" node="0>0|0|4|2|0" />
        <i3dMapping id="airRed_connector" node="0>0|0|4|2|0|0" />
        <i3dMapping id="airYellow" node="0>0|0|4|3" />
        <i3dMapping id="airYellow_detached" node="0>0|0|4|3|0" />
        <i3dMapping id="airYellow_connector" node="0>0|0|4|3|0|0" />
        <i3dMapping id="hydraulicIn01" node="0>0|0|4|4" />
        <i3dMapping id="hydraulicIn01_detached" node="0>0|0|4|4|0" />
        <i3dMapping id="hydraulicIn01_connector" node="0>0|0|4|4|0|0" />
        <i3dMapping id="hydraulicOut01" node="0>0|0|4|5" />
        <i3dMapping id="hydraulicOut01_detached" node="0>0|0|4|5|0" />
        <i3dMapping id="hydraulicOut01_connector" node="0>0|0|4|5|0|0" />
        <i3dMapping id="hydraulicIn02" node="0>0|0|4|6" />
        <i3dMapping id="hydraulicIn02_detached" node="0>0|0|4|6|0" />
        <i3dMapping id="hydraulicIn02_connector" node="0>0|0|4|6|0|0" />
        <i3dMapping id="hydraulicOut02" node="0>0|0|4|7" />
        <i3dMapping id="hydraulicOut02_detached" node="0>0|0|4|7|0" />
        <i3dMapping id="hydraulicOut02_connector" node="0>0|0|4|7|0|0" />
        <i3dMapping id="hydraulicIn03" node="0>0|0|4|8" />
        <i3dMapping id="hydraulicIn03_detached" node="0>0|0|4|8|0" />
        <i3dMapping id="hydraulicIn03_connector" node="0>0|0|4|8|0|0" />
        <i3dMapping id="hydraulicOut03" node="0>0|0|4|9" />
        <i3dMapping id="hydraulicOut03_detached" node="0>0|0|4|9|0" />
        <i3dMapping id="hydraulicOut03_connector" node="0>0|0|4|9|0|0" />
        <i3dMapping id="hydraulicIn04" node="0>0|0|4|10" />
        <i3dMapping id="hydraulicIn04_cover" node="0>0|0|4|10|0" />
        <i3dMapping id="hydraulicOut04" node="0>0|0|4|11" />
        <i3dMapping id="hydraulicOut04_cover" node="0>0|0|4|11|0" />
        <i3dMapping id="hydraulicIn05" node="0>0|0|4|12" />
        <i3dMapping id="hydraulicIn05_cover" node="0>0|0|4|12|0" />
        <i3dMapping id="hydraulicOut05" node="0>0|0|4|13" />
        <i3dMapping id="hydraulicOut05_cover" node="0>0|0|4|13|0" />
        <i3dMapping id="hydraulicIn06" node="0>0|0|4|14" />
        <i3dMapping id="hydraulicIn06_cover" node="0>0|0|4|14|0" />
        <i3dMapping id="hydraulicOut06" node="0>0|0|4|15" />
        <i3dMapping id="hydraulicOut06_cover" node="0>0|0|4|15|0" />
        <i3dMapping id="hydraulicIn07" node="0>0|0|4|16" />
        <i3dMapping id="hydraulicIn07_cover" node="0>0|0|4|16|0" />
        <i3dMapping id="hydraulicOut07" node="0>0|0|4|17" />
        <i3dMapping id="hydraulicOut07_cover" node="0>0|0|4|17|0" />
        <i3dMapping id="hydraulicIn08" node="0>0|0|4|18" />
        <i3dMapping id="hydraulicIn08_cover" node="0>0|0|4|18|0" />
        <i3dMapping id="hydraulicOut08" node="0>0|0|4|19" />
        <i3dMapping id="hydraulicOut08_cover" node="0>0|0|4|19|0" />
        <i3dMapping id="hydraulicIn09" node="0>0|0|4|20" />
        <i3dMapping id="hydraulicIn09_cover" node="0>0|0|4|20|0" />
        <i3dMapping id="hydraulicOut09" node="0>0|0|4|21" />
        <i3dMapping id="hydraulicOut09_cover" node="0>0|0|4|21|0" />
        <i3dMapping id="topLeftHoseRef" node="0>0|0|4|22" />
        <i3dMapping id="topLeftHose_connector" node="0>0|0|4|22|0" />
        <i3dMapping id="topLeftHose_lock" node="0>0|0|4|22|1" />
        <i3dMapping id="topLeftHose_lockArmOpen" node="0>0|0|4|22|1|0" />
        <i3dMapping id="topLeftHose_lockArmClosed" node="0>0|0|4|22|1|1" />
        <i3dMapping id="topRightHoseRef" node="0>0|0|4|23" />
        <i3dMapping id="topRightHose_connector" node="0>0|0|4|23|0" />
        <i3dMapping id="topRightHose_lock" node="0>0|0|4|23|1" />
        <i3dMapping id="topRightHose_lockArmOpen" node="0>0|0|4|23|1|0" />
        <i3dMapping id="topRightHose_lockArmClosed" node="0>0|0|4|23|1|1" />
        <i3dMapping id="wheelLeft01Repr" node="0>0|1|0" />
        <i3dMapping id="wheelLeft01" node="0>0|1|0|0" />
        <i3dMapping id="steeringBarLeft01" node="0>0|1|0|1" />
        <i3dMapping id="wheelRight01Repr" node="0>0|1|1" />
        <i3dMapping id="wheelRight01" node="0>0|1|1|0" />
        <i3dMapping id="steeringBarRight01" node="0>0|1|1|1" />
        <i3dMapping id="wheelLeft02Repr" node="0>0|1|2" />
        <i3dMapping id="wheelLeft02" node="0>0|1|2|0" />
        <i3dMapping id="steeringBarLeft02" node="0>0|1|2|1" />
        <i3dMapping id="wheelRight02Repr" node="0>0|1|3" />
        <i3dMapping id="wheelRight02" node="0>0|1|3|0" />
        <i3dMapping id="steeringBarRight02" node="0>0|1|3|1" />
        <i3dMapping id="wheelLeft03Repr" node="0>0|1|4" />
        <i3dMapping id="wheelLeft03" node="0>0|1|4|0" />
        <i3dMapping id="steeringBarLeft03" node="0>0|1|4|1" />
        <i3dMapping id="wheelRight03Repr" node="0>0|1|5" />
        <i3dMapping id="wheelRight03" node="0>0|1|5|0" />
        <i3dMapping id="steeringBarRight03" node="0>0|1|5|1" />
        <i3dMapping id="wheelLeft04Repr" node="0>0|1|6" />
        <i3dMapping id="wheelLeft04" node="0>0|1|6|0" />
        <i3dMapping id="steeringBarLeft04" node="0>0|1|6|1" />
        <i3dMapping id="wheelRight04Repr" node="0>0|1|7" />
        <i3dMapping id="wheelRight04" node="0>0|1|7|0" />
        <i3dMapping id="steeringBarRight04" node="0>0|1|7|1" />
        <i3dMapping id="rearLight44_01" node="0>0|2|0|0" />
        <i3dMapping id="rearLight44_02" node="0>0|2|0|1" />
        <i3dMapping id="sideMarker01_left" node="0>0|2|0|2" />
        <i3dMapping id="sideMarker01_right" node="0>0|2|0|3" />
        <i3dMapping id="plateNumberLight02_01" node="0>0|2|0|4" />
        <i3dMapping id="plateNumberLight02_02" node="0>0|2|0|5" />
        <i3dMapping id="backLights" node="0>0|2|1" />
        <i3dMapping id="backLightsHigh" node="0>0|2|1|0" />
        <i3dMapping id="licensePlateLightHigh" node="0>0|2|1|1" />
        <i3dMapping id="turnLightLeftBack" node="0>0|2|2|0" />
        <i3dMapping id="turnLightRightBack" node="0>0|2|2|1" />
        <i3dMapping id="armMain" node="0>0|3|0" />
        <i3dMapping id="armMainPart01" node="0>0|3|0|0" />
        <i3dMapping id="armMainPart02" node="0>0|3|0|0|0" />
        <i3dMapping id="armMainPart03" node="0>0|3|0|0|0|0" />
        <i3dMapping id="armMainPart03Extension" node="0>0|3|0|0|0|0|0" />
        <i3dMapping id="cableTray" node="0>0|3|0|0|0|0|0|4" />
        <i3dMapping id="armMain02HydraulicPunchRef" node="0>0|3|0|0|0|0|4" />
        <i3dMapping id="armMainPart02Hydraulic" node="0>0|3|0|0|0|1" />
        <i3dMapping id="armMainPart02HydraulicPunch" node="0>0|3|0|0|0|1|0" />
        <i3dMapping id="armMain01HydraulicPunchRef" node="0>0|3|0|0|0|5" />
        <i3dMapping id="armMainPart01Hydraulic" node="0>0|3|0|0|1" />
        <i3dMapping id="armMainPart01HydraulicPunch" node="0>0|3|0|0|1|0" />
        <i3dMapping id="armMainHydraulicPunchRef" node="0>0|3|0|0|5" />
        <i3dMapping id="armMainHydraulic" node="0>0|3|0|4" />
        <i3dMapping id="armMainHydraulicPunch" node="0>0|3|0|4|0" />
        <i3dMapping id="armMainHosesAnimJoint" node="0>0|3|0|5" />
        <i3dMapping id="steeringBar01" node="0>0|3|1" />
        <i3dMapping id="steeringBarLeft01Ref" node="0>0|3|1|0" />
        <i3dMapping id="steeringBarRight01Ref" node="0>0|3|1|1" />
        <i3dMapping id="steeringBar02" node="0>0|3|2" />
        <i3dMapping id="steeringBarLeft02Ref" node="0>0|3|2|0" />
        <i3dMapping id="steeringBarRight02Ref" node="0>0|3|2|1" />
        <i3dMapping id="steeringBar03" node="0>0|3|3" />
        <i3dMapping id="steeringBarLeft03Ref" node="0>0|3|3|0" />
        <i3dMapping id="steeringBarRight03Ref" node="0>0|3|3|1" />
        <i3dMapping id="steeringBar04" node="0>0|3|4" />
        <i3dMapping id="steeringBarLeft04Ref" node="0>0|3|4|0" />
        <i3dMapping id="steeringBarRight04Ref" node="0>0|3|4|1" />
        <i3dMapping id="steeringBarLeftPartRefFrame" node="0>0|3|5" />
        <i3dMapping id="steeringBarLeftPart" node="0>0|3|5|0" />
        <i3dMapping id="steeringBarLeft" node="0>0|3|5|0|0" />
        <i3dMapping id="steeringBarLeftRef" node="0>0|3|5|0|0|0" />
        <i3dMapping id="fillLevelIndicator" node="0>0|3|6" />
        <i3dMapping id="fan" node="0>0|3|7" />
        <i3dMapping id="attacherJointBackArmMainRefFrame" node="0>0|3|8" />
        <i3dMapping id="attacherJointBackArmMain" node="0>0|3|8|0" />
        <i3dMapping id="attacherJointBackArmPartRefFrame" node="0>0|3|8|0|0" />
        <i3dMapping id="attacherJointBackArmMainPart" node="0>0|3|8|0|0|0" />
        <i3dMapping id="attacherJointBackArmMainPartLeft" node="0>0|3|8|0|0|0|0" />
        <i3dMapping id="attacherJointBackArmMainPartRight" node="0>0|3|8|0|0|0|1" />
        <i3dMapping id="attacherJointBackArmMainHydraulicRef" node="0>0|3|8|0|1" />
        <i3dMapping id="attacherJointBackHydraulicRefFrame" node="0>0|3|9" />
        <i3dMapping id="attacherJointBackArmMainHydraulic" node="0>0|3|9|0" />
        <i3dMapping id="attacherJointBackArmMainHydraulicPunch" node="0>0|3|9|0|0" />
        <i3dMapping id="attacherJointBackArmBottomLeftPart" node="0>0|3|10" />
        <i3dMapping id="attacherJointBackArmBottomLeftPartPunch" node="0>0|3|10|0" />
        <i3dMapping id="attacherJointBackArmBottomRightPart" node="0>0|3|11" />
        <i3dMapping id="attacherJointBackArmBottomRightPartPunch" node="0>0|3|11|0" />
        <i3dMapping id="dischargeNode" node="0>0|4|0" />
        <i3dMapping id="exactFillRootNode" node="0>0|4|1" />
        <i3dMapping id="fillTrigger" node="0>0|4|2" />
        <i3dMapping id="dischargeTrigger" node="0>0|4|3" />
        <i3dMapping id="fillMeasurementNode" node="0>0|4|4" />
        <i3dMapping id="toolReverserDirectionNode" node="0>0|5|0" />
        <i3dMapping id="licensePlateBack" node="0>0|6|0" />
        <i3dMapping id="pq32000B_vis" node="0>0|7|0" />
    </i3dMappings>
</vehicle>
