﻿<?xml version="1.0" encoding="utf-8" standalone="no" ?>
<vehicle type="trailer" xmlns:xsi="http://www.w3.org/2001/XMLSchema-instance" xsi:noNamespaceSchemaLocation="../../../../shared/xml/schema/vehicle.xsd">
    <annotation>Copyright (C) GIANTS Software GmbH, All Rights Reserved.</annotation>

    <storeData>
        <name>Prestige Super-B Pull trailer</name>
        <specs>
            <combination filterCategory="trucks"/>
        </specs>
        <functions>
            <function>$l10n_function_tipper</function>
            <function>$l10n_function_semiTrailer</function>
        </functions>
        <image>$data/vehicles/lodeKing/prestigeSuperBTrailer/store_prestigeSuperB_front.png</image>
        <price>60000</price>
        <lifetime>600</lifetime>
        <rotation>0</rotation>
        <brand>LODEKING</brand>
        <category>trailersSemi</category>
        <shopTranslationOffset>0 0.071 0</shopTranslationOffset>
        <shopRotationOffset>0.653 0 0</shopRotationOffset>
        <shopLoadingDelay initial="0.2"/>
        <vertexBufferMemoryUsage>0</vertexBufferMemoryUsage>
        <indexBufferMemoryUsage>0</indexBufferMemoryUsage>
        <textureMemoryUsage>0</textureMemoryUsage>
        <instanceVertexBufferMemoryUsage>0</instanceVertexBufferMemoryUsage>
        <instanceIndexBufferMemoryUsage>0</instanceIndexBufferMemoryUsage>
    </storeData>

    <base>
        <typeDesc>$l10n_typeDesc_tipper</typeDesc>
        <filename>$data/vehicles/lodeKing/prestigeSuperBTrailer/prestigeSuperB_front.i3d</filename>
        <size width="2.8" length="12.2" height="3.65" lengthOffset="-1.1" />
        <components maxMass="39000">
            <component centerOfMass="0 0.7 -2" solverIterationCount="10" mass="5808" />
        </components>
        <schemaOverlay attacherJointPosition="0 0" name="IMPLEMENT" />
        <mapHotspot type="TRAILER" />
    </base>

    <wheels>
        <wheelConfigurations>
            <wheelConfiguration name="$l10n_configuration_valueDefault" price="0" brand="CONTINENTAL" saveId="CONTINENTAL_DEFAULT">
                <wheels>
                    <wheel filename="$data/shared/wheels/tires/continental/contiCrossTracHS3/_13R22_5.xml" configId="dualRim" isLeft="true" >
                        <physics tipOcclusionAreaGroupId="1" restLoad="1.0" repr="wheelFrontLeft"   forcePointRatio="0.25" initialCompression="8" suspTravel="0.1" spring="95" damper="50" yOffset="0"/>
                        <additionalWheel filename="$data/shared/wheels/tires/continental/contiCrossTracHS3/_13R22_5.xml" configId="dual" offset="-0.65" />
                        <wheelChock/>
                        <wheelChock isInverted="true" />
                    </wheel>
                    <wheel filename="$data/shared/wheels/tires/continental/contiCrossTracHS3/_13R22_5.xml" configId="dualRim" isLeft="false" >
                        <physics tipOcclusionAreaGroupId="1" restLoad="1.0" repr="wheelFrontRight"  forcePointRatio="0.25" initialCompression="8" suspTravel="0.1" spring="95" damper="50" yOffset="0"/>
                        <additionalWheel filename="$data/shared/wheels/tires/continental/contiCrossTracHS3/_13R22_5.xml" configId="dual" offset="-0.65" />
                    </wheel>
                    <wheel filename="$data/shared/wheels/tires/continental/contiCrossTracHS3/_13R22_5.xml" configId="dualRim" isLeft="true" hasTireTracks="true" hasParticles="true" >
                        <physics tipOcclusionAreaGroupId="1" restLoad="1.0" repr="wheelMiddleLeft"  forcePointRatio="0.25" initialCompression="8" suspTravel="0.1" spring="95" damper="50" yOffset="-0.017"/>
                        <additionalWheel filename="$data/shared/wheels/tires/continental/contiCrossTracHS3/_13R22_5.xml" configId="dual" offset="-0.65" />
                    </wheel>
                    <wheel filename="$data/shared/wheels/tires/continental/contiCrossTracHS3/_13R22_5.xml" configId="dualRim" isLeft="false" hasTireTracks="true" hasParticles="true" >
                        <physics tipOcclusionAreaGroupId="1" restLoad="1.0" repr="wheelMiddleRight" forcePointRatio="0.25" initialCompression="8" suspTravel="0.1" spring="95" damper="50" yOffset="-0.017"/>
                        <additionalWheel filename="$data/shared/wheels/tires/continental/contiCrossTracHS3/_13R22_5.xml" configId="dual" offset="-0.65" />
                    </wheel>
                    <wheel filename="$data/shared/wheels/tires/continental/contiCrossTracHS3/_13R22_5.xml" configId="dualRim" isLeft="true" hasTireTracks="true" hasParticles="true" >
                        <physics tipOcclusionAreaGroupId="1" restLoad="1.0" repr="wheelBackLeft"    forcePointRatio="0.25" initialCompression="8" suspTravel="0.1" spring="95" damper="50" yOffset="-0.034"/>
                        <additionalWheel filename="$data/shared/wheels/tires/continental/contiCrossTracHS3/_13R22_5.xml" configId="dual" offset="-0.65" />
                    </wheel>
                    <wheel filename="$data/shared/wheels/tires/continental/contiCrossTracHS3/_13R22_5.xml" configId="dualRim" isLeft="false" hasTireTracks="true" hasParticles="true" >
                        <physics tipOcclusionAreaGroupId="1" restLoad="1.0" repr="wheelBackRight"   forcePointRatio="0.25" initialCompression="8" suspTravel="0.1" spring="95" damper="50" yOffset="-0.034"/>
                        <additionalWheel filename="$data/shared/wheels/tires/continental/contiCrossTracHS3/_13R22_5.xml" configId="dual" offset="-0.65" />
                    </wheel>
                </wheels>
            </wheelConfiguration>
        </wheelConfigurations>
    </wheels>

    <attachable>
        <inputAttacherJoints>
            <inputAttacherJoint node="attacherJoint" jointType="semitrailer" attacherHeight="1.20">
            <objectChange node="needlePressure" rotationInactive="0 0 0" rotationActive="-220 0 0" interpolationTime="1" interpolation="true"/>
            </inputAttacherJoint>
        </inputAttacherJoints>
        <support animationName="moveSupport" />
        <brakeForce force="0.6" maxForce="2.5" maxForceMass="38500"/>
        <sounds>
            <active file="$data/sounds/tools/trailer/trailerRattle_02.wav" innerRadius="10" outerRadius="50" volumeScale="2.5" isLocalSound="true" pitchScale="0.8">
                <volume indoor="0.6" outdoor="0.9" >
                    <modifier type="WHEEL_SUSPENSION" value="-0.04" modifiedValue="0.3"/>
                    <modifier type="WHEEL_SUSPENSION" value="-0.02" modifiedValue="0.2"/>
                    <modifier type="WHEEL_SUSPENSION" value="-0.00" modifiedValue="0.0"/>
                    <modifier type="WHEEL_SUSPENSION" value="0.02" modifiedValue="0.2"/>
                    <modifier type="WHEEL_SUSPENSION" value="0.04" modifiedValue="0.3"/>

                    <modifier type="SPEED" value="0.0" modifiedValue="0.0"/>
                    <modifier type="SPEED" value="2.0" modifiedValue="1.0"/>
                    <modifier type="SPEED" value="40.0" modifiedValue="1.0"/>
                </volume>
                <lowpassCutoffFrequency indoor="300" outdoor="20000" />
                <lowpassGain indoor="0.7" outdoor="1" />
            </active>
        </sounds>
    </attachable>

    <attacherJoints comboDuration="2">
        <attacherJoint node="trailerAttacherJoint" jointType="semitrailer" allowsJointLimitMovement="false" allowsLowering="false" lowerRotLimit="12 90 12">
            <schema position="1 0" rotation="0" invertX="false" />
        </attacherJoint>
        <sounds>
            <attach template="truckAttach" />
        </sounds>
    </attacherJoints>

    <connectionHoses>
        <hose inputAttacherJointIndices="1" type="airDoubleRed"    node="airRed"     length="0.5" diameter="0.015" outgoingAdapter="DEFAULT" socket="air_red"    minCenterPointOffset="0 0 0.3" maxCenterPointOffset="0 0 0.3"/>
        <hose inputAttacherJointIndices="1" type="airDoubleYellow" node="airYellow"  length="0.5" diameter="0.015" outgoingAdapter="DEFAULT" socket="air_yellow" minCenterPointOffset="0 0 0.3" maxCenterPointOffset="0 0 0.3"/>
        <hose inputAttacherJointIndices="1" type="electric"        node="electricIn" length="0.5" diameter="0.008" outgoingAdapter="DEFAULT" socket="electric"   minCenterPointOffset="0 0 0.3" maxCenterPointOffset="0 0 0.3"/>

        <target attacherJointIndices="1" type="electric"        node="electricOut"  socket="electric"/>
        <target attacherJointIndices="1" type="airDoubleRed"    node="airRedOut"    socket="air_red"/>
        <target attacherJointIndices="1" type="airDoubleYellow" node="airYellowOut" socket="air_yellow"/>
    </connectionHoses>

    <lights>
        <sharedLight linkNode="rearLight51_01" filename="$data/shared/assets/lights/lizard/rearLight51.xml" turnLightLeft="true"/>
        <sharedLight linkNode="rearLight51_02" filename="$data/shared/assets/lights/lizard/rearLight51.xml" />
        <sharedLight linkNode="rearLight51_03" filename="$data/shared/assets/lights/lizard/rearLight51.xml" />
        <sharedLight linkNode="rearLight51_04" filename="$data/shared/assets/lights/lizard/rearLight51.xml" turnLightRight="true"/>

        <sharedLight linkNode="sideMarker22Orange_01" filename="$data/shared/assets/lights/lizard/sideMarker22Orange.xml" />
        <sharedLight linkNode="sideMarker22Orange_02" filename="$data/shared/assets/lights/lizard/sideMarker22Orange.xml" />
        <sharedLight linkNode="sideMarker22Orange_03" filename="$data/shared/assets/lights/lizard/sideMarker22Orange.xml" />
        <sharedLight linkNode="sideMarker22Orange_04" filename="$data/shared/assets/lights/lizard/sideMarker22Orange.xml" />
        <sharedLight linkNode="sideMarker22Orange_05" filename="$data/shared/assets/lights/lizard/sideMarker22Orange.xml" />
        <sharedLight linkNode="sideMarker22Orange_06" filename="$data/shared/assets/lights/lizard/sideMarker22Orange.xml" />
        <sharedLight linkNode="sideMarker22Orange_07" filename="$data/shared/assets/lights/lizard/sideMarker22Orange.xml" />
        <sharedLight linkNode="sideMarker22Orange_08" filename="$data/shared/assets/lights/lizard/sideMarker22Orange.xml" />
        <sharedLight linkNode="sideMarker22Orange_09" filename="$data/shared/assets/lights/lizard/sideMarker22Orange.xml" />
        <sharedLight linkNode="sideMarker22Orange_10" filename="$data/shared/assets/lights/lizard/sideMarker22Orange.xml" />
        <sharedLight linkNode="sideMarker22Orange_11" filename="$data/shared/assets/lights/lizard/sideMarker22Orange.xml" />
        <sharedLight linkNode="sideMarker22Orange_12" filename="$data/shared/assets/lights/lizard/sideMarker22Orange.xml" />
        <sharedLight linkNode="sideMarker22Orange_13" filename="$data/shared/assets/lights/lizard/sideMarker22Orange.xml" />
        <sharedLight linkNode="sideMarker22Orange_14" filename="$data/shared/assets/lights/lizard/sideMarker22Orange.xml" />
        <sharedLight linkNode="sideMarker22Orange_15" filename="$data/shared/assets/lights/lizard/sideMarker22Orange.xml" />
        <sharedLight linkNode="sideMarker22Orange_16" filename="$data/shared/assets/lights/lizard/sideMarker22Orange.xml" />
        <sharedLight linkNode="sideMarker22Orange_17" filename="$data/shared/assets/lights/lizard/sideMarker22Orange.xml" />
        <sharedLight linkNode="sideMarker22Orange_18" filename="$data/shared/assets/lights/lizard/sideMarker22Orange.xml" />
        <sharedLight linkNode="sideMarker22Orange_19" filename="$data/shared/assets/lights/lizard/sideMarker22Orange.xml" />
        <sharedLight linkNode="sideMarker22Orange_20" filename="$data/shared/assets/lights/lizard/sideMarker22Orange.xml" />

        <sharedLight linkNode="sideMarker23White_01" filename="$data/shared/assets/lights/lizard/sideMarker23White.xml" />
        <sharedLight linkNode="sideMarker23White_02" filename="$data/shared/assets/lights/lizard/sideMarker23White.xml" />
        <sharedLight linkNode="sideMarker23White_03" filename="$data/shared/assets/lights/lizard/sideMarker23White.xml" />
        <sharedLight linkNode="sideMarker23White_04" filename="$data/shared/assets/lights/lizard/sideMarker23White.xml" />

        <sharedLight linkNode="sideMarker21Red_01" filename="$data/shared/assets/lights/lizard/sideMarker21Red.xml" />
        <sharedLight linkNode="sideMarker21Red_02" filename="$data/shared/assets/lights/lizard/sideMarker21Red.xml" />
        <sharedLight linkNode="sideMarker21Red_03" filename="$data/shared/assets/lights/lizard/sideMarker21Red.xml" />
        <sharedLight linkNode="sideMarker21Red_04" filename="$data/shared/assets/lights/lizard/sideMarker21Red.xml" />
        <sharedLight linkNode="sideMarker21Red_05" filename="$data/shared/assets/lights/lizard/sideMarker21Red.xml" />

        <realLights>
            <high>
                <light          node="backLightsHigh" lightTypes="0"/>
                <turnLightLeft  node="turnLightLeftBack" />
                <turnLightRight node="turnLightRightBack" />
                <brakeLight     node="backLightsHigh" />
            </high>
        </realLights>
    </lights>

    <animations>
        <animation name="tipAnimationFront" soundVolumeFactor="1.5">
            <part node="grainDoorFront" startTime="0.2" endTime="1.5" startTrans="0 0 0" endTrans="0 0 -0.69" />

            <part node="openerFrontLeft"   startTime="0.2" endTime="1.5" startRot="0 0 0" endRot="0 0 -900" />
            <part node="openerFrontMiddle" startTime="0.2" endTime="1.5" startRot="0 0 0" endRot="0 0 -900" />
            <part node="openerFrontRight"  startTime="0.2" endTime="1.5" startRot="0 0 0" endRot="0 0 900" />

            <part node="handleOpener"      startTime="0.0" endTime="0.1" visibility="true"/>
            <part node="handleOpener"      startTime="0.1" endTime="0.2" visibility="false"/>
            <part node="handleOpenerFront" startTime="0.0" endTime="0.1" visibility="false"/>
            <part node="handleOpenerFront" startTime="0.1" endTime="0.2" visibility="true"/>
            <part node="handleOpenerFront" startTime="0.2" endTime="1.5" startRot="0 0 0" endRot="0 0 -900" />

            <sound template="slideOpen" startTime="0.1" endTime="1.5" direction="1" volumeScale="3" pitchScale="1.2" fadeIn="0.1" fadeOut="0.1" />
            <sound template="slideClose" startTime="0.1" endTime="1.5" direction="-1" volumeScale="3" pitchScale="1.2" fadeIn="0.1" fadeOut="0.1" />
            <sound template="clickLong" startTime="0.1" endTime="1.5" direction="0" volumeScale="3" pitchScale="0.8" fadeIn="0.1" fadeOut="0.1" />
        </animation>
        <animation name="tipAnimationBack" soundVolumeFactor="1.5">
            <part node="grainDoorBack" startTime="0.0" endTime="1.5" startTrans="0 0 0" endTrans="0 0 0.69" />

            <part node="openerBackLeft"   startTime="0.2" endTime="1.5" startRot="0 0 0" endRot="0 0 900" />
            <part node="openerBackMiddle" startTime="0.2" endTime="1.5" startRot="0 0 0" endRot="0 0 900" />
            <part node="openerBackRight"  startTime="0.2" endTime="1.5" startRot="0 0 0" endRot="0 0 -900" />

            <part node="handleOpener"     startTime="0.0" endTime="0.1" visibility="true"/>
            <part node="handleOpener"     startTime="0.1" endTime="0.2" visibility="false"/>
            <part node="handleOpenerBack" startTime="0.0" endTime="0.1" visibility="false"/>
            <part node="handleOpenerBack" startTime="0.1" endTime="0.2" visibility="true"/>
            <part node="handleOpenerBack" startTime="0.2" endTime="1.5" startRot="0 0 0" endRot="0 0 900" />

            <sound template="slideOpen" startTime="0.1" endTime="1.5" direction="1" volumeScale="3" pitchScale="1.2" fadeIn="0.1" fadeOut="0.1" />
            <sound template="slideClose" startTime="0.1" endTime="1.5" direction="-1" volumeScale="3" pitchScale="1.2" fadeIn="0.1" fadeOut="0.1" />
            <sound template="clickLong" startTime="0.1" endTime="1.5" direction="0" volumeScale="3" pitchScale="0.8" fadeIn="0.1" fadeOut="0.1" />
        </animation>
        <animation name="toggleCover" soundVolumeFactor="1.5">
            <part node="coverClosed" startTime="0"    endTime="0.05" visibility="true" />
            <part node="coverClosed" startTime="0.05" endTime="0.1"  visibility="false" />
            <part node="coverOpen"   startTime="0"    endTime="0.05" visibility="false" />
            <part node="coverOpen"   startTime="0.05" endTime="0.1"  visibility="true" />

            <sound template="fabricCover2" startTime="0.09" direction="0" volumeScale="1.1" pitchScale="1.4" />
        </animation>
        <animation name="moveSupport" soundVolumeFactor="3.0">
            <part node="supportCol"        startTime="0.00" endTime="0.25" startTrans="0 0 0" endTrans="0 -0.655 0" />
            <part node="support"           startTime="0.35" endTime="1.00" startTrans="0 0 0" endTrans="0 -0.29 0" />
            <part node="handleSupportPart" startTime="0.00" endTime="0.20" startRot="0 0 0"   endRot="0 0 -23" />
            <part node="handleSupport"     startTime="0.20" endTime="0.25" startRot="0 0 0"   endRot="-10 0 0" />
            <part node="handleSupportPart" startTime="0.25" endTime="0.35" startRot="0 0 -23" endRot="0 0 90" />
            <part node="handleSupport"     startTime="0.35" endTime="1.00" startRot="-10 0 0" endRot="710 0 0" />
            <part node="handleSupportPart" startTime="1.00" endTime="1.15" startRot="0 0 90"  endRot="0 0 -23" />

            <sound template="clackVar4"             startTime="0.4" direction="-1" volumeScale="1.4" pitchScale="0.8" />
            <sound template="trailerCloseImpact_01" startTime="1.10" direction="1" volumeScale="1.4" pitchScale="0.8" />
            <sound template="clickLong"             startTime="0.10" endTime="1.10" direction="0" volumeScale="1.4" pitchScale="1.2" fadeIn="0.1" fadeOut="0.1" />
        </animation>
    </animations>

    <cylindered>
      <movingTools>
            <movingTool node="saddlePlate"/>
        </movingTools>

        <movingParts>
            <movingPart node="saddlePlate" referencePoint="saddlePlateRef" referenceFrame="saddlePlateRef" limitedAxis="1" isActiveDirty="true" maxUpdateDistance="50" />
        </movingParts>
    </cylindered>

    <fillUnit>
        <fillUnitConfigurations>
            <fillUnitConfiguration>
                <fillUnits>
                    <fillUnit shopDisplayUnit="CUBICMETER" fillTypeCategories="AUGERWAGON" capacity="40400" allowAILoading="true">
                        <exactFillRootNode node="exactFillRootNodeFront" />
                        <autoAimTargetNode node="fillAutoAimTargetFront" startZ="3.3" endZ="0.8" invert="false" startPercentage="50" />
                    </fillUnit>
                    <fillUnit shopDisplayUnit="CUBICMETER" fillTypeCategories="AUGERWAGON" capacity="40400" allowAILoading="true">
                        <exactFillRootNode node="exactFillRootNodeBack" />
                        <autoAimTargetNode node="fillAutoAimTargetBack" startZ="-0.73" endZ="-3.2" invert="false" startPercentage="50" />
                    </fillUnit>
                </fillUnits>
            </fillUnitConfiguration>
        </fillUnitConfigurations>
    </fillUnit>

    <fillVolume>
        <fillVolumeConfigurations>
            <fillVolumeConfiguration>
                <volumes>
                    <volume node="fillVolumeFront" maxDelta="0.15" maxAllowedHeapAngle="7" fillUnitIndex="1" />
                    <volume node="fillVolumeBack"  maxDelta="0.15" maxAllowedHeapAngle="7" fillUnitIndex="2" />
                </volumes>
            </fillVolumeConfiguration>
        </fillVolumeConfigurations>
    </fillVolume>

    <trailer>
        <trailerConfigurations>
            <trailerConfiguration>
                <trailer>
                    <tipSide name="$l10n_info_tipSideFront" dischargeNodeIndex="1">
                        <animation name="tipAnimationFront" speedScale="1.0" startTipTime="0.8"/>
                    </tipSide>
                    <tipSide name="$l10n_info_tipSideBack" dischargeNodeIndex="2" >
                        <animation name="tipAnimationBack" speedScale="1.0" startTipTime="0.8"/>
                    </tipSide>
                </trailer>
            </trailerConfiguration>
        </trailerConfigurations>
    </trailer>

    <dischargeable>
        <dischargeNode node="dischargeNodeFront" emptySpeed="1446" fillUnitIndex="1" unloadInfoIndex="1" allowAIDischarge="true">
            <info width="0.5" length="0.5" />
            <effects>
                <effectNode effectClass="PipeEffect" effectNode="pipeEffectFront"      materialType="pipe" fadeTime="0.2" shapeScaleSpread="1 1 0 0" extraDistance="0.4"/>
                <effectNode effectClass="TipEffect" effectNode="pipeEffectFront"      materialType="unloading" fadeTime="0.2" shapeScaleSpread="1 1 0 0" extraDistance="0.4"/>
                <effectNode                          effectNode="pipeEffectSmokeFront" materialType="unloadingSmoke" delay="0.1" alignToWorldY="true"/>
            </effects>
        </dischargeNode>
        <dischargeNode node="dischargeNodeBack" emptySpeed="1446"  fillUnitIndex="2" unloadInfoIndex="2" allowAIDischarge="true">
            <info width="0.5" length="0.5" />
            <effects>
                <effectNode effectClass="PipeEffect" effectNode="pipeEffectBack"      materialType="pipe" fadeTime="0.2" shapeScaleSpread="1 1 0 0" extraDistance="0.4"/>
                <effectNode effectClass="TipEffect" effectNode="pipeEffectBack"      materialType="unloading" fadeTime="0.2" shapeScaleSpread="1 1 0 0" extraDistance="0.4"/>
                <effectNode                          effectNode="pipeEffectSmokeBack" materialType="unloadingSmoke" delay="0.1" alignToWorldY="true"/>
            </effects>
        </dischargeNode>
    </dischargeable>

    <cover>
        <coverConfigurations>
            <coverConfiguration>
                <cover openAnimation="toggleCover" fillUnitIndices="1 2" />
            </coverConfiguration>
        </coverConfigurations>
    </cover>

    <ai>
        <allowTurnBackward value="false"/>
        <agentAttachment jointNode="attacherJoint" rotCenterWheelIndices="1 2 3 4" width="2.8" height="3.7" length="12" lengthOffset="3"/>
    </ai>

    <foliageBending>
        <bendingNode minX="-1.37" maxX="1.37" minZ="-7.2" maxZ="-2.7" yOffset="0.6" />
        <bendingNode minX="-1.3" maxX="1.3" minZ="-2.7" maxZ="4.7" yOffset="1" />
    </foliageBending>

    <designColorConfigurations title="$l10n_configuration_baseColor">
        <designColorConfiguration materialTemplateName="SHARED_WHITE2">
            <material materialSlotName="decal_black_mat" materialTemplateName="METALPAINTEDBLACK"/>
        </designColorConfiguration>
        <designColorConfiguration materialTemplateName="SHARED_WHITE2" name="%s %s" params="$l10n_ui_colorWhite|$l10n_configuration_design">
            <material materialSlotName="decal_black_mat" materialTemplateName="METALPAINTEDBLACK"/>
        </designColorConfiguration>
        <designColorConfiguration materialTemplateName="SHARED_BLACK2">
            <material materialSlotName="decal_black_mat" materialTemplateName="SHARED_WHITE2"/>
        </designColorConfiguration>
        <designColorConfiguration materialTemplateName="SHARED_BLACK2" name="%s %s" params="$l10n_ui_colorBlack|$l10n_configuration_design">
            <material materialSlotName="decal_black_mat" materialTemplateName="SHARED_WHITE2"/>
        </designColorConfiguration>

        <material materialSlotName="base_color_mat"/>
    </designColorConfigurations>

    <designColor2Configurations useDefaultColors="true" title="$l10n_configuration_coverColor">
        <designColor2Configuration materialTemplateName="SHARED_BLACK2"/>
        <designColor2Configuration materialTemplateName="SHARED_WHITE2"/>

        <material materialSlotName="cover_color_mat"/>
    </designColor2Configurations>

    <rimColorConfigurations>
        <rimColorConfiguration materialTemplateName="RIM_CONFIGURATION_CHROME" price="1000"/>
        <rimColorConfiguration materialTemplateName="RIM_DEFAULT"/>
        <rimColorConfiguration materialTemplateName="RIM_CONFIGURATION_WHITE" isDefault="true"/>
        <rimColorConfiguration materialTemplateName="RIM_CONFIGURATION_BLACK"/>
    </rimColorConfigurations>

    <wearable wearDuration="480" workMultiplier="5" fieldMultiplier="2"/>
    <washable dirtDuration="90"  workMultiplier="3" fieldMultiplier="2" washDuration="1"/>

    <i3dMappings>
        <i3dMapping id="attacherJoint" node="0>0|0|0" />
        <i3dMapping id="trailerAttacherJoint" node="0>0|0|1" />
        <i3dMapping id="saddlePlateRef" node="0>0|0|1|0" />
        <i3dMapping id="support" node="0>0|0|2|0|0" />
        <i3dMapping id="handleSupport" node="0>0|0|2|1" />
        <i3dMapping id="handleSupportPart" node="0>0|0|2|1|0" />
        <i3dMapping id="supportCol" node="0>0|0|2|2|0" />
        <i3dMapping id="electricIn" node="0>0|0|3|0" />
        <i3dMapping id="airYellow" node="0>0|0|3|1" />
        <i3dMapping id="airRed" node="0>0|0|3|2" />
        <i3dMapping id="airYellowOut" node="0>0|0|3|3" />
        <i3dMapping id="airRedOut" node="0>0|0|3|4" />
        <i3dMapping id="electricOut" node="0>0|0|3|5" />
        <i3dMapping id="wheelFrontLeft" node="0>0|1|0" />
        <i3dMapping id="wheelMiddleLeft" node="0>0|1|1" />
        <i3dMapping id="wheelBackLeft" node="0>0|1|2" />
        <i3dMapping id="wheelFrontRight" node="0>0|1|3" />
        <i3dMapping id="wheelMiddleRight" node="0>0|1|4" />
        <i3dMapping id="wheelBackRight" node="0>0|1|5" />
        <i3dMapping id="rearLight51_01" node="0>0|2|0|0" />
        <i3dMapping id="rearLight51_02" node="0>0|2|0|1" />
        <i3dMapping id="rearLight51_03" node="0>0|2|0|2" />
        <i3dMapping id="rearLight51_04" node="0>0|2|0|3" />
        <i3dMapping id="sideMarker21Red_01" node="0>0|2|0|4" />
        <i3dMapping id="sideMarker21Red_02" node="0>0|2|0|5" />
        <i3dMapping id="sideMarker21Red_03" node="0>0|2|0|6" />
        <i3dMapping id="sideMarker21Red_04" node="0>0|2|0|7" />
        <i3dMapping id="sideMarker21Red_05" node="0>0|2|0|8" />
        <i3dMapping id="sideMarker23White_01" node="0>0|2|0|9" />
        <i3dMapping id="sideMarker23White_02" node="0>0|2|0|10" />
        <i3dMapping id="sideMarker23White_03" node="0>0|2|0|11" />
        <i3dMapping id="sideMarker23White_04" node="0>0|2|0|12" />
        <i3dMapping id="sideMarker22Orange_01" node="0>0|2|0|13" />
        <i3dMapping id="sideMarker22Orange_02" node="0>0|2|0|14" />
        <i3dMapping id="sideMarker22Orange_03" node="0>0|2|0|15" />
        <i3dMapping id="sideMarker22Orange_04" node="0>0|2|0|16" />
        <i3dMapping id="sideMarker22Orange_05" node="0>0|2|0|17" />
        <i3dMapping id="sideMarker22Orange_06" node="0>0|2|0|18" />
        <i3dMapping id="sideMarker22Orange_07" node="0>0|2|0|19" />
        <i3dMapping id="sideMarker22Orange_08" node="0>0|2|0|20" />
        <i3dMapping id="sideMarker22Orange_09" node="0>0|2|0|21" />
        <i3dMapping id="sideMarker22Orange_10" node="0>0|2|0|22" />
        <i3dMapping id="sideMarker22Orange_11" node="0>0|2|0|23" />
        <i3dMapping id="sideMarker22Orange_12" node="0>0|2|0|24" />
        <i3dMapping id="sideMarker22Orange_13" node="0>0|2|0|25" />
        <i3dMapping id="sideMarker22Orange_14" node="0>0|2|0|26" />
        <i3dMapping id="sideMarker22Orange_15" node="0>0|2|0|27" />
        <i3dMapping id="sideMarker22Orange_16" node="0>0|2|0|28" />
        <i3dMapping id="sideMarker22Orange_17" node="0>0|2|0|29" />
        <i3dMapping id="sideMarker22Orange_18" node="0>0|2|0|30" />
        <i3dMapping id="sideMarker22Orange_19" node="0>0|2|0|31" />
        <i3dMapping id="sideMarker22Orange_20" node="0>0|2|0|32" />
        <i3dMapping id="backLightsHigh" node="0>0|2|1|0" />
        <i3dMapping id="turnLightLeftBack" node="0>0|2|2|0" />
        <i3dMapping id="turnLightRightBack" node="0>0|2|2|1" />
        <i3dMapping id="needlePressure" node="0>0|3|0|0" />
        <i3dMapping id="saddlePlate" node="0>0|3|1" />
        <i3dMapping id="grainDoorFront" node="0>0|3|2|0" />
        <i3dMapping id="grainDoorBack" node="0>0|3|3|0" />
        <i3dMapping id="openerFrontLeft" node="0>0|3|4|0" />
        <i3dMapping id="openerFrontMiddle" node="0>0|3|5|0" />
        <i3dMapping id="openerFrontRight" node="0>0|3|6|0" />
        <i3dMapping id="openerBackLeft" node="0>0|3|7|0" />
        <i3dMapping id="openerBackMiddle" node="0>0|3|8|0" />
        <i3dMapping id="openerBackRight" node="0>0|3|9|0" />
        <i3dMapping id="handleOpener" node="0>0|3|10" />
        <i3dMapping id="handleOpenerFront" node="0>0|3|11|0" />
        <i3dMapping id="handleOpenerBack" node="0>0|3|12|0" />
        <i3dMapping id="exactFillRootNodeFront" node="0>0|4|0" />
        <i3dMapping id="exactFillRootNodeBack" node="0>0|4|1" />
        <i3dMapping id="fillVolumeFront" node="0>0|4|2" />
        <i3dMapping id="fillVolumeBack" node="0>0|4|3" />
        <i3dMapping id="fillAutoAimTargetFront" node="0>0|4|4" />
        <i3dMapping id="fillAutoAimTargetBack" node="0>0|4|5" />
        <i3dMapping id="dischargeNodeFront" node="0>0|4|6" />
        <i3dMapping id="dischargeNodeBack" node="0>0|4|7" />
        <i3dMapping id="pipeEffectFront" node="0>0|5|0|0" />
        <i3dMapping id="pipeEffectSmokeFront" node="0>0|5|0|1" />
        <i3dMapping id="pipeEffectBack" node="0>0|5|1|0" />
        <i3dMapping id="pipeEffectSmokeBack" node="0>0|5|1|1" />
        <i3dMapping id="coverClosed" node="0>0|6|0" />
        <i3dMapping id="coverOpen" node="0>0|6|1" />
        <i3dMapping id="grainB_decals" node="0>0|6|2" />
    </i3dMappings>
</vehicle>
