<?xml version="1.0" encoding="utf-8" standalone="no" ?>
<vehicle type="manureBarrel" xmlns:xsi="http://www.w3.org/2001/XMLSchema-instance" xsi:noNamespaceSchemaLocation="../../../../shared/xml/schema/vehicle.xsd">
    <annotation>Copyright (C) GIANTS Software GmbH, All Rights Reserved.</annotation>

    <storeData>
        <name>Profi II</name>
        <specs>
            <neededPower>260</neededPower>
            <combination xmlFilename="$data/vehicles/zunhammer/vibro/vibro.xml"/>
            <combination xmlFilename="$data/vehicles/samsonAgro/sd700/sd700.xml"/>
            <combination xmlFilename="$data/vehicles/bomech/multiProfi/multiProfi.xml"/>
        </specs>
        <functions>
            <function>$l10n_function_slurrySpreaderWithoutTool</function>
        </functions>
        <image>$data/vehicles/kaweco/profi2/store_profi2.png</image>
        <price>60500</price>
        <lifetime>600</lifetime>
        <rotation>0</rotation>
        <brand>KAWECO</brand>
        <category>slurryTanks</category>
        <shopTranslationOffset>0 -0.005 0</shopTranslationOffset>
        <shopRotationOffset>0.122 0 0</shopRotationOffset>
        <vertexBufferMemoryUsage>2122496</vertexBufferMemoryUsage>
        <indexBufferMemoryUsage>1057536</indexBufferMemoryUsage>
        <textureMemoryUsage>393216</textureMemoryUsage>
        <instanceVertexBufferMemoryUsage>0</instanceVertexBufferMemoryUsage>
        <instanceIndexBufferMemoryUsage>0</instanceIndexBufferMemoryUsage>
        <audioMemoryUsage>0</audioMemoryUsage>
    </storeData>

    <base>
        <typeDesc>$l10n_typeDesc_manureBarrel</typeDesc>
        <filename>$data/vehicles/kaweco/profi2/profi2.i3d</filename>
        <size width="3.05" length="9.6" height="4.2" lengthOffset="-0.03"/>
        <speedLimit value="16" />
        <components>
            <component centerOfMass="0 0.85 -0.55" solverIterationCount="20" mass="5950"/>
        </components>
        <schemaOverlay attacherJointPosition="0 0" name="IMPLEMENT"/>
    </base>

    <wheels>
        <wheelConfigurations tireCategories="TRAILER">
            <wheelConfiguration name="$l10n_configuration_valueDefault" price="0" saveId="DEFAULT" numDynamicConfigurations="1">
                <wheels>
                    <wheel dimensions="800_60R32" isLeft="true" hasTireTracks="true" hasParticles="true">
                        <physics restLoad="1.6" repr="wheelFrontLeft"                           forcePointRatio="0.35" initialCompression="12" suspTravel="0.15" spring="70" damper="40" yOffset="0.035"/>
                        <wheelChock parkingNode="wheelChock01_01"/>
                        <wheelChock parkingNode="wheelChock01_02" isInverted="true"/>
                    </wheel>
                    <wheel dimensions="800_60R32" isLeft="false" hasTireTracks="true" hasParticles="true">
                        <physics restLoad="1.6" repr="wheelFrontRight"                          forcePointRatio="0.35" initialCompression="12" suspTravel="0.15" spring="70" damper="40" yOffset="0.035"/>
                    </wheel>
                    <wheel dimensions="800_60R32" isLeft="true">
                        <physics restLoad="1.6" repr="axisBackLeft"  driveNode="wheelBackLeft"  forcePointRatio="0.35" initialCompression="12" suspTravel="0.15" spring="70" damper="40" yOffset="0.035"/>
                        <steering node="steeringBarBack" nodeMinTransX="0.081" nodeMaxTransX="-0.081"/>
                        <steeringAxle scale="-0.6" rotMax="15" rotMin="-15"/>
                    </wheel>
                    <wheel dimensions="800_60R32" isLeft="false">
                        <physics restLoad="1.6" repr="axisBackRight" driveNode="wheelBackRight" forcePointRatio="0.35" initialCompression="12" suspTravel="0.15" spring="70" damper="40" yOffset="0.035"/>
                        <steeringAxle scale="-0.6" rotMax="15" rotMin="-15"/>
                    </wheel>
                </wheels>
            </wheelConfiguration>
        </wheelConfigurations>

        <hubs>
            <hub linkNode="wheelFrontLeft"  filename="$data/shared/wheels/hubs/hub_n10_5.xml" isLeft="true"  scale="0.40 0.40 0.40" offset="-0.005"/>
            <hub linkNode="wheelFrontRight" filename="$data/shared/wheels/hubs/hub_n10_5.xml" isLeft="false" scale="0.40 0.40 0.40" offset="-0.005"/>
            <hub linkNode="wheelBackLeft"   filename="$data/shared/wheels/hubs/hub_n10_5.xml" isLeft="true"  scale="0.40 0.40 0.40" offset="-0.005"/>
            <hub linkNode="wheelBackRight"  filename="$data/shared/wheels/hubs/hub_n10_5.xml" isLeft="false" scale="0.40 0.40 0.40" offset="-0.005"/>
        </hubs>

        <hubMaterial materialTemplateName="KAWECO_GREY"/>
    </wheels>

    <designColorConfigurations>
        <material materialSlotName="body_mat" />
        <designColorConfiguration materialTemplateName="KAWECO_GREEN1" name="$l10n_ui_colorGreen"/>
        <designColorConfiguration materialTemplateName="KAWECO_ORANGE1" name="$l10n_ui_colorOrange"/>
    </designColorConfigurations>


    <attachable>
        <inputAttacherJoints>
            <inputAttacherJoint node="attacherJoint" jointType="trailerLow" attacherHeight="0.663" steeringBarLeftNode="steeringBarLeft"/>
        </inputAttacherJoints>
        <steeringAxleAngleScale startSpeed="2" endSpeed="90" backwards="true"/>
        <brakeForce force="1.5" maxForce="3.4" maxForceMass="25500"/>
        <support animationName="moveSupport" />
        <sounds>
            <active file="$data/sounds/tools/trailer/trailerRattle_02.wav" innerRadius="10" outerRadius="50" volumeScale="3.5" isLocalSound="true" pitchScale="1.1">
                <volume indoor="0.7" outdoor="0.9" >
                    <modifier type="WHEEL_SUSPENSION" value="-0.04" modifiedValue="0.2"/>
                    <modifier type="WHEEL_SUSPENSION" value="-0.02" modifiedValue="0.13"/>
                    <modifier type="WHEEL_SUSPENSION" value="-0.01" modifiedValue="0.02"/>
                    <modifier type="WHEEL_SUSPENSION" value="-0.00" modifiedValue="0.00"/>
                    <modifier type="WHEEL_SUSPENSION" value="0.01" modifiedValue="0.02"/>
                    <modifier type="WHEEL_SUSPENSION" value="0.02" modifiedValue="0.13"/>
                    <modifier type="WHEEL_SUSPENSION" value="0.04" modifiedValue="0.2"/>

                    <modifier type="SPEED" value="0.0" modifiedValue="0.0"/>
                    <modifier type="SPEED" value="2.0" modifiedValue="1.0"/>
                    <modifier type="SPEED" value="40.0" modifiedValue="1.0"/>
                </volume>
                <lowpassCutoffFrequency indoor="250" outdoor="20000" />
                <lowpassGain indoor="0.5" outdoor="1" />
            </active>
        </sounds>
    </attachable>

    <attacherJoints>
        <attacherJoint node="attacherJointBack" jointType="implement" lowerRotationOffset="0.03" upperRotationOffset="0" moveTime="2.5" canTurnOnImplement="false">
            <distanceToGround lower="0.32" upper="1.33" />
            <rotationNode node="attacherJointBackRot" lowerRotation="-28 0 0" upperRotation="45 0 0" />
            <rotationNode2 node="attacherJointBackRot2" />
            <bottomArm rotationNode="attacherJointBackArmBottom" translationNode="bottomArm" referenceNode="referencePointBackBottom" zScale="-1" categoryRange="2"/>
            <topArm baseNode="attacherJointBackArmTop" materialTemplateName="KAWECO_GREY" filename="$data/shared/assets/upperLinks/walterscheidSO_65_660.xml" zScale="-1" />
            <schema position="1 0" rotation="0" invertX="false" />
        </attacherJoint>
        <sounds>
            <attach template="attach01" linkNode="0>" />
            <hydraulic template="hydraulicOpen02" linkNode="0>" />
        </sounds>
    </attacherJoints>

    <powerTakeOffs>
        <input inputAttacherJointIndices="1" inputNode="ptoInputNode" aboveAttacher="true" detachNode="ptoDetachNode"/>
        <local startNode="localPowerTakeOff01Start" endNode="localPowerTakeOff01End" />

        <sounds>
            <turnedOn template="tractorPTO" volumeScale="0.6" linkNode="attacherJoint"/>
        </sounds>
    </powerTakeOffs>

    <connectionHoses>
        <hose inputAttacherJointIndices="1" type="hydraulicIn"  node="hydraulicIn01" adapterNode="hydraulicIn01_detached" length="1.7" diameter="0.025" straighteningFactor="1.5">
           <objectChange node="hydraulicIn01_detached" visibilityActive="false" visibilityInactive="true"/>
        </hose>
        <hose inputAttacherJointIndices="1" type="electric"  node="electricIn01" adapterNode="electricIn01_detached" length="1.7" diameter="0.015" straighteningFactor="1.5">
           <objectChange node="electricIn01_detached" visibilityActive="false" visibilityInactive="true"/>
        </hose>
        <hose inputAttacherJointIndices="1" type="airDoubleRed" node="airIn" adapterNode="airIn_detached" length="1.7" diameter="0.02" straighteningFactor="1">
            <objectChange node="airIn_detached" visibilityActive="false" visibilityInactive="true" />
        </hose>
        <hose inputAttacherJointIndices="1" type="airDoubleYellow" node="airOut" adapterNode="airOut_detached" length="1.7" diameter="0.02" straighteningFactor="1">
            <objectChange node="airOut_detached" visibilityActive="false" visibilityInactive="true" />
        </hose>

        <target attacherJointIndices="1" type="TOOL_CONNECTOR_TOP_RIGHT" adapterType="NONE" node="topLeftHose" straighteningFactor="1">
            <objectChange node="topLeftHoseStart" visibilityActive="true" visibilityInactive="false" />
        </target>
        <localHose>
            <hose type="TOOL_CONNECTOR_TOP_RIGHT"  node="topLeftHoseStart" length="0.3" diameter="0.16" isTwoPointHose="true" straighteningFactor="0.25"/>
            <target type="TOOL_CONNECTOR_TOP_RIGHT" node="topLeftHoseEnd" straighteningFactor="1"/>
        </localHose>

        <target attacherJointIndices="1" type="hydraulicIn" node="targetHydraulicIn01" straighteningFactor="2"/>
        <target attacherJointIndices="1" type="hydraulicOut" node="targetHydraulicOut01" straighteningFactor="2"/>
        <target attacherJointIndices="1" type="hydraulicIn" node="targetHydraulicIn02" straighteningFactor="2"/>
        <target attacherJointIndices="1" type="hydraulicOut" node="targetHydraulicOut02" straighteningFactor="2"/>
        <target attacherJointIndices="1" type="hydraulicIn" node="targetHydraulicIn03" straighteningFactor="2"/>
        <target attacherJointIndices="1" type="hydraulicOut" node="targetHydraulicOut03" straighteningFactor="2"/>
        <target attacherJointIndices="1" type="electric" node="targetElectric" socket="electric"/>

        <sounds>
            <connect    type="airDoubleRed" template="hydraulicHosesAttach" volumeScale="0.7" linkNode="attacherJoint"/>
            <connect    type="electric"     template="generalConnection"    volumeScale="0.7" linkNode="attacherJoint"/>
            <disconnect type="airDoubleRed" template="hydraulicHosesDetach" volumeScale="0.7" linkNode="attacherJoint"/>
            <disconnect type="electric"     template="generalConnection"    volumeScale="0.7" linkNode="attacherJoint"/>
        </sounds>
    </connectionHoses>

    <licensePlates>
        <licensePlate node="licensePlateNodeBack"  position="BACK" preferedType="ELONGATED" placementArea="0.07 0.25 0.3 0.25"/>
    </licensePlates>

    <powerConsumer ptoRpm="400" neededMinPtoPower="15" neededMaxPtoPower="20"/>

    <lights>
        <sharedLight linkNode="sideMarker01_left" filename="$data/shared/assets/lights/lizard/sideMarker01_left.xml" />
        <sharedLight linkNode="sideMarker01_right" filename="$data/shared/assets/lights/lizard/sideMarker01_right.xml" />
        <sharedLight linkNode="workingLight09_01" lightTypes="1" filename="$data/shared/assets/lights/lizard/workingLight09.xml">
            <rotationNode name="rotationNode1" rotation="20 0 0" />
        </sharedLight>

        <sharedLight linkNode="workingLight09_02" lightTypes="1" filename="$data/shared/assets/lights/lizard/workingLight09.xml">
            <rotationNode name="rotationNode1" rotation="20 0 0" />
        </sharedLight>

        <sharedLight linkNode="plateNumberLight02" lightTypes="0" filename="$data/shared/assets/lights/lizard/plateNumberLight02.xml" />
        <sharedLight linkNode="plateNumberLight03" lightTypes="0" filename="$data/shared/assets/lights/lizard/plateNumberLight02.xml" />
        <sharedLight linkNode="rearLight33_left1" lightTypes="0" filename="$data/shared/assets/lights/lizard/rearLight33_left.xml" />
        <sharedLight linkNode="rearLight33_right1" lightTypes="0" filename="$data/shared/assets/lights/lizard/rearLight33_right.xml" />

        <realLights>
            <high>
                <light node="backLightsHigh1" lightTypes="0" />
                <light node="workLightBackLow" lightTypes="1" />
                <turnLightLeft node="turnLightLeftBack" />
                <turnLightRight node="turnLightRightBack" />
                <brakeLight node="backLightsHigh1" />
                <reverseLight node="reverseLight" />
                <light node="licensePlateLightHigh" lightTypes="0"/>
            </high>
        </realLights>

        <beaconLights>
            <beaconLight node="beaconLight07" filename="$data/shared/assets/beaconLights/lizard/beaconLight07.xml" mountType="POLE"/>
        </beaconLights>
    </lights>

    <animations>
        <animation name="moveSupport">
            <part node="supportCol"         startTime="0" endTime="0.1" startTrans="0 0.4 0" endTrans="0 0.11 0" />
            <part node="supportArm"         startTime="0" endTime="0.2" startRot="0 0 0"     endRot="-90 0 0" />
            <part node="supportArmTrans"    startTime="0" endTime="0.2" startTrans="0 0 0"   endTrans="0 0 -0.165" />

            <sound template="slideOpen" startTime="0.01" endTime="0.19" volumeScale="2"   pitchScale="2"   linkNode="supportArm"/>
            <sound template="hingeImp"  startTime="0.19" direction="-1" volumeScale="0.7" pitchScale="1.2" linkNode="supportArm"/>
        </animation>
        <animation name="fillLevel">
            <part node="fillLevelIndicator" startTime="0" endTime="1.0" startRot="0 0 0"     endRot="0 0 -129" />
        </animation>
    </animations>

    <cylindered>
        <movingTools>
            <movingTool node="arm01"  playSound="true" >
                <controls axis="AXIS_CRANE_ARM2" invertAxis="true" mouseSpeedFactor="0.3" iconName="CRANE_EC_TRANSLATE_Z" />
                <rotation rotSpeed="25" rotAcceleration="150" rotMax="100" rotMin="0" rotationAxis="3"/>
                <dependentPart node="arm01Hydraulic" />
                <dependentMovingTool node="arm02">
                    <rotationBasedLimits>
                        <limit rotation="10" rotMax="0"    rotMin="-90" />
                        <limit rotation="100" rotMax="-90" rotMin="-90" />
                    </rotationBasedLimits>
                </dependentMovingTool>
            </movingTool>
            <movingTool node="arm02" playSound="true">
                <controls axis="AXIS_CRANE_ARM" invertAxis="false" mouseSpeedFactor="0.3" iconName="CRANE_EC_TRANSLATE_Z" />
                <rotation rotSpeed="25" rotAcceleration="150" rotMax="0" rotMin="-90" rotationAxis="3" syncMinRotLimits="true" syncMaxRotLimits="true"/>
            </movingTool>
            <movingTool node="attacherJointBackArmBottom">
                <dependentPart node="bottomArmHydraulic" />
            </movingTool>
        </movingTools>

        <movingParts>
            <movingPart node="fillLevelIndicatorPart" referencePoint="fillLevelIndicatorPartRef" referenceFrame="fillLevelIndicatorPartRef" isActiveDirty="true" maxUpdateDistance="20"/>
            <movingPart node="steeringBarLeft" localReferencePoint="steeringBarLeftPart" referencePoint="steeringBarLeftPartRef" referenceFrame="steeringBarLeftRefFrame">
                <dependentPart node="steeringBarLeftPart" />
                <dependentPart node="steeringBarLeftHydraulic" />
            </movingPart>
            <movingPart node="steeringBarLeftPart" referencePoint="steeringBarLeftPartRef" referenceFrame="steeringBarLeftPartRefFrame"/>
            <movingPart node="steeringBarLeftHydraulic" referencePoint="steeringBarLeftHydraulicRef" referenceFrame="steeringBarLeftHydraulicRef">
                <translatingPart node="steeringBarLeftHydraulicPunch" />
            </movingPart>
            <movingPart node="axisBackLeftHydraulic" referencePoint="axisBackLeftHydraulicRef" referenceFrame="axisBackLeftHydraulicRef" isActiveDirty="true" maxUpdateDistance="20">
                <translatingPart node="axisBackLeftHydraulicPunch" />
            </movingPart>
            <movingPart node="axisBackRightHydraulic" referencePoint="axisBackRightHydraulicRef" referenceFrame="axisBackRightHydraulicRef" isActiveDirty="true" maxUpdateDistance="20">
                <translatingPart node="axisBackRightHydraulicPunch" />
            </movingPart>
            <movingPart node="steeringBarBack" referencePoint="steeringBarBackRef" referenceFrame="steeringBarBackRef" isActiveDirty="true" maxUpdateDistance="20"/>
            <movingPart node="arm01Hydraulic" referencePoint="arm01HydraulicRef" referenceFrame="arm01HydraulicRefFrame">
                <translatingPart node="arm01HydraulicPunch" />
            </movingPart>
            <movingPart node="bottomArmHydraulic" referencePoint="bottomArmHydraulicRef" referenceFrame="bottomArmHydraulicRef">
                <translatingPart node="bottomArmHydraulicPunch" />
            </movingPart>
        </movingParts>

        <sounds>
            <actionSound template="hydraulicOpen05"       volumeScale="2"   pitchScale="1.8" linkNode="arm01" actionNames="TOOL_MOVE_POS TOOL_MOVE_NEG" nodes="arm01" fadeIn="0.1" fadeOut="0.1"/>
            <actionSound template="hydraulicClose02"      volumeScale="2"   pitchScale="2.0" linkNode="arm02" actionNames="TOOL_MOVE_POS TOOL_MOVE_NEG" nodes="arm02" fadeIn="0.1" fadeOut="0.1"/>
            <actionSound template="metalImpLow"           volumeScale="1"   pitchScale="1.0" linkNode="arm01" actionNames="TOOL_MOVE_END_NEG_LIMIT"     nodes="arm01"/>
            <actionSound template="trailerCloseImpact_01" volumeScale="1"   pitchScale="1.0" linkNode="arm01" actionNames="TOOL_MOVE_END_NEG_LIMIT"     nodes="arm01"/>
            <actionSound template="cylinderPunch"         volumeScale="0.6" pitchScale="1.0" linkNode="arm01" actionNames="TOOL_MOVE_END_NEG_LIMIT"     nodes="arm01"/>
            <actionSound template="cylinderPunch"         volumeScale="0.4" pitchScale="1.8" linkNode="arm01" actionNames="TOOL_MOVE_END_POS_LIMIT"     nodes="arm01"/>
            <actionSound template="clackVar6"             volumeScale="2.6" pitchScale="0.8" linkNode="arm01" actionNames="TOOL_MOVE_END_POS_LIMIT"     nodes="arm01"/>
            <actionSound template="clackVar6"             volumeScale="2.6" pitchScale="0.8" linkNode="arm02" actionNames="TOOL_MOVE_END_POS_LIMIT"     nodes="arm02"/>
            <actionSound template="metalImpHigh01"        volumeScale="0.6" pitchScale="0.8" linkNode="arm02" actionNames="TOOL_MOVE_END_POS_LIMIT"     nodes="arm02"/>
            <actionSound template="metalImpHigh01"        volumeScale="0.6" pitchScale="0.8" linkNode="arm02" actionNames="TOOL_MOVE_END_NEG_LIMIT"     nodes="arm02"/>
            <actionSound template="cylinderPunch"         volumeScale="0.6" pitchScale="1.8" linkNode="arm02" actionNames="TOOL_MOVE_END_NEG_LIMIT"     nodes="arm02"/>
        </sounds>
    </cylindered>

    <fillUnit>
        <fillUnitConfigurations>
            <fillUnitConfiguration>
                <fillUnits>
                    <fillUnit shopDisplayUnit="CUBICMETER" fillTypeCategories="slurryTank" capacity="40000" >
                        <dashboard displayType="ANIMATION" valueType="fillLevel" animName="fillLevel"/>
                        <exactFillRootNode node="exactFillRootNode" />
                    </fillUnit>
                    <fillTrigger consumePtoPower="true"/>
                </fillUnits>
            </fillUnitConfiguration>
        </fillUnitConfigurations>

        <sounds>
            <fill template="slurry01" />
        </sounds>
    </fillUnit>

    <fillTriggerVehicle triggerNode="fillTrigger" fillUnitIndex="1" litersPerSecond="1000"/>

    <dischargeable requiresTipOcclusionArea="false">
        <dischargeNode node="dischargeNode" emptySpeed="1000" fillUnitIndex="1" canDischargeToGround="false">
            <info width="1.0" length="0.5" zOffset="0.4" />
            <trigger node="dischargeTrigger" />
            <dischargeSound template="slurry01"/>
        </dischargeNode>
    </dischargeable>

    <turnOnVehicle>
        <activatableFillUnits>
            <activatableFillUnit index="1" />
        </activatableFillUnits>

        <sounds>
            <work template="slurry03">
                <pitch indoor="0.75" outdoor="0.75" />
            </work>
        </sounds>
    </turnOnVehicle>

    <foliageBending>
        <bendingNode wheelIndices="1 2 3 4" minZ="-3.6" maxZ="0.8" yOffset="0.55"/>
        <bendingNode minX="-1.3" maxX="1" minZ="0.8" maxZ="3.1" yOffset="0.55"/>
        <bendingNode minX="-0.3" maxX="0.3" minZ="3.1" maxZ="4.4" yOffset="0.55"/>
    </foliageBending>

    <ai>
        <allowTurnBackward value="false"/>
        <toolReverserDirectionNode node="toolReverserDirectionNode"/>
        <turningRadiusLimitation radius="8"/>
        <agentAttachment jointNode="attacherJoint" rotCenterWheelIndices="1 2 3 4" width="3.05" height="4.2" length="9.5" lengthOffset="1.1"/>
    </ai>

    <rimColorConfigurations useDefaultColors="false">
        <rimColorConfiguration materialTemplateName="RIM_DEFAULT"/>
        <rimColorConfiguration materialTemplateName="CLAAS_RED1"/>
    </rimColorConfigurations>

    <wearable wearDuration="480" workMultiplier="5" fieldMultiplier="2"/>
    <washable dirtDuration="90" washDuration="1" workMultiplier="4" fieldMultiplier="2"/>

    <i3dMappings>
        <i3dMapping id="profi2_vis" node="0>0" />
        <i3dMapping id="attacherJoint" node="0>0|0|0" />
        <i3dMapping id="supportArm" node="0>0|0|1|0" />
        <i3dMapping id="supportArmTrans" node="0>0|0|1|0|0" />
        <i3dMapping id="supportCol" node="0>0|0|1|1" />
        <i3dMapping id="ptoInputNode" node="0>0|0|2|0" />
        <i3dMapping id="ptoDetachNode" node="0>0|0|2|1" />
        <i3dMapping id="localPowerTakeOff01End" node="0>0|0|2|2" />
        <i3dMapping id="localPowerTakeOff01Start" node="0>0|0|2|3" />
        <i3dMapping id="hydraulicIn01_detached" node="0>0|0|3|0" />
        <i3dMapping id="electricIn01_detached" node="0>0|0|3|1" />
        <i3dMapping id="airIn_detached" node="0>0|0|3|2" />
        <i3dMapping id="airOut_detached" node="0>0|0|3|3" />
        <i3dMapping id="hydraulicIn01" node="0>0|0|3|4" />
        <i3dMapping id="electricIn01" node="0>0|0|3|5" />
        <i3dMapping id="airIn" node="0>0|0|3|6" />
        <i3dMapping id="airOut" node="0>0|0|3|7" />
        <i3dMapping id="targetElectric" node="0>0|0|3|8" />
        <i3dMapping id="targetHydraulicOut03" node="0>0|0|3|9" />
        <i3dMapping id="targetHydraulicIn03" node="0>0|0|3|10" />
        <i3dMapping id="targetHydraulicOut02" node="0>0|0|3|11" />
        <i3dMapping id="targetHydraulicIn02" node="0>0|0|3|12" />
        <i3dMapping id="targetHydraulicOut01" node="0>0|0|3|13" />
        <i3dMapping id="targetHydraulicIn01" node="0>0|0|3|14" />
        <i3dMapping id="topLeftHoseStart" node="0>0|0|3|15" />
        <i3dMapping id="topLeftHose" node="0>0|0|3|16" />
        <i3dMapping id="topLeftHoseEnd" node="0>0|0|3|16|0" />
        <i3dMapping id="wheelFrontRight" node="0>0|1|0" />
        <i3dMapping id="wheelFrontLeft" node="0>0|1|1" />
        <i3dMapping id="axisBackLeft" node="0>0|1|2|0" />
        <i3dMapping id="wheelBackLeft" node="0>0|1|2|0|0|0" />
        <i3dMapping id="steeringBarBack" node="0>0|1|2|0|1" />
        <i3dMapping id="axisBackLeftHydraulicRef" node="0>0|1|2|0|2" />
        <i3dMapping id="axisBackRight" node="0>0|1|3|0" />
        <i3dMapping id="wheelBackRight" node="0>0|1|3|0|0|0" />
        <i3dMapping id="steeringBarBackRef" node="0>0|1|3|0|1" />
        <i3dMapping id="axisBackRightHydraulicRef" node="0>0|1|3|0|2" />
        <i3dMapping id="wheelChock01_01" node="0>0|1|4" />
        <i3dMapping id="wheelChock01_02" node="0>0|1|5" />
        <i3dMapping id="yellowRound_02_01" node="0>0|2|0|0" />
        <i3dMapping id="yellowRound_02_02" node="0>0|2|0|1" />
        <i3dMapping id="sideMarker01_left" node="0>0|2|0|2" />
        <i3dMapping id="sideMarker01_right" node="0>0|2|0|3" />
        <i3dMapping id="sideMarker09Orange01" node="0>0|2|0|4" />
        <i3dMapping id="sideMarker09Orange02" node="0>0|2|0|5" />
        <i3dMapping id="sideMarker09Orange03" node="0>0|2|0|6" />
        <i3dMapping id="sideMarker09Orange04" node="0>0|2|0|7" />
        <i3dMapping id="workingLight09_01" node="0>0|2|0|8" />
        <i3dMapping id="workingLight09_02" node="0>0|2|0|9" />
        <i3dMapping id="plateNumberLight02" node="0>0|2|0|10" />
        <i3dMapping id="plateNumberLight03" node="0>0|2|0|11" />
        <i3dMapping id="rearLight33_left1" node="0>0|2|0|12" />
        <i3dMapping id="rearLight33_right1" node="0>0|2|0|13" />
        <i3dMapping id="workLightBackLow" node="0>0|2|1|0" />
        <i3dMapping id="backLightsHigh1" node="0>0|2|2|0" />
        <i3dMapping id="turnLightLeftBack" node="0>0|2|3|0" />
        <i3dMapping id="turnLightRightBack" node="0>0|2|3|1" />
        <i3dMapping id="reverseLight" node="0>0|2|4|0" />
        <i3dMapping id="beaconLight07" node="0>0|2|5" />
        <i3dMapping id="licensePlateLightHigh" node="0>0|2|6" />
        <i3dMapping id="arm01" node="0>0|3|0" />
        <i3dMapping id="arm02" node="0>0|3|0|0" />
        <i3dMapping id="arm01HydraulicRef" node="0>0|3|0|2" />
        <i3dMapping id="arm01HydraulicRefFrame" node="0>0|3|1" />
        <i3dMapping id="arm01Hydraulic" node="0>0|3|1|0" />
        <i3dMapping id="arm01HydraulicPunch" node="0>0|3|1|0|0" />
        <i3dMapping id="axisBackLeftHydraulic" node="0>0|3|2" />
        <i3dMapping id="axisBackLeftHydraulicPunch" node="0>0|3|2|0" />
        <i3dMapping id="axisBackRightHydraulic" node="0>0|3|3" />
        <i3dMapping id="axisBackRightHydraulicPunch" node="0>0|3|3|0" />
        <i3dMapping id="bottomArmHydraulic" node="0>0|3|4" />
        <i3dMapping id="bottomArmHydraulicPunch" node="0>0|3|4|0" />
        <i3dMapping id="steeringBarLeft" node="0>0|3|5" />
        <i3dMapping id="steeringBarLeftPartRefFrame" node="0>0|3|5|0" />
        <i3dMapping id="steeringBarLeftPart" node="0>0|3|5|0|0" />
        <i3dMapping id="steeringBarLeftPartRef" node="0>0|3|5|0|0|0" />
        <i3dMapping id="steeringBarLeftHydraulicRef" node="0>0|3|5|2" />
        <i3dMapping id="steeringBarLeftRefFrame" node="0>0|3|6" />
        <i3dMapping id="steeringBarLeftHydraulic" node="0>0|3|7" />
        <i3dMapping id="steeringBarLeftHydraulicPunch" node="0>0|3|7|0" />
        <i3dMapping id="fillLevelIndicator" node="0>0|3|8" />
        <i3dMapping id="fillLevelIndicatorPartRef" node="0>0|3|8|0" />
        <i3dMapping id="fillLevelIndicatorPart" node="0>0|3|9" />
        <i3dMapping id="attacherJointBackRot" node="0>0|4|0" />
        <i3dMapping id="attacherJointBackRot2" node="0>0|4|0|0" />
        <i3dMapping id="attacherJointBack" node="0>0|4|0|0|0" />
        <i3dMapping id="attacherJointBackArmBottom" node="0>0|4|1" />
        <i3dMapping id="bottomArm" node="0>0|4|1|0" />
        <i3dMapping id="referencePointBackBottom" node="0>0|4|1|0|0" />
        <i3dMapping id="bottomArmHydraulicRef" node="0>0|4|1|0|1" />
        <i3dMapping id="attacherJointBackArmTop" node="0>0|4|2" />
        <i3dMapping id="exactFillRootNode" node="0>0|6|0" />
        <i3dMapping id="fillTrigger" node="0>0|6|1" />
        <i3dMapping id="dischargeTrigger" node="0>0|6|2" />
        <i3dMapping id="dischargeNode" node="0>0|6|3" />
        <i3dMapping id="toolReverserDirectionNode" node="0>0|7" />
        <i3dMapping id="licensePlateNodeBack" node="0>0|8" />
    </i3dMappings>
</vehicle>
