﻿<?xml version="1.0" encoding="utf-8" standalone="no" ?>
<vehicle type="trailer" xmlns:xsi="http://www.w3.org/2001/XMLSchema-instance" xsi:noNamespaceSchemaLocation="../../../../shared/xml/schema/vehicle.xsd">
    <annotation>Copyright (C) GIANTS Software GmbH, All Rights Reserved.</annotation>

    <storeData>
        <name>Radium 255</name>
        <functions>
            <function>$l10n_function_tipper</function>
        </functions>
        <storePacks>
            <storePack>STARTER_CHAFF</storePack>
            <storePack>STARTER_POPLAR</storePack>
        </storePacks>
        <image>$data/vehicles/kaweco/radium255/store_radium255.png</image>
        <price>68500</price>
        <lifetime>600</lifetime>
        <rotation>0</rotation>
        <brand>KAWECO</brand>
        <category>trailers</category>
        <shopTranslationOffset>0 -0.002 0</shopTranslationOffset>
        <shopRotationOffset>-0.032 0 0</shopRotationOffset>
        <vertexBufferMemoryUsage>0</vertexBufferMemoryUsage>
        <indexBufferMemoryUsage>0</indexBufferMemoryUsage>
        <textureMemoryUsage>0</textureMemoryUsage>
        <instanceVertexBufferMemoryUsage>0</instanceVertexBufferMemoryUsage>
        <instanceIndexBufferMemoryUsage>0</instanceIndexBufferMemoryUsage>
    </storeData>

    <base>
        <typeDesc>$l10n_typeDesc_tipper</typeDesc>
        <filename>$data/vehicles/kaweco/radium255/radium255.i3d</filename>
        <size width="2.95" length="10.35" height="4"/>
        <sounds volumeFactor="1.8"/>
        <components maxMass="24000">
            <component centerOfMass="0 0.85 -1.05" solverIterationCount="10" mass="7675"/>
        </components>
        <schemaOverlay attacherJointPosition="0 0" name="IMPLEMENT"/>
        <mapHotspot type="TRAILER"/>
    </base>

    <wheels>
        <wheelConfigurations tireCategories="TRAILER">
            <tireCombination brand="TRELLEBORG" names="T404"/>
            <wheelConfiguration name="$l10n_configuration_valueDefault" price="0" saveId="DEFAULT">
                <wheels>
                    <wheel dimensions="600_60R30_5" isLeft="true">
                        <physics tipOcclusionAreaGroupId="1" restLoad="1.9" repr="wheelFrontLeft"                           forcePointRatio="0.35" initialCompression="18" suspTravel="0.12" spring="75" damper="50" yOffset="0.04"/>
                    </wheel>
                    <wheel dimensions="600_60R30_5" isLeft="false">
                        <physics tipOcclusionAreaGroupId="1" restLoad="1.9" repr="wheelFrontRight"                          forcePointRatio="0.35" initialCompression="18" suspTravel="0.12" spring="75" damper="50" yOffset="0.04"/>
                        <wheelChock parkingNode="wheelChock01"/>
                        <wheelChock parkingNode="wheelChock02" isInverted="true"/>
                    </wheel>
                    <wheel dimensions="600_60R30_5" isLeft="true" hasTireTracks="true" hasParticles="true">
                        <physics tipOcclusionAreaGroupId="1" restLoad="1.9" repr="axisBackLeft"  driveNode="wheelBackLeft"  forcePointRatio="0.35" initialCompression="18" suspTravel="0.12" spring="75" damper="50" yOffset="0.04"/>
                        <steeringAxle scale="-0.7" rotMax="15" rotMin="-15"/>
                    </wheel>
                    <wheel dimensions="600_60R30_5" isLeft="false" hasTireTracks="true" hasParticles="true">
                        <physics tipOcclusionAreaGroupId="1" restLoad="1.9" repr="axisBackRight" driveNode="wheelBackRight" forcePointRatio="0.35" initialCompression="18" suspTravel="0.12" spring="75" damper="50" yOffset="0.04"/>
                        <steeringAxle scale="-0.7" rotMax="15" rotMin="-15"/>
                    </wheel>
                </wheels>
            </wheelConfiguration>

            <wheelConfiguration name="$l10n_configuration_valueWheelBroad" price="1000" saveId="BROAD">
                <wheels baseConfig="DEFAULT">
                    <wheel dimensions="710_50R30_5"/>
                    <wheel dimensions="710_50R30_5"/>
                    <wheel dimensions="710_50R30_5"/>
                    <wheel dimensions="710_50R30_5"/>
                </wheels>
            </wheelConfiguration>
        </wheelConfigurations>

        <rimMaterial materialTemplateName="SHARED_DA_METAL_BLACK"/>
        <hubMaterial materialTemplateName="SHARED_DA_METAL_BLACK"/>

        <hubs>
            <hub linkNode="wheelFrontLeft"  filename="$data/shared/wheels/hubs/hub_n10_4.xml" isLeft="true"  scale="0.3 0.39 0.39"/>
            <hub linkNode="wheelFrontRight" filename="$data/shared/wheels/hubs/hub_n10_4.xml" isLeft="false" scale="0.3 0.39 0.39"/>
            <hub linkNode="wheelBackLeft"   filename="$data/shared/wheels/hubs/hub_n10_4.xml" isLeft="true"  scale="0.3 0.39 0.39"/>
            <hub linkNode="wheelBackRight"  filename="$data/shared/wheels/hubs/hub_n10_4.xml" isLeft="false" scale="0.3 0.39 0.39"/>
        </hubs>
    </wheels>

    <attachable>
        <inputAttacherJoints>
            <inputAttacherJoint node="attacherJoint" jointType="trailerLow" attacherHeight="0.66" steeringBarLeftNode="steeringBarLeftHydraulic"/>
        </inputAttacherJoints>
        <steeringAxleAngleScale startSpeed="0" endSpeed="90" backwards="true"/>
        <support animationName="moveSupport" />
        <brakeForce force="1.7" maxForce="3.6" maxForceMass="24000"/>

        <sounds>
            <active file="$data/sounds/tools/trailer/trailerRattle_02.wav" innerRadius="10" outerRadius="50" volumeScale="2" isLocalSound="true" pitchScale="0.9">
                <volume indoor="0.6" outdoor="0.9" >
                    <modifier type="WHEEL_SUSPENSION" value="-0.05" modifiedValue="0.35"/>
                    <modifier type="WHEEL_SUSPENSION" value="-0.03" modifiedValue="0.25"/>
                    <modifier type="WHEEL_SUSPENSION" value="-0.01" modifiedValue="0.2"/>
                    <modifier type="WHEEL_SUSPENSION" value="-0.00" modifiedValue="0.0"/>
                    <modifier type="WHEEL_SUSPENSION" value="0.01" modifiedValue="0.2"/>
                    <modifier type="WHEEL_SUSPENSION" value="0.03" modifiedValue="0.25"/>
                    <modifier type="WHEEL_SUSPENSION" value="0.05" modifiedValue="0.35"/>

                    <modifier type="SPEED" value="0.0" modifiedValue="0.0"/>
                    <modifier type="SPEED" value="2.0" modifiedValue="1.0"/>
                    <modifier type="SPEED" value="40.0" modifiedValue="1.0"/>
                </volume>
                <lowpassCutoffFrequency indoor="300" outdoor="20000" />
                <lowpassGain indoor="0.7" outdoor="1" />
            </active>
        </sounds>
    </attachable>

    <powerTakeOffs>
        <input inputAttacherJointIndices="1" inputNode="ptoInputNode" aboveAttacher="true" detachNode="ptoDetachNode">
            <objectChange node="ptoDetachArm" rotationActive="98 0 0" rotationInactive="0 0 0"/>
        </input>
        <sounds>
            <turnedOn template="tractorPTO" volumeScale="0.4" linkNode="attacherJoint" />
        </sounds>
    </powerTakeOffs>

    <dynamicallyLoadedParts>
        <dynamicallyLoadedPart node="0" linkNode="chockSupport01" filename="$data/shared/assets/wheelChocks/wheelChockSupport01.i3d"/>
        <dynamicallyLoadedPart node="0" linkNode="chockSupport02" filename="$data/shared/assets/wheelChocks/wheelChockSupport01.i3d"/>
    </dynamicallyLoadedParts>

    <connectionHoses>
        <hose inputAttacherJointIndices="1" type="hydraulicIn"  node="hydraulicIn01"  length="1.7" diameter="0.02" straighteningFactor="1.5" adapterNode="hydraulicIn01_detachedAdapter">
           <objectChange node="hydraulicIn01_detached" visibilityActive="false" visibilityInactive="true"/>
        </hose>
        <hose inputAttacherJointIndices="1" type="hydraulicOut" node="hydraulicOut01" length="1.7" diameter="0.02" straighteningFactor="1.5" adapterNode="hydraulicOut01_detachedAdapter">
           <objectChange node="hydraulicOut01_detached" visibilityActive="false" visibilityInactive="true"/>
        </hose>
        <hose inputAttacherJointIndices="1" type="hydraulicIn"  node="hydraulicIn02"  length="1.7" diameter="0.02" straighteningFactor="1.5" adapterNode="hydraulicIn02_detachedAdapter">
           <objectChange node="hydraulicIn02_detached" visibilityActive="false" visibilityInactive="true"/>
        </hose>
        <hose inputAttacherJointIndices="1" type="electric"  node="electricIn01"  length="1.7" diameter="0.02" straighteningFactor="1.5" adapterNode="electricIn01_detachedAdapter">
           <objectChange node="electricIn01_detached" visibilityActive="false" visibilityInactive="true"/>
        </hose>
        <hose inputAttacherJointIndices="1" type="airDoubleRed" node="airIn" length="1.7" diameter="0.02" straighteningFactor="1" adapterNode="airIn_detachedAdapter">
            <objectChange node="airIn_detached" visibilityActive="false" visibilityInactive="true"/>
        </hose>
        <hose inputAttacherJointIndices="1" type="airDoubleYellow" node="airOut" length="1.7" diameter="0.02" straighteningFactor="1" adapterNode="airOut_detachedAdapter">
            <objectChange node="airOut_detached" visibilityActive="false" visibilityInactive="true"/>
        </hose>
    </connectionHoses>

    <licensePlates>
        <licensePlate node="licensePlateNodeBack"  position="BACK" preferedType="ELONGATED" placementArea="0.07 0.32 0.15 0.27"/>
    </licensePlates>

    <lights>
        <sharedLight linkNode="rearPlateNumberLight_01"   filename="$data/shared/assets/lights/lizard/plateNumberLight02.xml" />
        <sharedLight linkNode="sideMarker01_left"         filename="$data/shared/assets/lights/lizard/sideMarker01_left.xml" />
        <sharedLight linkNode="sideMarker01_right"        filename="$data/shared/assets/lights/lizard/sideMarker01_right.xml" />
        <sharedLight linkNode="sideMarker08Orange_left"   filename="$data/shared/assets/lights/lizard/sideMarker05Orange.xml" />
        <sharedLight linkNode="sideMarker08Orange_left1"  filename="$data/shared/assets/lights/lizard/sideMarker05Orange.xml" />
        <sharedLight linkNode="sideMarker08Orange_right"  filename="$data/shared/assets/lights/lizard/sideMarker05Orange.xml" />
        <sharedLight linkNode="sideMarker08Orange_right1" filename="$data/shared/assets/lights/lizard/sideMarker05Orange.xml" />
        <sharedLight linkNode="rearLight33_left"          filename="$data/shared/assets/lights/lizard/rearLight33_left.xml" />
        <sharedLight linkNode="rearLight33_right"         filename="$data/shared/assets/lights/lizard/rearLight33_right.xml" />
        <sharedLight linkNode="sideMarker05Red"           filename="$data/shared/assets/lights/lizard/sideMarker05Orange.xml" />
        <sharedLight linkNode="sideMarker05Red1"          filename="$data/shared/assets/lights/lizard/sideMarker05Orange.xml" />

        <realLights>
            <high>
                <light node="backLightsHigh1" lightTypes="0"/>
                <light node="licensePlateLightHigh" lightTypes="0"/>
                <light node="workLightBackLow" lightTypes="1"/>
                <turnLightLeft node="turnLightLeftBack" />
                <turnLightRight node="turnLightRightBack" />
                <brakeLight node="backLightsHigh1" />
                <reverseLight node="reverseLight" />
            </high>
        </realLights>

        <staticLightCompounds>
            <staticLightCompound>
                <node node="radium255Lights_static" intensity="15"/>
                <node node="radium255LightsGlass_static" intensity="1"/>
            </staticLightCompound>
        </staticLightCompounds>
    </lights>

    <animations>
        <animation name="tipAnimationBack">
            <part node="unloadingCol" startTime="1" endTime="16" startTrans="0 0 0" endTrans="0 0 -8" />
        </animation>
        <animation name="tipAnimationBackDoor">
            <part node="backDoor"               startTime="0" endTime="4" startRot="0 0 0" endRot="80 0 0" />
            <part node="fillVolumeUnload"       startTime="2.5" endTime="6" startTrans="0 3.716 -4.273" endTrans="0 3.716 3.248" />
            <part node="fillVolumeDeformNode01" startTime="0.0" endTime="0.5" startTrans="1.127 3.863 -5.016" endTrans="1.127 3.863 -4.8" />
            <part node="fillVolumeDeformNode02" startTime="0.0" endTime="0.5" startTrans="-1.127 3.863 -5.016" endTrans="-1.127 3.863 -4.8" />
            <part node="dischargeNode"          startTime="0" endTime="0.5" startTipSideEmptyFactor="0" endTipSideEmptyFactor="0" />
            <part node="dischargeNode"          startTime="0.5" endTime="2" startTipSideEmptyFactor="0" endTipSideEmptyFactor="1" />

            <sound template="hydraulicClose02" startTime="0.01" endTime="4" direction="1"  volumeScale="1.5" fadeIn="0.1" fadeOut="0.1" pitchScale="1.4"/>
            <sound template="hydraulicClose01" startTime="0.01" endTime="4" direction="1"  volumeScale="2.5" fadeIn="0.1" fadeOut="0.1" pitchScale="0.5"/>
            <sound template="hydraulicOpen06"  startTime="0.01" endTime="4" direction="-1" volumeScale="0.7" fadeIn="0.1" fadeOut="0.1" startPitchScale="0.9" endPitchScale="1.0"/>
            <sound template="hydraulicOpen02"  startTime="0.01" endTime="4" direction="-1" volumeScale="0.7" fadeIn="0.1" fadeOut="0.1" startPitchScale="1.1" endPitchScale="1.2"/>

            <sound template="thudVar2"              startTime="0.01" direction="1"  volumeScale="2"   pitchScale="0.8" />
            <sound template="clackVar6"             startTime="4"    direction="1"  volumeScale="2"   pitchScale="0.5"/>
            <sound template="cylinderPunch"         startTime="4"    direction="1"  volumeScale="0.7" pitchScale="0.8"/>
            <sound template="metalImpHigh01"        startTime="4"    direction="1"  volumeScale="0.7" pitchScale="0.8"/>
            <sound template="trailerCloseImpact_01" startTime="0.01" direction="-1" volumeScale="0.7" pitchScale="0.8"/>
            <sound template="cylinderPunch"         startTime="0.01" direction="-1" volumeScale="0.7" pitchScale="0.8"/>
            <sound template="vibratingImp"          startTime="0.01" direction="-1" volumeScale="1.2" pitchScale="0.8"/>
        </animation>
        <animation name="moveSupport">
            <part node="supportArm"                 startTime="0" endTime="0.5" startRot="0 0 0" endRot="-32 0 0" />
            <part node="supportCol"                 startTime="0" endTime="0.5" startTrans="0 0.7 0" endTrans="0 0 0" />

            <sound template="hydraulicOpen03" startTime="0.01" endTime="0.49" volumeScale="1"   pitchScale="1.3" fadeIn="0.1" fadeOut="0.1" linkNode="supportArm"/>
            <sound template="hingeImp"        startTime="0.1"  direction="-1" volumeScale="0.5" pitchScale="1"   linkNode="supportArm"/>
            <sound template="vibratingImp"    startTime="0.01" direction="-1" volumeScale="1"   pitchScale="1"   linkNode="supportArm"/>
        </animation>
        <animation name="topDoor">
            <part node="topDoor" startTime="0" endTime="1" startRot="0 0 0" endRot="90 0 0" />

            <sound template="hydraulicClose02" startTime="0.01" endTime="0.99" volumeScale="0.7" pitchScale="2.4" fadeIn="0.1" fadeOut="0.1" linkNode="topDoor"/>
        </animation>
    </animations>

    <cylindered>
        <movingTools>
            <movingTool node="topDoor" playSound="true">
                <controls axis="AXIS_DOOR" invertAxis="true" mouseSpeedFactor="0.3" iconName="TOP_DOOR_ROTATE" />
                <animation animSpeed="0.5" animAcceleration="5" animName="topDoor" />
                <dependentPart node="topDoorHydraulic" />
            </movingTool>
            <movingTool node="backDoor" playSound="true">
                <dependentPart node="backDoorHydraulic" />
            </movingTool>
            <movingTool node="supportArm" playSound="true">
                <dependentPart node="supportArmHydraulic" />
            </movingTool>
        </movingTools>

        <movingParts>
            <movingPart node="supportArmHydraulic" referencePoint="supportArmHydraulicRef" referenceFrame="supportArmHydraulicRef">
                <translatingPart node="supportArmHydraulicPunch" />
            </movingPart>
            <movingPart node="backDoorHydraulic" referencePoint="backDoorHydraulicRef" referenceFrame="backDoorHydraulicRef">
                <translatingPart node="backDoorHydraulicPunch" />
            </movingPart>
            <movingPart node="topDoorHydraulic" referencePoint="topDoorHydraulicRef" referenceFrame="topDoorHydraulicRef">
                <translatingPart node="topDoorHydraulicPunch" />
            </movingPart>
            <movingPart node="steeringBarBack" referencePoint="steeringBarBackRef" referenceFrame="steeringBarBackRef" isActiveDirty="true" maxUpdateDistance="30"/>
            <movingPart node="axisBackLeftHydraulic" referencePoint="axisBackLeftHydraulicRef" referenceFrame="axisBackLeftHydraulicRef" isActiveDirty="true" maxUpdateDistance="30">
                <translatingPart node="axisBackLeftHydraulicPunch" />
            </movingPart>
            <movingPart node="axisBackRightHydraulic" referencePoint="axisBackRightHydraulicRef" referenceFrame="axisBackRightHydraulicRef" isActiveDirty="true" maxUpdateDistance="30">
                <translatingPart node="axisBackRightHydraulicPunch" />
            </movingPart>
            <movingPart node="steeringBarLeftHydraulic" localReferencePoint="steeringBarLeftHydraulicPunch" referencePoint="steeringBarLeftHydraulicRef" referenceFrame="steeringBarLeftHydraulicRefFrame">
                <dependentPart node="steeringBarLeftHydraulicPunch" />
                <dependentPart node="steeringBarLeftHydraulicPart01" />
            </movingPart>
            <movingPart node="steeringBarLeftHydraulicPunch" referencePoint="steeringBarLeftHydraulicRef" referenceFrame="steeringBarLeftHydraulicRef"/>
            <movingPart node="steeringBarLeftHydraulicPart01" referencePoint="steeringBarLeftHydraulicPart01Ref" referenceFrame="steeringBarLeftHydraulicPart01Ref">
                <translatingPart node="steeringBarLeftHydraulicPart01Punch" />
            </movingPart>
        </movingParts>

        <sounds>
            <actionSound template="clackVar6"             pitchScale="1"   volumeScale="1"   linkNode="topDoor"          actionNames="TOOL_MOVE_END_POS_LIMIT"         nodes="topDoor"/>
            <actionSound template="clackVar6"             pitchScale="1"   volumeScale="1"   linkNode="topDoor"          actionNames="TOOL_MOVE_END_NEG_LIMIT"         nodes="topDoor"/>
            <actionSound template="cylinderPunch"         pitchScale="1"   volumeScale="0.2" linkNode="topDoor"          actionNames="TOOL_MOVE_END_NEG_LIMIT"         nodes="topDoor"/>
            <actionSound template="sheetImp01"            pitchScale="0.4" volumeScale="0.5" linkNode="topDoor"          actionNames="TOOL_MOVE_END_NEG_LIMIT"         nodes="topDoor"/>
        </sounds>
    </cylindered>

    <fillUnit>
        <fillUnitConfigurations>
            <fillUnitConfiguration name="$l10n_configuration_valueDefault" price="0" >
                <fillUnits>
                    <fillUnit shopDisplayUnit="CUBICMETER" fillTypeCategories="SILAGETRAILER" capacity="94000" allowAILoading="true">
                        <exactFillRootNode node="exactFillRootNode" />
                        <autoAimTargetNode node="fillAutoAimTarget" startZ="3.3" endZ="-4.35" invert="false" startPercentage="25"/>
                    </fillUnit>
                </fillUnits>
            </fillUnitConfiguration>
        </fillUnitConfigurations>
    </fillUnit>

    <fillVolume>
        <fillVolumeConfigurations>
            <fillVolumeConfiguration>
                <volumes>
                    <volume node="fillVolume" maxDelta="1.5" maxAllowedHeapAngle="30" fillUnitIndex="1">
                        <deformNode node="fillVolumeDeformNode01"/>
                        <deformNode node="fillVolumeDeformNode02"/>
                    </volume>
                </volumes>
            </fillVolumeConfiguration>
        </fillVolumeConfigurations>

        <unloadInfos>
            <unloadInfo>
                <node node="fillVolumeUnload" width="1.0" length="1.7" />
            </unloadInfo>
        </unloadInfos>

        <heightNodes>
            <heightNode>
                <refNode node="fillVolumeHeightsNode1" />
                <refNode node="fillVolumeHeightsNode2" />
                <node node="effectParticleBack" baseScale="1 0.4 1" scaleAxis="0 0.4 0" />
            </heightNode>
        </heightNodes>
    </fillVolume>

    <trailer>
        <trailerConfigurations>
            <trailerConfiguration>
                <trailer>
                    <tipSide name="$l10n_info_tipSideBack" dischargeNodeIndex="1">
                        <animation name="tipAnimationBack" speedScale="1.0" startTipTime="0.1"/>
                        <doorAnimation name="tipAnimationBackDoor" speedScale="2.0" startTipTime="0.1" closeSpeedScale="0.9"/>
                        <animationNodes>
                            <animationNode node="drum01" rotSpeed="-1200" rotAxis="1" turnOnFadeTime="1" turnOffFadeTime="2" />
                            <animationNode node="drum02" rotSpeed="-1200"  rotAxis="1" turnOnFadeTime="1" turnOffFadeTime="2" />
                            <animationNode node="roll01" rotSpeed="-260"  rotAxis="1" turnOnFadeTime="1" turnOffFadeTime="1" />
                            <animationNode node="roll02" rotSpeed="-260"  rotAxis="1" turnOnFadeTime="1" turnOffFadeTime="1" />
                            <animationNode class="ScrollingAnimation" node="beltMeshScroll" shaderParameterName="scrollPos" scrollSpeed="0.02" scrollLength="8.229" turnOnFadeTime="1" turnOffFadeTime="1"/>
                        </animationNodes>
                    </tipSide>
                </trailer>
            </trailerConfiguration>
        </trailerConfigurations>
    </trailer>

    <dischargeable>
        <dischargeNode node="dischargeNode" emptySpeed="3358" fillUnitIndex="1" unloadInfoIndex="1" allowAIDischarge="true">
            <info width="2.5" length="1.0" />
            <effects>
                <effectNode effectClass="TipEffect">
                    <effectNode effectNode="effectParticleBack" worldSpace="false" effectClass="ParticleEffect" materialType="unloadingParticle"/>
                </effectNode>
                <effectNode effectNode="effectSmokeBack" materialType="unloadingSmoke"  fadeTime="0.5" />
            </effects>
            <dischargeStateSound template="dischargeLoop" fadeIn="0.5" fadeOut="0.8">
                <volume indoor="0.1" outdoor="0.3"/>
                <pitch indoor="1.1" outdoor="1.1"/>
            </dischargeStateSound>
            <dischargeStateSound template="forageTrailerRotatingBars" fadeIn="0.5" fadeOut="1.4" linkNodeOffset="0 2 -5" volumeScale="1.2"/>
       </dischargeNode>
    </dischargeable>

    <ai>
        <allowTurnBackward value="false"/>
        <turningRadiusLimitation radius="8"/>
        <agentAttachment jointNode="attacherJoint" rotCenterWheelIndices="1 2 3 4" useSize="true"/>
    </ai>

    <foliageBending>
        <bendingNode minX="-1.45" maxX="1.45" minZ="-4.15" maxZ="3.6" yOffset="1.2" />
        <bendingNode wheelIndices="1 2 3 4" minZ="-4.05" maxZ="-0.15" yOffset="0.5" />
        <bendingNode minX="-1.25" maxX="1.25" minZ="-0.55" maxZ="0.5" yOffset="-2.4" node="backDoor" />
        <bendingNode minX="-0.2" maxX="0.3" minZ="2.5" maxZ="4.9" yOffset="0.55" />
    </foliageBending>

    <baseColorConfigurations>
        <baseColorConfiguration color="KAWECO_ORANGE1"/>
        <baseColorConfiguration color="KAWECO_GREEN1"/>
        <material materialSlotName="radium255_mat"/>
    </baseColorConfigurations>

    <rimColorConfigurations>
        <rimColorConfiguration materialTemplateName="RIM_DEFAULT"/>
        <rimColorConfiguration materialTemplateName="CLAAS_RED1"/>
    </rimColorConfigurations>

    <wearable wearDuration="480" workMultiplier="5" fieldMultiplier="2"/>
    <washable dirtDuration="90" washDuration="1" workMultiplier="3" fieldMultiplier="2"/>

    <i3dMappings>
        <i3dMapping id="radium255_vis" node="0>0" />
        <i3dMapping id="attacherJoint" node="0>0|0|0" />
        <i3dMapping id="supportCol" node="0>0|0|1|0" />
        <i3dMapping id="supportArm" node="0>0|0|1|1" />
        <i3dMapping id="supportArmHydraulicRef" node="0>0|0|1|1|0" />
        <i3dMapping id="hydraulicIn01_detached" node="0>0|0|2|0" />
        <i3dMapping id="hydraulicIn01_detachedAdapter" node="0>0|0|2|0|0" />
        <i3dMapping id="hydraulicOut01_detached" node="0>0|0|2|1" />
        <i3dMapping id="hydraulicOut01_detachedAdapter" node="0>0|0|2|1|0" />
        <i3dMapping id="hydraulicIn02_detached" node="0>0|0|2|2" />
        <i3dMapping id="hydraulicIn02_detachedAdapter" node="0>0|0|2|2|0" />
        <i3dMapping id="electricIn01_detached" node="0>0|0|2|3" />
        <i3dMapping id="electricIn01_detachedAdapter" node="0>0|0|2|3|0" />
        <i3dMapping id="airIn_detached" node="0>0|0|2|4" />
        <i3dMapping id="airIn_detachedAdapter" node="0>0|0|2|4|0" />
        <i3dMapping id="airOut_detached" node="0>0|0|2|5" />
        <i3dMapping id="airOut_detachedAdapter" node="0>0|0|2|5|0" />
        <i3dMapping id="hydraulicIn01" node="0>0|0|2|6" />
        <i3dMapping id="hydraulicOut01" node="0>0|0|2|7" />
        <i3dMapping id="airOut" node="0>0|0|2|8" />
        <i3dMapping id="hydraulicIn02" node="0>0|0|2|9" />
        <i3dMapping id="electricIn01" node="0>0|0|2|10" />
        <i3dMapping id="airIn" node="0>0|0|2|11" />
        <i3dMapping id="ptoInputNode" node="0>0|0|3" />
        <i3dMapping id="ptoDetachNode" node="0>0|0|4" />
        <i3dMapping id="wheelFrontLeft" node="0>0|1|0" />
        <i3dMapping id="wheelFrontRight" node="0>0|1|1" />
        <i3dMapping id="axisBackLeft" node="0>0|1|2|0" />
        <i3dMapping id="wheelBackLeft" node="0>0|1|2|0|0|0" />
        <i3dMapping id="steeringBarBack" node="0>0|1|2|0|1" />
        <i3dMapping id="axisBackLeftHydraulicRef" node="0>0|1|2|0|2" />
        <i3dMapping id="axisBackRight" node="0>0|1|3|0" />
        <i3dMapping id="wheelBackRight" node="0>0|1|3|0|0|0" />
        <i3dMapping id="steeringBarBackRef" node="0>0|1|3|0|1" />
        <i3dMapping id="axisBackRightHydraulicRef" node="0>0|1|3|0|2" />
        <i3dMapping id="wheelChock01" node="0>0|1|4" />
        <i3dMapping id="wheelChock02" node="0>0|1|5" />
        <i3dMapping id="chockSupport02" node="0>0|1|6" />
        <i3dMapping id="chockSupport01" node="0>0|1|7" />
        <i3dMapping id="yellowRound_02_01" node="0>0|2|0|0" />
        <i3dMapping id="yellowRound_02_02" node="0>0|2|0|1" />
        <i3dMapping id="yellowRound_02_03" node="0>0|2|0|2" />
        <i3dMapping id="yellowRound_02_04" node="0>0|2|0|3" />
        <i3dMapping id="redTriangle_02_01" node="0>0|2|0|4" />
        <i3dMapping id="redTriangle_02_02" node="0>0|2|0|5" />
        <i3dMapping id="redRound_02_01" node="0>0|2|0|6" />
        <i3dMapping id="redRound_02_02" node="0>0|2|0|7" />
        <i3dMapping id="bigTriangle" node="0>0|2|0|8" />
        <i3dMapping id="sideMarker01_left" node="0>0|2|0|9" />
        <i3dMapping id="sideMarker01_right" node="0>0|2|0|10" />
        <i3dMapping id="yellowRound_02_05" node="0>0|2|0|11" />
        <i3dMapping id="yellowRound_02_06" node="0>0|2|0|12" />
        <i3dMapping id="yellowRound_02_07" node="0>0|2|0|13" />
        <i3dMapping id="yellowRound_02_08" node="0>0|2|0|14" />
        <i3dMapping id="sideMarker08Orange_left" node="0>0|2|0|15" />
        <i3dMapping id="sideMarker08Orange_right" node="0>0|2|0|16" />
        <i3dMapping id="sideMarker08Orange_left1" node="0>0|2|0|17" />
        <i3dMapping id="sideMarker08Orange_right1" node="0>0|2|0|18" />
        <i3dMapping id="rearLight33_left" node="0>0|2|0|19" />
        <i3dMapping id="rearLight33_right" node="0>0|2|0|20" />
        <i3dMapping id="rearPlateNumberLight_01" node="0>0|2|0|21" />
        <i3dMapping id="sideMarker05Red" node="0>0|2|0|22" />
        <i3dMapping id="sideMarker05Red1" node="0>0|2|0|23" />
        <i3dMapping id="radium255Lights_static" node="0>0|2|1|0" />
        <i3dMapping id="radium255LightsGlass_static" node="0>0|2|1|1" />
        <i3dMapping id="backLightsHigh1" node="0>0|2|2|0" />
        <i3dMapping id="licensePlateLightHigh" node="0>0|2|2|1" />
        <i3dMapping id="turnLightLeftBack" node="0>0|2|3|0" />
        <i3dMapping id="turnLightRightBack" node="0>0|2|3|1" />
        <i3dMapping id="reverseLight" node="0>0|2|4|0" />
        <i3dMapping id="workLightBackLow" node="0>0|2|5|0" />
        <i3dMapping id="supportArmHydraulic" node="0>0|3|0" />
        <i3dMapping id="supportArmHydraulicPunch" node="0>0|3|0|0" />
        <i3dMapping id="backDoor" node="0>0|3|1" />
        <i3dMapping id="backDoorHydraulicRef" node="0>0|3|1|4" />
        <i3dMapping id="backDoorHydraulic" node="0>0|3|2" />
        <i3dMapping id="backDoorHydraulicPunch" node="0>0|3|2|0" />
        <i3dMapping id="topDoor" node="0>0|3|3" />
        <i3dMapping id="topDoorHydraulicRef" node="0>0|3|3|0" />
        <i3dMapping id="topDoorHydraulic" node="0>0|3|4" />
        <i3dMapping id="topDoorHydraulicPunch" node="0>0|3|4|0" />
        <i3dMapping id="axisBackLeftHydraulic" node="0>0|3|5" />
        <i3dMapping id="axisBackLeftHydraulicPunch" node="0>0|3|5|0" />
        <i3dMapping id="axisBackRightHydraulic" node="0>0|3|6" />
        <i3dMapping id="axisBackRightHydraulicPunch" node="0>0|3|6|0" />
        <i3dMapping id="roll01" node="0>0|3|7" />
        <i3dMapping id="roll02" node="0>0|3|8" />
        <i3dMapping id="drum02" node="0>0|3|9" />
        <i3dMapping id="drum01" node="0>0|3|10" />
        <i3dMapping id="steeringBarLeftHydraulicRefFrame" node="0>0|3|11" />
        <i3dMapping id="steeringBarLeftHydraulic" node="0>0|3|12" />
        <i3dMapping id="steeringBarLeftHydraulicPunch" node="0>0|3|12|0" />
        <i3dMapping id="steeringBarLeftHydraulicRef" node="0>0|3|12|0|0" />
        <i3dMapping id="steeringBarLeftHydraulicPart01Ref" node="0>0|3|12|1" />
        <i3dMapping id="steeringBarLeftHydraulicPart01" node="0>0|3|13" />
        <i3dMapping id="steeringBarLeftHydraulicPart01Punch" node="0>0|3|13|0" />
        <i3dMapping id="ptoDetachArm" node="0>0|3|14" />
        <i3dMapping id="beltMeshScroll" node="0>0|3|15" />
        <i3dMapping id="dischargeNode" node="0>0|4|0" />
        <i3dMapping id="fillVolumeUnload" node="0>0|4|1" />
        <i3dMapping id="fillVolume" node="0>0|4|2" />
        <i3dMapping id="fillAutoAimTarget" node="0>0|4|3" />
        <i3dMapping id="exactFillRootNode" node="0>0|4|4" />
        <i3dMapping id="fillVolumeHeightsNode1" node="0>0|4|5" />
        <i3dMapping id="fillVolumeHeightsNode2" node="0>0|4|6" />
        <i3dMapping id="fillVolumeDeformNode01" node="0>0|4|7" />
        <i3dMapping id="fillVolumeDeformNode02" node="0>0|4|8" />
        <i3dMapping id="effectNodesBack" node="0>0|5|0|0" />
        <i3dMapping id="effectSmokeBack" node="0>0|5|0|0|0" />
        <i3dMapping id="particleNodesBack" node="0>0|5|0|1" />
        <i3dMapping id="effectParticleBack" node="0>0|5|0|1|0" />
        <i3dMapping id="licensePlateNodeBack" node="0>0|6|8" />
        <i3dMapping id="unloadingCol" node="0>1|4" />
    </i3dMappings>
</vehicle>
