﻿<?xml version="1.0" encoding="utf-8" standalone="no" ?>
<vehicle type="fertilizingSowingMachine" xmlns:xsi="http://www.w3.org/2001/XMLSchema-instance" xsi:noNamespaceSchemaLocation="../../../../shared/xml/schema/vehicle.xsd">
    <annotation>Copyright (C) GIANTS Software GmbH, All Rights Reserved.</annotation>

    <storeData>
        <name>SOLID STAND 1500</name>
        <specs>
            <neededPower>110</neededPower>
            <workingWidth>4.6</workingWidth>
        </specs>
        <functions>
            <function>$l10n_function_sowingMachine</function>
        </functions>
        <image>$data/vehicles/greatPlains/seeder1500/store_seeder1500.png</image>
        <price>49500</price>
        <lifetime>600</lifetime>
        <rotation>0</rotation>
        <brand>GREATPLAINS</brand>
        <category>seeders</category>
        <shopTranslationOffset>0 0.11 0</shopTranslationOffset>
        <shopRotationOffset>-5.2 0 0</shopRotationOffset>
        <vertexBufferMemoryUsage>3392768</vertexBufferMemoryUsage>
        <indexBufferMemoryUsage>1429248</indexBufferMemoryUsage>
        <textureMemoryUsage>1310720</textureMemoryUsage>
        <instanceVertexBufferMemoryUsage>0</instanceVertexBufferMemoryUsage>
        <instanceIndexBufferMemoryUsage>0</instanceIndexBufferMemoryUsage>
        <audioMemoryUsage>0</audioMemoryUsage>
    </storeData>

    <base>
        <typeDesc>$l10n_typeDesc_sowingMachine</typeDesc>
        <filename>$data/vehicles/greatPlains/seeder1500/seeder1500.i3d</filename>
        <size width="4.7" length="5.35" height="2.55" lengthOffset="-0.05"/>
        <speedLimit value="12"/>
        <components>
            <component centerOfMass="0 0.5 1" solverIterationCount="10" mass="600"/>
            <component centerOfMass="0 -0.62 0.2" solverIterationCount="15" mass="600"/>
            <joint component1="1" component2="2" node="componentJointSeeder" rotLimit="0 0 0" transLimit="0 0 0"/>
        </components>
        <schemaOverlay attacherJointPosition="0 0" name="IMPLEMENT"/>
        <mapHotspot type="TOOL_TRAILED"/>
    </base>

    <configurationSets title="$l10n_configuration_fertilizerUnit" isYesNoOption="true">
        <configurationSet name="$l10n_configuration_valueNo">
            <configuration name="fillUnit" index="1"/>
            <configuration name="fillVolume" index="1"/>
            <configuration name="cover" index="1"/>
            <configuration name="vehicleType" index="1"/>
        </configurationSet>
        <configurationSet name="$l10n_configuration_valueYes">
            <configuration name="fillUnit" index="2"/>
            <configuration name="fillVolume" index="2"/>
            <configuration name="cover" index="2"/>
            <configuration name="vehicleType" index="2"/>
        </configurationSet>
    </configurationSets>

    <wheels>
        <wheelConfigurations>
            <wheelConfiguration name="$l10n_configuration_valueDefault" price="0" brand="BKT" saveId="BKT_DEFAULT">
                <wheels>
                    <wheel filename="$data/shared/wheels/tires/bkt/i1/11L__16.xml" isLeft="false" hasTireTracks="true" hasParticles="true">
                        <physics rotSpeed="0" restLoad="0.3" repr="wheelCenterLeft" forcePointRatio="0.2" initialCompression="20" suspTravel="0.06" spring="20" damper="15" xOffset="0.24" yOffset="0.015"/>
                        <additionalWheel filename="$data/shared/wheels/tires/bkt/i1/11L__16.xml" isLeft="true" offset="0.2"/>
                    </wheel>
                    <wheel filename="$data/shared/wheels/tires/bkt/i1/11L__16.xml" isLeft="true" hasTireTracks="true" hasParticles="true">
                        <physics rotSpeed="0" restLoad="0.3" repr="wheelCenterRight" forcePointRatio="0.2" initialCompression="20" suspTravel="0.06" spring="20" damper="15" xOffset="0.24" yOffset="0.015"/>
                        <additionalWheel filename="$data/shared/wheels/tires/bkt/i1/11L__16.xml" isLeft="false" offset="0.2"/>
                    </wheel>
                    <wheel filename="$data/shared/wheels/tires/bkt/i1/11L__16.xml" isLeft="false" hasTireTracks="true" hasParticles="true">
                        <physics rotSpeed="0" restLoad="0.4" repr="wheelSeederLeft"  forcePointRatio="0.2" initialCompression="20" suspTravel="0.06" spring="30" damper="15" yOffset="0.015"/>
                    </wheel>
                    <wheel filename="$data/shared/wheels/tires/bkt/i1/11L__16.xml" isLeft="true" hasTireTracks="true" hasParticles="true">
                        <physics rotSpeed="0" restLoad="0.4" repr="wheelSeederRight" forcePointRatio="0.2" initialCompression="20" suspTravel="0.06" spring="30" damper="15" yOffset="0.015"/>
                    </wheel>
                </wheels>
            </wheelConfiguration>
        </wheelConfigurations>

        <rimMaterial materialTemplateName="GREATPLAINS_BEIGE"/>

        <hubs>
            <hub linkNode="wheelCenterLeftHub01"  filename="$data/shared/wheels/hubs/hub_n6_1.xml" isLeft="true"  scale="0.12 0.19 0.19" offset="0.25"/>
            <hub linkNode="wheelCenterLeftHub02"  filename="$data/shared/wheels/hubs/hub_n6_1.xml" isLeft="false" scale="0.12 0.19 0.19" offset="-0.23"/>
            <hub linkNode="wheelCenterRightHub01" filename="$data/shared/wheels/hubs/hub_n6_1.xml" isLeft="false" scale="0.12 0.19 0.19" offset="0.25"/>
            <hub linkNode="wheelCenterRightHub02" filename="$data/shared/wheels/hubs/hub_n6_1.xml" isLeft="true"  scale="0.12 0.19 0.19" offset="-0.23"/>
            <hub linkNode="wheelSeederLeft"       filename="$data/shared/wheels/hubs/hub_n6_1.xml" isLeft="false" scale="0.12 0.19 0.19" offset="0.007"/>
            <hub linkNode="wheelSeederRight"      filename="$data/shared/wheels/hubs/hub_n6_1.xml" isLeft="true"  scale="0.12 0.19 0.19" offset="0.007"/>
        </hubs>
    </wheels>

    <speedRotatingParts>
        <!-- Discs -->
        <speedRotatingPart shaderNode="discsCultivator" radius="-0.216" groundReferenceNodeIndex="1" onlyActiveWhenLowered="true"/>
        <speedRotatingPart shaderNode="seederRow01Discs" radius="-0.18" groundReferenceNodeIndex="1" onlyActiveWhenLowered="true"/>
        <speedRotatingPart shaderNode="seederRow02Discs" radius="-0.18" groundReferenceNodeIndex="1" onlyActiveWhenLowered="true"/>
        <speedRotatingPart shaderNode="seederRow03Discs" radius="-0.18" groundReferenceNodeIndex="1" onlyActiveWhenLowered="true"/>
        <speedRotatingPart shaderNode="seederRow04Discs" radius="-0.18" groundReferenceNodeIndex="1" onlyActiveWhenLowered="true"/>
        <!-- Gears and Chains -->
        <speedRotatingPart shaderNode="chainDriveSeederChains" wheelNodes="wheelSeederLeft"/>
        <speedRotatingPart shaderNode="chainDriveFertilizerChains" wheelNodes="wheelSeederLeft"/>
        <speedRotatingPart node="chainDrivePart01" wheelNodes="wheelSeederLeft"/>
        <speedRotatingPart node="chainDrivePart02" wheelNodes="wheelSeederLeft" wheelScale="-1.25"/>
        <speedRotatingPart node="chainDrivePart03" wheelNodes="wheelSeederLeft" wheelScale="1.25"/>
        <speedRotatingPart node="chainDrivePart04" wheelNodes="wheelSeederLeft" wheelScale="0.75"/>
        <speedRotatingPart node="chainDrivePart05" wheelNodes="wheelSeederLeft" wheelScale="-1.5"/>
        <speedRotatingPart node="chainDrivePart06" wheelNodes="wheelSeederLeft" wheelScale="1.0"/>
        <speedRotatingPart node="chainDrivePart07" wheelNodes="wheelSeederLeft" wheelScale="0.75"/>
        <speedRotatingPart node="chainDrivePart08" wheelNodes="wheelSeederLeft" wheelScale="-1.25"/>
        <speedRotatingPart node="chainDrivePart09" wheelNodes="wheelSeederLeft" wheelScale="0.5"/>
        <speedRotatingPart node="chainDrivePart10" wheelNodes="wheelSeederLeft" wheelScale="-1.5"/>
        <speedRotatingPart node="chainDrivePart11" wheelNodes="wheelSeederLeft" wheelScale="1.5"/>
        <speedRotatingPart node="chainDrivePart12" wheelNodes="wheelSeederLeft" wheelScale="-1.25"/>
        <speedRotatingPart node="chainDrivePart13" wheelNodes="wheelSeederLeft" wheelScale="1.5"/>
        <speedRotatingPart node="chainDrivePart14" wheelNodes="wheelSeederLeft" wheelScale="-1.5"/>
        <speedRotatingPart node="chainDrivePart15" wheelNodes="wheelSeederLeft" wheelScale="1.5"/>
        <speedRotatingPart node="chainDrivePart16" wheelNodes="wheelSeederLeft" wheelScale="-1.5"/>
        <speedRotatingPart node="chainDrivePart17" wheelNodes="wheelSeederLeft" wheelScale="-1.0"/>
        <speedRotatingPart node="chainDrivePart18" wheelNodes="wheelSeederLeft" wheelScale="-1.5"/>
        <speedRotatingPart node="chainDrivePart19" wheelNodes="wheelSeederLeft" wheelScale="-0.5"/>
        <!-- Hubs -->
        <speedRotatingPart node="wheelCenterLeftMount" wheelNodes="wheelCenterLeft"/>
        <speedRotatingPart node="wheelCenterRightMount" wheelNodes="wheelCenterRight"/>
    </speedRotatingParts>

    <lights>
        <sharedLight linkNode="bigTriangle" filename="$data/shared/assets/reflectors/lizard/bigTriangle.xml"/>
    </lights>

    <attachable>
        <inputAttacherJoints>
            <inputAttacherJoint node="attacherJoint" jointType="trailer" attacherHeight="0.65" drawbarNode="drawbar"/>
        </inputAttacherJoints>
        <support animationName="supportAnim"/>
        <brakeForce force="0.2"/>
        <sounds>
            <active file="$data/sounds/tools/sowing/generalRattle_02.wav" innerRadius="10" outerRadius="50" volumeScale="3.6" isLocalSound="true" pitchScale="0.8">
                <volume indoor="0.7" outdoor="0.9" >
                    <modifier type="WHEEL_SUSPENSION" value="-0.06" modifiedValue="0.6"/>
                    <modifier type="WHEEL_SUSPENSION" value="-0.04" modifiedValue="0.4"/>
                    <modifier type="WHEEL_SUSPENSION" value="-0.02" modifiedValue="0.10"/>
                    <modifier type="WHEEL_SUSPENSION" value="-0.01" modifiedValue="0.0"/>
                    <modifier type="WHEEL_SUSPENSION" value="-0.00" modifiedValue="0.0"/>
                    <modifier type="WHEEL_SUSPENSION" value="0.01" modifiedValue="0.0"/>
                    <modifier type="WHEEL_SUSPENSION" value="0.02" modifiedValue="0.10"/>
                    <modifier type="WHEEL_SUSPENSION" value="0.04" modifiedValue="0.4"/>
                    <modifier type="WHEEL_SUSPENSION" value="0.06" modifiedValue="0.6"/>

                    <modifier type="SPEED" value="0.0" modifiedValue="0.0"/>
                    <modifier type="SPEED" value="2.0" modifiedValue="1.0"/>
                    <modifier type="SPEED" value="40.0" modifiedValue="1.0"/>
                </volume>
                <lowpassCutoffFrequency indoor="250" outdoor="20000" />
                <lowpassGain indoor="0.5" outdoor="1" />
            </active>
        </sounds>
    </attachable>

    <connectionHoses>
        <hose inputAttacherJointIndices="1" type="hydraulicIn"  node="hydraulicIn01"  adapterNode="hydraulicIn01_connector"  length="1.2" diameter="0.024" straighteningFactor="3" isTwoPointHose="true">
           <objectChange node="hydraulicIn01_detached" visibilityActive="false" visibilityInactive="true"/>
        </hose>
        <hose inputAttacherJointIndices="1" type="hydraulicOut" node="hydraulicOut01" adapterNode="hydraulicOut01_connector" length="2" diameter="0.024" straighteningFactor="3" isTwoPointHose="true">
            <objectChange node="hydraulicOut01_detached" visibilityActive="false" visibilityInactive="true"/>
        </hose>
        <hose inputAttacherJointIndices="1" type="hydraulicIn"  node="hydraulicIn02"  adapterNode="hydraulicIn02_connector"  length="1.0" diameter="0.019" straighteningFactor="4" isTwoPointHose="true">
           <objectChange node="hydraulicIn02_detached" visibilityActive="false" visibilityInactive="true"/>
        </hose>
        <hose inputAttacherJointIndices="1" type="hydraulicOut" node="hydraulicOut02" adapterNode="hydraulicOut02_connector" length="1.0" diameter="0.019" straighteningFactor="4" isTwoPointHose="true">
            <objectChange node="hydraulicOut02_detached" visibilityActive="false" visibilityInactive="true"/>
        </hose>
    </connectionHoses>

    <powerConsumer forceNode="seeder1500_main_component1" maxForce="14"/>

    <groundReferenceNodes>
        <groundReferenceNode node="groundReferenceNode" forceFactor="1" threshold="0.25"/>
    </groundReferenceNodes>

    <workAreas>
        <workArea type="sowingMachine" functionName="processSowingMachineArea">
            <area startNode="workAreaSeederStart" widthNode="workAreaSeederWidth" heightNode="workAreaSeederHeight"/>
            <groundReferenceNode index="1"/>
            <onlyActiveWhenLowered value="true"/>
        </workArea>
    </workAreas>

    <foldable>
        <foldingConfigurations>
            <foldingConfiguration>
                <foldingParts startMoveDirection="1" foldMiddleAnimTime="1" detachingMinLimit="1" detachingMaxLimit="1" unfoldWarning="$l10n_warning_liftImplementFirst">
                    <foldingPart animationName="foldingAnim" speedScale="1.0"/>
                </foldingParts>
            </foldingConfiguration>
        </foldingConfigurations>
    </foldable>

    <workParticles>
        <effect workAreaIndex="1">
            <effectNode effectClass="CultivatorMotionPathEffect" effectType="CULTIVATOR" linkNode="rollerEffect01LinkNode">
                <motionPathEffect textureFilename="$data/vehicles/greatPlains/seeder1500/rollerEffect01Array.dds" numRows="30" rowLength="18" minFade="0.07" densityScale="0.8"/>
            </effectNode>
        </effect>

        <effect workAreaIndex="1">
            <effectNode effectClass="CultivatorMotionPathEffect" effectType="CULTIVATOR" linkNode="rollerEffect02LinkNode">
                <motionPathEffect textureFilename="$data/vehicles/greatPlains/seeder1500/rollerEffect02Array.dds" numRows="30" rowLength="18" minFade="0.07" densityScale="0.8"/>
            </effectNode>
        </effect>

        <particle>
            <node node="smokeEmitterFront" refNodeIndex="1" particleType="SOIL_SMOKE" adjustColor="true" emitCountScale="2.0"/>
            <node node="smokeEmitterBack" refNodeIndex="1" particleType="SOIL_SMOKE" adjustColor="true" emitCountScale="2.0"/>
        </particle>
    </workParticles>

    <sprayer fillUnitIndex="2" unloadInfoIndex="2" fillVolumeIndex="2">
        <usageScales workingWidth="4.6" scale="1" />
    </sprayer>

    <animations>
        <animation name="supportAnim">
            <part node="supportArmBolt" startTime="0.0" endTime="0.01" startVisibility="true" endVisibility="false"/>
            <part node="supportArm" startTime="0.0" endTime="0.3" startRot="93 0 0" endRot="3 0 0"/>
            <part node="supportArmPhys" startTime="0.0" endTime="0.3" startRot="90 0 0" endRot="0 0 0"/>
            <part node="supportArmBolt" startTime="0.3" endTime="0.31" startVisibility="false" endVisibility="true"/>

            <part node="supportArmHandlePart" startTime="0.3" endTime="0.4" startRot="0 0 180" endRot="0 0 0"/>
            <part node="supportArmHandle" startTime="0.4" endTime="1.0" startRot="0 0 0" endRot="0 1530 0"/>
            <part node="supportArmPunch" startTime="0.4" endTime="1.0" startTrans="0.067 -0.15 0" endTrans="0.067 -0.53 0"/>
            <part node="colSupport" startTime="0.4" endTime="1.0" startTrans="0.067 -0.15 0" endTrans="0.067 -0.53 0"/>

            <sound template="slideOpen"         startTime="0.01" endTime="0.99" volumeScale="2"   pitchScale="2" linkNode="supportArm"/>
            <sound template="metalHandleRotate" startTime="0.01" endTime="0.99" volumeScale="0.7" pitchScale="1" linkNode="supportArm"/>
            <sound template="metalClose"        startTime="0.01" direction="-1" volumeScale="2"   pitchScale="2" linkNode="supportArm"/>
        </animation>

        <animation name="foldingAnim">
            <part node="drawbarPhys" startTime="0.0" endTime="1.0" startRot="-16 0 0" endRot="0 0 0"/>
            <part node="wheelMount" startTime="0.0" endTime="1.0" startTrans="0 0.48 0" endTrans="0 0 0"/>

            <part componentJointIndex="1" startTime="0.0" endTime="1.0" startRotMinLimit="0 0 0" startRotMaxLimit="20 0 0" endRotLimit="0 0 0"/>

            <sound template="hydraulicClose03"      startTime="0.01" endTime="0.99" direction="1"     volumeScale="5"   pitchScale="1.0" fadeIn="0.1" fadeOut="0.5" />
            <sound template="hydraulicClose02"      startTime="0.01" endTime="0.99" direction="1"     volumeScale="5"   pitchScale="1.0" fadeIn="0.1" fadeOut="0.5" />
            <sound template="hydraulicOpen04"       startTime="0.01" endTime="0.99" direction="-1"    volumeScale="3"   pitchScale="0.7" fadeIn="0.1" fadeOut="0.5" />
            <sound template="hydraulicOpen06"       startTime="0.01" endTime="0.99" direction="-1"    volumeScale="1.3" pitchScale="0.6" fadeIn="0.1" fadeOut="0.5" />
            <sound template="metalImpHigh03"        startTime="0.1"  direction="-1" volumeScale="0.7" pitchScale="0.8" />
            <sound template="vibratingImp"          startTime="0.1"  direction="-1" volumeScale="2.5" pitchScale="1" />
            <sound template="foldStartMed02"        startTime="0.1"  direction="-1" volumeScale="2.5" pitchScale="0.7" />
            <sound template="foldStartMed02"        startTime="0.99" direction="1"  volumeScale="3.5" pitchScale="0.7" />
            <sound template="trailerCloseImpact_01" startTime="0.99" direction="1"  volumeScale="1.0" pitchScale="0.8" />
            <sound template="clackVar4"             startTime="0.9"  direction="1"  volumeScale="2.0" pitchScale="0.7" />
            <sound template="vibratingImp"          startTime="0.9"  direction="1"  volumeScale="1.0" pitchScale="0.7" />
            <sound template="metalImpHigh03"        startTime="0.9"  direction="1"  volumeScale="0.5" pitchScale="1.3" />
        </animation>

        <animation name="coverSeedsAnim">
            <part node="coverSeedsLeft" startTime="0.0" endTime="0.7" startRot="90 0 0" endRot="0 0 0"/>
            <part node="coverSeedsRight" startTime="0.3" endTime="1.0" startRot="90 0 0" endRot="0 0 0"/>

            <sound template="rollbeltDoor" startTime="0.01" endTime="0.69" volumeScale="0.8" pitchScale="1.5" linkNode="coverSeedsLeft" fadeOut="0.2"/>
            <sound template="vibratingImp" startTime="0.69" direction="1"  volumeScale="1"   pitchScale="1.5" linkNode="coverSeedsLeft"/>
            <sound template="rollbeltDoor" startTime="0.3"  endTime="0.99" volumeScale="0.8" pitchScale="1.3" linkNode="coverSeedsRight" fadeOut="0.2"/>
            <sound template="vibratingImp" startTime="0.99" direction="1"  volumeScale="1"   pitchScale="1.7" linkNode="coverSeedsRight"/>

            <sound template="vibratingImp"  startTime="0.3" direction="-1" volumeScale="1" pitchScale="1.5" linkNode="coverSeedsRight"/>
            <sound template="cylinderPunch" startTime="0.3" direction="-1" volumeScale="0.6" pitchScale="2" linkNode="coverSeedsRight"/>

            <sound template="vibratingImp"  startTime="0.01" direction="-1" volumeScale="1" pitchScale="1.5" linkNode="coverSeedsLeft"/>
            <sound template="cylinderPunch" startTime="0.01" direction="-1" volumeScale="0.6" pitchScale="2" linkNode="coverSeedsLeft"/>
        </animation>

        <animation name="coverFertilizerAnim">
            <part node="coverFertilizerLeftLock" startTime="0.0" endTime="0.05" startRot="0 0 0" endRot="30 0 0"/>
            <part node="coverFertilizerLeft" startTime="0.05" endTime="0.7" startRot="90 0 0" endRot="0 0 0"/>
            <part node="coverFertilizerLeftPart01" startTime="0.05" endTime="0.7" startRot="-125 0 0" endRot="0 0 0"/>

            <part node="coverFertilizerRightLock" startTime="0.3" endTime="0.35" startRot="0 0 0" endRot="30 0 0"/>
            <part node="coverFertilizerRight" startTime="0.35" endTime="1.0" startRot="90 0 0" endRot="0 0 0"/>
            <part node="coverFertilizerRightPart01" startTime="0.35" endTime="1.0" startRot="-125 0 0" endRot="0 0 0"/>

            <sound template="rollbeltDoor" startTime="0.01" endTime="0.7"  volumeScale="0.4" pitchScale="1.8" linkNode="coverFertilizerLeft" fadeOut="0.2"/>
            <sound template="rollbeltDoor" startTime="0.3"  endTime="0.99" volumeScale="0.4" pitchScale="2" linkNode="coverFertilizerRight"  fadeOut="0.2"/>
            <sound template="clackVar6"    startTime="0.7"  direction="1"  volumeScale="0.7" pitchScale="1.3" linkNode="coverFertilizerLeft"/>
            <sound template="sheetImp02"   startTime="0.7"  direction="1"  volumeScale="1.4" pitchScale="1.8" linkNode="coverFertilizerLeft"/>
            <sound template="clackVar6"    startTime="0.99" direction="1"  volumeScale="0.7" pitchScale="1.5" linkNode="coverFertilizerRight"/>
            <sound template="sheetImp02"   startTime="0.99" direction="1"  volumeScale="1.4" pitchScale="1.6" linkNode="coverFertilizerRight"/>
        </animation>
    </animations>

    <cylindered>
        <movingTools>
            <movingTool node="wheelMount" wheelIndices="1 2 3 4"/>

            <movingTool node="drawbarPhys">
                <componentJoint index="1"/>
                <inputAttacherJoint value="true"/>
                <dependentPart node="drawbarPartPhys"/>
            </movingTool>

            <movingTool node="coverFertilizerLeftPart01">
                <dependentPart node="coverFertilizerLeftPart02"/>
            </movingTool>
            <movingTool node="coverFertilizerRightPart01">
                <dependentPart node="coverFertilizerRightPart02"/>
            </movingTool>

            <movingTool node="coverSeedsLeft">
                <dependentPart node="coverSeedsLeftHydraulic"/>
            </movingTool>

            <movingTool node="coverSeedsRight">
                <dependentPart node="coverSeedsRightHydraulic"/>
            </movingTool>
        </movingTools>

        <movingParts>
            <movingPart node="drawbar" referencePoint="drawbarRef" referenceFrame="drawbarPhys" limitedAxis="1" maxUpdateDistance="300">
                <dependentPart node="drawbarHydraulic"/>
                <dependentPart node="drawbarPart"/>
            </movingPart>

            <movingPart node="drawbarPart" referencePoint="drawbarPartRef" localReferencePoint="drawbarAlign" referenceFrame="drawbarPartRefFrame" limitedAxis="1">
                <dependentPart node="drawbarAlign"/>
            </movingPart>
            <movingPart node="drawbarAlign" referencePoint="drawbarPartRef" referenceFrame="drawbarPartRef"/>

            <movingPart node="seeder" referencePoint="seederRef" referenceFrame="seederRefFrame" limitedAxis="1" isActiveDirty="true" maxUpdateDistance="300">
                <dependentPart node="seederAlign"/>
            </movingPart>
            <movingPart node="seederAlign" referencePoint="seederAlignRef" referenceFrame="seederAlignRef"/>

            <movingPart node="drawbarPartPhys" referencePoint="drawbarPartPhysRef" localReferencePoint="drawbarAlignPhys" referenceFrame="drawbarPartPhysRefFrame" limitedAxis="1">
                <dependentPart node="componentJointSeederPhys"/>
            </movingPart>
            <movingPart node="componentJointSeederPhys" referencePoint="componentJointSeederPhysRef" localReferencePoint="componentJointSeederPhysLocalRef" referenceFrame="componentJointSeederPhysRefFrame" limitedAxis="1"/>

            <movingPart node="drawbarHydraulic" referencePoint="drawbarHydraulicRef" referenceFrame="drawbarHydraulicRef">
                <translatingPart node="drawbarHydraulicPunch"/>
            </movingPart>

            <movingPart node="coverFertilizerLeftPart02" referencePoint="coverFertilizerLeftPart02Ref" referenceFrame="coverFertilizerLeftPart02RefFrame" scaleZ="true"/>
            <movingPart node="coverFertilizerRightPart02" referencePoint="coverFertilizerRightPart02Ref" referenceFrame="coverFertilizerRightPart02RefFrame" scaleZ="true"/>

            <movingPart node="coverSeedsLeftHydraulic" referencePoint="coverSeedsLeftHydraulicRef" referenceFrame="coverSeedsLeftHydraulicRef">
                <translatingPart node="coverSeedsLeftHydraulicPunch"/>
            </movingPart>

            <movingPart node="coverSeedsRightHydraulic" referencePoint="coverSeedsRightHydraulicRef" referenceFrame="coverSeedsRightHydraulicRef">
                <translatingPart node="coverSeedsRightHydraulicPunch"/>
            </movingPart>

            <movingPart node="seederRow01Align" referencePoint="seederRow01AlignRef" referenceFrame="seederRow01AlignRef" isActiveDirty="true" maxUpdateDistance="50">
                <dependentPart node="seederRow02Align"/>
                <dependentPart node="seederRow03Align"/>
                <dependentPart node="seederRow04Align"/>
                <dependentPart node="seederRow01AlignSprings"/>
                <dependentPart node="seederRow02AlignSprings"/>
                <dependentPart node="seederRow03AlignSprings"/>
                <dependentPart node="seederRow04AlignSprings"/>
            </movingPart>
            <movingPart node="seederRow02Align" referencePoint="seederRow02AlignRef" referenceFrame="seederRow02AlignRef"/>
            <movingPart node="seederRow03Align" referencePoint="seederRow03AlignRef" referenceFrame="seederRow03AlignRef"/>
            <movingPart node="seederRow04Align" referencePoint="seederRow04AlignRef" referenceFrame="seederRow04AlignRef"/>
            <movingPart node="seederRow01AlignSprings" referencePoint="seederRow01AlignSpringsRef" referenceFrame="seederRow01AlignSpringsRef" scaleZ="true"/>
            <movingPart node="seederRow02AlignSprings" referencePoint="seederRow02AlignSpringsRef" referenceFrame="seederRow02AlignSpringsRef" scaleZ="true"/>
            <movingPart node="seederRow03AlignSprings" referencePoint="seederRow03AlignSpringsRef" referenceFrame="seederRow03AlignSpringsRef" scaleZ="true"/>
            <movingPart node="seederRow04AlignSprings" referencePoint="seederRow04AlignSpringsRef" referenceFrame="seederRow04AlignSpringsRef" scaleZ="true"/>
        </movingParts>
    </cylindered>

    <randomlyMovingParts>
        <randomlyMovingPart node="seederRow01" rotAxis="1" rotMax="1" rotStart="-10" speedScale="0.7" refNodeIndex="1" isSpeedDependent="true"/>
        <randomlyMovingPart node="seederRow02" rotAxis="1" rotMax="1" rotStart="-10" speedScale="0.7" refNodeIndex="1" isSpeedDependent="true"/>
        <randomlyMovingPart node="seederRow03" rotAxis="1" rotMax="1" rotStart="-10" speedScale="0.7" refNodeIndex="1" isSpeedDependent="true"/>
        <randomlyMovingPart node="seederRow04" rotAxis="1" rotMax="1" rotStart="-10" speedScale="0.7" refNodeIndex="1" isSpeedDependent="true"/>
    </randomlyMovingParts>

    <fillUnit>
        <fillUnitConfigurations>
            <fillUnitConfiguration name="1">
                <fillUnits>
                    <unloading width="4.2" offset="0 0 -3.7"/>
                    <fillUnit unitTextOverride="$l10n_unit_literShort" fillTypes="seeds" capacity="2540">
                        <exactFillRootNode node="exactFillRootNodeSeeds" extraEffectDistance="0.3"/>
                        <dashboard displayType="ROT" valueType="fillLevel" node="sensorFillLevel" minRot="0 0 55.5" maxRot="0 0 -10"/>
                    </fillUnit>
                </fillUnits>
            </fillUnitConfiguration>

            <fillUnitConfiguration name="2" price="5000">
                <fillUnits>
                    <unloading width="6.2" offset="0 0 -3.7"/>
                    <fillUnit unitTextOverride="$l10n_unit_literShort" fillTypes="seeds" capacity="2540">
                        <exactFillRootNode node="exactFillRootNodeSeeds" extraEffectDistance="0.3"/>
                        <dashboard displayType="ROT" valueType="fillLevel" node="sensorFillLevel" minRot="0 0 55.5" maxRot="0 0 -10"/>
                    </fillUnit>
                    <fillUnit unitTextOverride="$l10n_unit_literShort" fillTypes="fertilizer" capacity="1060">
                        <exactFillRootNode node="exactFillRootNodeFertilizer" extraEffectDistance="0.3"/>
                    </fillUnit>
                </fillUnits>

                <objectChange node="fertilizerUnit" visibilityActive="true" visibilityInactive="false"/>
                <objectChange node="seederRow01FertilizerParts" visibilityActive="true" visibilityInactive="false"/>
                <objectChange node="seederRow02FertilizerParts" visibilityActive="true" visibilityInactive="false"/>
                <objectChange node="seederRow03FertilizerParts" visibilityActive="true" visibilityInactive="false"/>
                <objectChange node="seederRow04FertilizerParts" visibilityActive="true" visibilityInactive="false"/>
                <objectChange node="hosesFertilizerUnit" visibilityActive="true" visibilityInactive="false"/>
                <objectChange node="handles" visibilityActive="false" visibilityInactive="true"/>
            </fillUnitConfiguration>
        </fillUnitConfigurations>
    </fillUnit>

    <fillVolume>
        <fillVolumeConfigurations>
            <fillVolumeConfiguration name="1">
                <volumes>
                    <volume node="fillVolumeSeedsLeft" fillUnitIndex="1" maxDelta="0.2" maxAllowedHeapAngle="20"/>
                    <volume node="fillVolumeSeedsRight" fillUnitIndex="1" maxDelta="0.2" maxAllowedHeapAngle="20"/>
                </volumes>
            </fillVolumeConfiguration>

            <fillVolumeConfiguration name="2">
                <volumes>
                    <volume node="fillVolumeSeedsLeft" fillUnitIndex="1" maxDelta="0.2" maxAllowedHeapAngle="20"/>
                    <volume node="fillVolumeSeedsRight" fillUnitIndex="1" maxDelta="0.2" maxAllowedHeapAngle="20"/>
                    <volume node="fillVolumeFertilizerLeft" fillUnitIndex="2" maxDelta="0.1" maxAllowedHeapAngle="10"/>
                    <volume node="fillVolumeFertilizerRight" fillUnitIndex="2" maxDelta="0.1" maxAllowedHeapAngle="10"/>
                </volumes>
            </fillVolumeConfiguration>
        </fillVolumeConfigurations>
    </fillVolume>

    <sowingMachine fillUnitIndex="1" unloadInfoIndex="1">
        <seedFruitTypeCategories>sowingMachine</seedFruitTypeCategories>
        <needsActivation value="true"/>
        <useDirectPlanting value="false"/>
        <fieldGroundType value="SOWN"/>

        <sounds>
            <work      template="defaultSowingWork"         linkNode="seeder1500_main_component1" volumeScale="1.3"/>
            <airBlower template="defaultSowingAirBlower_02" linkNode="seeder1500_main_component1" pitchScale="1.3" volumeScale="0.9"/>
        </sounds>
    </sowingMachine>

    <cover>
        <coverConfigurations>
            <coverConfiguration name="1" openCoverWhileTipping="true">
                <cover openAnimation="coverSeedsAnim" fillUnitIndices="1"/>
            </coverConfiguration>

            <coverConfiguration name="2" openCoverWhileTipping="true">
                <cover openAnimation="coverSeedsAnim" fillUnitIndices="1"/>
                <cover openAnimation="coverFertilizerAnim" fillUnitIndices="2"/>
            </coverConfiguration>
        </coverConfigurations>
    </cover>

    <turnOnVehicle turnOffOnDeactivate="false">
        <turnedAnimation name="turnOnAnimation" turnOnSpeedScale="0.6"/>
    </turnOnVehicle>

    <ai>
        <needsLowering value="true"/>
        <areaMarkers leftNode="aiMarkerLeft" rightNode="aiMarkerRight" backNode="aiMarkerBack"/>
        <collisionTrigger useSize="true"/>
        <allowTurnBackward value="false"/>
        <toolReverserDirectionNode node="aiMarkerBack"/>
        <turningRadiusLimitation radius="6"/>
        <agentAttachment useSize="true"/>
    </ai>

    <vehicleTypeConfigurations>
        <vehicleTypeConfiguration name="1" vehicleType="sowingMachine"/>
        <vehicleTypeConfiguration name="2" vehicleType="fertilizingSowingMachine"/>
    </vehicleTypeConfigurations>

    <rimColorConfigurations>
        <rimColorConfiguration materialTemplateName="GREATPLAINS_BEIGE"/>
        <rimColorConfiguration materialTemplateName="metalPaintedBlack"/>
    </rimColorConfigurations>

     <foliageBending>
        <bendingNode minX="-2.4" maxX="2.4" minZ="-0.8" maxZ="2.8" yOffset="-0.8" node="seeder1500_seeder_component2"/>
        <bendingNode minX="-0.3" maxX="0.3" minZ="2.8" maxZ="4.25" yOffset="-0.55" node="seeder1500_seeder_component2"/>
    </foliageBending>

    <wearable wearDuration="480" workMultiplier="5" fieldMultiplier="2"/>
    <washable dirtDuration="90" washDuration="1" workMultiplier="6" fieldMultiplier="2"/>

    <i3dMappings>
        <i3dMapping id="seeder1500_main_component1" node="0>" />
        <i3dMapping id="seeder1500_vis" node="0>0" />
        <i3dMapping id="hydraulicIn01" node="0>0|0|0|0" />
        <i3dMapping id="hydraulicIn01_detached" node="0>0|0|0|0|0" />
        <i3dMapping id="hydraulicIn01_connector" node="0>0|0|0|0|0|0" />
        <i3dMapping id="hydraulicOut01" node="0>0|0|0|1" />
        <i3dMapping id="hydraulicOut01_detached" node="0>0|0|0|1|0" />
        <i3dMapping id="hydraulicOut01_connector" node="0>0|0|0|1|0|0" />
        <i3dMapping id="hydraulicIn02_detached" node="0>0|0|0|2" />
        <i3dMapping id="hydraulicIn02_connector" node="0>0|0|0|2|0" />
        <i3dMapping id="hydraulicOut02_detached" node="0>0|0|0|3" />
        <i3dMapping id="hydraulicOut02_connector" node="0>0|0|0|3|0" />
        <i3dMapping id="componentJointSeederPhysRefFrame" node="0>0|1" />
        <i3dMapping id="componentJointSeederPhys" node="0>0|1|0" />
        <i3dMapping id="componentJointSeeder" node="0>0|1|0|0|0" />
        <i3dMapping id="componentJointSeederPhysLocalRef" node="0>0|1|0|1" />
        <i3dMapping id="drawbarPhys" node="0>0|2|0" />
        <i3dMapping id="attacherJoint" node="0>0|2|0|0" />
        <i3dMapping id="drawbarPartPhysRef" node="0>0|2|0|1" />
        <i3dMapping id="supportArmPhys" node="0>0|2|0|2" />
        <i3dMapping id="colSupport" node="0>0|2|0|2|0" />
        <i3dMapping id="drawbar" node="0>0|2|1" />
        <i3dMapping id="supportArm" node="0>0|2|1|0|0" />
        <i3dMapping id="supportArmPunch" node="0>0|2|1|0|0|0" />
        <i3dMapping id="supportArmHandle" node="0>0|2|1|0|0|1" />
        <i3dMapping id="supportArmHandlePart" node="0>0|2|1|0|0|1|0|0" />
        <i3dMapping id="supportArmBolt" node="0>0|2|1|0|1" />
        <i3dMapping id="drawbarHydraulic" node="0>0|2|1|1" />
        <i3dMapping id="drawbarHydraulicPunch" node="0>0|2|1|1|0" />
        <i3dMapping id="hydraulicIn02" node="0>0|2|1|1|1" />
        <i3dMapping id="hydraulicOut02" node="0>0|2|1|1|2" />
        <i3dMapping id="drawbarRef" node="0>0|2|1|2" />
        <i3dMapping id="drawbarPartRef" node="0>0|2|1|3" />
        <i3dMapping id="drawbarPartPhysRefFrame" node="0>0|2|2" />
        <i3dMapping id="drawbarPartPhys" node="0>0|2|2|0" />
        <i3dMapping id="drawbarAlignPhys" node="0>0|2|2|0|0" />
        <i3dMapping id="componentJointSeederPhysRef" node="0>0|2|2|0|1" />
        <i3dMapping id="drawbarPartRefFrame" node="0>0|2|3" />
        <i3dMapping id="drawbarPart" node="0>0|2|3|0" />
        <i3dMapping id="drawbarAlign" node="0>0|2|3|0|0" />
        <i3dMapping id="seederAlign" node="0>0|2|3|0|1" />
        <i3dMapping id="seederRefFrame" node="0>0|2|4" />
        <i3dMapping id="seeder" node="0>0|2|4|0" />
        <i3dMapping id="coverSeedsLeft" node="0>0|2|4|0|0|0" />
        <i3dMapping id="coverSeedsLeftHydraulic" node="0>0|2|4|0|0|0|0" />
        <i3dMapping id="coverSeedsLeftHydraulicPunch" node="0>0|2|4|0|0|0|0|0" />
        <i3dMapping id="coverSeedsRight" node="0>0|2|4|0|0|1" />
        <i3dMapping id="coverSeedsRightHydraulic" node="0>0|2|4|0|0|1|0" />
        <i3dMapping id="coverSeedsRightHydraulicPunch" node="0>0|2|4|0|0|1|0|0" />
        <i3dMapping id="sensorFillLevel" node="0>0|2|4|0|0|2|0" />
        <i3dMapping id="seederRow01" node="0>0|2|4|0|0|3" />
        <i3dMapping id="seederRow01Discs" node="0>0|2|4|0|0|3|0" />
        <i3dMapping id="seederRow01Align" node="0>0|2|4|0|0|3|1" />
        <i3dMapping id="seederRow01AlignSprings" node="0>0|2|4|0|0|3|1|0" />
        <i3dMapping id="seederRow01FertilizerParts" node="0>0|2|4|0|0|3|2" />
        <i3dMapping id="seederRow02" node="0>0|2|4|0|0|4" />
        <i3dMapping id="seederRow02Discs" node="0>0|2|4|0|0|4|0" />
        <i3dMapping id="seederRow02Align" node="0>0|2|4|0|0|4|1" />
        <i3dMapping id="seederRow02AlignSprings" node="0>0|2|4|0|0|4|1|0" />
        <i3dMapping id="seederRow02FertilizerParts" node="0>0|2|4|0|0|4|2" />
        <i3dMapping id="seederRow03" node="0>0|2|4|0|0|5" />
        <i3dMapping id="seederRow03Discs" node="0>0|2|4|0|0|5|0" />
        <i3dMapping id="seederRow03Align" node="0>0|2|4|0|0|5|1" />
        <i3dMapping id="seederRow03AlignSprings" node="0>0|2|4|0|0|5|1|0" />
        <i3dMapping id="seederRow03FertilizerParts" node="0>0|2|4|0|0|5|2" />
        <i3dMapping id="seederRow04" node="0>0|2|4|0|0|6" />
        <i3dMapping id="seederRow04Discs" node="0>0|2|4|0|0|6|0" />
        <i3dMapping id="seederRow04Align" node="0>0|2|4|0|0|6|1" />
        <i3dMapping id="seederRow04AlignSprings" node="0>0|2|4|0|0|6|1|0" />
        <i3dMapping id="seederRow04FertilizerParts" node="0>0|2|4|0|0|6|2" />
        <i3dMapping id="chainDrivePart01" node="0>0|2|4|0|0|7|0" />
        <i3dMapping id="chainDrivePart02" node="0>0|2|4|0|0|7|1" />
        <i3dMapping id="chainDrivePart03" node="0>0|2|4|0|0|7|2" />
        <i3dMapping id="chainDrivePart04" node="0>0|2|4|0|0|7|3" />
        <i3dMapping id="gear04" node="0>0|2|4|0|0|7|3|0" />
        <i3dMapping id="chainDrivePart05" node="0>0|2|4|0|0|7|4" />
        <i3dMapping id="chainDrivePart06" node="0>0|2|4|0|0|7|5" />
        <i3dMapping id="chainDrivePart07" node="0>0|2|4|0|0|7|6" />
        <i3dMapping id="chainDrivePart08" node="0>0|2|4|0|0|7|7" />
        <i3dMapping id="chainDrivePart09" node="0>0|2|4|0|0|7|8" />
        <i3dMapping id="chainDrivePart10" node="0>0|2|4|0|0|7|9" />
        <i3dMapping id="chainDrivePart11" node="0>0|2|4|0|0|7|10" />
        <i3dMapping id="chainDrivePart12" node="0>0|2|4|0|0|7|11" />
        <i3dMapping id="chainDrivePart13" node="0>0|2|4|0|0|7|12" />
        <i3dMapping id="chainDrivePart14" node="0>0|2|4|0|0|7|13" />
        <i3dMapping id="chainDrivePart15" node="0>0|2|4|0|0|7|14" />
        <i3dMapping id="chainDrivePart16" node="0>0|2|4|0|0|7|15" />
        <i3dMapping id="chainDriveSeederChains" node="0>0|2|4|0|0|7|16" />
        <i3dMapping id="fillVolumeSeedsLeft" node="0>0|2|4|0|1|0" />
        <i3dMapping id="fillVolumeSeedsRight" node="0>0|2|4|0|1|1" />
        <i3dMapping id="exactFillRootNodeSeeds" node="0>0|2|4|0|1|2" />
        <i3dMapping id="rollerEffect02LinkNode" node="0>0|2|4|0|2|0" />
        <i3dMapping id="smokeEmitterBack" node="0>0|2|4|0|2|1" />
        <i3dMapping id="fertilizerUnit" node="0>0|2|4|0|3|0" />
        <i3dMapping id="coverFertilizerLeft" node="0>0|2|4|0|3|0|0" />
        <i3dMapping id="coverFertilizerLeftPart01" node="0>0|2|4|0|3|0|0|0" />
        <i3dMapping id="coverFertilizerLeftPart02RefFrame" node="0>0|2|4|0|3|0|0|0|0" />
        <i3dMapping id="coverFertilizerLeftPart02" node="0>0|2|4|0|3|0|0|0|0|0" />
        <i3dMapping id="coverFertilizerLeftLock" node="0>0|2|4|0|3|0|1" />
        <i3dMapping id="coverFertilizerRight" node="0>0|2|4|0|3|0|2" />
        <i3dMapping id="coverFertilizerRightPart01" node="0>0|2|4|0|3|0|2|0" />
        <i3dMapping id="coverFertilizerRightPart02RefFrame" node="0>0|2|4|0|3|0|2|0|0" />
        <i3dMapping id="coverFertilizerRightPart02" node="0>0|2|4|0|3|0|2|0|0|0" />
        <i3dMapping id="coverFertilizerRightLock" node="0>0|2|4|0|3|0|3" />
        <i3dMapping id="chainDrivePart17" node="0>0|2|4|0|3|0|4|0" />
        <i3dMapping id="chainDrivePart18" node="0>0|2|4|0|3|0|4|1" />
        <i3dMapping id="chainDrivePart19" node="0>0|2|4|0|3|0|4|2" />
        <i3dMapping id="chainDriveFertilizerChains" node="0>0|2|4|0|3|0|4|3" />
        <i3dMapping id="fillVolumeFertilizerLeft" node="0>0|2|4|0|3|0|5|0" />
        <i3dMapping id="fillVolumeFertilizerRight" node="0>0|2|4|0|3|0|5|1" />
        <i3dMapping id="exactFillRootNodeFertilizer" node="0>0|2|4|0|3|0|5|2" />
        <i3dMapping id="coverFertilizerLeftPart02Ref" node="0>0|2|4|0|3|0|6|0" />
        <i3dMapping id="coverFertilizerRightPart02Ref" node="0>0|2|4|0|3|0|6|1" />
        <i3dMapping id="handles" node="0>0|2|4|0|3|1" />
        <i3dMapping id="bigTriangle" node="0>0|2|4|0|4|0" />
        <i3dMapping id="seederAlignRef" node="0>0|2|4|0|4|1" />
        <i3dMapping id="coverSeedsLeftHydraulicRef" node="0>0|2|4|0|4|2" />
        <i3dMapping id="coverSeedsRightHydraulicRef" node="0>0|2|4|0|4|3" />
        <i3dMapping id="seederRow01AlignRef" node="0>0|2|4|0|4|4" />
        <i3dMapping id="seederRow02AlignRef" node="0>0|2|4|0|4|5" />
        <i3dMapping id="seederRow03AlignRef" node="0>0|2|4|0|4|6" />
        <i3dMapping id="seederRow04AlignRef" node="0>0|2|4|0|4|7" />
        <i3dMapping id="seederRow01AlignSpringsRef" node="0>0|2|4|0|4|8" />
        <i3dMapping id="seederRow02AlignSpringsRef" node="0>0|2|4|0|4|9" />
        <i3dMapping id="seederRow03AlignSpringsRef" node="0>0|2|4|0|4|10" />
        <i3dMapping id="seederRow04AlignSpringsRef" node="0>0|2|4|0|4|11" />
        <i3dMapping id="wheelMount" node="0>0|2|5|0" />
        <i3dMapping id="wheelCenterLeft" node="0>0|2|5|0|0" />
        <i3dMapping id="wheelCenterLeftHub01" node="0>0|2|5|0|0|0" />
        <i3dMapping id="wheelCenterLeftHub02" node="0>0|2|5|0|0|1" />
        <i3dMapping id="wheelCenterRight" node="0>0|2|5|0|1" />
        <i3dMapping id="wheelCenterRightHub01" node="0>0|2|5|0|1|0" />
        <i3dMapping id="wheelCenterRightHub02" node="0>0|2|5|0|1|1" />
        <i3dMapping id="wheelCenterLeftMount" node="0>0|2|5|0|2" />
        <i3dMapping id="wheelCenterRightMount" node="0>0|2|5|0|3" />
        <i3dMapping id="discsCultivator" node="0>0|2|6" />
        <i3dMapping id="rollerEffect01LinkNode" node="0>0|3|0" />
        <i3dMapping id="smokeEmitterFront" node="0>0|3|1" />
        <i3dMapping id="workAreaSeederStart" node="0>0|4|0" />
        <i3dMapping id="workAreaSeederWidth" node="0>0|4|1" />
        <i3dMapping id="workAreaSeederHeight" node="0>0|4|2" />
        <i3dMapping id="groundReferenceNode" node="0>0|4|3" />
        <i3dMapping id="aiCollisionNode" node="0>0|5|0" />
        <i3dMapping id="aiMarkerLeft" node="0>0|5|1" />
        <i3dMapping id="aiMarkerRight" node="0>0|5|2" />
        <i3dMapping id="aiMarkerBack" node="0>0|5|3" />
        <i3dMapping id="drawbarHydraulicRef" node="0>0|6|0" />
        <i3dMapping id="hoses" node="0>2|0" />
        <i3dMapping id="hosesFertilizerUnit" node="0>2|1" />
        <i3dMapping id="seeder1500_seeder_component2" node="1>" />
        <i3dMapping id="wheelSeederLeft" node="1>0|0" />
        <i3dMapping id="wheelSeederRight" node="1>0|1" />
        <i3dMapping id="seederRef" node="1>1" />
    </i3dMappings>
</vehicle>
