﻿<?xml version="1.0" encoding="utf-8" standalone="no" ?>
<vehicle type="augerWagon" xmlns:xsi="http://www.w3.org/2001/XMLSchema-instance" xsi:noNamespaceSchemaLocation="../../../../shared/xml/schema/vehicle.xsd">
    <annotation>Copyright (C) GIANTS Software GmbH, All Rights Reserved.</annotation>

    <storeData>
        <name>850 Single Auger Grain Cart</name>
        <specs>
            <neededPower>175</neededPower>
        </specs>
        <functions>
            <function>$l10n_function_augerWagon</function>
        </functions>
        <image>$data/vehicles/demco/series850/store_series850.png</image>
        <price>68500</price>
        <lifetime>600</lifetime>
        <rotation>0</rotation>
        <brand>DEMCO</brand>
        <category>augerWagons</category>
        <shopTranslationOffset>0 -0.065 0</shopTranslationOffset>
        <shopRotationOffset>0.154 0 0</shopRotationOffset>
        <vertexBufferMemoryUsage>778240</vertexBufferMemoryUsage>
        <indexBufferMemoryUsage>196352</indexBufferMemoryUsage>
        <textureMemoryUsage>458752</textureMemoryUsage>
        <instanceVertexBufferMemoryUsage>0</instanceVertexBufferMemoryUsage>
        <instanceIndexBufferMemoryUsage>0</instanceIndexBufferMemoryUsage>
        <audioMemoryUsage>0</audioMemoryUsage>
    </storeData>

    <base>
        <typeDesc>$l10n_typeDesc_augerWagon</typeDesc>
        <filename>$data/vehicles/demco/series850/series850.i3d</filename>
        <size width="4.05" length="9" height="3.6" lengthOffset="0.53"/>
        <sounds volumeFactor="2.0"/>
        <components maxMass="32000">
            <component centerOfMass="0 1.2 0.5" solverIterationCount="10" mass="4430"/>
        </components>
        <schemaOverlay attacherJointPosition="0 0" name="IMPLEMENT"/>
        <mapHotspot type="TRAILER"/>
    </base>

    <powerConsumer>
        <powerConsumerConfigurations>
            <powerConsumerConfiguration ptoRpm="400" neededMaxPtoPower="50"/>
        </powerConsumerConfigurations>
    </powerConsumer>

    <wheels>
        <wheelConfigurations tireCategories="HARVESTER TRACTOR">
            <wheelConfiguration name="$l10n_configuration_valueDefault" price="0" saveId="DEFAULT">
                <wheels>
                    <wheel dimensions="800_65R32" isLeft="true" hasTireTracks="true" hasParticles="true">
                        <physics tipOcclusionAreaGroupId="1" rotSpeed="0" restLoad="2.4" repr="wheelLeft"  forcePointRatio="0.35" initialCompression="7" suspTravel="0.1" spring="280" damper="300" yOffset="0.04"/>
                        <tire isInverted="true"/>
                    </wheel>
                    <wheel dimensions="800_65R32" isLeft="false" hasTireTracks="true" hasParticles="true">
                        <physics tipOcclusionAreaGroupId="1" rotSpeed="0" restLoad="2.4" repr="wheelRight" forcePointRatio="0.35" initialCompression="7" suspTravel="0.1" spring="280" damper="300" yOffset="0.04"/>
                        <tire isInverted="true"/>
                    </wheel>
                </wheels>
            </wheelConfiguration>

            <wheelConfiguration name="$l10n_configuration_valueWheelBroad" price="3000" saveId="BROAD">
                <wheels baseConfig="DEFAULT">
                    <wheel dimensions="1050_50R32" rimOffset="0.1"/>
                    <wheel dimensions="1050_50R32" rimOffset="0.1"/>
                </wheels>
            </wheelConfiguration>
        </wheelConfigurations>

        <rimMaterial materialTemplateName="RIM_DEFAULT"/>

        <hubs>
            <hub linkNode="wheelLeft"  filename="$data/shared/wheels/hubs/hub_n10_4.xml" isLeft="true"  scale="0.2 0.36 0.36" offset="-0.002"/>
            <hub linkNode="wheelRight" filename="$data/shared/wheels/hubs/hub_n10_4.xml" isLeft="false" scale="0.2 0.36 0.36" offset="-0.002"/>
        </hubs>
    </wheels>

    <attachable>
        <inputAttacherJoints>
            <inputAttacherJoint node="attacherJoint" jointType="trailer" attacherHeight="0.6">
                <objectChange node="localHoses" visibilityActive="true" visibilityInactive="false" />
            </inputAttacherJoint>
        </inputAttacherJoints>
        <support animationName="moveSupport"/>
        <brakeForce force="2.5" maxForce="8" maxForceMass="30500"/>
    </attachable>

    <licensePlates>
        <licensePlate node="licensePlateBack" position="BACK" preferedType="ELONGATED" placementArea="0.3 0.3 0.06 0.3" />
    </licensePlates>

    <powerTakeOffs>
        <input inputAttacherJointIndices="1" inputNode="ptoInput" aboveAttacher="true" detachNode="ptoDetach" materialTemplateName="WALTERSCHEID_BLACK1" decalMaterialTemplateName="WALTERSCHEID_YELLOW1"/>
    </powerTakeOffs>

    <connectionHoses>
        <localHose>
            <hose inputAttacherJointIndices="1" type="hydraulicIn" node="localHoseHydraulicIn01" length="0.1" diameter="0.02" isTwoPointHose="true" straighteningFactor="0.3" adapterType="NONE" />
            <target type="hydraulicIn" node="hydraulicIn01" straighteningFactor="0.3"/>
        </localHose>
        <localHose>
            <hose inputAttacherJointIndices="1" type="hydraulicIn" node="localHoseHydraulicOut01" length="0.1" diameter="0.02" isTwoPointHose="true" straighteningFactor="0.3" adapterType="NONE"/>
            <target type="hydraulicIn" node="hydraulicOut01" straighteningFactor="0.3"/>
        </localHose>
        <localHose>
            <hose inputAttacherJointIndices="1" type="hydraulicIn" node="localHoseHydraulicIn02" length="0.1" diameter="0.02" isTwoPointHose="true" straighteningFactor="0.3" adapterType="NONE"/>
            <target type="hydraulicIn" node="hydraulicIn02" straighteningFactor="0.3"/>
        </localHose>
        <localHose>
            <hose inputAttacherJointIndices="1" type="hydraulicIn" node="localHoseHydraulicOut02" length="0.1" diameter="0.02" isTwoPointHose="true" straighteningFactor="0.3" adapterType="NONE"/>
            <target type="hydraulicIn" node="hydraulicOut02" straighteningFactor="0.3"/>
        </localHose>
        <localHose>
            <hose inputAttacherJointIndices="1" type="hydraulicIn" node="localHoseElectric" length="0.1" diameter="0.01" isTwoPointHose="true" straighteningFactor="0.3" adapterType="NONE"/>
            <target type="hydraulicIn" node="electric" straighteningFactor="0.3"/>
        </localHose>
        <hose inputAttacherJointIndices="1" type="hydraulicIn" node="hydraulicIn01" length="1.3" straighteningFactor="0.5" diameter="0.02" minDeltaY="-0.01" adapterNode="hydraulicIn01_connector" adapterMaterialTemplateName="WALTERSCHEID_YELLOW1">
            <objectChange node="hydraulicIn01_detached" visibilityActive="false" visibilityInactive="true"/>
        </hose>
        <hose inputAttacherJointIndices="1" type="hydraulicOut" node="hydraulicOut01" length="1.3" straighteningFactor="0.5" diameter="0.02" minDeltaY="-0.01" adapterNode="hydraulicOut01_connector" adapterMaterialTemplateName="WALTERSCHEID_YELLOW1">
            <objectChange node="hydraulicOut01_detached" visibilityActive="false" visibilityInactive="true"/>
        </hose>
        <hose inputAttacherJointIndices="1" type="hydraulicIn" node="hydraulicIn02" length="1.3" straighteningFactor="0.5" diameter="0.02" minDeltaY="-0.01" adapterNode="hydraulicIn02_connector" adapterMaterialTemplateName="FENDT_BLACK1">
            <objectChange node="hydraulicIn02_detached" visibilityActive="false" visibilityInactive="true"/>
        </hose>
        <hose inputAttacherJointIndices="1" type="hydraulicOut" node="hydraulicOut02" length="1.3" straighteningFactor="0.5" diameter="0.02" minDeltaY="-0.01" adapterNode="hydraulicOut02_connector" adapterMaterialTemplateName="FENDT_BLACK1">
            <objectChange node="hydraulicOut02_detached" visibilityActive="false" visibilityInactive="true"/>
        </hose>
        <hose inputAttacherJointIndices="1" type="electric" node="electric" length="1.6" straighteningFactor="0.5" diameter="0.01" minDeltaY="0.01" adapterNode="electric_connector">
            <objectChange node="electric_detached" visibilityActive="false" visibilityInactive="true" />
        </hose>
    </connectionHoses>

    <lights>
        <sharedLight linkNode="rearLight23Orange_01" filename="$data/shared/assets/lights/lizard/rearLight23Orange_left.xml" />
        <sharedLight linkNode="rearLight23Orange_02" filename="$data/shared/assets/lights/lizard/rearLight23Orange_left.xml" />
        <sharedLight linkNode="rearLight23Orange_03" filename="$data/shared/assets/lights/lizard/rearLight23Orange_right.xml" />
        <sharedLight linkNode="rearLight23Orange_04" filename="$data/shared/assets/lights/lizard/rearLight23Orange_right.xml" />
        <sharedLight linkNode="rearLight23Red_01"    filename="$data/shared/assets/lights/lizard/rearLight23Red.xml">
            <function name="BACK_BRAKE_LIGHT" uvSlotIndex="1"/>
        </sharedLight>
        <sharedLight linkNode="rearLight23Red_02"    filename="$data/shared/assets/lights/lizard/rearLight23Red.xml">
            <function name="BACK_BRAKE_LIGHT" uvSlotIndex="1"/>
        </sharedLight>
        <sharedLight linkNode="workingLight09"       filename="$data/shared/assets/lights/lizard/workingLight09.xml" lightTypes="1"/>

        <realLights>
            <high>
                <light node="backLightsHigh"    lightTypes="0" />
                <light node="workLightBackHigh" lightTypes="1" />
                <brakeLight node="backLightsHigh" />
                <turnLightLeft node="turnLightLeftFront" />
                <turnLightRight node="turnLightRightFront" />
            </high>
        </realLights>
    </lights>

    <animations>
        <animation name="moveSupport">
            <part node="supportFrame" startTime="0.00" endTime="1.00" startRot="180 0 0" endRot="0 0 0" />

            <part node="supportArmBolt" startTime="1.00" endTime="1.01" visibility="true" />
            <part node="supportArmBolt" startTime="1.01" endTime="1.99" visibility="false" />
            <part node="supportArmBolt" startTime="1.99" endTime="2.00" visibility="true" />

            <part node="supportArm02" startTime="1.01" endTime="1.99" startTrans="0 0 0" endTrans="0 -0.17 0" />
            <part node="supportArmHandle" startTime="1.01" endTime="1.99" startRot="0 0 0" endRot="720 0 0" />

            <sound template="slideOpen" startTime="0.01" endTime="1" volumeScale="2" pitchScale="0.8" linkNode="attacherJoint"/>
            <sound template="metalHandleRotate" startTime="1" endTime="1.99" volumeScale="0.7" pitchScale="1.0" linkNode="attacherJoint"/>
        </animation>

        <animation name="foldPipe" soundVolumeFactor="0.7">
            <part node="pipe" startTime="0.0" endTime="5.0" startRot="0 0 0" endRot="125 0 0" />
            <part node="pipeEnd" startTime="0.0" endTime="5.0" endRot="0 0 0" />
            <part node="pipeEndRot" startTime="0.0" endTime="5.0" startRot="0 0 0" endRot="0 0 75" />
            <part node="pipeEndMovePart" startTime="0.0" endTime="5.0" startTrans="0 0 0" endTrans="0 0 -0.125" />
            <part node="drumFlap" startTime="4.0" endTime="5.0" startTrans="0 0 0.75" endTrans="0 0 0" />

            <sound template="hydraulicOpen05"  startTime="0.01" endTime="4.9"  direction="0"     pitchScale="1.4"  volumeScale="1.4" linkNode="pipe" fadeIn="0.1" fadeOut="0.1"/>
            <sound template="cylinderPunch"    startTime="0.02" direction="-1" pitchScale="1.2"  volumeScale="0.7" linkNode="pipe"/>
            <sound template="clackVar1"        startTime="0.1"  direction="-1" volumeScale="0.5" linkNode="pipe"/>
            <sound template="clackVar4"        startTime="0.01" direction="1"  pitchScale="0.4"  volumeScale="2.5" fadeIn="0.2" linkNode="pipe"/>
            <sound template="clackVar4"        startTime="4.99" direction="-1" pitchScale="0.4"  volumeScale="3.0" fadeIn="0.2" linkNode="pipe"/>
            <sound template="cylinderPunch"    startTime="4.99" direction="1"  pitchScale="1"    volumeScale="0.6" linkNode="pipe"/>
            <sound template="hingeMedium"      startTime="0.8"  direction="1"  pitchScale="0.3"  volumeScale="2.5" linkNode="pipe"/>
        </animation>

        <animation name="pipeMovePartAnimation">
            <part node="pipeEndMovePart" startTime="0.0" endTime="1.0" startTrans="0 0 0" endTrans="0 0 -0.230" requiredAnimation="foldPipe" requiredAnimationRange="1 1"/>
            <part node="pipeEffect" startTime="0.0" endTime="1.0" startRot="0 -7 0" endRot="4 7 14" startTrans="0 0 0" endTrans="-0.045 0.01 0.01" requiredAnimation="foldPipe" requiredAnimationRange="1 1"/>
            <part node="dischargeNode" startTime="0.0" endTime="1.0" startRot="-4 0 -4" endRot="4 7 14" requiredAnimation="foldPipe" requiredAnimationRange="1 1"/>
        </animation>
    </animations>

    <cylindered>
        <movingTools>
            <movingTool node="pipeEnd" freezingPipeStates="1">
                <controls axis="AXIS_DOOR_3" invertAxis="false" mouseSpeedFactor="0.3" iconName="PIPE_ROTATE_X" />
                <rotation rotSpeed="15" rotAcceleration="200" rotMin="-15" rotMax="15" startRot="0" rotationAxis="3"/>
                <dependentAnimation name="pipeMovePartAnimation" rotationAxis="3" minValue="-15" maxValue="15" invert="false" />
            </movingTool>

            <movingTool node="pipe">
                <dependentPart node="pipeHydraulic" />
            </movingTool>
            <movingTool node="pipeEndMovePart">
                <dependentPart node="pipeEndHydraulic" />
            </movingTool>
        </movingTools>

        <movingParts>
            <movingPart node="pipeHydraulic" referencePoint="pipeHydraulicRef" referenceFrame="pipeHydraulicRefFrame">
                <translatingPart node="pipeHydraulicPunch" />
            </movingPart>
            <movingPart node="pipeEndHydraulic" referencePoint="pipeEndHydraulicRef" referenceFrame="pipeEndHydraulicRef" >
                <translatingPart node="pipeEndHydraulicPunch" />
            </movingPart>
        </movingParts>
        <sounds>
            <actionSound template="hydraulicOpen05" volumeScale="0.7"  pitchScale="1.8" linkNode="pipeEnd" actionNames="TOOL_MOVE_POS TOOL_MOVE_NEG" nodes="pipeEnd" fadeIn="0.1" fadeOut="0.1" />
            <actionSound template="vibratingImp"    volumeScale="0.3"  pitchScale="1.5" linkNode="pipeEnd" actionNames="TOOL_MOVE_END_POS_LIMIT TOOL_MOVE_END_NEG_LIMIT" nodes="pipeEnd" />
            <actionSound template="cylinderPunch"   volumeScale="0.05" pitchScale="2"   linkNode="pipeEnd" actionNames="TOOL_MOVE_END_POS_LIMIT TOOL_MOVE_END_NEG_LIMIT" nodes="pipeEnd" />
        </sounds>
    </cylindered>

    <fillUnit>
        <fillUnitConfigurations>
            <fillUnitConfiguration price="0" >
                <fillUnits>
                    <fillUnit shopDisplayUnit="CUBICMETER" fillTypeCategories="AUGERWAGON" capacity="60000" >
                        <exactFillRootNode node="exactFillRootNode" extraEffectDistance="-0.22" />
                    </fillUnit>
                </fillUnits>
            </fillUnitConfiguration>
        </fillUnitConfigurations>
    </fillUnit>

    <fillVolume>
        <fillVolumeConfigurations>
            <fillVolumeConfiguration>
                <volumes>
                    <volume node="fillVolume" maxDelta="2.0" maxAllowedHeapAngle="25" fillUnitIndex="1" />
                </volumes>
            </fillVolumeConfiguration>
        </fillVolumeConfigurations>
    </fillVolume>

    <pipe dischargeNodeIndex="1">
        <states num="2" unloading="2" />
        <animation name="foldPipe" speedScale="1" />
        <unloadingTriggers>
            <unloadingTrigger node="trailerTrigger" />
        </unloadingTriggers>

        <animationNodes>
            <animationNode node="pipeDrum01" rotAxis="3" rotSpeed="-1000" turnOnFadeTime="2" turnOffFadeTime="3"/>
            <animationNode node="pipeDrum02" rotAxis="3" rotSpeed="-1000" turnOnFadeTime="2" turnOffFadeTime="3"/>
            <animationNode node="cardanPart01" rotAxis="1" rotSpeed="-1000" turnOnFadeTime="2" turnOffFadeTime="3"/>
            <animationNode node="cardanPart02" rotAxis="1" rotSpeed="-1000" turnOnFadeTime="2" turnOffFadeTime="3"/>
        </animationNodes>
    </pipe>

    <dischargeable>
        <dischargeNode node="dischargeNode" emptySpeed="910" fillUnitIndex="1" unloadInfoIndex="1" maxDistance="8">
            <info width="0.3" length="0.3" useRaycastHitPosition="true"/>
            <raycast yOffset="0.5"/>

            <effects>
                <effectNode effectClass="PipeEffect" effectNode="pipeEffect"      materialType="pipe"            delay="0" maxBending="0.6" positionUpdateNodes="pipeEffectSmoke" extraDistance="1.3"/>
                <effectNode                          effectNode="pipeEffectSmoke" materialType="unloadingSmoke"  delay="0.1" alignToWorldY="true"/>
            </effects>
            <dischargeStateSound template="augerBelt" pitchScale="0.65" volumeScale="1.1" fadeIn="0.5" fadeOut="2.7"/>
        </dischargeNode>
    </dischargeable>

    <ai>
        <allowTurnBackward value="false"/>
        <agentAttachment jointNode="attacherJoint" rotCenterWheelIndices="1 2" useSize="true"/>
    </ai>

    <foliageBending>
        <bendingNode minX="-0.5" maxX="0.5" minZ="3.4" maxZ="4.5" yOffset="0.5"/>
        <bendingNode minX="-1.2" maxX="1.2" minZ="1.05" maxZ="3.4" yOffset="0.6"/>
        <bendingNode wheelIndices="1 2" minZ="-1.05" maxZ="1.05" yOffset="0.5"/>
        <bendingNode minX="-1.2" maxX="1.2" minZ="-3.3" maxZ="-1" yOffset="1.6"/>
    </foliageBending>

    <baseColorConfigurations title="$l10n_configuration_baseColor">
        <baseColorConfiguration materialTemplateName="DEMCO_GREY1">
            <material materialSlotName="series850_decalBrand_mat" materialTemplateName="DEMCO_RED1" />
            <material materialSlotName="series850_decalNumber_mat" materialTemplateName="DEMCO_RED1" />
        </baseColorConfiguration>
        <baseColorConfiguration materialTemplateName="DEMCO_RED1"/>
        <baseColorConfiguration materialTemplateName="DEMCO_GREEN1">
            <material materialSlotName="series850_decalNumber_mat" materialTemplateName="metalPaintedBlack" />
        </baseColorConfiguration>
        <baseColorConfiguration materialTemplateName="DEMCO_BLUE1">
            <material materialSlotName="series850_decalNumber_mat" materialTemplateName="metalPaintedBlack" />
        </baseColorConfiguration>

        <material materialSlotName="mainFrame_mat"/>
    </baseColorConfigurations>

    <wearable wearDuration="480" workMultiplier="5" fieldMultiplier="2"/>
    <washable dirtDuration="90" washDuration="1" workMultiplier="3" fieldMultiplier="2"/>

    <i3dMappings>
        <i3dMapping id="series850_main_component1" node="0>" />
        <i3dMapping id="series850_vis" node="0>0" />
        <i3dMapping id="wheelLeft" node="0>0|0|0" />
        <i3dMapping id="wheelRight" node="0>0|0|1" />
        <i3dMapping id="attacherJoint" node="0>0|1|0" />
        <i3dMapping id="supportFrame" node="0>0|1|1|0" />
        <i3dMapping id="supportArm01" node="0>0|1|1|0|0|0" />
        <i3dMapping id="supportArm02" node="0>0|1|1|0|0|0|0|0" />
        <i3dMapping id="supportArmBolt" node="0>0|1|1|0|0|0|1" />
        <i3dMapping id="supportArmHandle" node="0>0|1|1|0|1" />
        <i3dMapping id="hydraulicIn01" node="0>0|1|2|0" />
        <i3dMapping id="hydraulicOut01" node="0>0|1|2|1" />
        <i3dMapping id="hydraulicIn02" node="0>0|1|2|2" />
        <i3dMapping id="hydraulicOut02" node="0>0|1|2|3" />
        <i3dMapping id="electric" node="0>0|1|2|4" />
        <i3dMapping id="hydraulicOut02_detached" node="0>0|1|2|5" />
        <i3dMapping id="hydraulicOut02_connector" node="0>0|1|2|5|0" />
        <i3dMapping id="hydraulicIn02_detached" node="0>0|1|2|6" />
        <i3dMapping id="hydraulicIn02_connector" node="0>0|1|2|6|0" />
        <i3dMapping id="hydraulicOut01_detached" node="0>0|1|2|7" />
        <i3dMapping id="hydraulicOut01_connector" node="0>0|1|2|7|0" />
        <i3dMapping id="hydraulicIn01_detached" node="0>0|1|2|8" />
        <i3dMapping id="hydraulicIn01_connector" node="0>0|1|2|8|0" />
        <i3dMapping id="electric_detached" node="0>0|1|2|9" />
        <i3dMapping id="electric_connector" node="0>0|1|2|9|0" />
        <i3dMapping id="localHoses" node="0>0|1|2|10" />
        <i3dMapping id="localHoseElectric" node="0>0|1|2|10|0" />
        <i3dMapping id="localHoseHydraulicIn01" node="0>0|1|2|10|1" />
        <i3dMapping id="localHoseHydraulicOut01" node="0>0|1|2|10|2" />
        <i3dMapping id="localHoseHydraulicIn02" node="0>0|1|2|10|3" />
        <i3dMapping id="localHoseHydraulicOut02" node="0>0|1|2|10|4" />
        <i3dMapping id="ptoInput" node="0>0|1|3" />
        <i3dMapping id="ptoDetach" node="0>0|1|4" />
        <i3dMapping id="rearLight23Red_01" node="0>0|2|0|0" />
        <i3dMapping id="rearLight23Red_02" node="0>0|2|0|1" />
        <i3dMapping id="rearLight23Orange_01" node="0>0|2|0|2" />
        <i3dMapping id="rearLight23Orange_02" node="0>0|2|0|3" />
        <i3dMapping id="rearLight23Orange_03" node="0>0|2|0|4" />
        <i3dMapping id="rearLight23Orange_04" node="0>0|2|0|5" />
        <i3dMapping id="turnLightLeftFront" node="0>0|2|1|0" />
        <i3dMapping id="turnLightRightFront" node="0>0|2|1|1" />
        <i3dMapping id="backLightsHigh" node="0>0|2|2|0" />
        <i3dMapping id="pipe" node="0>0|3|0|0" />
        <i3dMapping id="pipeEndRot" node="0>0|3|0|0|0|0" />
        <i3dMapping id="pipeEnd" node="0>0|3|0|0|0|0|0" />
        <i3dMapping id="dischargeNode" node="0>0|3|0|0|0|0|0|0|0" />
        <i3dMapping id="pipeEffect" node="0>0|3|0|0|0|0|0|1|0|0" />
        <i3dMapping id="pipeEffectSmoke" node="0>0|3|0|0|0|0|0|1|1" />
        <i3dMapping id="pipeEndMovePart" node="0>0|3|0|0|0|1|0" />
        <i3dMapping id="pipeEndHydraulicRef" node="0>0|3|0|0|0|1|0|0" />
        <i3dMapping id="pipeEndHydraulic" node="0>0|3|0|0|0|2" />
        <i3dMapping id="pipeEndHydraulicPunch" node="0>0|3|0|0|0|2|0" />
        <i3dMapping id="pipeDrum02" node="0>0|3|0|0|0|3" />
        <i3dMapping id="pipeHydraulicRef" node="0>0|3|0|0|0|4" />
        <i3dMapping id="workingLight09" node="0>0|3|0|0|1|0" />
        <i3dMapping id="workLightBackHigh" node="0>0|3|0|0|1|1" />
        <i3dMapping id="pipeHydraulicRefFrame" node="0>0|3|1" />
        <i3dMapping id="pipeHydraulic" node="0>0|3|1|0" />
        <i3dMapping id="pipeHydraulicPunch" node="0>0|3|1|0|0" />
        <i3dMapping id="pipeDrum01" node="0>0|3|2|0" />
        <i3dMapping id="cardanPart01" node="0>0|3|3|0" />
        <i3dMapping id="cardanPart02" node="0>0|3|4|0" />
        <i3dMapping id="drumFlap" node="0>0|3|5|0" />
        <i3dMapping id="fillVolume" node="0>0|4|0" />
        <i3dMapping id="exactFillRootNode" node="0>0|4|1" />
        <i3dMapping id="trailerTrigger" node="0>0|4|2" />
        <i3dMapping id="licensePlateBack" node="0>0|6" />
    </i3dMappings>
</vehicle>
