﻿<?xml version="1.0" encoding="utf-8" standalone="no" ?>
<vehicle type="augerWagon" xmlns:xsi="http://www.w3.org/2001/XMLSchema-instance" xsi:noNamespaceSchemaLocation="../../../../shared/xml/schema/vehicle.xsd">
    <annotation>Copyright (C) GIANTS Software GmbH, All Rights Reserved.</annotation>

    <storeData>
        <name>SUW 5000</name>
        <specs>
            <neededPower>280</neededPower>
        </specs>
        <functions>
            <function>$l10n_function_tipper</function>
            <function>$l10n_function_augerWagon</function>
            <function>$l10n_function_wheelWeightsRecommended</function>
        </functions>
        <image>$data/vehicles/hawe/suw5000/store_suw5000.png</image>
        <price>125000</price>
        <lifetime>600</lifetime>
        <rotation>0</rotation>
        <brand>HAWE</brand>
        <category>augerWagons</category>
        <shopTranslationOffset>0 0.113 0</shopTranslationOffset>
        <shopRotationOffset>-0.055 0 0</shopRotationOffset>
        <vertexBufferMemoryUsage>2968320</vertexBufferMemoryUsage>
        <indexBufferMemoryUsage>1066240</indexBufferMemoryUsage>
        <textureMemoryUsage>917504</textureMemoryUsage>
        <instanceVertexBufferMemoryUsage>0</instanceVertexBufferMemoryUsage>
        <instanceIndexBufferMemoryUsage>0</instanceIndexBufferMemoryUsage>
        <audioMemoryUsage>0</audioMemoryUsage>
    </storeData>

    <base>
        <typeDesc>$l10n_typeDesc_tipper</typeDesc>
        <filename>$data/vehicles/hawe/suw5000/suw5000.i3d</filename>
        <size width="3" height="4.15" length="12" lengthOffset="0.12"/>
        <sounds volumeFactor="1.7"/>
        <components maxMass="34000">
            <component centerOfMass="0 0.75 -0.8" solverIterationCount="10" mass="10900"/>
        </components>
        <schemaOverlay attacherJointPosition="0 0" name="IMPLEMENT"/>
        <mapHotspot type="TRAILER"/>
    </base>

    <powerConsumer ptoRpm="400" neededMaxPtoPower="50"/>

    <wheels>
        <wheelConfigurations tireCategories="TRAILER">
            <wheelConfiguration name="$l10n_configuration_valueDefault" price="0" saveId="DEFAULT">
                <wheels>
                    <wheel dimensions="710_50R26_5" isLeft="true" hasTireTracks="true" hasParticles="true">
                        <physics tipOcclusionAreaGroupId="1" restLoad="1.9" repr="axisFrontLeft" driveNode="wheelFrontLeft" forcePointRatio="0.3" initialCompression="20" suspTravel="0.12" spring="67" damper="50" yOffset="0.02" maxLatStiffness="50"/>
                        <steeringAxle scale="0.2" rotMax="20" rotMin="-20"/>
                        <steering node="steeringBarFront" nodeMinTransX="0.1" nodeMaxTransX="-0.1"/>
                    </wheel>
                    <wheel dimensions="710_50R26_5" isLeft="false" hasTireTracks="true" hasParticles="true">
                        <physics tipOcclusionAreaGroupId="1" restLoad="1.9" repr="axisFrontRight" driveNode="wheelFrontRight" forcePointRatio="0.3" initialCompression="20" suspTravel="0.12" spring="67" damper="50" yOffset="0.02" maxLatStiffness="50"/>
                        <steeringAxle scale="0.2" rotMax="20" rotMin="-20"/>
                    </wheel>
                    <wheel dimensions="710_50R26_5" isLeft="true">
                        <physics tipOcclusionAreaGroupId="1" restLoad="1.9" repr="wheelMiddleLeft" forcePointRatio="0.3" initialCompression="20" suspTravel="0.12" spring="67" damper="50" yOffset="0.02" maxLatStiffness="50"/>
                       <wheelChock parkingNode="wheelChock03"/>
                       <wheelChock parkingNode="wheelChock04" isInverted="true"/>
                    </wheel>
                    <wheel dimensions="710_50R26_5" isLeft="false">
                        <physics tipOcclusionAreaGroupId="1" restLoad="1.9" repr="wheelMiddleRight" forcePointRatio="0.3" initialCompression="20" suspTravel="0.12" spring="67" damper="50" yOffset="0.02" maxLatStiffness="50"/>
                    </wheel>
                    <wheel dimensions="710_50R26_5" isLeft="true" hasTireTracks="true" hasParticles="true">
                        <physics tipOcclusionAreaGroupId="1" restLoad="1.9" repr="axisBackLeft" driveNode="wheelBackLeft" forcePointRatio="0.3" initialCompression="20" suspTravel="0.12" spring="67" damper="50" yOffset="0.02"/>
                        <steeringAxle scale="-0.7" rotMax="15" rotMin="-15"/>
                        <steering node="steeringBarBack" nodeMinTransX="0.1" nodeMaxTransX="-0.1"/>
                    </wheel>
                    <wheel dimensions="710_50R26_5" isLeft="false" hasTireTracks="true" hasParticles="true">
                        <physics tipOcclusionAreaGroupId="1" restLoad="1.9" repr="axisBackRight" driveNode="wheelBackRight" forcePointRatio="0.3" initialCompression="20" suspTravel="0.12" spring="67" damper="50" yOffset="0.02"/>
                        <steeringAxle scale="-0.7" rotMax="15" rotMin="-15"/>
                    </wheel>
                </wheels>
            </wheelConfiguration>

            <wheelConfiguration name="$l10n_configuration_valueWheelBroad" price="2500" saveId="BROAD">
                <wheels baseConfig="DEFAULT">
                    <wheel dimensions="800_45R26_5"/>
                    <wheel dimensions="800_45R26_5"/>
                    <wheel dimensions="800_45R26_5"/>
                    <wheel dimensions="800_45R26_5"/>
                    <wheel dimensions="800_45R26_5"/>
                    <wheel dimensions="800_45R26_5"/>
                </wheels>
            </wheelConfiguration>
        </wheelConfigurations>

        <hubMaterial materialTemplateName="HAWE_GREY1"/>

        <hubs>
            <hub linkNode="wheelFrontLeft"   filename="$data/shared/wheels/hubs/hub_n10_5.xml" isLeft="true"  scale="0.3 0.335 0.335"/>
            <hub linkNode="wheelFrontRight"  filename="$data/shared/wheels/hubs/hub_n10_5.xml" isLeft="false" scale="0.3 0.335 0.335"/>
            <hub linkNode="wheelBackLeft"    filename="$data/shared/wheels/hubs/hub_n10_5.xml" isLeft="true"  scale="0.3 0.335 0.335"/>
            <hub linkNode="wheelBackRight"   filename="$data/shared/wheels/hubs/hub_n10_5.xml" isLeft="false" scale="0.3 0.335 0.335"/>
            <hub linkNode="wheelMiddleLeft"  filename="$data/shared/wheels/hubs/hub_n10_5.xml" isLeft="true"  scale="0.3 0.335 0.335"/>
            <hub linkNode="wheelMiddleRight" filename="$data/shared/wheels/hubs/hub_n10_5.xml" isLeft="false" scale="0.3 0.335 0.335"/>
        </hubs>
    </wheels>

    <attachable>
        <inputAttacherJoints>
            <inputAttacherJoint node="attacherJoint" jointType="trailerLow" attacherHeight="0.725">
                <objectChange node="needle01" rotationInactive="0 0 0" rotationActive="0 0 -120" interpolation="true" interpolationTime="2"/>
                <objectChange node="needle02" rotationInactive="0 0 0" rotationActive="0 0 -125" interpolation="true" interpolationTime="2"/>
                <objectChange node="needle03" rotationInactive="0 0 0" rotationActive="0 0 -110" interpolation="true" interpolationTime="2"/>
                <objectChange node="needle04" rotationInactive="0 0 0" rotationActive="0 0 -115" interpolation="true" interpolationTime="2"/>
                <objectChange node="needle05" rotationInactive="0 0 0" rotationActive="0 0 -120" interpolation="true" interpolationTime="2"/>
                <objectChange node="needle06" rotationInactive="0 0 0" rotationActive="0 0 -120" interpolation="true" interpolationTime="2"/>
            </inputAttacherJoint>
        </inputAttacherJoints>
        <steeringAxleAngleScale backwards="true" speedDependent="false" forceUsage="true"/>
        <support animationName="moveSupport" />
        <brakeForce force="1.4" maxForce="3.8" maxForceMass="34000"/>
        <sounds>
            <active file="$data/sounds/tools/trailer/trailerRattle_02.wav" innerRadius="10" outerRadius="50" volumeScale="1.7" isLocalSound="true" pitchScale="0.8">
                <volume indoor="0.6" outdoor="0.9" >
                    <modifier type="WHEEL_SUSPENSION" value="-0.04" modifiedValue="0.3"/>
                    <modifier type="WHEEL_SUSPENSION" value="-0.02" modifiedValue="0.2"/>
                    <modifier type="WHEEL_SUSPENSION" value="-0.00" modifiedValue="0.0"/>
                    <modifier type="WHEEL_SUSPENSION" value="0.02" modifiedValue="0.2"/>
                    <modifier type="WHEEL_SUSPENSION" value="0.04" modifiedValue="0.3"/>

                    <modifier type="SPEED" value="0.0" modifiedValue="0.0"/>
                    <modifier type="SPEED" value="2.0" modifiedValue="1.0"/>
                    <modifier type="SPEED" value="40.0" modifiedValue="1.0"/>
                </volume>
                <lowpassCutoffFrequency indoor="300" outdoor="20000" />
                <lowpassGain indoor="0.7" outdoor="1" />
            </active>
        </sounds>
    </attachable>

    <powerTakeOffs>
        <input inputAttacherJointIndices="1" inputNode="pto" aboveAttacher="true" detachNode="ptoDetachNode"/>
    </powerTakeOffs>

    <licensePlates>
        <licensePlate node="licensePlateNodeBack" position="BACK" preferedType="ELONGATED" placementArea="0.06 0.28 0.15 0.28"/>
    </licensePlates>

    <connectionHoses>
        <hose inputAttacherJointIndices="1" type="hydraulicIn" node="hydraulicIn01" adapterNode="hydraulicIn01_connector" length="1.7" diameter="0.018" straighteningFactor="1.5" socketMaterialTemplateName="SHARED_BLUE1">
           <objectChange node="hydraulicIn01_detached" visibilityActive="false" visibilityInactive="true"/>
        </hose>
        <hose inputAttacherJointIndices="1" type="hydraulicOut" node="hydraulicOut01" adapterNode="hydraulicOut01_connector" length="1.7" diameter="0.018" straighteningFactor="1.5" socketMaterialTemplateName="SHARED_BLUE1">
           <objectChange node="hydraulicOut01_detached" visibilityActive="false" visibilityInactive="true"/>
        </hose>
        <hose inputAttacherJointIndices="1" type="hydraulicIn" node="hydraulicIn02" adapterNode="hydraulicIn02_connector" length="1.7" diameter="0.018" straighteningFactor="1.5" socketMaterialTemplateName="SHARED_BLUE2">
           <objectChange node="hydraulicIn02_detached" visibilityActive="false" visibilityInactive="true"/>
        </hose>
        <hose inputAttacherJointIndices="1" type="hydraulicOut" node="hydraulicOut02" adapterNode="hydraulicOut02_connector" length="1.7" diameter="0.018" straighteningFactor="1.5" socketMaterialTemplateName="SHARED_BLUE2">
           <objectChange node="hydraulicOut02_detached" visibilityActive="false" visibilityInactive="true"/>
        </hose>
        <hose inputAttacherJointIndices="1" type="airDoubleRed" node="airRed" adapterNode="airRed_connector" length="1.7" diameter="0.015" straighteningFactor="1">
            <objectChange node="airRed_detached" visibilityActive="false" visibilityInactive="true" />
        </hose>
        <hose inputAttacherJointIndices="1" type="airDoubleYellow" node="airYellow" adapterNode="airYellow_connector" length="1.7" diameter="0.015" straighteningFactor="1">
            <objectChange node="airYellow_detached" visibilityActive="false" visibilityInactive="true" />
        </hose>
        <hose inputAttacherJointIndices="1" type="electric" node="electric" adapterNode="electric_connector" length="1.7" diameter="0.008" straighteningFactor="1">
           <objectChange node="electric_detached" visibilityActive="false" visibilityInactive="true"/>
        </hose>
        <sounds>
            <connect    type="airDoubleRed" template="hydraulicHosesAttach" volumeScale="0.7" linkNode="attacherJoint"/>
            <connect    type="electric"     template="generalConnection"    volumeScale="0.7" linkNode="attacherJoint"/>
            <disconnect type="airDoubleRed" template="hydraulicHosesDetach" volumeScale="0.7" linkNode="attacherJoint"/>
            <disconnect type="electric"     template="generalConnection"    volumeScale="0.7" linkNode="attacherJoint"/>
        </sounds>
    </connectionHoses>

    <lights>
        <sharedLight linkNode="workingLight11_01" filename="$data/shared/assets/lights/hella/hellaWorkingLight05.xml"/>
        <sharedLight linkNode="workingLight11_02" filename="$data/shared/assets/lights/hella/hellaWorkingLight05.xml"/>
        <sharedLight linkNode="workingLight11_03" filename="$data/shared/assets/lights/hella/hellaWorkingLight05.xml" >
            <rotationNode name="rotationNode1" rotation="-52 0 0" />
        </sharedLight>
        <sharedLight linkNode="workingLight11_04" filename="$data/shared/assets/lights/hella/hellaWorkingLight05.xml" >
            <rotationNode name="rotationNode1" rotation="-52 0 0" />
        </sharedLight>
        <sharedLight linkNode="rearLight22Red"        filename="$data/shared/assets/lights/lizard/rearLight22Red.xml" />
        <sharedLight linkNode="rearLight22Red1"       filename="$data/shared/assets/lights/lizard/rearLight22Red.xml" />
        <sharedLight linkNode="rearLight36_left"      filename="$data/shared/assets/lights/lizard/rearLight36_left.xml" />
        <sharedLight linkNode="rearLight36_right"     filename="$data/shared/assets/lights/lizard/rearLight36_right.xml" />
        <sharedLight linkNode="rearLight36_left1"     filename="$data/shared/assets/lights/lizard/rearLight36_left.xml" />
        <sharedLight linkNode="rearLight36_right1"    filename="$data/shared/assets/lights/lizard/rearLight36_right.xml" />
        <sharedLight linkNode="sideMarker03_left"     filename="$data/shared/assets/lights/lizard/sideMarker01_left.xml" />
        <sharedLight linkNode="sideMarker03_right"    filename="$data/shared/assets/lights/lizard/sideMarker01_right.xml" />
        <sharedLight linkNode="plateNumberLight02_01" filename="$data/shared/assets/lights/lizard/plateNumberLight02.xml" />
        <sharedLight linkNode="plateNumberLight02_02" filename="$data/shared/assets/lights/lizard/plateNumberLight02.xml" />
        <sharedLight linkNode="workingLight14"        filename="$data/shared/assets/lights/lizard/workingLight14.xml" />
        <sharedLight linkNode="sideMarker05Orange_01"    filename="$data/shared/assets/lights/lizard/sideMarker05Orange.xml" />
        <sharedLight linkNode="sideMarker05Orange_02"    filename="$data/shared/assets/lights/lizard/sideMarker05Orange.xml" />
        <sharedLight linkNode="sideMarker05Orange_03"    filename="$data/shared/assets/lights/lizard/sideMarker05Orange.xml" />
        <sharedLight linkNode="sideMarker05Orange_04"    filename="$data/shared/assets/lights/lizard/sideMarker05Orange.xml" />
        <sharedLight linkNode="sideMarker05Orange_05"    filename="$data/shared/assets/lights/lizard/sideMarker05Orange.xml" />
        <sharedLight linkNode="sideMarker05Orange_06"    filename="$data/shared/assets/lights/lizard/sideMarker05Orange.xml" />
        <sharedLight linkNode="sideMarker05Orange_07"    filename="$data/shared/assets/lights/lizard/sideMarker05Orange.xml" />
        <sharedLight linkNode="sideMarker05Orange_08"    filename="$data/shared/assets/lights/lizard/sideMarker05Orange.xml" />
        <sharedLight linkNode="sideMarker05Orange_09"    filename="$data/shared/assets/lights/lizard/sideMarker05Orange.xml" />
        <sharedLight linkNode="sideMarker05Orange_10"    filename="$data/shared/assets/lights/lizard/sideMarker05Orange.xml" />

        <realLights>
            <high>
                <light          node="backLightsHigh1"       lightTypes="0"/>
                <light          node="licensePlateLightHigh" lightTypes="0"/>
                <light          node="workLightBackLow"      lightTypes="2"/>
                <light          node="workLightBackHigh1"    lightTypes="1"/>
                <turnLightLeft  node="turnLightLeftBack" />
                <turnLightRight node="turnLightRightBack" />
                <brakeLight     node="backLightsHigh1" />
            </high>
        </realLights>
    </lights>

    <animations>
        <animation name="tipAnimationBack">
            <part node="backDoor" startTime="0" endTime="3" startRot="0 0 0" endRot="90 0 0" />

            <sound template="clackVar2"             startTime="0.05" direction="0"   volumeScale="1.0" pitchScale="1.7"/>
            <sound template="metalClose"            startTime="0.05" direction="1"   volumeScale="3.0" pitchScale="0.3"/>
            <sound template="metalOpen"             startTime="0.05" direction="-1"  volumeScale="2.5" pitchScale="0.5"/>
            <sound template="metalClose"            startTime="0.01" direction="-1"  volumeScale="2.0" pitchScale="1.1"/>
            <sound template="latchSmall"            startTime="0.01" direction="-1"  volumeScale="0.1" pitchScale="0.6"/>
            <sound template="clackVar4"             startTime="2.99" direction="-1"  pitchScale="0.4"  volumeScale="3.0" fadeIn="0.2"/>
            <sound template="cylinderPunch"         startTime="0.01" direction="0"/>
            <sound template="hydraulicClose02"      startTime="0.01" direction="1"  endTime="2.99"    pitchScale="1.3" volumeScale="2.3" fadeIn="0.1" fadeOut="0.1"/>
            <sound template="hydraulicOpen04"       startTime="0.01" direction="1"  endTime="2.99"    pitchScale="0.8" volumeScale="3.3"  fadeIn="0.1" fadeOut="0.1"/>
            <sound template="hydraulicOpen06"       startTime="0.01" direction="-1" endTime="2.99"    pitchScale="0.8" volumeScale="0.8"  fadeIn="0.1" fadeOut="0.1"/>
            <sound template="hydraulicOpen01"       startTime="0.01" direction="-1" endTime="2.99"    pitchScale="1.4" volumeScale="1.4"  fadeIn="0.1" fadeOut="0.1"/>
            <sound template="trailerCloseImpact_01" startTime="0.01" direction="-1" volumeScale="1.2" pitchScale="0.8"/>
            <sound template="hingeImp"              startTime="0.01" direction="-1" volumeScale="0.6" pitchScale="0.8"/>
            <sound template="clackVar6"             startTime="2.99" direction="1"  volumeScale="2.6" pitchScale="0.5"/>
            <sound template="thudVar2"              startTime="2.99" direction="1"  volumeScale="2.6" pitchScale="0.5"/>
            <sound template="vibratingImp"          startTime="2.99" direction="1"  volumeScale="0.8" pitchScale="0.8"/>
        </animation>
        <animation name="tipAnimationPipe">
        </animation>
        <animation name="foldPipe">
            <part node="pipeFolding"     startTime="0" endTime="3" startRot="0 0 0"        endRot="0 0 -96.804" />
            <part node="pipeFoldingFlap" startTime="0" endTime="3" startRot="0 0 0"        endRot="-27.441 0 0" />
            <part node="unloadingDoor"   startTime="0" endTime="3" startTrans="0 0 0"      endTrans="0 1.169 0" />
            <part node="extension"       startTime="0" endTime="3" startTrans="0 -0.469 0" endTrans="0 -0.469 0" />

            <sound template="hydraulicSoftOpen01" startTime="0.01" endTime="2.99"  direction="1"    pitchScale="1.2" volumeScale="1.4" fadeIn="0.1" fadeOut="0.1" linkNode="unloadingDoor"/>
            <sound template="hydraulicClose02"    startTime="0.01" endTime="2.99"  direction="1"    pitchScale="1.2" volumeScale="1.4" fadeIn="0.1" fadeOut="0.1" linkNode="pipeFolding"/>
            <sound template="hydraulicSoftOpen02" startTime="0.01" endTime="2.99"  direction="-1"   pitchScale="0.8" volumeScale="2" linkNode="pipeFolding"/>
            <sound template="hydraulicClose03"    startTime="0.01" endTime="2.99"  direction="-1"   pitchScale="0.6" volumeScale="2.5" linkNode="pipeFolding"/>
            <sound template="cylinderPunch"       startTime="0.02" direction="-1"  pitchScale="1.1"  volumeScale="0.7"/>
            <sound template="clackVar1"           startTime="0.1"  direction="-1"  volumeScale="0.7"/>
            <sound template="clackVar4"           startTime="0.01" direction="1"   pitchScale="0.4"  volumeScale="3.0" fadeIn="0.2"/>
            <sound template="clackVar4"           startTime="2.99" direction="-1"  pitchScale="0.4"  volumeScale="3.0" fadeIn="0.2"/>
            <sound template="metalClose"          startTime="0.01" direction="-1"  volumeScale="1.6" pitchScale="0.7"/>
            <sound template="cylinderPunch"       startTime="2.99" direction="1"   pitchScale="1.3"  volumeScale="1.1"/>
            <sound template="clackVar1"           startTime="2.9"  direction="1"   pitchScale="0.8"  volumeScale="0.8"/>
            <sound template="slideOpen"           startTime="0.01" direction="1"   pitchScale="0.5"  volumeScale="2.0"/>
            <sound template="hingeImp"            startTime="0.01" direction="-1"  pitchScale="0.8"  volumeScale="0.5" linkNode="unloadingDoor"/>
        </animation>
        <animation name="moveSupport">
            <part node="drawbar"         startTime="0.0" endTime="0.7" startRot="4.27 0 0" endRot="4.6 0 0" />
            <part node="supportArm"      startTime="0.0" endTime="0.7" startRot="-80 0 0" endRot="-131 0 0" />
            <part node="handleBrake02"   startTime="0.0" endTime="0.2" startRot="0 0 0"   endRot="0 0 180" />
            <part node="handleBrake02"   startTime="2.0" endTime="2.2" startRot="0 0 180" endRot="0 0 0" />
            <part node="handleBrake01"   startTime="0.2" endTime="2.0" startRot="0 0 0"   endRot="0 0 -720" />
            <part node="handBrakePart01" startTime="0.2" endTime="2.0" startTrans="0 0 0" endTrans="0 0 0.1" />

            <sound template="hydraulicSoftOpen01" startTime="0.01" endTime="0.7"  direction="0" volumeScale="1.3" pitchScale="1.2" fadeIn="0.1" fadeOut="0.1" linkNode="attacherJoint"/>
            <sound template="metalHandleRotate"   startTime="0.01" endTime="2.1"  direction="0" volumeScale="0.2" pitchScale="0.8" fadeIn="0.1" fadeOut="0.1" linkNode="handleBrake01"/>
            <sound template="vibratingImp"        startTime="0.01" direction="-1" volumeScale="0.4" pitchScale="0.8" linkNode="supportArm"/>
            <sound template="metalClose"          startTime="0.01" direction="-1" volumeScale="1.4" pitchScale="2.5" linkNode="supportArm"/>
        </animation>
    </animations>

    <cylindered>
        <movingTools>
            <movingTool node="backDoor" playSound="true">
                <dependentPart node="backDoorHydraulic" />
            </movingTool>
            <movingTool node="drawbar" playSound="true">
                <controls axis="AXIS_DRAWBAR" invertAxis="false" mouseSpeedFactor="0.2" iconName="DRAWBAR_ROTATE_X" />
                <rotation rotSpeed="10" rotAcceleration="40" rotMax="10" rotMin="-10" startRot="0" rotationAxis="1"/>
                <inputAttacherJoint value="true" />
                <dependentPart node="drawbarHydraulic" />
            </movingTool>
            <movingTool node="supportArm" playSound="true">
                <dependentPart node="supportArmHydraulic" />
            </movingTool>
            <movingTool node="pipeFolding" playSound="true">
                <dependentPart node="pipeFoldingHydraulic" />
            </movingTool>

            <movingTool node="pipeYRot" playSound="true" isConsumingPower="true" freezingPipeStates="1">
                <controls axis="AXIS_CRANE_ARM" invertAxis="true" mouseSpeedFactor="0.3" iconName="PIPE_ROTATE_Y" />
                <rotation rotSpeed="20" rotAcceleration="100" rotationAxis="2" rotMax="179.9" rotMin="-50"/>
            </movingTool>

            <movingTool node="pipeFlap01" playSound="true" isConsumingPower="true" freezingPipeStates="1">
                <controls axis="AXIS_CRANE_ARM2" invertAxis="true" mouseSpeedFactor="0.3" iconName="PIPE_ROTATE_Y" />
                <rotation rotSpeed="20" rotAcceleration="100" rotationAxis="1" rotMax="0" rotMin="-35"/>
                <dependentPart node="pipeFlap01Hydraulic" />
                <dependentMovingTool node="pipeFlap02" speedScale="1"/>
            </movingTool>
            <movingTool node="pipeFlap02">
                <rotation rotSpeed="20" rotAcceleration="100" rotationAxis="1" rotMax="0" rotMin="-35"/>
            </movingTool>
        </movingTools>

        <movingParts>
            <movingPart node="handBrakePart02" referencePoint="handBrakePart02Ref" referenceFrame="handBrakePart02Ref" isActiveDirty="true" maxUpdateDistance="20" scaleZ="true"/>

            <movingPart node="flap02Arm" referencePoint="flap02ArmRef" referenceFrame="flap02ArmRef" isActiveDirty="true" maxUpdateDistance="20" scaleZ="true"/>

            <movingPart node="steeringBarFrontLeft"   referencePoint="steeringBarFrontLeftRef"   referenceFrame="steeringBarFrontLeftRef"   isActiveDirty="true" maxUpdateDistance="20" scaleZ="true"/>
            <movingPart node="steeringBarFrontRight"  referencePoint="steeringBarFrontRightRef"  referenceFrame="steeringBarFrontRightRef"  isActiveDirty="true" maxUpdateDistance="20" scaleZ="true"/>
            <movingPart node="steeringBarBackLeft"    referencePoint="steeringBarBackLeftRef"    referenceFrame="steeringBarBackLeftRef"    isActiveDirty="true" maxUpdateDistance="20" scaleZ="true"/>
            <movingPart node="steeringBarBackRight"   referencePoint="steeringBarBackRightRef"   referenceFrame="steeringBarBackRightRef"   isActiveDirty="true" maxUpdateDistance="20" scaleZ="true"/>
            <movingPart node="steeringBarFrontDamper" referencePoint="steeringBarFrontDamperRef" referenceFrame="steeringBarFrontDamperRef" isActiveDirty="true" maxUpdateDistance="20">
                <translatingPart node="steeringBarFrontDamperPunch" />
            </movingPart>
            <movingPart node="steeringBarBackDamper" referencePoint="steeringBarBackDamperRef" referenceFrame="steeringBarBackDamperRef" isActiveDirty="true" maxUpdateDistance="20">
                <translatingPart node="steeringBarBackDamperPunch" />
            </movingPart>
            <movingPart node="supportArmHydraulic" referencePoint="supportArmHydraulicRef" referenceFrame="supportArmHydraulicRef">
                <translatingPart node="supportArmHydraulicPunch" />
            </movingPart>
            <movingPart node="drawbarHydraulic" referencePoint="drawbarHydraulicRef" referenceFrame="drawbarHydraulicRef">
                <translatingPart node="drawbarHydraulicPunch" />
            </movingPart>
            <movingPart node="pipeFoldingHydraulic" referencePoint="pipeFoldingHydraulicRef" referenceFrame="pipeFoldingHydraulicRef">
                <translatingPart node="pipeFoldingHydraulicPunch" />
            </movingPart>
            <movingPart node="backDoorHydraulic" referencePoint="backDoorHydraulicRef" referenceFrame="backDoorHydraulicRef">
                <translatingPart node="backDoorHydraulicPunch" />
            </movingPart>
            <movingPart node="pipeFlap01Hydraulic" referencePoint="pipeFlap01HydraulicRef" referenceFrame="pipeFlap01HydraulicRefFrame">
                <translatingPart node="pipeFlap01HydraulicPunch" />
            </movingPart>
        </movingParts>

        <sounds>
            <actionSound template="hydraulicSoftOpen01"   pitchScale="0.6" volumeScale="3.5" linkNode="drawbarHydraulic" actionNames="TRANSLATING_POS TRANSLATING_NEG" nodes="drawbarHydraulic" fadeIn="0.1" fadeOut="0.02"/>
            <actionSound template="hydraulicClose01"      pitchScale="1.2" volumeScale="0.8" linkNode="pipeFlap01"       actionNames="TOOL_MOVE_POS TOOL_MOVE_NEG"     nodes="pipeFlap01" fadeIn="0.1" fadeOut="0.05"/>
            <actionSound template="hydraulicSoftOpen02"   pitchScale="0.9" volumeScale="2"   linkNode="pipeYRot"         actionNames="TOOL_MOVE_POS TOOL_MOVE_NEG"     nodes="pipeYRot" fadeIn="0.1" fadeOut="0.1"/>
            <actionSound template="hydraulicClose01"      pitchScale="1.4" volumeScale="1"   linkNode="pipeYRot"         actionNames="TOOL_MOVE_POS TOOL_MOVE_NEG"     nodes="pipeYRot" fadeIn="0.1" fadeOut="0.1"/>
            <actionSound template="clackVar6"             pitchScale="0.8" volumeScale="1.2" linkNode="drawbar"          actionNames="TOOL_MOVE_END_POS_LIMIT"         nodes="drawbar" />
            <actionSound template="foldStartMed02"        pitchScale="0.8" volumeScale="1.2" linkNode="drawbar"          actionNames="TOOL_MOVE_END_POS_LIMIT"         nodes="drawbar" />
            <actionSound template="metalClose"            pitchScale="2"   volumeScale="0.5" linkNode="drawbar"          actionNames="TOOL_MOVE_END_POS_LIMIT"         nodes="drawbar" />
            <actionSound template="cylinderPunch"         pitchScale="1"   volumeScale="0.3" linkNode="drawbar"          actionNames="TOOL_MOVE_END_POS_LIMIT"         nodes="drawbar" />
            <actionSound template="clackVar6"             pitchScale="0.6" volumeScale="1.2" linkNode="drawbar"          actionNames="TOOL_MOVE_END_NEG_LIMIT"         nodes="drawbar" />
            <actionSound template="foldStartMed02"        pitchScale="0.8" volumeScale="1.2" linkNode="drawbar"          actionNames="TOOL_MOVE_END_NEG_LIMIT"         nodes="drawbar" />
            <actionSound template="sheetImp02"            pitchScale="0.8" volumeScale="2.1" linkNode="drawbar"          actionNames="TOOL_MOVE_END_NEG_LIMIT"         nodes="drawbar" />
            <actionSound template="cylinderPunch"         pitchScale="1"   volumeScale="0.3" linkNode="drawbar"          actionNames="TOOL_MOVE_END_NEG_LIMIT"         nodes="drawbar" />
            <actionSound template="clackVar4"             pitchScale="1"   volumeScale="0.2" linkNode="pipeFlap01"       actionNames="TOOL_MOVE_END_POS_LIMIT"         nodes="pipeFlap01"/>
            <actionSound template="sheetImp02"            pitchScale="1.7" volumeScale="0.5" linkNode="pipeFlap01"       actionNames="TOOL_MOVE_END_POS_LIMIT"         nodes="pipeFlap01"/>
            <actionSound template="clackVar6"             pitchScale="1"   volumeScale="0.5" linkNode="pipeFlap01"       actionNames="TOOL_MOVE_END_POS_LIMIT"         nodes="pipeFlap01"/>
            <actionSound template="sheetImp02"            pitchScale="1.5" volumeScale="0.5" linkNode="pipeFlap01"       actionNames="TOOL_MOVE_END_NEG_LIMIT"         nodes="pipeFlap01"/>
            <actionSound template="clackVar6"             pitchScale="0.8" volumeScale="0.5" linkNode="pipeFlap01"       actionNames="TOOL_MOVE_END_NEG_LIMIT"         nodes="pipeFlap01"/>
            <actionSound template="clackVar6"             pitchScale="0.7" volumeScale="1.3" linkNode="pipeYRot"         actionNames="TOOL_MOVE_END_NEG_LIMIT"         nodes="pipeYRot"/>
            <actionSound template="thudVar2"              pitchScale="1"   volumeScale="1.3" linkNode="pipeYRot"         actionNames="TOOL_MOVE_END_NEG_LIMIT"         nodes="pipeYRot"/>
            <actionSound template="cylinderPunch"         pitchScale="1.6" volumeScale="0.4" linkNode="pipeYRot"         actionNames="TOOL_MOVE_END_NEG_LIMIT"         nodes="pipeYRot"/>
            <actionSound template="clackVar6"             pitchScale="0.8" volumeScale="1.3" linkNode="pipeYRot"         actionNames="TOOL_MOVE_END_POS_LIMIT"         nodes="pipeYRot"/>
            <actionSound template="sheetImp02"            pitchScale="0.6" volumeScale="2"   linkNode="pipeYRot"         actionNames="TOOL_MOVE_END_POS_LIMIT"         nodes="pipeYRot"/>
            <actionSound template="cylinderPunch"         pitchScale="1.6" volumeScale="0.4" linkNode="pipeYRot"         actionNames="TOOL_MOVE_END_POS_LIMIT"         nodes="pipeYRot"/>
        </sounds>
    </cylindered>

    <fillUnit>
        <fillUnitConfigurations>
            <fillUnitConfiguration name="$l10n_configuration_valueDefault" price="0" >
                <fillUnits>
                    <fillUnit shopDisplayUnit="CUBICMETER" fillTypeCategories="SILAGETRAILER" capacity="100000" >
                        <exactFillRootNode node="exactFillRootNode" />
                        <autoAimTargetNode node="fillAutoAimTarget" startZ="1.85" endZ="-5.0" invert="false" startPercentage="25"/>
                    </fillUnit>
                </fillUnits>
            </fillUnitConfiguration>
        </fillUnitConfigurations>
    </fillUnit>

    <fillVolume>
        <fillVolumeConfigurations>
            <fillVolumeConfiguration>
                <volumes>
                    <volume node="fillVolume" maxDelta="1.5" maxAllowedHeapAngle="15" fillUnitIndex="1"/>
                </volumes>
            </fillVolumeConfiguration>
        </fillVolumeConfigurations>

        <unloadInfos>
            <unloadInfo>
                <node node="fillVolumeUnloadBack" width="3.0" length="1.7" />
            </unloadInfo>
            <unloadInfo>
                <node node="fillVolumeUnloadPipe" width="3.0" length="1.7" />
            </unloadInfo>
        </unloadInfos>

        <heightNodes>
            <heightNode>
                <refNode node="heightNode01" />
                <refNode node="heightNode02" />
                <node    node="grainEffectBack"  baseScale="1 1 1"   transAxis="0 0.8 0" />
                <node    node="emitterShapeBack" baseScale="1 0.1 1" scaleAxis="0 0.4 0" />
            </heightNode>
        </heightNodes>
    </fillVolume>

    <trailer>
        <trailerConfigurations>
            <trailerConfiguration>
                <trailer>
                    <tipSide name="$l10n_info_tipSideBack" dischargeNodeIndex="1">
                        <animation name="tipAnimationBack" speedScale="1.0" startTipTime="0.25"/>
                        <animationNodes>
                            <animationNode node="drum01" rotSpeed="-25" rotAxis="1" turnOnFadeTime="1" turnOffFadeTime="1" />
                            <animationNode node="drum02" rotSpeed="-25" rotAxis="1" turnOnFadeTime="1" turnOffFadeTime="1" />
                            <animationNode class="ScrollingAnimation" node="belt_uvScroll"   shaderParameterName="offsetUV"       scrollSpeed="0.3"  scrollLength="8.687" turnOnFadeTime="2" turnOffFadeTime="2" shaderParameterComponent="2"/>
                            <animationNode class="ScrollingAnimation" node="belt_meshScroll" shaderParameterName="scrollPos" scrollSpeed="0.01" scrollLength="8.687" turnOnFadeTime="2" turnOffFadeTime="2"/>
                        </animationNodes>
                        <objectChange node="needle11" rotationInactive="0 0 0" rotationActive="0 0 -150" interpolation="true" interpolationTime="2"/>
                        <objectChange node="needle12" rotationInactive="0 0 0" rotationActive="0 0 158"  interpolation="true" interpolationTime="2"/>
                        <objectChange node="needle13" rotationInactive="0 0 0" rotationActive="0 0 -150" interpolation="true" interpolationTime="2"/>
                        <objectChange node="needle14" rotationInactive="0 0 0" rotationActive="0 0 158"  interpolation="true" interpolationTime="2"/>
                    </tipSide>
                    <tipSide name="$l10n_controlGroup_pipe" dischargeNodeIndex="2">
                        <animation name="tipAnimationPipe" speedScale="1.0" />
                        <objectChange node="needle07" rotationInactive="0 0 0" rotationActive="-145 0 0" interpolation="true" interpolationTime="2"/>
                        <objectChange node="needle08" rotationInactive="0 0 0" rotationActive="-135 0 0" interpolation="true" interpolationTime="2"/>
                        <objectChange node="needle09" rotationInactive="0 0 0" rotationActive="145 0 0"  interpolation="true" interpolationTime="2"/>
                        <objectChange node="needle10" rotationInactive="0 0 0" rotationActive="135 0 0"  interpolation="true" interpolationTime="2"/>
                    </tipSide>
                </trailer>
            </trailerConfiguration>
        </trailerConfigurations>
    </trailer>

    <pipe>
        <pipeConfigurations>
            <pipeConfiguration name="$l10n_configuration_valueShortPipe" price="0" dischargeNodeIndex="2" forceDischargeNodeIndex="false" automaticDischarge="false">
                <pipeNodes>
                    <pipeNode node="pipeYRot" rotationSpeeds="0 35 0" autoAimYRotation="true" autoAimInvertZ="true" minRotationLimits="0 -58 0" maxRotationLimits="0 300 0" foldPriority="1">
                        <state rotation="0 0 0" />
                        <state rotation="0 0 0"/>
                    </pipeNode>
                    <pipeNode node="pipeFlap01" rotationSpeeds="40 0 0" autoAimXRotation="true" subPipeNode="pipeFlap02" minRotationLimits="-35 0 0" maxRotationLimits="0 0 0" bendingRegulation="0.15" subPipeNodeRatio="0.5">
                        <state rotation="0 0 0"/>
                        <state rotation="-15 0 0"/>
                    </pipeNode>
                    <pipeNode node="pipeFlap02" rotationSpeeds="80 0 0" autoAimXRotation="true" minRotationLimits="-35 0 0" maxRotationLimits="0 0 0" bendingRegulation="0.15">
                        <state rotation="0 0 0"/>
                        <state rotation="-15 0 0"/>
                        <bendingRegulationNode node="dischargeNodePipe" axis="1" direction="1"/>
                    </pipeNode>
                </pipeNodes>
                <states num="2" unloading="2" autoAiming="2" turnOnAllowed="2"/>
                <animation name="foldPipe" speedScale="1"/>
                <unloadingTriggers>
                    <unloadingTrigger node="trailerTrigger" />
                </unloadingTriggers>
            </pipeConfiguration>
        </pipeConfigurations>

        <animationNodes>
            <animationNode node="scroller01" rotSpeed="-1000" rotAxis="1" turnOnFadeTime="2" turnOffFadeTime="2" />
            <animationNode node="scroller02" rotSpeed="1000"  rotAxis="1" turnOnFadeTime="2" turnOffFadeTime="2" />
            <animationNode node="scroller03" rotSpeed="-1000" rotAxis="1" turnOnFadeTime="2" turnOffFadeTime="2" />
            <animationNode node="auger01"    rotSpeed="-300"  rotAxis="1" turnOnFadeTime="2" turnOffFadeTime="2" />
            <animationNode node="auger02"    rotSpeed="-300"  rotAxis="1" turnOnFadeTime="2" turnOffFadeTime="2" />
            <animationNode node="spreader01" rotSpeed="1000"  rotAxis="2" turnOnFadeTime="2" turnOffFadeTime="2" />
            <animationNode node="drum01"     rotSpeed="25"    rotAxis="1" turnOnFadeTime="1" turnOffFadeTime="1" />
            <animationNode node="drum02"     rotSpeed="25"    rotAxis="1" turnOnFadeTime="1" turnOffFadeTime="1" />
            <animationNode node="ptoRotator" rotSpeed="500"   rotAxis="3" turnOnFadeTime="1" turnOffFadeTime="1" />
            <animationNode class="ScrollingAnimation" node="belt_uvScroll"   shaderParameterName="offsetUV"  scrollSpeed="-0.30" scrollLength="8.687" turnOnFadeTime="2" turnOffFadeTime="2" shaderParameterComponent="2"/>
            <animationNode class="ScrollingAnimation" node="belt_meshScroll" shaderParameterName="scrollPos" scrollSpeed="-0.01" scrollLength="8.687" turnOnFadeTime="2" turnOffFadeTime="2"/>
        </animationNodes>
    </pipe>

    <dischargeable>
        <dischargeNode node="dischargeNode" emptySpeed="3571" fillUnitIndex="1" unloadInfoIndex="1" allowAIDischarge="true">
            <info width="2.5" length="0.5" />

            <effects>
                <effectNode effectClass="TipEffect">
                    <effectNode effectNode="emitterShapeBack" materialType="unloadingParticle" worldSpace="false" effectClass="ParticleEffect" delay="0" stopTime="0"/>
                    <effectNode effectNode="grainEffectBack"  materialType="unloading" fadeTime="0.5" extraDistanceNode="dischargeNode"/>
                </effectNode>
                <effectNode effectNode="smokeEffectBack" materialType="unloadingSmoke" fadeTime="0.5" />
            </effects>
            <dischargeStateSound template="augerBelt" pitchScale="0.7" volumeScale="0.4" fadeIn="0.1" fadeOut="2"/>
        </dischargeNode>
        <dischargeNode node="dischargeNodePipe" emptySpeed="1250" fillUnitIndex="1" unloadInfoIndex="2">
            <info width="0.4" length="0.4" useRaycastHitPosition="true"/>

            <effects>
                <effectNode effectClass="ParticleEffect" effectNode="pipeUnloadEmitter" delay="0"    materialType="unloadingParticle" particleType="unloading" lifespan="0.2" stopTime="0" worldSpace="false" ignoreDistanceLifeSpan="true"/>
                <effectNode                              effectNode="pipeEffect1"       delay="0"    materialType="unloading" fadeScale="0"/>
                <effectNode                              effectNode="pipeEffect2"       delay="0.1"  materialType="unloading" fadeScale="0"/>
                <effectNode effectClass="PipeEffect"     effectNode="pipeEffect3"       delay="0.12" materialType="pipe"      maxBending="0.15" shapeScaleSpread="1.03 0.96 1 0"/>
            </effects>
            <dischargeStateSound template="dischargeLoop" pitchScale="1" volumeScale="0.4" fadeIn="0.1" fadeOut="2"/>
        </dischargeNode>
    </dischargeable>

    <ai>
        <allowTurnBackward value="false"/>
        <turningRadiusLimitation radius="10"/>
        <agentAttachment jointNode="attacherJoint" rotCenterWheelIndices="1 2 3 4 5 6" useSize="true"/>
    </ai>

    <foliageBending>
        <bendingNode wheelIndices="1 2 3 4 5 6" minZ="-3.9" maxZ="1.2" yOffset="0.5"/>
        <bendingNode minX="-1.35" maxX="1.35" minZ="1.2" maxZ="4.5" yOffset="0.6"/>
        <bendingNode minX="-1.25" maxX="1.25" minZ="-5.8" maxZ="-3.8" yOffset="1"/>
        <bendingNode minX="-0.25" maxX="0.25" minZ="0" maxZ="1.4" yOffset="-0.8" node="drawbar"/>
    </foliageBending>

    <wearable wearDuration="480" workMultiplier="5" fieldMultiplier="2"/>
    <washable dirtDuration="90"  workMultiplier="3" fieldMultiplier="2" washDuration="1"/>

    <i3dMappings>
        <i3dMapping id="suw5000_main_component1" node="0>" />
        <i3dMapping id="suw5000_vis" node="0>0" />
        <i3dMapping id="pto" node="0>0|0|0" />
        <i3dMapping id="ptoDetachNode" node="0>0|0|1" />
        <i3dMapping id="sideMarker03_left" node="0>0|1|0|0" />
        <i3dMapping id="sideMarker03_right" node="0>0|1|0|1" />
        <i3dMapping id="plateNumberLight02_01" node="0>0|1|0|2" />
        <i3dMapping id="plateNumberLight02_02" node="0>0|1|0|3" />
        <i3dMapping id="sideMarker05Orange_01" node="0>0|1|0|4" />
        <i3dMapping id="sideMarker05Orange_02" node="0>0|1|0|5" />
        <i3dMapping id="sideMarker05Orange_03" node="0>0|1|0|6" />
        <i3dMapping id="sideMarker05Orange_04" node="0>0|1|0|7" />
        <i3dMapping id="sideMarker05Orange_05" node="0>0|1|0|8" />
        <i3dMapping id="sideMarker05Orange_06" node="0>0|1|0|9" />
        <i3dMapping id="sideMarker05Orange_07" node="0>0|1|0|10" />
        <i3dMapping id="sideMarker05Orange_08" node="0>0|1|0|11" />
        <i3dMapping id="sideMarker05Orange_09" node="0>0|1|0|12" />
        <i3dMapping id="sideMarker05Orange_10" node="0>0|1|0|13" />
        <i3dMapping id="rearLight36_left" node="0>0|1|0|14" />
        <i3dMapping id="rearLight36_left1" node="0>0|1|0|15" />
        <i3dMapping id="rearLight36_right" node="0>0|1|0|16" />
        <i3dMapping id="rearLight36_right1" node="0>0|1|0|17" />
        <i3dMapping id="workingLight11_03" node="0>0|1|0|18" />
        <i3dMapping id="workingLight11_04" node="0>0|1|0|19" />
        <i3dMapping id="backLightsHigh1" node="0>0|1|1|0" />
        <i3dMapping id="licensePlateLightHigh" node="0>0|1|1|1" />
        <i3dMapping id="turnLightLeftBack" node="0>0|1|2|0" />
        <i3dMapping id="turnLightRightBack" node="0>0|1|2|1" />
        <i3dMapping id="workLightBackHigh1" node="0>0|1|3|0" />
        <i3dMapping id="axisFrontLeft" node="0>0|2|0" />
        <i3dMapping id="wheelFrontLeft" node="0>0|2|0|0" />
        <i3dMapping id="steeringBarFrontLeft" node="0>0|2|0|1" />
        <i3dMapping id="steeringBarFrontDamperRef" node="0>0|2|0|1|0" />
        <i3dMapping id="axisFrontRight" node="0>0|2|1" />
        <i3dMapping id="wheelFrontRight" node="0>0|2|1|0" />
        <i3dMapping id="steeringBarFrontRight" node="0>0|2|1|1" />
        <i3dMapping id="axisBackLeft" node="0>0|2|2" />
        <i3dMapping id="wheelBackLeft" node="0>0|2|2|0" />
        <i3dMapping id="steeringBarBackLeft" node="0>0|2|2|1" />
        <i3dMapping id="steeringBarBackDamperRef" node="0>0|2|2|1|0" />
        <i3dMapping id="axisBackRight" node="0>0|2|3" />
        <i3dMapping id="wheelBackRight" node="0>0|2|3|0" />
        <i3dMapping id="steeringBarBackRight" node="0>0|2|3|1" />
        <i3dMapping id="wheelMiddleLeft" node="0>0|2|4" />
        <i3dMapping id="wheelMiddleRight" node="0>0|2|5" />
        <i3dMapping id="wheelChock03" node="0>0|2|6" />
        <i3dMapping id="wheelChock04" node="0>0|2|7" />
        <i3dMapping id="exactFillRootNode" node="0>0|3|0" />
        <i3dMapping id="fillAutoAimTarget" node="0>0|3|1" />
        <i3dMapping id="trailerTrigger" node="0>0|3|2" />
        <i3dMapping id="fillVolume" node="0>0|3|3" />
        <i3dMapping id="fillVolumeUnloadBack" node="0>0|3|4" />
        <i3dMapping id="fillVolumeUnloadPipe" node="0>0|3|5" />
        <i3dMapping id="dischargeNode" node="0>0|3|6" />
        <i3dMapping id="heightNode01" node="0>0|3|7" />
        <i3dMapping id="heightNode02" node="0>0|3|8" />
        <i3dMapping id="drawbar" node="0>0|4|0" />
        <i3dMapping id="attacherJoint" node="0>0|4|0|0" />
        <i3dMapping id="drawbarHydraulicRef" node="0>0|4|0|1" />
        <i3dMapping id="supportArm" node="0>0|4|0|2" />
        <i3dMapping id="supportArmHydraulicRef" node="0>0|4|0|2|1" />
        <i3dMapping id="supportArmHydraulic" node="0>0|4|0|3" />
        <i3dMapping id="supportArmHydraulicPunch" node="0>0|4|0|3|0" />
        <i3dMapping id="hydraulicIn01" node="0>0|4|0|4|0" />
        <i3dMapping id="hydraulicIn01_detached" node="0>0|4|0|4|0|0" />
        <i3dMapping id="hydraulicIn01_connector" node="0>0|4|0|4|0|0|0" />
        <i3dMapping id="hydraulicOut01" node="0>0|4|0|4|1" />
        <i3dMapping id="hydraulicOut01_detached" node="0>0|4|0|4|1|0" />
        <i3dMapping id="hydraulicOut01_connector" node="0>0|4|0|4|1|0|0" />
        <i3dMapping id="hydraulicIn02" node="0>0|4|0|4|2" />
        <i3dMapping id="hydraulicIn02_detached" node="0>0|4|0|4|2|0" />
        <i3dMapping id="hydraulicIn02_connector" node="0>0|4|0|4|2|0|0" />
        <i3dMapping id="hydraulicOut02" node="0>0|4|0|4|3" />
        <i3dMapping id="hydraulicOut02_detached" node="0>0|4|0|4|3|0" />
        <i3dMapping id="hydraulicOut02_connector" node="0>0|4|0|4|3|0|0" />
        <i3dMapping id="electric" node="0>0|4|0|4|4" />
        <i3dMapping id="electric_detached" node="0>0|4|0|4|4|0" />
        <i3dMapping id="electric_connector" node="0>0|4|0|4|4|0|0" />
        <i3dMapping id="airYellow" node="0>0|4|0|4|5" />
        <i3dMapping id="airYellow_detached" node="0>0|4|0|4|5|0" />
        <i3dMapping id="airYellow_connector" node="0>0|4|0|4|5|0|0" />
        <i3dMapping id="airRed" node="0>0|4|0|4|6" />
        <i3dMapping id="airRed_detached" node="0>0|4|0|4|6|0" />
        <i3dMapping id="airRed_connector" node="0>0|4|0|4|6|0|0" />
        <i3dMapping id="drawbarHydraulic" node="0>0|4|1" />
        <i3dMapping id="drawbarHydraulicPunch" node="0>0|4|1|0" />
        <i3dMapping id="pipeYRot" node="0>0|4|2|0" />
        <i3dMapping id="pipeFolding" node="0>0|4|2|0|0|0" />
        <i3dMapping id="pipeFoldingFlap" node="0>0|4|2|0|0|0|0|0" />
        <i3dMapping id="pipeFoldingHydraulicRef" node="0>0|4|2|0|0|0|1" />
        <i3dMapping id="pipeFlap01" node="0>0|4|2|0|0|0|2|0" />
        <i3dMapping id="pipeFlap02" node="0>0|4|2|0|0|0|2|0|0|0" />
        <i3dMapping id="flap02Arm" node="0>0|4|2|0|0|0|2|0|0|0|0" />
        <i3dMapping id="dischargeNodePipe" node="0>0|4|2|0|0|0|2|0|0|0|1" />
        <i3dMapping id="pipeEffect3" node="0>0|4|2|0|0|0|2|0|0|0|2" />
        <i3dMapping id="pipeFlap01HydraulicRef" node="0>0|4|2|0|0|0|2|0|1" />
        <i3dMapping id="pipeEffect2" node="0>0|4|2|0|0|0|2|0|2" />
        <i3dMapping id="pipeFlap01HydraulicRefFrame" node="0>0|4|2|0|0|0|3" />
        <i3dMapping id="pipeFlap01Hydraulic" node="0>0|4|2|0|0|0|3|0" />
        <i3dMapping id="pipeFlap01HydraulicPunch" node="0>0|4|2|0|0|0|3|0|0" />
        <i3dMapping id="flap02ArmRef" node="0>0|4|2|0|0|0|4" />
        <i3dMapping id="workingLight11_01" node="0>0|4|2|0|0|0|6" />
        <i3dMapping id="workingLight11_02" node="0>0|4|2|0|0|0|7" />
        <i3dMapping id="workLightBackLow" node="0>0|4|2|0|0|0|8|0" />
        <i3dMapping id="pipeEffect1" node="0>0|4|2|0|0|0|9" />
        <i3dMapping id="pipeFoldingHydraulic" node="0>0|4|2|0|1" />
        <i3dMapping id="pipeFoldingHydraulicPunch" node="0>0|4|2|0|1|0" />
        <i3dMapping id="backDoor" node="0>0|4|3" />
        <i3dMapping id="backDoorHydraulicRef" node="0>0|4|3|0" />
        <i3dMapping id="camera_03" node="0>0|4|3|2" />
        <i3dMapping id="workingLight14" node="0>0|4|3|3" />
        <i3dMapping id="rearLight22Red1" node="0>0|4|3|4" />
        <i3dMapping id="rearLight22Red" node="0>0|4|3|5" />
        <i3dMapping id="backDoorHydraulic" node="0>0|4|4" />
        <i3dMapping id="backDoorHydraulicPunch" node="0>0|4|4|0" />
        <i3dMapping id="unloadingDoor" node="0>0|4|5" />
        <i3dMapping id="scroller01" node="0>0|4|6" />
        <i3dMapping id="scroller02" node="0>0|4|7" />
        <i3dMapping id="scroller03" node="0>0|4|8" />
        <i3dMapping id="auger01" node="0>0|4|9" />
        <i3dMapping id="auger02" node="0>0|4|10" />
        <i3dMapping id="spreader01" node="0>0|4|11" />
        <i3dMapping id="steeringBarFront" node="0>0|4|12" />
        <i3dMapping id="steeringBarFrontLeftRef" node="0>0|4|12|0" />
        <i3dMapping id="steeringBarFrontRightRef" node="0>0|4|12|1" />
        <i3dMapping id="steeringBarBack" node="0>0|4|13" />
        <i3dMapping id="steeringBarBackLeftRef" node="0>0|4|13|0" />
        <i3dMapping id="steeringBarBackRightRef" node="0>0|4|13|1" />
        <i3dMapping id="extension" node="0>0|4|14" />
        <i3dMapping id="steeringBarBackDamper" node="0>0|4|15" />
        <i3dMapping id="steeringBarBackDamperPunch" node="0>0|4|15|0" />
        <i3dMapping id="steeringBarFrontDamper" node="0>0|4|16" />
        <i3dMapping id="steeringBarFrontDamperPunch" node="0>0|4|16|0" />
        <i3dMapping id="drum01" node="0>0|4|17" />
        <i3dMapping id="drum02" node="0>0|4|18" />
        <i3dMapping id="belt_meshScroll" node="0>0|4|19" />
        <i3dMapping id="belt_uvScroll" node="0>0|4|20" />
        <i3dMapping id="ptoRotator" node="0>0|4|21" />
        <i3dMapping id="needle01" node="0>0|4|22|0" />
        <i3dMapping id="needle02" node="0>0|4|22|1" />
        <i3dMapping id="needle03" node="0>0|4|22|2" />
        <i3dMapping id="needle04" node="0>0|4|22|3" />
        <i3dMapping id="needle05" node="0>0|4|22|4" />
        <i3dMapping id="needle06" node="0>0|4|22|5" />
        <i3dMapping id="needle07" node="0>0|4|22|6" />
        <i3dMapping id="needle08" node="0>0|4|22|7" />
        <i3dMapping id="needle09" node="0>0|4|22|8" />
        <i3dMapping id="needle10" node="0>0|4|22|9" />
        <i3dMapping id="needle11" node="0>0|4|22|10" />
        <i3dMapping id="needle12" node="0>0|4|22|11" />
        <i3dMapping id="needle13" node="0>0|4|22|12" />
        <i3dMapping id="needle14" node="0>0|4|22|13" />
        <i3dMapping id="handleBrake01" node="0>0|4|23|0|0" />
        <i3dMapping id="handleBrake02" node="0>0|4|23|0|0|0|0" />
        <i3dMapping id="handBrakePart01" node="0>0|4|23|1|0" />
        <i3dMapping id="handBrakePart02" node="0>0|4|23|1|0|0" />
        <i3dMapping id="pipeUnloadEmitter" node="0>0|5|0" />
        <i3dMapping id="effectNodesBack" node="0>0|5|1|0" />
        <i3dMapping id="grainEffectBack" node="0>0|5|1|0|0" />
        <i3dMapping id="smokeEffectBack" node="0>0|5|1|0|1" />
        <i3dMapping id="emitterShapeBack" node="0>0|5|1|1|0" />
        <i3dMapping id="licensePlateNodeBack" node="0>0|6|0" />
        <i3dMapping id="handBrakePart02Ref" node="0>0|6|1" />
        <i3dMapping id="animated_vis" node="0>0|7|0" />
    </i3dMappings>
</vehicle>
