﻿<?xml version="1.0" encoding="utf-8" standalone="no" ?>
<vehicle type="trailer" xmlns:xsi="http://www.w3.org/2001/XMLSchema-instance" xsi:noNamespaceSchemaLocation="../../../../shared/xml/schema/vehicle.xsd">
    <annotation>Copyright (C) GIANTS Software GmbH, All Rights Reserved.</annotation>

    <storeData>
        <name>TDK 301 RA</name>
        <specs>
            <combination xmlFilename="$data/vehicles/rudolphSohn/dk280RP/dk280RP.xml"/>
        </specs>
        <functions>
            <function>$l10n_function_tipper</function>
        </functions>
        <storePacks>
            <storePack>STARTER_POTATOES</storePack>
            <storePack>STARTER_SUGARBEET</storePack>
            <storePack>STARTER_VEGETABLE</storePack>
        </storePacks>
        <image>$data/vehicles/rudolphSohn/tdk301RA/store_tdk301RA.png</image>
        <price>40000</price>
        <lifetime>600</lifetime>
        <rotation>0</rotation>
        <brand>RUDOLPH</brand>
        <category>trailers</category>
        <shopTranslationOffset>0 0.047 0</shopTranslationOffset>
        <shopRotationOffset>0.5 0 0</shopRotationOffset>
        <vertexBufferMemoryUsage>0</vertexBufferMemoryUsage>
        <indexBufferMemoryUsage>0</indexBufferMemoryUsage>
        <textureMemoryUsage>0</textureMemoryUsage>
        <instanceVertexBufferMemoryUsage>0</instanceVertexBufferMemoryUsage>
        <instanceIndexBufferMemoryUsage>0</instanceIndexBufferMemoryUsage>
    </storeData>

    <base>
        <typeDesc>$l10n_typeDesc_tipper</typeDesc>
        <filename>$data/vehicles/rudolphSohn/tdk301RA/tdk301RA.i3d</filename>
        <size width="2.6" length="7" height="3.3" lengthOffset="1.1"/>
        <sounds volumeFactor="1.8"/>
        <components maxMass="20000">
            <component centerOfMass="0 0.8 0.025" solverIterationCount="10" mass="4510"/>
        </components>
        <schemaOverlay attacherJointPosition="0 0" name="IMPLEMENT"/>
        <mapHotspot type="TRAILER"/>
    </base>

    <configurationSets title="$l10n_configuration_extension" isYesNoOption="true">
        <configurationSet name="$l10n_configuration_valueNo" isDefault="true">
            <configuration name="fillVolume"  index="1" />
            <configuration name="fillUnit"    index="1" />
            <configuration name="designColor" index="1" />
        </configurationSet>
        <configurationSet name="$l10n_configuration_valueYes">
            <configuration name="fillVolume" index="2" />
            <configuration name="fillUnit"   index="2" />
        </configurationSet>
    </configurationSets>

    <wheels>
        <wheelConfigurations tireCategories="TRAILER">
            <wheelConfiguration name="$l10n_configuration_valueDefault" price="0" saveId="DEFAULT">
                <wheels>
                    <wheel dimensions="560_60R22_5" isLeft="true" hasTireTracks="true" hasParticles="true" >
                        <physics tipOcclusionAreaGroupId="1" restLoad="1.2" repr="wheelFrontLeft"  forcePointRatio="0.2" initialCompression="15" suspTravel="0.08" spring="85" damper="50" yOffset="0.03"/>
                        <wheelChock parkingNode="wheelChock01"/>
                        <wheelChock isInverted="true"/>
                    </wheel>
                    <wheel dimensions="560_60R22_5" isLeft="false" hasTireTracks="true" hasParticles="true" >
                        <physics tipOcclusionAreaGroupId="1" restLoad="1.2" repr="wheelFrontRight" forcePointRatio="0.2" initialCompression="15" suspTravel="0.08" spring="85" damper="50" yOffset="0.03"/>
                    </wheel>
                    <wheel dimensions="560_60R22_5" isLeft="true" hasTireTracks="true" hasParticles="true" >
                        <physics tipOcclusionAreaGroupId="1" restLoad="1.2" repr="axisBackLeft"  driveNode="wheelBackLeft"  forcePointRatio="0.2" initialCompression="15" suspTravel="0.08" spring="85" damper="50" yOffset="0.03"/>
                        <steeringAxle scale="-0.7" rotMin="-15" rotMax="15"/>
                    </wheel>
                    <wheel dimensions="560_60R22_5" isLeft="false" hasTireTracks="true" hasParticles="true" >
                        <physics tipOcclusionAreaGroupId="1" restLoad="1.2" repr="axisBackRight" driveNode="wheelBackRight" forcePointRatio="0.2" initialCompression="15" suspTravel="0.08" spring="85" damper="50" yOffset="0.03"/>
                        <steeringAxle scale="-0.7" rotMin="-15" rotMax="15"/>
                        <steering node="steeringBar" nodeMinTransX="0.1" nodeMaxTransX="-0.1"/>
                    </wheel>
                </wheels>
            </wheelConfiguration>

            <wheelConfiguration name="$l10n_configuration_valueWheelBroad" price="750" saveId="BROAD">
                <wheels baseConfig="DEFAULT">
                    <wheel dimensions="650_50R22_5"/>
                    <wheel dimensions="650_50R22_5"/>
                    <wheel dimensions="650_50R22_5"/>
                    <wheel dimensions="650_50R22_5"/>
                </wheels>
            </wheelConfiguration>
        </wheelConfigurations>

        <rimMaterial materialTemplateName="RIM_DEFAULT"/>
        <hubMaterial materialTemplateName="RIM_DEFAULT"/>

        <hubs>
            <hub linkNode="wheelFrontLeft"  filename="$data/shared/wheels/hubs/hub_n10_5.xml" isLeft="true"  scale="0.335 0.335 0.335" offset="0.012"/>
            <hub linkNode="wheelFrontRight" filename="$data/shared/wheels/hubs/hub_n10_5.xml" isLeft="false" scale="0.335 0.335 0.335" offset="0.012"/>
            <hub linkNode="wheelBackLeft"   filename="$data/shared/wheels/hubs/hub_n10_5.xml" isLeft="true"  scale="0.335 0.335 0.335" offset="0.012"/>
            <hub linkNode="wheelBackRight"  filename="$data/shared/wheels/hubs/hub_n10_5.xml" isLeft="false" scale="0.335 0.335 0.335" offset="0.012"/>
        </hubs>
    </wheels>

    <attachable>
        <inputAttacherJoints>
            <inputAttacherJoint node="attacherJoint" jointType="trailer" attacherHeight="0.96"/>
        </inputAttacherJoints>
        <brakeForce force="0.65" maxForce="1.9" maxForceMass="20000"/>
        <steeringAxleAngleScale startSpeed="0" endSpeed="90" backwards="false"/>
        <support animationName="moveSupport" />
        <airConsumer usage="0.3" />

        <sounds>
            <active file="$data/sounds/tools/trailer/trailerRattle_02.wav" innerRadius="10" outerRadius="50" volumeScale="5" isLocalSound="true" pitchScale="0.9">
                <volume indoor="0.6" outdoor="0.9" >
                    <modifier type="WHEEL_SUSPENSION" value="-0.07" modifiedValue="0.35"/>
                    <modifier type="WHEEL_SUSPENSION" value="-0.00" modifiedValue="0.0"/>
                    <modifier type="WHEEL_SUSPENSION" value="0.07" modifiedValue="0.35"/>

                    <modifier type="SPEED" value="0.0" modifiedValue="0.0"/>
                    <modifier type="SPEED" value="2.0" modifiedValue="1.0"/>
                    <modifier type="SPEED" value="40.0" modifiedValue="1.0"/>
                </volume>
                <lowpassCutoffFrequency indoor="300" outdoor="20000" />
                <lowpassGain indoor="0.7" outdoor="1" />
            </active>
        </sounds>
    </attachable>

    <dynamicallyLoadedParts>
        <dynamicallyLoadedPart node="0" linkNode="chockSupport" filename="$data/shared/assets/wheelChocks/wheelChockSupport01.i3d"/>
    </dynamicallyLoadedParts>

    <connectionHoses>
        <target attacherJointIndices="1" type="hydraulicIn" node="hydraulic01_in" socket="hydraulic03"/>
        <target attacherJointIndices="1" type="hydraulicIn" node="hydraulic01_out" socket="hydraulic03"/>
        <target attacherJointIndices="1" type="electric" node="electric" socket="electric_metal" />
        <target attacherJointIndices="1" type="airDoubleYellow" node="airYellow" socket="air_yellow" />
        <target attacherJointIndices="1" type="airDoubleRed" node="airRed" socket="air_red" />

        <hose inputAttacherJointIndices="1" type="airDoubleRed"  node="hydraulicIn01"  length="0.5" diameter="0.02" straighteningFactor="1.5" >
            <objectChange node="hydraulicIn01_detached" visibilityActive="false" visibilityInactive="true"/>
        </hose>
        <hose inputAttacherJointIndices="1" type="airDoubleYellow" node="hydraulicOut01" length="0.5" diameter="0.02" straighteningFactor="0.5">
            <objectChange node="hydraulicOut01_detached" visibilityActive="false" visibilityInactive="true"/>
        </hose>
        <hose inputAttacherJointIndices="1" type="hydraulicIn"  node="hydraulicIn02"  length="0.5" diameter="0.02" straighteningFactor="0.5">
            <objectChange node="hydraulicIn02_detached" visibilityActive="false" visibilityInactive="true"/>
        </hose>
        <hose inputAttacherJointIndices="1" type="hydraulicIn" node="hydraulicOut02" length="0.5" diameter="0.02" straighteningFactor="0.5">
            <objectChange node="hydraulicOut02_detached" visibilityActive="false" visibilityInactive="true"/>
        </hose>
        <hose inputAttacherJointIndices="1" type="electric" node="electricFront" length="0.5" diameter="0.01" straighteningFactor="1.5">
            <objectChange node="electricFront_detached" visibilityActive="false" visibilityInactive="true"/>
        </hose>
        <sounds>
            <connect    type="airDoubleRed" template="hydraulicHosesAttach" volumeScale="0.7" linkNode="attacherJoint"/>
            <disconnect type="airDoubleRed" template="hydraulicHosesDetach" volumeScale="0.7" linkNode="attacherJoint"/>
        </sounds>
    </connectionHoses>

    <attacherJoints>
        <attacherJoint node="trailerAttacherJoint" jointType="trailer" lowerRotLimit="25 55 50" upperRotationOffset="0" allowsJointLimitMovement="false" canTurnOnImplement="false" >
            <schema position="1 0" rotation="0" invertX="false" />
        </attacherJoint>
        <sounds>
            <attach template="attach01" linkNode="tdk301RP_main_component1" />
        </sounds>
    </attacherJoints>

    <lights>
        <sharedLight linkNode="rearLight29_left"  filename="$data/shared/assets/lights/lizard/rearLight29_left.xml" />
        <sharedLight linkNode="rearLight29_right" filename="$data/shared/assets/lights/lizard/rearLight29_right.xml" />
        <sharedLight linkNode="sideMarker03Left" filename="$data/shared/assets/lights/lizard/sideMarker03_left.xml" />
        <sharedLight linkNode="sideMarker03Right" filename="$data/shared/assets/lights/lizard/sideMarker03_right.xml" />
        <sharedLight linkNode="sideMarker_08OrangeLeft" filename="$data/shared/assets/reflectors/lizard/yellowRound_01.xml" />
        <sharedLight linkNode="sideMarker_08OrangeLeft1" filename="$data/shared/assets/reflectors/lizard/yellowRound_01.xml" />
        <sharedLight linkNode="sideMarker_08OrangeRight" filename="$data/shared/assets/reflectors/lizard/yellowRound_01.xml" />
        <sharedLight linkNode="sideMarker_08OrangeRight1" filename="$data/shared/assets/reflectors/lizard/yellowRound_01.xml" />
        <sharedLight linkNode="plateNumberLight01"  filename="$data/shared/assets/lights/lizard/plateNumberLight02.xml" />
        <sharedLight linkNode="plateNumberLight02"  filename="$data/shared/assets/lights/lizard/plateNumberLight02.xml" />

        <realLights>
            <high>
                <light node="backLightsHigh1" lightTypes="0" />
                <light node="licensePlateLightHigh" lightTypes="0" />
                <turnLightLeft node="turnLightLeftBack" />
                <turnLightRight node="turnLightRightBack" />
                <brakeLight node="backLightsHigh1" />
                <reverseLight node="reverseLight" />
            </high>
        </realLights>
    </lights>

    <animations>
        <animation name="tipAnimationBack">
            <part node="body"                     startTime="0.0" endTime="14" startRot="0 0 0" endRot="-40 0 0" />
            <part node="effectNodesBack"          startTime="0.0" endTime="14" startRot="0 0 0" endRot="40 0 0" />
            <part node="doorBackLock"             startTime="0.0" endTime="0.2" startRot="0 0 0" endRot="-70 0 0" />
            <part node="doorBack" direction="-1"  startTime="0.0" endTime="14" startRot="0 0 0" endRot="20 0 0" />
            <part node="doorBack" direction="1"   startTime="5.0" endTime="5.5" startRot="0 0 0" endRot="30 0 0" />
            <part node="doorBack" direction="1"   startTime="5.5" endTime="14" startRot="30 0 0" endRot="40 0 0" />

            <sound template="metalLowVar2"          startTime="0.15"  direction="-1"  volumeScale="2.2" pitchScale="1.2"/>
            <sound template="metalClose"            startTime="0.15"  direction="-1"  volumeScale="1.2" pitchScale="0.8"/>
            <sound template="metalOpen"             startTime="0.15"  direction="1"   volumeScale="1.5" pitchScale="0.6"/>
            <sound template="metalLowVar2"          startTime="13.99" direction="1"   volumeScale="2.5" pitchScale="1.2"/>
            <sound template="metalClose"            startTime="13.99" direction="1"   volumeScale="1.2" pitchScale="0.7"/>
            <sound template="thudVar2"              startTime="13.9"  direction="-1"  volumeScale="1.4" pitchScale="0.7"/>
            <sound template="clackVar6"             startTime="13.99" direction="-1"  volumeScale="0.7" pitchScale="0.3"/>
            <sound template="latchSmall"            startTime="0.01"  direction="0"   volumeScale="0.2" pitchScale="0.9"/>
            <sound template="clackVar2"             startTime="0.01"  direction="0"   volumeScale="1.0" pitchScale="1.7"/>
            <sound template="metalOpen"             startTime="5.1"   direction="1"   volumeScale="2.5" pitchScale="0.7"/>
            <sound template="metalClose"            startTime="0.01"  direction="-1"  volumeScale="1.5" pitchScale="0.7"/>
            <sound template="hingeMedium"           startTime="5.1"   direction="1"   volumeScale="1.4" pitchScale="0.8"/>
            <sound template="cylinderPunch" startTime="0.01"  direction="0"/>
            <sound template="cylinderPunch" startTime="13.99" direction="1"/>

            <sound template="hydraulicClose03" startTime="0.1" endTime="13.99" direction="1" volumeScale="1.9" pitchScale="0.8"/>
            <sound template="hydraulicClose01" startTime="0.1" endTime="13.99" direction="1" volumeScale="2.4" pitchScale="0.7"/>

            <sound template="hydraulicOpen06"  startTime="0.1" endTime="13.99" direction="-1" volumeScale="0.6" startPitchScale="0.5" endPitchScale="0.7" fadeIn="0.1" />
            <sound template="hydraulicOpen02"  startTime="0.1" endTime="13.99" direction="-1" volumeScale="0.8" startPitchScale="1.5" endPitchScale="1.7" fadeIn="0.1" />

        </animation>
        <animation name="tipAnimationLeft">
            <part node="doorLeft" startTime="0.5" endTime="2.5" startRot="0 0 0" endRot="0 0 75" />
            <part node="leftDoorLockArm" startTime="0" endTime="0.5" startRot="0 0 0" endRot="0 0 -50" />
            <part node="leftDoorLockArm01" startTime="0" endTime="0.5" startRot="0 0 0" endRot="0 0 70" />
            <part node="bodyLeft" startTime="2" endTime="8" startRot="0 0 0" endRot="0 0 -45" />
            <part node="effectNodesLeft" startTime="2" endTime="8" startRot="0 0 0" endRot="0 0 45" />

            <part node="deformNode01" startTime="0.2" endTime="1.0" startTrans="0 0 0" endTrans="0 0 -0.2" />
            <part node="deformNode02" startTime="0.2" endTime="1.0" startTrans="0 0 0" endTrans="0 0 -0.2" />
            <part node="deformNode03" startTime="0.2" endTime="1.0" startTrans="0 0 0" endTrans="0 0 -0.2" />


            <part node="deformNode01" startTime="1.5" endTime="3.0" startTrans="0 0 -0.2" endTrans="0 0 0" />
            <part node="deformNode02" startTime="1.5" endTime="3.0" startTrans="0 0 -0.2" endTrans="0 0 0" />
            <part node="deformNode03" startTime="1.5" endTime="3.0" startTrans="0 0 -0.2" endTrans="0 0 0" />


            <sound template="metalLowVar2"          startTime="0.45" direction="-1"  volumeScale="2.2" pitchScale="1.2"/>
            <sound template="metalClose"            startTime="0.45" direction="-1"  volumeScale="1.2" pitchScale="1"/>
            <sound template="metalOpen"             startTime="0.15" direction="1"   volumeScale="1.5" pitchScale="0.4"/>
            <sound template="metalClose"            startTime="0.45" direction="1"   volumeScale="1.5" pitchScale="0.4"/>
            <sound template="metalLowVar2"          startTime="7.99" direction="0"   volumeScale="2.5" pitchScale="1.2"/>
            <sound template="metalClose"            startTime="7.99" direction="1"   volumeScale="1.2" pitchScale="0.7"/>
            <sound template="metalClose"            startTime="7.99" direction="-1"  volumeScale="2"   pitchScale="0.6"/>
            <sound template="metalOpen"             startTime="2.50" direction="-1"  volumeScale="2.2" pitchScale="0.6"/>
            <sound template="clackVar2"             startTime="0.2"  direction="0"   volumeScale="0.7" pitchScale="2"/>
            <sound template="metalOpen"             startTime="2.1"  direction="1"   volumeScale="1.5" pitchScale="0.7"/>
            <sound template="vibratingImp"          startTime="2.1"  direction="-1"  volumeScale="1.3" pitchScale="1.1"/>
            <sound template="metalClose"            startTime="0.51" direction="-1"  volumeScale="1.5" pitchScale="0.7"/>
            <sound template="metalOpen"             startTime="0.45" direction="1"   volumeScale="3.5" pitchScale="0.6"/>
            <sound template="cylinderPunch" startTime="0.45"  direction="0"/>
            <sound template="cylinderPunch" startTime="7.99" direction="0"/>
            <sound template="cylinderPunch" startTime="2.50" direction="1"/>
            <sound template="cylinderPunch" startTime="2.1"  direction="-1"/>

            <sound template="hydraulicOpen02" startTime="0.5" endTime="2.5" direction="1" volumeScale="2.0" pitchScale="0.85" fadeIn="0.1"/>
            <sound template="hydraulicOpen05" startTime="0.5" endTime="2.5" direction="1" volumeScale="2.5" pitchScale="0.85" fadeIn="0.1"/>

            <sound template="hydraulicClose03" startTime="2.0" endTime="7.99" direction="1" volumeScale="1.9" pitchScale="0.8"/>
            <sound template="hydraulicClose01" startTime="2.0" endTime="7.99" direction="1" volumeScale="2.4" pitchScale="0.7"/>

            <sound template="hydraulicOpen06"  startTime="2.0" endTime="7.99" direction="-1" volumeScale="0.6" startPitchScale="0.5" endPitchScale="0.7" fadeIn="0.1" />
            <sound template="hydraulicOpen02"  startTime="2.0" endTime="7.99" direction="-1" volumeScale="0.8" startPitchScale="1.5" endPitchScale="1.7" fadeIn="0.1" />

            <sound template="hydraulicOpen05" startTime="0.5" endTime="2.5" direction="-1" volumeScale="1.3" pitchScale="1.7" fadeIn="0.1" />
        </animation>
        <animation name="tipAnimationRight">
            <part node="bodyRight"                 startTime="0.0" endTime="8" startRot="0 0 0" endRot="0 0 45" />
            <part node="effectNodesRight"          startTime="0.0" endTime="8" startRot="0 0 0" endRot="0 0 -45" />
            <part node="doorRightLock"             startTime="0.0" endTime="0.2" startRot="0 0 0" endRot="0 0 75" />
            <part node="doorRightLockArm01"        startTime="0.0" endTime="0.2" startRot="0 0 0" endRot="0 0 -66" />
            <part node="doorRight" direction="-1"  startTime="0.0" endTime="8" startRot="0 0 0" endRot="0 0 -40" />
            <part node="doorRight" direction="1"   startTime="2.2" endTime="2.5" startRot="0 0 0" endRot="0 0 -30" />
            <part node="doorRight" direction="1"   startTime="2.5" endTime="8" startRot="0 0 30" endRot="0 0 -40" />

            <sound template="metalLowVar2"          startTime="0.15"  direction="-1"   volumeScale="2.2" pitchScale="1.2"/>
            <sound template="metalClose"            startTime="0.15"  direction="-1"   volumeScale="1.2" pitchScale="0.8"/>
            <sound template="clackVar6"             startTime="0.15"  direction="1"    volumeScale="1"   pitchScale="0.6"/>
            <sound template="cylinderPunch"         startTime="0.15"  direction="1"    volumeScale="0.8"   pitchScale="0.6"/>
            <sound template="metalLowVar2"          startTime="07.99" direction="0"    volumeScale="2.5" pitchScale="1.2"/>
            <sound template="metalClose"            startTime="07.99" direction="1"    volumeScale="1.2" pitchScale="0.7"/>
            <sound template="metalClose"            startTime="07.99" direction="-1"   volumeScale="2"   pitchScale="0.6"/>
            <sound template="latchSmall"            startTime="0.01"  direction="0"    volumeScale="0.2" pitchScale="0.9"/>
            <sound template="clackVar2"             startTime="0.01"  direction="0"    volumeScale="1.0" pitchScale="1.7"/>
            <sound template="metalOpen"             startTime="2.1"   direction="1"    volumeScale="2.5" pitchScale="0.7"/>
            <sound template="metalClose"            startTime="0.01"  direction="-1"   volumeScale="1.5" pitchScale="0.7"/>
            <sound template="hingeMedium"           startTime="2.1"   direction="1"    volumeScale="1.4" pitchScale="0.8"/>
            <sound template="cylinderPunch" startTime="0.01"  direction="0"/>
            <sound template="cylinderPunch" startTime="7.99" direction="0"/>


            <sound template="hydraulicClose03" startTime="0.1" endTime="7.99" direction="1" volumeScale="1.9" pitchScale="0.8"/>
            <sound template="hydraulicClose01" startTime="0.1" endTime="7.99" direction="1" volumeScale="2.4" pitchScale="0.7"/>
            <sound template="hydraulicOpen06"  startTime="0.1" endTime="7.99" direction="-1" volumeScale="0.6" startPitchScale="0.5" endPitchScale="0.7" fadeIn="0.1" />
            <sound template="hydraulicOpen02"  startTime="0.1" endTime="7.99" direction="-1" volumeScale="0.8" startPitchScale="1.5" endPitchScale="1.7" fadeIn="0.1" />

        </animation>
        <animation name="tipAnimationGrainDoor">
            <part node="body" startTime="0.0" endTime="24" startRot="0 0 0" endRot="-40 0 0" />
            <part node="effectNodesDoor" startTime="0.0" endTime="24" startRot="0 0 0" endRot="40 0 0" />

            <sound template="metalLowVar2"          startTime="0.15"  direction="-1"  volumeScale="2.2" pitchScale="1.2"/>
            <sound template="metalClose"            startTime="0.15"  direction="-1"  volumeScale="1.2" pitchScale="0.8"/>
            <sound template="metalOpen"             startTime="0.15"  direction="1"   volumeScale="1.5" pitchScale="0.6"/>
            <sound template="metalLowVar2"          startTime="23.99" direction="0"   volumeScale="2.5" pitchScale="1.2"/>
            <sound template="metalClose"            startTime="23.99" direction="1"   volumeScale="1.2" pitchScale="0.7"/>
            <sound template="metalClose"            startTime="23.99" direction="-1"  volumeScale="2"   pitchScale="0.6"/>
            <sound template="cylinderPunch" startTime="0.01"  direction="0"/>
            <sound template="cylinderPunch" startTime="23.99" direction="0"/>

            <sound template="hydraulicClose03" startTime="0.1" endTime="23.99" direction="1" volumeScale="1.9" pitchScale="0.8"/>
            <sound template="hydraulicClose01" startTime="0.1" endTime="23.99" direction="1" volumeScale="2.4" pitchScale="0.7"/>

            <sound template="hydraulicOpen06"  startTime="0.1" endTime="23.99" direction="-1" volumeScale="0.6" startPitchScale="0.5" endPitchScale="0.7" fadeIn="0.1" />
            <sound template="hydraulicOpen02"  startTime="0.1" endTime="23.99" direction="-1" volumeScale="0.8" startPitchScale="1.5" endPitchScale="1.7" fadeIn="0.1" />
        </animation>
        <animation name="tipAnimationGrainDoorDoor">
            <part node="grainDoor" startTime="0.0" endTime="0.5" startTrans="0 0 0" endTrans="0 0.157 0" />

            <sound template="latchSmall" startTime="0.01" direction="1"  volumeScale="0.4" pitchScale="0.5"/>
            <sound template="latchSmall" startTime="0.0"  direction="-1" volumeScale="0.2" pitchScale="0.7"/>
            <sound template="slideOpen"  startTime="0.01" direction="1"  volumeScale="3.5" pitchScale="2.5"/>
            <sound template="slideClose" startTime="0.49" direction="-1" volumeScale="3.5" pitchScale="2.5"/>
            <sound template="metalClose" startTime="0.49" direction="1"  volumeScale="0.8" pitchScale="2"/>
            <sound template="metalClose" startTime="0.0"  direction="-1" volumeScale="0.8" pitchScale="1.8"/>
        </animation>
        <animation name="moveSupport">
            <part node="supportArm"     startTime="0.0" endTime="1" startRot="0 0 0" endRot="-40 0 0" />
            <part node="supportArmPart" startTime="0.0" endTime="1" startRot="0 0 0" endRot="40 0 0" />

            <sound template="vibratingImp"        startTime="0.01" direction="-1"   volumeScale="0.9"   pitchScale="1.2" linkNode="attacherJoint"/>
            <sound template="hingeImp"            startTime="0.1"  direction="-1"   volumeScale="0.7"   pitchScale="1.2" linkNode="attacherJoint"/>
            <sound template="hydraulicSoftOpen02" startTime="0.01" endTime="0.99"  volumeScale="1.4"   pitchScale="1.5" linkNode="attacherJoint"/>
        </animation>
    </animations>

    <cylindered>
        <movingTools>
            <movingTool node="supportArm" playSound="true" >
                <dependentPart node="supportArmHydraulic" />
            </movingTool>
            <movingTool node="grainDoor" playSound="false" >
                <dependentPart node="grainDoorArm01" />
            </movingTool>
            <movingTool node="doorRightLockArm01" playSound="false" >
                <dependentPart node="doorRightLockArm02" />
            </movingTool>
            <movingTool node="body" playSound="true" >
                <dependentPart node="bodyHydraulicZRot" />
                <dependentPart node="bodyHydraulicXRot" />
            </movingTool>
            <movingTool node="bodyLeft" playSound="true" >
                <dependentPart node="bodyHydraulicZRot" />
                <dependentPart node="bodyHydraulicXRot" />
            </movingTool>
            <movingTool node="doorLeft" playSound="true">
                <dependentPart node="doorLeftHydraulic" />
            </movingTool>
            <movingTool node="leftDoorLockArm" playSound="true">
                <dependentPart node="leftDoorLockArm02" />
                <dependentPart node="leftDoorLockArmHydraulic" />
            </movingTool>
            <movingTool node="bodyRight" playSound="true" >
                <dependentPart node="bodyHydraulicZRot" />
                <dependentPart node="bodyHydraulicXRot" />
            </movingTool>
        </movingTools>

        <movingParts>
            <movingPart node="steeringBarLeft" referencePoint="steeringBarLeftRef" referenceFrame="steeringBarLeftRef" isActiveDirty="true" maxUpdateDistance="50"/>
            <movingPart node="steeringBarRight" referencePoint="steeringBarRightRef" referenceFrame="steeringBarRightRef" isActiveDirty="true" maxUpdateDistance="50"/>
            <movingPart node="supportArmHydraulic" referencePoint="supportArmHydraulicRef" referenceFrame="supportArmHydraulicRef">
                <translatingPart node="supportArmHydraulicPunch" />
            </movingPart>
            <movingPart node="bodyHydraulicZRot" referencePoint="bodyHydraulicZRotRef" referenceFrame="bodyHydraulicZRotRef" limitedAxis="3" />
            <movingPart node="bodyHydraulicXRot" referencePoint="bodyHydraulicZRotRef" referenceFrame="bodyHydraulicZRotRef" divideTranslatingDistance="false" >
                <translatingPart node="hydraulicBodyPartPunch01" maxZTrans="0.4"/>
                <translatingPart node="hydraulicBodyPartPunch02" maxZTrans="0.4"/>
                <translatingPart node="hydraulicBodyPartPunch03" maxZTrans="0.4"/>
                <translatingPart node="hydraulicBodyPartPunch04" maxZTrans="0.4"/>
            </movingPart>
            <movingPart node="leftDoorLockArm02" referencePoint="leftDoorLockArm02Ref" referenceFrame="leftDoorLockArm02Ref" scaleZ="true"/>
            <movingPart node="leftDoorLockArmHydraulic" referencePoint="leftDoorLockArmHydraulicRef" referenceFrame="leftDoorLockArmHydraulicRef">
                <translatingPart node="leftDoorLockArmHydraulicPunch" />
            </movingPart>
            <movingPart node="doorLeftHydraulic" referencePoint="doorLeftHydraulicRef" referenceFrame="doorLeftHydraulicRef">
                <translatingPart node="doorLeftHydraulicPunch" />
            </movingPart>
            <movingPart node="grainDoorArm01" localReferencePoint="grainDoorArm02" referencePoint="grainDoorArm02Ref" referenceFrame="grainDoorArm01RefFrame" >
                <dependentPart node="grainDoorArm02" />
            </movingPart>
            <movingPart node="grainDoorArm02" referencePoint="grainDoorArm02Ref" referenceFrame="grainDoorArm02RefFrame" />
            <movingPart node="doorRightLockArm02" referencePoint="doorRightLockArm02Ref" referenceFrame="doorRightLockArm02Ref"/>
        </movingParts>

        <sounds>
            <actionSound template="cylinderPunch" pitchScale="0.7" linkNode="bodyHydraulicXRot" actionNames="TRANSLATING_END_NEG" nodes="hydraulicBodyPartPunch02"/>
            <actionSound template="cylinderPunch" pitchScale="0.7" linkNode="bodyHydraulicXRot" actionNames="TRANSLATING_END_NEG" nodes="hydraulicBodyPartPunch03"/>
            <actionSound template="cylinderPunch" pitchScale="0.7" linkNode="bodyHydraulicXRot" actionNames="TRANSLATING_END_NEG" nodes="hydraulicBodyPartPunch04"/>
        </sounds>
    </cylindered>

    <fillUnit>
        <fillUnitConfigurations>
            <fillUnitConfiguration>
                <fillUnits>
                    <fillUnit shopDisplayUnit="CUBICMETER" fillTypeCategories="BULK" capacity="37000" allowAILoading="true">
                        <exactFillRootNode node="exactFillRootNode" />
                        <autoAimTargetNode node="fillAutoAimTarget01" startZ="4.05" endZ="0.5" invert="false" startPercentage="25"/>
                    </fillUnit>
                </fillUnits>
                <objectChange node="exactFillRootNode" translationActive="0 -0.4 0"/>
            </fillUnitConfiguration>
            <fillUnitConfiguration price="3500">
                <fillUnits>
                    <fillUnit shopDisplayUnit="CUBICMETER" fillTypeCategories="BULK" capacity="49000" allowAILoading="true">
                        <exactFillRootNode node="exactFillRootNode" />
                        <autoAimTargetNode node="fillAutoAimTarget02" startZ="4.05" endZ="0.5" invert="false" startPercentage="25"/>
                    </fillUnit>
                </fillUnits>
                <objectChange node="exactFillRootNode" translationActive="0 0 0"/>
                <objectChange node="bodyExtension" visibilityActive="true" visibilityInactive="false"/>
                <objectChange node="doorLeftExtension" visibilityActive="true" visibilityInactive="false"/>
                <objectChange node="colPart015" compoundChildActive="true" compoundChildInactive="false"/>
                <objectChange node="colPart012" compoundChildActive="true" compoundChildInactive="false"/>
                <objectChange node="colPart016" compoundChildActive="true" compoundChildInactive="false"/>
                <objectChange node="colPart017" compoundChildActive="true" compoundChildInactive="false"/>
                <size height="3.7"/>
            </fillUnitConfiguration>
        </fillUnitConfigurations>
    </fillUnit>

    <fillVolume>
        <fillVolumeConfigurations>
            <fillVolumeConfiguration>
                <volumes>
                    <volume node="fillVolumeSmall" maxDelta="0.05" maxAllowedHeapAngle="10" fillUnitIndex="1" />
                </volumes>
            </fillVolumeConfiguration>
            <fillVolumeConfiguration>
                <volumes>
                    <volume node="fillVolumeBig" maxDelta="0.05" maxAllowedHeapAngle="10" fillUnitIndex="1" >
                        <deformNode node="deformNode01" />
                        <deformNode node="deformNode02" />
                        <deformNode node="deformNode03" />
                    </volume>
                </volumes>
            </fillVolumeConfiguration>
        </fillVolumeConfigurations>

        <unloadInfos>
            <unloadInfo>
                <node node="unloadInfoBack" width="1.0" length="4.5" />
            </unloadInfo>
            <unloadInfo>
                <node node="unloadInfoLeft" width="1.0" length="4.5" />
            </unloadInfo>
            <unloadInfo>
                <node node="unloadInfoRight" width="1.0" length="4.5" />
            </unloadInfo>
        </unloadInfos>

        <heightNodes>
            <heightNode fillVolumeIndex="1">
                <refNode node="heightNode01" />
                <refNode node="heightNode02" />
                <node node="effectParticleLeft" baseScale="1 0.1 1" scaleAxis="0 0.6 0"/>
            </heightNode>
        </heightNodes>
    </fillVolume>

    <trailer>
        <trailerConfigurations>
            <trailerConfiguration>
                <trailer>
                    <tipSide name="$l10n_info_tipSideBack" dischargeNodeIndex="1">
                        <animation name="tipAnimationBack" speedScale="0.65" closeSpeedScale="2" startTipTime="0.4"/>
                        <objectChange node="boltBackRight" visibilityActive="true" />
                        <objectChange node="boltBackLeft" visibilityActive="true" />
                        <objectChange node="boltFrontRight" visibilityActive="false" />
                        <objectChange node="boltFrontLeft" visibilityActive="false" />
                    </tipSide>
                    <tipSide name="$l10n_info_tipSideBackGrainDoor" dischargeNodeIndex="2" >
                        <animation name="tipAnimationGrainDoor" speedScale="0.65" closeSpeedScale="2.5"/>
                        <doorAnimation name="tipAnimationGrainDoorDoor" speedScale="1.0" startTipTime="0.4"/>
                        <objectChange node="boltBackRight" visibilityActive="true" />
                        <objectChange node="boltBackLeft" visibilityActive="true" />
                        <objectChange node="boltFrontRight" visibilityActive="false" />
                        <objectChange node="boltFrontLeft" visibilityActive="false" />
                    </tipSide>
                    <tipSide name="$l10n_info_tipSideLeft" dischargeNodeIndex="3">
                        <animation name="tipAnimationLeft" speedScale="0.55" closeSpeedScale="1.5" startTipTime="0.15"/>
                        <objectChange node="boltFrontLeft" visibilityActive="true" />
                        <objectChange node="boltBackLeft" visibilityActive="true" />
                        <objectChange node="boltBackRight" visibilityActive="false" />
                        <objectChange node="boltFrontRight" visibilityActive="false" />
                    </tipSide>
                    <tipSide name="$l10n_info_tipSideRight" dischargeNodeIndex="4">
                        <animation name="tipAnimationRight" speedScale="0.45" closeSpeedScale="1.5" startTipTime="0.28"/>
                        <objectChange node="boltFrontRight" visibilityActive="true" />
                        <objectChange node="boltBackRight" visibilityActive="true" />
                        <objectChange node="boltBackLeft" visibilityActive="false" />
                        <objectChange node="boltFrontLeft" visibilityActive="false" />
                    </tipSide>
                </trailer>
            </trailerConfiguration>
        </trailerConfigurations>
    </trailer>

    <licensePlates>
        <licensePlate node="licensePlateNodeBack" position="BACK" preferedType="ELONGATED" placementArea="0.09 0.27 0.15 0.27"/>
    </licensePlates>

    <dischargeable>
        <dischargeNode node="dischargeNodeBack" emptySpeed="1750" fillUnitIndex="1" unloadInfoIndex="1" allowAIDischarge="true">
            <info width="2" length="0.5" />
            <effects>
                <effectNode effectClass="TipEffect">
                    <effectNode effectNode="effectParticleBack" effectClass="ParticleEffect" materialType="unloadingParticle" emitCountScale="3"/>
                    <effectNode effectNode="effectGrainBack" materialType="unloading" fadeTime="0.5" extraDistanceNode="dischargeNodeBack" extraDistance="0.2"/>
                </effectNode>
                <effectNode effectNode="effectSmokeBack" materialType="unloadingSmoke" fadeTime="0.5" />
            </effects>
        </dischargeNode>
        <dischargeNode node="dischargeNodeGrainDoor" emptySpeed="612" fillUnitIndex="1" unloadInfoIndex="1" >
            <info width="0.5" length="0.5" />
            <effects>
                <effectNode effectClass="TipEffect">
                    <effectNode effectNode="effectParticleDoor" effectClass="ParticleEffect" materialType="unloadingParticle" emitCountScale="5"/>
                    <effectNode effectNode="effectGrainDoor" materialType="unloading" fadeTime="0.5" extraDistanceNode="dischargeNodeGrainDoor" extraDistance="0.2"/>
                </effectNode>
                <effectNode effectNode="effectSmokeDoor" materialType="unloadingSmoke" fadeTime="0.5" />
            </effects>
        </dischargeNode>
        <dischargeNode node="dischargeNodeLeft" emptySpeed="1750" fillUnitIndex="1" unloadInfoIndex="2" >
            <info width="5" length="0.5" />
            <effects>
                <effectNode effectClass="TipEffect">
                    <effectNode effectNode="effectParticleLeft" effectClass="ParticleEffect" materialType="unloadingParticle" emitCountScale="1"/>
                    <effectNode effectNode="effectGrainLeft" materialType="unloading" fadeTime="0.5" extraDistanceNode="dischargeNodeLeft" extraDistance="0.25"/>
                </effectNode>
                <effectNode effectNode="effectSmokeLeft" materialType="unloadingSmoke" fadeTime="0.5" />
            </effects>
        </dischargeNode>
        <dischargeNode node="dischargeNodeRight" emptySpeed="1750" fillUnitIndex="1" unloadInfoIndex="3" >
            <info width="5" length="0.5" />
            <effects>
                <effectNode effectClass="TipEffect">
                    <effectNode effectNode="effectParticleRight" effectClass="ParticleEffect" materialType="unloadingParticle" emitCountScale="2"/>
                    <effectNode effectNode="effectGrainRight" materialType="unloading" fadeTime="0.5" extraDistanceNode="dischargeNodeRight" extraDistance="0.25"/>
                </effectNode>
                <effectNode effectNode="effectSmokeRight" materialType="unloadingSmoke" fadeTime="0.5" />
            </effects>
        </dischargeNode>
    </dischargeable>

    <ai>
        <allowTurnBackward value="false"/>
        <turningRadiusLimitation radius="7"/>
        <agentAttachment jointNode="attacherJoint" rotCenterWheelIndices="1 2 3 4" useSize="true"/>
    </ai>

    <foliageBending>
        <bendingNode wheelIndices="1 2 3 4" minZ="-2.2" maxZ="3" yOffset="0.6"/>
        <bendingNode minX="-0.2" maxX="0.2" minZ="3" maxZ="4.5" yOffset="0.6"/>
    </foliageBending>

    <designColorConfigurations title="$l10n_configuration_extensionColor">
        <designColorConfiguration materialTemplateName="RUDOLPHSOHN_RED1"/>
        <designColorConfiguration materialTemplateName="RUDOLPHSOHN_DARKGREEN"/>

        <material materialSlotName="extension_mat"/>
    </designColorConfigurations>

    <wearable wearDuration="480" workMultiplier="5" fieldMultiplier="2"/>
    <washable dirtDuration="90" washDuration="1" workMultiplier="3" fieldMultiplier="2"/>

    <i3dMappings>
        <i3dMapping id="tdk301RP_main_component1" node="0>" />
        <i3dMapping id="tdk301RP_vis" node="0>0" />
        <i3dMapping id="attacherJoint" node="0>0|0|0" />
        <i3dMapping id="trailerAttacherJoint" node="0>0|0|1" />
        <i3dMapping id="hydraulicIn01" node="0>0|0|2|0" />
        <i3dMapping id="hydraulicOut01" node="0>0|0|2|1" />
        <i3dMapping id="hydraulicIn02" node="0>0|0|2|2" />
        <i3dMapping id="hydraulicOut02" node="0>0|0|2|3" />
        <i3dMapping id="electricFront" node="0>0|0|2|4" />
        <i3dMapping id="hydraulicIn01_detached" node="0>0|0|2|5" />
        <i3dMapping id="hydraulicOut01_detached" node="0>0|0|2|6" />
        <i3dMapping id="hydraulicIn02_detached" node="0>0|0|2|7" />
        <i3dMapping id="hydraulicOut02_detached" node="0>0|0|2|8" />
        <i3dMapping id="electricFront_detached" node="0>0|0|2|9" />
        <i3dMapping id="electric" node="0>0|0|2|10" />
        <i3dMapping id="hydraulic01_in" node="0>0|0|2|11" />
        <i3dMapping id="hydraulic01_out" node="0>0|0|2|12" />
        <i3dMapping id="airYellow" node="0>0|0|2|13" />
        <i3dMapping id="airRed" node="0>0|0|2|14" />
        <i3dMapping id="wheelFrontLeft" node="0>0|1|0" />
        <i3dMapping id="wheelFrontRight" node="0>0|1|1" />
        <i3dMapping id="axisBackLeft" node="0>0|1|2|0" />
        <i3dMapping id="wheelBackLeft" node="0>0|1|2|0|0|0" />
        <i3dMapping id="steeringBarLeft" node="0>0|1|2|0|1" />
        <i3dMapping id="axisBackRight" node="0>0|1|3|0" />
        <i3dMapping id="wheelBackRight" node="0>0|1|3|0|0|0" />
        <i3dMapping id="steeringBarRight" node="0>0|1|3|0|1" />
        <i3dMapping id="steeringBar" node="0>0|1|4" />
        <i3dMapping id="steeringBarLeftRef" node="0>0|1|4|0" />
        <i3dMapping id="steeringBarRightRef" node="0>0|1|4|1" />
        <i3dMapping id="sideMarker_08OrangeLeft" node="0>0|2|0|0" />
        <i3dMapping id="sideMarker_08OrangeRight" node="0>0|2|0|1" />
        <i3dMapping id="sideMarker_08OrangeLeft1" node="0>0|2|0|2" />
        <i3dMapping id="sideMarker_08OrangeRight1" node="0>0|2|0|3" />
        <i3dMapping id="rearLight29_right" node="0>0|2|0|4" />
        <i3dMapping id="rearLight29_left" node="0>0|2|0|5" />
        <i3dMapping id="sideMarker03Left" node="0>0|2|0|6" />
        <i3dMapping id="sideMarker03Right" node="0>0|2|0|7" />
        <i3dMapping id="plateNumberLight01" node="0>0|2|0|8" />
        <i3dMapping id="plateNumberLight02" node="0>0|2|0|9" />
        <i3dMapping id="backLightsHigh1" node="0>0|2|1|0" />
        <i3dMapping id="licensePlateLightHigh" node="0>0|2|1|1" />
        <i3dMapping id="turnLightLeftBack" node="0>0|2|2|0" />
        <i3dMapping id="turnLightRightBack" node="0>0|2|2|1" />
        <i3dMapping id="reverseLight" node="0>0|2|3|0" />
        <i3dMapping id="supportArm" node="0>0|3|0|0" />
        <i3dMapping id="supportArmPart" node="0>0|3|0|0|0" />
        <i3dMapping id="supportArmHydraulicRef" node="0>0|3|0|0|1" />
        <i3dMapping id="supportArmHydraulic" node="0>0|3|0|1" />
        <i3dMapping id="supportArmHydraulicPunch" node="0>0|3|0|1|0" />
        <i3dMapping id="bodyHydraulicZRot" node="0>0|3|1" />
        <i3dMapping id="bodyHydraulicXRot" node="0>0|3|1|0" />
        <i3dMapping id="hydraulicBodyPartPunch01" node="0>0|3|1|0|0" />
        <i3dMapping id="hydraulicBodyPartPunch02" node="0>0|3|1|0|0|0" />
        <i3dMapping id="hydraulicBodyPartPunch03" node="0>0|3|1|0|0|0|0" />
        <i3dMapping id="hydraulicBodyPartPunch04" node="0>0|3|1|0|0|0|0|0" />
        <i3dMapping id="bodyRight" node="0>0|3|2" />
        <i3dMapping id="bodyLeft" node="0>0|3|2|0" />
        <i3dMapping id="body" node="0>0|3|2|0|0" />
        <i3dMapping id="bodyHydraulicZRotRef" node="0>0|3|2|0|0|0" />
        <i3dMapping id="doorLeft" node="0>0|3|2|0|0|1" />
        <i3dMapping id="doorLeftHydraulicRef" node="0>0|3|2|0|0|1|0" />
        <i3dMapping id="doorLeftExtension" node="0>0|3|2|0|0|1|3" />
        <i3dMapping id="colPart015" node="0>0|3|2|0|0|1|4" />
        <i3dMapping id="doorLeftHydraulic" node="0>0|3|2|0|0|2" />
        <i3dMapping id="doorLeftHydraulicPunch" node="0>0|3|2|0|0|2|0" />
        <i3dMapping id="doorBack" node="0>0|3|2|0|0|3" />
        <i3dMapping id="grainDoor" node="0>0|3|2|0|0|3|0" />
        <i3dMapping id="grainDoorArm02Ref" node="0>0|3|2|0|0|3|0|0" />
        <i3dMapping id="grainDoorArm01RefFrame" node="0>0|3|2|0|0|3|1" />
        <i3dMapping id="grainDoorArm02RefFrame" node="0>0|3|2|0|0|3|2" />
        <i3dMapping id="grainDoorArm01" node="0>0|3|2|0|0|3|3" />
        <i3dMapping id="grainDoorArm02" node="0>0|3|2|0|0|3|3|0" />
        <i3dMapping id="doorRight" node="0>0|3|2|0|0|4" />
        <i3dMapping id="chockSupport" node="0>0|3|2|0|0|6" />
        <i3dMapping id="wheelChock01" node="0>0|3|2|0|0|7" />
        <i3dMapping id="fillVolumeSmall" node="0>0|3|2|0|0|8|0" />
        <i3dMapping id="unloadInfoBack" node="0>0|3|2|0|0|8|1" />
        <i3dMapping id="unloadInfoLeft" node="0>0|3|2|0|0|8|2" />
        <i3dMapping id="unloadInfoRight" node="0>0|3|2|0|0|8|3" />
        <i3dMapping id="exactFillRootNode" node="0>0|3|2|0|0|8|4" />
        <i3dMapping id="fillAutoAimTarget01" node="0>0|3|2|0|0|8|5" />
        <i3dMapping id="fillAutoAimTarget02" node="0>0|3|2|0|0|8|6" />
        <i3dMapping id="fillVolumeBig" node="0>0|3|2|0|0|8|7" />
        <i3dMapping id="heightNode01" node="0>0|3|2|0|0|8|8" />
        <i3dMapping id="heightNode02" node="0>0|3|2|0|0|8|9" />
        <i3dMapping id="deformNode01" node="0>0|3|2|0|0|8|10|0" />
        <i3dMapping id="deformNode02" node="0>0|3|2|0|0|8|11|0" />
        <i3dMapping id="deformNode03" node="0>0|3|2|0|0|8|12|0" />
        <i3dMapping id="colPart012" node="0>0|3|2|0|0|9|1" />
        <i3dMapping id="colPart016" node="0>0|3|2|0|0|9|4" />
        <i3dMapping id="colPart017" node="0>0|3|2|0|0|9|5" />
        <i3dMapping id="doorRightLock" node="0>0|3|2|0|0|10" />
        <i3dMapping id="doorRightLockArm02Ref" node="0>0|3|2|0|0|10|0" />
        <i3dMapping id="doorRightLockArm01" node="0>0|3|2|0|0|11" />
        <i3dMapping id="doorRightLockArm02" node="0>0|3|2|0|0|11|0" />
        <i3dMapping id="doorBackLock" node="0>0|3|2|0|0|13" />
        <i3dMapping id="bodyExtension" node="0>0|3|2|0|0|14" />
        <i3dMapping id="effectNodesBack" node="0>0|3|2|0|0|16|0|0" />
        <i3dMapping id="effectGrainBack" node="0>0|3|2|0|0|16|0|0|0" />
        <i3dMapping id="effectSmokeBack" node="0>0|3|2|0|0|16|0|0|1" />
        <i3dMapping id="particleNodesBack" node="0>0|3|2|0|0|16|0|1" />
        <i3dMapping id="effectParticleBack" node="0>0|3|2|0|0|16|0|1|0" />
        <i3dMapping id="effectNodesDoor" node="0>0|3|2|0|0|16|1|0" />
        <i3dMapping id="effectGrainDoor" node="0>0|3|2|0|0|16|1|0|0" />
        <i3dMapping id="effectSmokeDoor" node="0>0|3|2|0|0|16|1|0|1" />
        <i3dMapping id="particleNodesDoor" node="0>0|3|2|0|0|16|1|1" />
        <i3dMapping id="effectParticleDoor" node="0>0|3|2|0|0|16|1|1|0" />
        <i3dMapping id="effectNodesLeft" node="0>0|3|2|0|0|16|2|0" />
        <i3dMapping id="effectGrainLeft" node="0>0|3|2|0|0|16|2|0|0" />
        <i3dMapping id="effectSmokeLeft" node="0>0|3|2|0|0|16|2|0|1" />
        <i3dMapping id="particleNodesLeft" node="0>0|3|2|0|0|16|2|1" />
        <i3dMapping id="effectParticleLeft" node="0>0|3|2|0|0|16|2|1|0" />
        <i3dMapping id="effectNodesRight" node="0>0|3|2|0|0|16|3|0" />
        <i3dMapping id="effectGrainRight" node="0>0|3|2|0|0|16|3|0|0" />
        <i3dMapping id="effectSmokeRight" node="0>0|3|2|0|0|16|3|0|1" />
        <i3dMapping id="particleNodesRight" node="0>0|3|2|0|0|16|3|1" />
        <i3dMapping id="effectParticleRight" node="0>0|3|2|0|0|16|3|1|0" />
        <i3dMapping id="leftDoorLockArmHydraulic" node="0>0|3|2|0|0|17" />
        <i3dMapping id="leftDoorLockArmHydraulicPunch" node="0>0|3|2|0|0|17|0" />
        <i3dMapping id="leftDoorLockArm01" node="0>0|3|2|0|0|18" />
        <i3dMapping id="leftDoorLockArm02" node="0>0|3|2|0|0|18|0" />
        <i3dMapping id="leftDoorLockArmHydraulicRef" node="0>0|3|2|0|0|18|1" />
        <i3dMapping id="leftDoorLockArm" node="0>0|3|2|0|0|19" />
        <i3dMapping id="leftDoorLockArm02Ref" node="0>0|3|2|0|0|19|0" />
        <i3dMapping id="boltFrontLeft" node="0>0|3|2|0|1" />
        <i3dMapping id="boltBackRight" node="0>0|3|2|0|2" />
        <i3dMapping id="boltFrontRight" node="0>0|3|2|0|3" />
        <i3dMapping id="boltBackLeft" node="0>0|3|2|0|4" />
        <i3dMapping id="dischargeNodeBack" node="0>0|4|0" />
        <i3dMapping id="dischargeNodeGrainDoor" node="0>0|4|1" />
        <i3dMapping id="dischargeNodeLeft" node="0>0|4|2" />
        <i3dMapping id="dischargeNodeRight" node="0>0|4|3" />
        <i3dMapping id="licensePlateNodeBack" node="0>0|6" />
    </i3dMappings>
</vehicle>
