﻿<?xml version="1.0" encoding="utf-8" standalone="no"?>
<vehicle type="trailer" xmlns:xsi="http://www.w3.org/2001/XMLSchema-instance" xsi:noNamespaceSchemaLocation="../../../../shared/xml/schema/vehicle.xsd">
    <annotation>Copyright (C) GIANTS Software GmbH, All Rights Reserved.</annotation>

    <storeData>
        <name>TR 34090/2 PT+</name>
        <functions>
            <function>$l10n_function_tipper</function>
        </functions>
        <image>$data/vehicles/brantner/tr34090/store_tr34090.png</image>
        <price>65500</price>
        <lifetime>600</lifetime>
        <rotation>0</rotation>
        <brand>BRANTNER</brand>
        <category>trailers</category>
        <shopTranslationOffset>0 -0.027 0</shopTranslationOffset>
        <shopRotationOffset>0.054 0 0</shopRotationOffset>
        <vertexBufferMemoryUsage>0</vertexBufferMemoryUsage>
        <indexBufferMemoryUsage>0</indexBufferMemoryUsage>
        <textureMemoryUsage>0</textureMemoryUsage>
        <instanceVertexBufferMemoryUsage>0</instanceVertexBufferMemoryUsage>
        <instanceIndexBufferMemoryUsage>0</instanceIndexBufferMemoryUsage>
    </storeData>

    <base>
        <typeDesc>$l10n_typeDesc_tipper</typeDesc>
        <filename>$data/vehicles/brantner/tr34090/tr34090.i3d</filename>
        <size width="3" length="10.9" height="4"/>
        <sounds volumeFactor="1.8"/>
        <components maxMass="34000">
            <component centerOfMass="0 1 -1" solverIterationCount="10" mass="9830"/>
        </components>
        <schemaOverlay attacherJointPosition="0 0" name="IMPLEMENT"/>
        <mapHotspot type="TRAILER"/>
    </base>

    <configurationSets title="$l10n_configuration_valueExtension" isYesNoOption="true">
        <configurationSet name="$l10n_configuration_valueNo">
            <configuration name="fillUnit" index="1"/>
            <configuration name="fillVolume" index="1"/>
        </configurationSet>
        <configurationSet name="$l10n_configuration_valueYes" isDefault="true">
            <configuration name="fillUnit" index="2"/>
            <configuration name="fillVolume" index="2"/>
        </configurationSet>
    </configurationSets>

    <wheels>
        <wheelConfigurations tireCategories="TRAILER">
            <wheelConfiguration name="$l10n_configuration_valueDefault" price="0" saveId="DEFAULT">
                <wheels>
                    <wheel dimensions="650_55R26_5" isLeft="true">
                        <physics tipOcclusionAreaGroupId="1" restLoad="1.7" repr="wheelFrontLeftRepr"  driveNode="wheelFrontLeft"  forcePointRatio="0.3" initialCompression="18" suspTravel="0.1" spring="82" damper="55" yOffset="0.024" frictionScale="1.4"/>
                        <steeringAxle scale="0.2" rotMax="10" rotMin="-10"/>
                    </wheel>
                    <wheel dimensions="650_55R26_5" isLeft="false">
                        <physics tipOcclusionAreaGroupId="1" restLoad="1.7" repr="wheelFrontRightRepr" driveNode="wheelFrontRight" forcePointRatio="0.3" initialCompression="18" suspTravel="0.1" spring="82" damper="55" yOffset="0.024" frictionScale="1.4"/>
                        <steeringAxle scale="0.2" rotMax="10" rotMin="-10"/>
                    </wheel>
                    <wheel dimensions="650_55R26_5" isLeft="true">
                        <physics tipOcclusionAreaGroupId="1" restLoad="1.7" repr="wheelMiddleLeft"  forcePointRatio="0.3" initialCompression="18" suspTravel="0.1" spring="82" damper="55" yOffset="0.06" frictionScale="1.5"/>
                        <wheelChock parkingNode="wheelChock01_01"/>
                        <wheelChock parkingNode="wheelChock01_02" isInverted="true"/>
                    </wheel>
                    <wheel dimensions="650_55R26_5" isLeft="false">
                        <physics tipOcclusionAreaGroupId="1" restLoad="1.7" repr="wheelMiddleRight" forcePointRatio="0.3" initialCompression="18" suspTravel="0.1" spring="82" damper="55" yOffset="0.06" frictionScale="1.5"/>
                    </wheel>
                    <wheel dimensions="650_55R26_5" isLeft="true" hasTireTracks="true" hasParticles="true">
                        <physics tipOcclusionAreaGroupId="1" restLoad="1.7" repr="wheelBackLeftRepr"  driveNode="wheelBackLeft"  forcePointRatio="0.3" initialCompression="18" suspTravel="0.1" spring="82" damper="55" yOffset="0.034"/>
                        <steeringAxle scale="-0.4" rotMax="15" rotMin="-15"/>
                    </wheel>
                    <wheel dimensions="650_55R26_5" isLeft="false" hasTireTracks="true" hasParticles="true">
                        <physics tipOcclusionAreaGroupId="1" restLoad="1.7" repr="wheelBackRightRepr" driveNode="wheelBackRight" forcePointRatio="0.3" initialCompression="18" suspTravel="0.1" spring="82" damper="55" yOffset="0.034"/>
                        <steeringAxle scale="-0.4" rotMax="15" rotMin="-15"/>
                    </wheel>
                </wheels>
            </wheelConfiguration>

            <wheelConfiguration name="$l10n_configuration_valueWheelBroad" price="900" saveId="BROAD">
                <wheels baseConfig="DEFAULT">
                    <wheel dimensions="710_50R26_5"/>
                    <wheel dimensions="710_50R26_5"/>
                    <wheel dimensions="710_50R26_5"/>
                    <wheel dimensions="710_50R26_5"/>
                    <wheel dimensions="710_50R26_5"/>
                    <wheel dimensions="710_50R26_5"/>
                </wheels>
            </wheelConfiguration>
        </wheelConfigurations>

        <rimMaterial materialTemplateName="RIM_DEFAULT"/>
        <hubMaterial materialTemplateName="HUB_DEFAULT"/>

        <hubs>
            <hub linkNode="wheelFrontLeft"   filename="$data/shared/wheels/hubs/hub_n10_5.xml" isLeft="true"  scale="0.25 0.335 0.335" offset="0.004"/>
            <hub linkNode="wheelFrontRight"  filename="$data/shared/wheels/hubs/hub_n10_5.xml" isLeft="false" scale="0.25 0.335 0.335" offset="0.004"/>
            <hub linkNode="wheelMiddleLeft"  filename="$data/shared/wheels/hubs/hub_n10_5.xml" isLeft="true"  scale="0.25 0.335 0.335" offset="0.004"/>
            <hub linkNode="wheelMiddleRight" filename="$data/shared/wheels/hubs/hub_n10_5.xml" isLeft="false" scale="0.25 0.335 0.335" offset="0.004"/>
            <hub linkNode="wheelBackLeft"    filename="$data/shared/wheels/hubs/hub_n10_5.xml" isLeft="true"  scale="0.25 0.335 0.335" offset="0.004"/>
            <hub linkNode="wheelBackRight"   filename="$data/shared/wheels/hubs/hub_n10_5.xml" isLeft="false" scale="0.25 0.335 0.335" offset="0.004"/>
        </hubs>
    </wheels>

    <attachable>
        <inputAttacherJoints>
            <inputAttacherJoint node="attacherJoint" jointType="trailer" attacherHeight="0.736">
            </inputAttacherJoint>
        </inputAttacherJoints>
        <steeringAxleAngleScale backwards="false" speedDependent="false" forceUsage="true"/>
        <support animationName="moveSupport"/>
        <brakeForce force="1.45" maxForce="3.3" maxForceMass="34000"/>

        <sounds>
            <active file="$data/sounds/tools/trailer/trailerRattle_02.wav" innerRadius="10" outerRadius="50" volumeScale="2" isLocalSound="true" pitchScale="0.9">
                <volume indoor="0.6" outdoor="0.9" >
                    <modifier type="WHEEL_SUSPENSION" value="-0.05" modifiedValue="0.35"/>
                    <modifier type="WHEEL_SUSPENSION" value="-0.03" modifiedValue="0.25"/>
                    <modifier type="WHEEL_SUSPENSION" value="-0.01" modifiedValue="0.1"/>
                    <modifier type="WHEEL_SUSPENSION" value="-0.00" modifiedValue="0.0"/>
                    <modifier type="WHEEL_SUSPENSION" value="0.01" modifiedValue="0.1"/>
                    <modifier type="WHEEL_SUSPENSION" value="0.03" modifiedValue="0.25"/>
                    <modifier type="WHEEL_SUSPENSION" value="0.05" modifiedValue="0.35"/>

                    <modifier type="SPEED" value="0.0" modifiedValue="0.0"/>
                    <modifier type="SPEED" value="2.0" modifiedValue="1.0"/>
                    <modifier type="SPEED" value="40.0" modifiedValue="1.0"/>
                </volume>
                <lowpassCutoffFrequency indoor="300" outdoor="20000" />
                <lowpassGain indoor="0.7" outdoor="1" />
            </active>
        </sounds>
    </attachable>

    <tipOccluder>
        <occlusionArea start="tipOcclusionAreaStart" width="tipOcclusionAreaWidth" height="tipOcclusionAreaHeight" />
    </tipOccluder>

    <licensePlates>
        <licensePlate node="licensePlateBack" position="BACK" preferedType="SQUARISH" placementArea="0.10 0.3 0.135 0.3"/>
    </licensePlates>

    <connectionHoses>
        <hose inputAttacherJointIndices="1" type="electric" node="electric" adapterNode="electric_connector" length="1.5" diameter="0.01" straighteningFactor="1">
            <objectChange node="electric_detached" visibilityActive="false" visibilityInactive="true"/>
        </hose>
        <hose inputAttacherJointIndices="1" type="airDoubleRed" node="airRed" adapterNode="airRed_connector" length="1.5" diameter="0.015" straighteningFactor="1">
            <objectChange node="airRed_detached" visibilityActive="false" visibilityInactive="true"/>
        </hose>
        <hose inputAttacherJointIndices="1" type="airDoubleYellow" node="airYellow" adapterNode="airYellow_connector" length="1.5" diameter="0.015" straighteningFactor="1">
            <objectChange node="airYellow_detached" visibilityActive="false" visibilityInactive="true"/>
        </hose>
        <hose inputAttacherJointIndices="1" type="hydraulicIn"  node="hydraulicIn01" adapterNode="hydraulicIn01_connector" length="1.5" diameter="0.02" straighteningFactor="1">
           <objectChange node="hydraulicIn01_detached" visibilityActive="false" visibilityInactive="true"/>
        </hose>
        <hose inputAttacherJointIndices="1" type="hydraulicOut" node="hydraulicOut01" adapterNode="hydraulicOut01_connector" length="1.5" diameter="0.02" straighteningFactor="1">
            <objectChange node="hydraulicOut01_detached" visibilityActive="false" visibilityInactive="true"/>
        </hose>
        <hose inputAttacherJointIndices="1" type="hydraulicIn"  node="hydraulicIn02" adapterNode="hydraulicIn02_connector" length="1.5" diameter="0.02" straighteningFactor="1">
           <objectChange node="hydraulicIn02_detached" visibilityActive="false" visibilityInactive="true"/>
        </hose>
        <hose inputAttacherJointIndices="1" type="hydraulicOut" node="hydraulicOut02" adapterNode="hydraulicOut02_connector" length="1.5" diameter="0.02" straighteningFactor="1">
            <objectChange node="hydraulicOut02_detached" visibilityActive="false" visibilityInactive="true"/>
        </hose>
        <sounds>
            <connect type="airDoubleRed"    template="hydraulicHosesAttach" volumeScale="0.7" pitchScale="1" linkNode="attacherJoint"/>
            <disconnect type="airDoubleRed" template="hydraulicHosesDetach" volumeScale="0.7" pitchScale="1" linkNode="attacherJoint"/>
        </sounds>
    </connectionHoses>

    <lights>
        <sharedLight linkNode="rearLight31_left"  filename="$data/shared/assets/lights/lizard/rearLight31_left.xml" />
        <sharedLight linkNode="rearLight31_right" filename="$data/shared/assets/lights/lizard/rearLight31_right.xml" />
        <sharedLight linkNode="plateNumberLight01" filename="$data/shared/assets/lights/lizard/plateNumberLight01.xml" />

        <realLights>
            <high>
                <light node="backLightsHigh" lightTypes="0"/>
                <light node="licensePlateLightHigh" lightTypes="0"/>
                <turnLightLeft node="turnLightLeftBack"/>
                <turnLightRight node="turnLightRightBack"/>
                <brakeLight node="backLightsHigh"/>
                <reverseLight node="reverseLightHigh"/>
            </high>
        </realLights>
    </lights>

    <animations>
        <animation name="moveSupport">
            <part node="armSupport" startTime="0" endTime="0.5" startTrans="0 0 0" endTrans="0 -0.405 0" />

            <sound template="slideOpen"    startTime="0.01" endTime="0.49" volumeScale="2" pitchScale="2" linkNode="armSupport"/>
            <sound template="hingeImp"     startTime="0.01" direction="-1" volumeScale="0.7" pitchScale="1" linkNode="armSupport"/>
            <sound template="vibratingImp" startTime="0.01" direction="-1" volumeScale="0.7" pitchScale="1.6" linkNode="armSupport"/>
        </animation>

        <animation name="tipAnimationBack" soundVolumeFactor="0.8">
            <part node="tipBack" startTime="0.0" endTime="15.0" startRot="0 0 0" endRot="-50 0 0"/>

            <sound template="hydraulicClose01"   startTime="0.01" endTime="14.99" direction="1"  volumeScale="3" pitchScale="0.6" fadeIn="0.1" fadeOut="0.1"/>
            <sound template="hydraulicOpen05"    startTime="0.01" endTime="14.99" direction="1"  volumeScale="1"   pitchScale="1.4" fadeIn="0.5" fadeOut="0.1"/>
            <sound template="hydraulicOpen06"    startTime="0.01" endTime="14.99" direction="-1" volumeScale="0.9" startPitchScale="0.4" endPitchScale="0.6" fadeIn="0.1" fadeOut="0.1"/>
            <sound template="hydraulicOpen02"    startTime="0.01" endTime="14.99" direction="-1" volumeScale="0.8" startPitchScale="1.2" endPitchScale="1.4" fadeIn="0.1" fadeOut="0.1"/>

            <sound template="metalLowVar2"          startTime="0.15"  direction="-1"  volumeScale="2.2" pitchScale="1.2"/>
            <sound template="metalClose"            startTime="0.15"  direction="-1"  volumeScale="1.2" pitchScale="0.8"/>
            <sound template="metalOpen"             startTime="0.15"  direction="1"   volumeScale="1.5" pitchScale="0.6"/>
            <sound template="metalLowVar2"          startTime="14.99" direction="1"   volumeScale="2.5" pitchScale="1.2"/>
            <sound template="metalClose"            startTime="14.99" direction="1"   volumeScale="1.2" pitchScale="0.7"/>
            <sound template="thudVar2"              startTime="14.9"  direction="-1"  volumeScale="1.4" pitchScale="0.7"/>
            <sound template="clackVar6"             startTime="14.99" direction="-1"  volumeScale="0.7" pitchScale="0.3"/>
            <sound template="latchSmall"            startTime="0.01"  direction="-1"  volumeScale="0.1" pitchScale="0.9"/>
            <sound template="clackVar2"             startTime="0.01"  direction="0"   volumeScale="1.0" pitchScale="1.7"/>
            <sound template="metalClose"            startTime="0.01"  direction="-1"  volumeScale="1.5" pitchScale="0.7"/>
            <sound template="trailerCloseImpact_01" startTime="0.1"  direction="-1"  volumeScale="0.8" pitchScale="0.8"/>
            <sound template="cylinderPunch"         startTime="0.01"  direction="0"/>
            <sound template="cylinderPunch"         startTime="14.99" direction="1"/>
        </animation>

        <animation name="tipAnimationBackDoor" soundVolumeFactor="0.7">
            <part node="deformNode01" startTime="0.8" endTime="2.0" startTrans="0 0 0" endTrans="0 0 0.1" />
            <part node="deformNode02" startTime="0.8" endTime="2.0" startTrans="0 0 0" endTrans="0 0 0.1" />
            <part node="doorBackLockBase" startTime="0.0" endTime="0.8"  startRot="0 0 0" endRot="65.5 0 0" />
            <part node="doorBack" startTime="0.8" endTime="15.0" startRot="0 0 0" endRot="65 0 0" />

            <sound template="hydraulicClose02"      startTime="0.01" endTime="14.99" direction="1"     volumeScale="2.5" pitchScale="1.2"/>
            <sound template="hydraulicClose01"      startTime="0.01" endTime="14.99" direction="1"     volumeScale="2.1" pitchScale="0.8"/>
            <sound template="hydraulicOpen02"       startTime="0.01" endTime="14.99" direction="-1"    volumeScale="2.4" pitchScale="0.8"/>
            <sound template="metalLowVar2"          startTime="0.3"  direction="-1" volumeScale="2.5" pitchScale="1.2"/>
            <sound template="metalLowVar3"          startTime="0.2"  direction="-1" volumeScale="2.5" pitchScale="0.6"/>
            <sound template="hingeImp"              startTime="0.2"  direction="-1" volumeScale="0.7" pitchScale="0.8"/>
            <sound template="hingeMedium"           startTime="0.3"  direction="1"  volumeScale="2"   pitchScale="0.3"/>
            <sound template="metalLowVar2"          startTime="0.1"  direction="1"  volumeScale="0.4" pitchScale="0.9"/>
            <sound template="metalLowVar2"          startTime="14.99" direction="1"  volumeScale="2.0" pitchScale="0.9"/>
            <sound template="clackVar6"             startTime="14.99" direction="1"  volumeScale="1.2" pitchScale="0.6"/>
            <sound template="trailerCloseImpact_01" startTime="14.99" direction="1"  volumeScale="0.5" pitchScale="0.6"/>

        </animation>

        <animation name="tipAnimationDoorGrain" soundVolumeFactor="0.75">
            <part node="tipBack" startTime="1.0" endTime="7.0" startRot="0 0 0" endRot="-30 0 0"/>

            <sound template="hydraulicClose01"      startTime="1.01"  endTime="6.99"  direction="1"     volumeScale="2.5" pitchScale="0.6" fadeIn="0.1" fadeOut="0.1"/>
            <sound template="hydraulicOpen05"       startTime="1.01"  endTime="6.99"  direction="1"     volumeScale="1"   pitchScale="1.4" fadeIn="0.1" fadeOut="0.1"/>
            <sound template="hydraulicOpen06"       startTime="1.01"  endTime="6.99"  direction="-1"    volumeScale="0.6" startPitchScale="0.4" endPitchScale="0.6" fadeIn="0.1" fadeOut="0.1"/>
            <sound template="hydraulicOpen02"       startTime="1.01"  endTime="6.99"  direction="-1"    volumeScale="0.8" startPitchScale="1.2" endPitchScale="1.4" fadeIn="0.1" fadeOut="0.1"/>
            <sound template="metalLowVar2"          startTime="0.15"  direction="-1"  volumeScale="2.2" pitchScale="1.2"/>
            <sound template="metalClose"            startTime="0.15"  direction="-1"  volumeScale="1.2" pitchScale="0.8"/>
            <sound template="metalOpen"             startTime="0.15"  direction="1"   volumeScale="1.5" pitchScale="0.6"/>
            <sound template="metalLowVar2"          startTime="6.99"  direction="1"   volumeScale="2.5" pitchScale="1.2"/>
            <sound template="metalClose"            startTime="6.99"  direction="1"   volumeScale="1.2" pitchScale="0.7"/>
            <sound template="thudVar2"              startTime="6.9"   direction="-1"  volumeScale="1.4" pitchScale="0.7"/>
            <sound template="clackVar6"             startTime="6.99"  direction="-1"  volumeScale="0.7" pitchScale="0.3"/>
            <sound template="latchSmall"            startTime="1.01"  direction="-1"  volumeScale="0.1" pitchScale="0.9"/>
            <sound template="clackVar2"             startTime="1.01"  direction="0"   volumeScale="1.0" pitchScale="1.7"/>
            <sound template="metalClose"            startTime="1.01"  direction="-1"  volumeScale="1.5" pitchScale="0.7"/>
            <sound template="trailerCloseImpact_01" startTime="1.01"   direction="-1"  volumeScale="0.8" pitchScale="0.8"/>
            <sound template="cylinderPunch"         startTime="1.01"  direction="0"/>
            <sound template="cylinderPunch"         startTime="6.99"  direction="1"/>
        </animation>

        <animation name="tipAnimationDoorGrainDoor">
            <part node="doorGrain" startTime="0.0" endTime="1.0" startTrans="0 0 0" endTrans="0 0.2 0" />

            <sound template="latchSmall" startTime="0.01" direction="1"  volumeScale="0.4" pitchScale="0.5"/>
            <sound template="latchSmall" startTime="0.0"  direction="-1" volumeScale="0.2" pitchScale="0.7"/>
            <sound template="slideOpen"  startTime="0.01" direction="1"  volumeScale="3.5" pitchScale="2.5"/>
            <sound template="slideClose" startTime="0.99" direction="-1" volumeScale="3.5" pitchScale="2.5"/>
            <sound template="metalClose" startTime="0.99" direction="1"  volumeScale="0.8" pitchScale="2"/>
            <sound template="metalClose" startTime="0.0"  direction="-1" volumeScale="0.8" pitchScale="1.8"/>
        </animation>
    </animations>

    <cylindered>
        <movingTools>
            <movingTool node="tipBack">
                <dependentPart node="tipHydraulic" />
            </movingTool>

            <movingTool node="doorBackLockBase" >
                <dependentPart node="doorBackHydraulic" />
                <dependentPart node="doorBackLock" />
            </movingTool>
            <movingTool node="doorBack" >
                <dependentPart node="doorBackHydraulic" />
            </movingTool>

            <movingTool node="doorGrain" >
                <dependentPart node="doorGrainHandle" />
            </movingTool>
        </movingTools>

        <movingParts>
            <!-- steering -->
            <movingPart node="steeringBarFrontLeft" referencePoint="steeringBarFrontLeftRef" referenceFrame="steeringBarFrontLeftRef" isActiveDirty="true" maxUpdateDistance="20" >
                <translatingPart node="steeringBarFrontLeftPunch" />
                <dependentPart node="steeringBarFrontRight" />
            </movingPart>
            <movingPart node="steeringBarFrontRight" referencePoint="steeringBarFrontRightRef" referenceFrame="steeringBarFrontRightRef" >
                <translatingPart node="steeringBarFrontRightPunch" />
                <dependentPart node="steeringBarBackLeft" />
            </movingPart>
            <movingPart node="steeringBarBackLeft" referencePoint="steeringBarBackLeftRef" referenceFrame="steeringBarBackLeftRef">
                <translatingPart node="steeringBarBackLeftPunch" />
                <dependentPart node="steeringBarBackRight" />
            </movingPart>
            <movingPart node="steeringBarBackRight" referencePoint="steeringBarBackRightRef" referenceFrame="steeringBarBackRightRef" >
                <translatingPart node="steeringBarBackRightPunch" />
            </movingPart>

            <!-- tipBack -->
            <movingPart node="tipHydraulic" referencePoint="tipHydraulicRef" referenceFrame="tipHydraulicRefFrame" divideTranslatingDistance="false">
                <translatingPart node="tipHydraulicPunch01" maxZTrans="0.59"/>
                <translatingPart node="tipHydraulicPunch02" maxZTrans="0.59"/>
                <translatingPart node="tipHydraulicPunch03" maxZTrans="0.6"/>
                <translatingPart node="tipHydraulicPunch04" maxZTrans="0.61"/>
                <translatingPart node="tipHydraulicPunch05" maxZTrans="0.61"/>
            </movingPart>
            <movingPart node="doorBackHydraulic" referencePoint="doorBackHydraulicRef" referenceFrame="doorBackHydraulicRef" >
                <translatingPart node="doorBackHydraulicPunch" />
            </movingPart>
            <movingPart node="doorBackLock" localReferencePoint="doorBackLockPart" referencePoint="doorBackLockRef" referenceFrame="doorBackLockRefFrame" limitedAxis="1">
                <dependentPart node="doorBackLockPart" />
            </movingPart>
            <movingPart node="doorBackLockPart" referencePoint="doorBackLockRef" referenceFrame="doorBackLockRef"/>

            <movingPart node="doorGrainHandle" localReferencePoint="doorGrainHandlePart" referencePoint="doorGrainHandleRef" referenceFrame="doorGrainHandleRefFrame">
                <dependentPart node="doorGrainHandlePart" />
            </movingPart>
            <movingPart node="doorGrainHandlePart" referencePoint="doorGrainHandleRef" referenceFrame="doorGrainHandleRef"/>
        </movingParts>
        <sounds>
            <actionSound template="cylinderPunch" pitchScale="0.7" linkNode="tipHydraulic" actionNames="TRANSLATING_END_NEG" nodes="tipHydraulicPunch01"/>
            <actionSound template="cylinderPunch" pitchScale="0.7" linkNode="tipHydraulic" actionNames="TRANSLATING_END_NEG" nodes="tipHydraulicPunch02"/>
            <actionSound template="cylinderPunch" pitchScale="0.7" linkNode="tipHydraulic" actionNames="TRANSLATING_END_NEG" nodes="tipHydraulicPunch03"/>
            <actionSound template="cylinderPunch" pitchScale="0.7" linkNode="tipHydraulic" actionNames="TRANSLATING_END_NEG" nodes="tipHydraulicPunch04"/>
            <actionSound template="cylinderPunch" pitchScale="0.7" linkNode="tipHydraulic" actionNames="TRANSLATING_END_NEG" nodes="tipHydraulicPunch05"/>
        </sounds>
    </cylindered>

    <fillUnit>
        <fillUnitConfigurations>
            <fillUnitConfiguration name="$l10n_configuration_valueDefault" price="0">
                <fillUnits>
                    <fillUnit shopDisplayUnit="CUBICMETER" fillTypeCategories="BULK" capacity="60000" allowAILoading="true">
                        <exactFillRootNode node="exactFillRootNodeDefault" />
                        <autoAimTargetNode node="fillAutoAimTargetNodeDefault" startZ="7.7" endZ="0.17" invert="false" startPercentage="25"/>
                    </fillUnit>
                </fillUnits>
                <objectChange node="ladderShort" visibilityActive="true" visibilityInactive="false"/>
                <size height="3.5"/>
            </fillUnitConfiguration>

            <fillUnitConfiguration name="$l10n_configuration_valueExtension" price="5000">
                <fillUnits>
                    <fillUnit shopDisplayUnit="CUBICMETER" fillTypeCategories="BULK" capacity="92000" allowAILoading="true">
                        <exactFillRootNode node="exactFillRootNodeExtension" />
                        <autoAimTargetNode node="fillAutoAimTargetNodeExtension" startZ="7.7" endZ="0.17" invert="false" startPercentage="25"/>
                    </fillUnit>
                </fillUnits>
                <objectChange node="tipBackExtension" visibilityActive="true" visibilityInactive="false"/>
                <objectChange node="doorBackExtension" visibilityActive="true" visibilityInactive="false"/>
                <objectChange node="colPart09"  compoundChildActive="true" compoundChildInactive="false"/>
                <objectChange node="colPart10"  compoundChildActive="true" compoundChildInactive="false"/>
                <objectChange node="colPart11"  compoundChildActive="true" compoundChildInactive="false"/>
                <objectChange node="colPart12"  compoundChildActive="true" compoundChildInactive="false"/>
            </fillUnitConfiguration>
        </fillUnitConfigurations>
    </fillUnit>

    <fillVolume>
        <fillVolumeConfigurations>
            <fillVolumeConfiguration>
                <volumes>
                    <volume node="fillVolumeDefault" maxDelta="0.15" maxAllowedHeapAngle="25" fillUnitIndex="1" />
                </volumes>
            </fillVolumeConfiguration>
            <fillVolumeConfiguration>
                <volumes>
                    <volume node="fillVolumeExtension" maxDelta="0.15" maxAllowedHeapAngle="25" fillUnitIndex="1">
                        <deformNode node="deformNode01" />
                        <deformNode node="deformNode02" />
                    </volume>
                </volumes>
            </fillVolumeConfiguration>
        </fillVolumeConfigurations>

        <unloadInfos>
            <unloadInfo>
                <node node="unloadInfoBack01" width="3" length="4.0"/>
                <node node="unloadInfoBack02" width="3" length="6.5" minHeight="0.5"/>
            </unloadInfo>
        </unloadInfos>

        <heightNodes>
            <heightNode fillVolumeIndex="1">
                <refNode node="heightNode01" />
                <refNode node="heightNode02" />
                <node node="grainEffectBack"      baseScale="1 1 1" transAxis="0 1 0" orientateToWorldY="true"/>
                <node node="emitterShapeBack"     baseScale="1 0.1 1" scaleAxis="0 0.9 0" transAxis="0 0 0" />
                <node node="grainEffectGrainDoor" baseScale="1 1 1" transAxis="0 0 0" orientateToWorldY="true"/>
            </heightNode>
        </heightNodes>
    </fillVolume>

    <trailer>
        <trailerConfigurations>
            <trailerConfiguration>
                <trailer>
                    <tipSide name="$l10n_info_tipSideBack" dischargeNodeIndex="1">
                        <animation     name="tipAnimationBack"     speedScale="1" closeSpeedScale="1.4"/>
                        <doorAnimation name="tipAnimationBackDoor" speedScale="4" closeSpeedScale="4" startTipTime="0.5"/>
                    </tipSide>

                    <tipSide name="$l10n_info_tipSideBackGrainDoor" dischargeNodeIndex="2">
                        <animation     name="tipAnimationDoorGrain"     speedScale="0.2" closeSpeedScale="0.65"/>
                        <doorAnimation name="tipAnimationDoorGrainDoor" speedScale="1" startTipTime="0.4"/>
                    </tipSide>
                </trailer>
            </trailerConfiguration>
        </trailerConfigurations>
    </trailer>

    <dischargeable>
        <dischargeNode node="dischargeNodeBack" emptySpeed="3285" fillUnitIndex="1" unloadInfoIndex="1" allowAIDischarge="true">
            <info width="2.3" length="0.5" zOffset="-0.65" />
            <effects>
                <effectNode effectClass="TipEffect">
                    <effectNode effectNode="emitterShapeBack" effectClass="ParticleEffect" materialType="unloadingParticle"/>
                    <effectNode effectNode="grainEffectBack" materialType="unloading" fadeTime="0.5" extraDistanceNode="dischargeNodeBack" extraDistance="0.3"/>
                </effectNode>
                <effectNode effectNode="smokeEffectBack" materialType="unloadingSmoke" fadeTime="0.5" />
            </effects>
        </dischargeNode>

        <dischargeNode node="dischargeNodeGrainDoor" emptySpeed="1150" fillUnitIndex="1" unloadInfoIndex="1" >
            <info width="0.5" length="0.5" zOffset="-0.65" />
            <effects>
                <effectNode effectClass="TipEffect">
                    <effectNode effectNode="emitterShapeGrainDoor" effectClass="ParticleEffect" materialType="unloadingParticle" emitCountScale="3"/>
                    <effectNode effectNode="grainEffectGrainDoor"  materialType="unloading" fadeTime="0.5" extraDistanceNode="dischargeNodeGrainDoor" extraDistance="0.4"/>
                </effectNode>
                <effectNode effectNode="smokeEffectGrainDoor" materialType="unloadingSmoke" fadeTime="0.5"/>
            </effects>
        </dischargeNode>
    </dischargeable>

    <ai>
        <allowTurnBackward value="false"/>
        <turningRadiusLimitation radius="9"/>
        <agentAttachment jointNode="attacherJoint" rotCenterWheelIndices="1 2 3 4 5 6" useSize="true"/>
    </ai>

    <foliageBending>
        <bendingNode wheelIndices="1 2 3 4 5 6" minZ="-5" maxZ="1.15" yOffset="0.6"/>
        <bendingNode minX="-1.2" maxX="1.2" minZ="1.15" maxZ="3.9" yOffset="0.6"/>
        <bendingNode minX="-1.2" maxX="1.2" minZ="-5.35" maxZ="-4.9" yOffset="1.45"/>
        <bendingNode minX="-0.2" maxX="0.2" minZ="3.9" maxZ="5.08" yOffset="0.6"/>
    </foliageBending>

    <baseColorConfigurations title="$l10n_configuration_baseColor">
        <baseColorConfiguration materialTemplateName="BRANTNER_GREEN2"/>
        <baseColorConfiguration materialTemplateName="BRANTNER_GREEN1"/>
        <baseColorConfiguration materialTemplateName="BRANTNER_BLACK"/>
        <baseColorConfiguration materialTemplateName="BRANTNER_ORANGE1"/>
        <baseColorConfiguration materialTemplateName="BRANTNER_RED1"/>

        <material materialSlotName="chassis_mat"/>
        <material materialSlotName="grid_mat"/>
    </baseColorConfigurations>

    <wearable wearDuration="480" workMultiplier="5" fieldMultiplier="2"/>
    <washable dirtDuration="90" washDuration="1" workMultiplier="3" fieldMultiplier="2"/>

    <i3dMappings>
        <i3dMapping id="tr34090_main_component1" node="0>" />
        <i3dMapping id="wheelFrontLeftRepr" node="0>0|0|0|0" />
        <i3dMapping id="wheelFrontLeft" node="0>0|0|0|0|0|0" />
        <i3dMapping id="steeringBarFrontLeftRef" node="0>0|0|0|0|1" />
        <i3dMapping id="wheelFrontRightRepr" node="0>0|0|1|0" />
        <i3dMapping id="wheelFrontRight" node="0>0|0|1|0|0|0" />
        <i3dMapping id="steeringBarFrontRightRef" node="0>0|0|1|0|1" />
        <i3dMapping id="wheelMiddleLeft" node="0>0|0|2" />
        <i3dMapping id="wheelMiddleRight" node="0>0|0|3" />
        <i3dMapping id="wheelBackLeftRepr" node="0>0|0|4|0" />
        <i3dMapping id="wheelBackLeft" node="0>0|0|4|0|0|0" />
        <i3dMapping id="steeringBarBackLeftRef" node="0>0|0|4|0|1" />
        <i3dMapping id="wheelBackRightRepr" node="0>0|0|5|0" />
        <i3dMapping id="wheelBackRight" node="0>0|0|5|0|0|0" />
        <i3dMapping id="steeringBarBackRightRef" node="0>0|0|5|0|1" />
        <i3dMapping id="wheelChock01_01" node="0>0|0|6|0" />
        <i3dMapping id="wheelChock01_02" node="0>0|0|6|1" />
        <i3dMapping id="rearLight31_left" node="0>0|1|0|0" />
        <i3dMapping id="rearLight31_right" node="0>0|1|0|1" />
        <i3dMapping id="plateNumberLight01" node="0>0|1|0|2" />
        <i3dMapping id="licensePlateLightHigh" node="0>0|1|1|0" />
        <i3dMapping id="backLightsHigh" node="0>0|1|2|0" />
        <i3dMapping id="turnLightLeftBack" node="0>0|1|3|0" />
        <i3dMapping id="turnLightRightBack" node="0>0|1|3|1" />
        <i3dMapping id="reverseLightHigh" node="0>0|1|4|0" />
        <i3dMapping id="attacherJoint" node="0>0|2|0" />
        <i3dMapping id="hydraulicIn01" node="0>0|2|1|0" />
        <i3dMapping id="hydraulicIn01_detached" node="0>0|2|1|0|0" />
        <i3dMapping id="hydraulicIn01_connector" node="0>0|2|1|0|0|0" />
        <i3dMapping id="hydraulicOut01" node="0>0|2|1|1" />
        <i3dMapping id="hydraulicOut01_detached" node="0>0|2|1|1|0" />
        <i3dMapping id="hydraulicOut01_connector" node="0>0|2|1|1|0|0" />
        <i3dMapping id="hydraulicIn02" node="0>0|2|1|2" />
        <i3dMapping id="hydraulicIn02_detached" node="0>0|2|1|2|0" />
        <i3dMapping id="hydraulicIn02_connector" node="0>0|2|1|2|0|0" />
        <i3dMapping id="hydraulicOut02" node="0>0|2|1|3" />
        <i3dMapping id="hydraulicOut02_detached" node="0>0|2|1|3|0" />
        <i3dMapping id="hydraulicOut02_connector" node="0>0|2|1|3|0|0" />
        <i3dMapping id="airYellow" node="0>0|2|1|4" />
        <i3dMapping id="airYellow_detached" node="0>0|2|1|4|0" />
        <i3dMapping id="airYellow_connector" node="0>0|2|1|4|0|0" />
        <i3dMapping id="airRed" node="0>0|2|1|5" />
        <i3dMapping id="airRed_detached" node="0>0|2|1|5|0" />
        <i3dMapping id="airRed_connector" node="0>0|2|1|5|0|0" />
        <i3dMapping id="electric" node="0>0|2|1|6" />
        <i3dMapping id="electric_detached" node="0>0|2|1|6|0" />
        <i3dMapping id="electric_connector" node="0>0|2|1|6|0|0" />
        <i3dMapping id="armSupport" node="0>0|2|2|0" />
        <i3dMapping id="tipBack" node="0>0|3|0" />
        <i3dMapping id="yellowRound_01_01" node="0>0|3|0|0|0|0" />
        <i3dMapping id="yellowRound_01_02" node="0>0|3|0|0|0|1" />
        <i3dMapping id="yellowRound_01_03" node="0>0|3|0|0|0|2" />
        <i3dMapping id="yellowRound_01_04" node="0>0|3|0|0|0|3" />
        <i3dMapping id="yellowRound_01_05" node="0>0|3|0|0|0|4" />
        <i3dMapping id="yellowRound_01_06" node="0>0|3|0|0|0|5" />
        <i3dMapping id="yellowRound_01_07" node="0>0|3|0|0|0|6" />
        <i3dMapping id="yellowRound_01_08" node="0>0|3|0|0|0|7" />
        <i3dMapping id="doorBackLockRefFrame" node="0>0|3|0|1|0" />
        <i3dMapping id="doorBackLock" node="0>0|3|0|1|0|0" />
        <i3dMapping id="doorBackLockPart" node="0>0|3|0|1|0|0|0" />
        <i3dMapping id="doorBackLockBase" node="0>0|3|0|1|1" />
        <i3dMapping id="doorBackHydraulic" node="0>0|3|0|1|1|0" />
        <i3dMapping id="doorBackHydraulicPunch" node="0>0|3|0|1|1|0|0" />
        <i3dMapping id="doorBackLockRef" node="0>0|3|0|1|1|1" />
        <i3dMapping id="doorBack" node="0>0|3|0|1|2" />
        <i3dMapping id="doorGrain" node="0>0|3|0|1|2|0|0|0" />
        <i3dMapping id="doorGrainHandleRef" node="0>0|3|0|1|2|0|0|0|0" />
        <i3dMapping id="doorGrainHandleRefFrame" node="0>0|3|0|1|2|0|1" />
        <i3dMapping id="doorGrainHandle" node="0>0|3|0|1|2|0|1|0" />
        <i3dMapping id="doorGrainHandlePart" node="0>0|3|0|1|2|0|1|0|0" />
        <i3dMapping id="doorBackExtension" node="0>0|3|0|1|2|1" />
        <i3dMapping id="colPart11" node="0>0|3|0|1|2|1|1" />
        <i3dMapping id="doorBackHydraulicRef" node="0>0|3|0|1|2|3" />
        <i3dMapping id="tipBackExtension" node="0>0|3|0|2|0" />
        <i3dMapping id="colPart09" node="0>0|3|0|2|0|2|0" />
        <i3dMapping id="colPart10" node="0>0|3|0|2|0|2|1" />
        <i3dMapping id="colPart12" node="0>0|3|0|2|0|2|2" />
        <i3dMapping id="ladderShort" node="0>0|3|0|2|1" />
        <i3dMapping id="fillVolumeDefault" node="0>0|3|0|3|0" />
        <i3dMapping id="fillVolumeExtension" node="0>0|3|0|3|1" />
        <i3dMapping id="exactFillRootNodeDefault" node="0>0|3|0|3|2" />
        <i3dMapping id="exactFillRootNodeExtension" node="0>0|3|0|3|3" />
        <i3dMapping id="fillAutoAimTargetNodeDefault" node="0>0|3|0|3|4" />
        <i3dMapping id="fillAutoAimTargetNodeExtension" node="0>0|3|0|3|5" />
        <i3dMapping id="unloadInfoBack01" node="0>0|3|0|3|6" />
        <i3dMapping id="unloadInfoBack02" node="0>0|3|0|3|7" />
        <i3dMapping id="heightNode01" node="0>0|3|0|3|8" />
        <i3dMapping id="heightNode02" node="0>0|3|0|3|9" />
        <i3dMapping id="deformNode01" node="0>0|3|0|3|10|0" />
        <i3dMapping id="deformNode02" node="0>0|3|0|3|11|0" />
        <i3dMapping id="grainEffectBack" node="0>0|3|0|4|0|0" />
        <i3dMapping id="emitterShapeBack" node="0>0|3|0|4|0|1" />
        <i3dMapping id="smokeEffectBack" node="0>0|3|0|4|0|2" />
        <i3dMapping id="grainEffectGrainDoor" node="0>0|3|0|4|1|0" />
        <i3dMapping id="emitterShapeGrainDoor" node="0>0|3|0|4|1|1" />
        <i3dMapping id="smokeEffectGrainDoor" node="0>0|3|0|4|1|2" />
        <i3dMapping id="tipHydraulicRef" node="0>0|3|0|7" />
        <i3dMapping id="tipHydraulicRefFrame" node="0>0|3|1" />
        <i3dMapping id="tipHydraulic" node="0>0|3|1|0" />
        <i3dMapping id="tipHydraulicPunch01" node="0>0|3|1|0|0" />
        <i3dMapping id="tipHydraulicPunch02" node="0>0|3|1|0|0|0" />
        <i3dMapping id="tipHydraulicPunch03" node="0>0|3|1|0|0|0|0" />
        <i3dMapping id="tipHydraulicPunch04" node="0>0|3|1|0|0|0|0|0" />
        <i3dMapping id="tipHydraulicPunch05" node="0>0|3|1|0|0|0|0|0|0" />
        <i3dMapping id="steeringBarFrontLeft" node="0>0|3|2" />
        <i3dMapping id="steeringBarFrontLeftPunch" node="0>0|3|2|0" />
        <i3dMapping id="steeringBarFrontRight" node="0>0|3|3" />
        <i3dMapping id="steeringBarFrontRightPunch" node="0>0|3|3|0" />
        <i3dMapping id="steeringBarBackLeft" node="0>0|3|4" />
        <i3dMapping id="steeringBarBackLeftPunch" node="0>0|3|4|0" />
        <i3dMapping id="steeringBarBackRight" node="0>0|3|5" />
        <i3dMapping id="steeringBarBackRightPunch" node="0>0|3|5|0" />
        <i3dMapping id="dischargeNodeBack" node="0>0|4|0" />
        <i3dMapping id="dischargeNodeGrainDoor" node="0>0|4|1" />
        <i3dMapping id="tipOcclusionAreaStart" node="0>0|5|0" />
        <i3dMapping id="tipOcclusionAreaWidth" node="0>0|5|1" />
        <i3dMapping id="tipOcclusionAreaHeight" node="0>0|5|2" />
        <i3dMapping id="licensePlateBack" node="0>0|6|0" />
    </i3dMappings>
</vehicle>
