﻿<?xml version="1.0" encoding="utf-8" standalone="no" ?>
<vehicle type="manureSpreader" xmlns:xsi="http://www.w3.org/2001/XMLSchema-instance" xsi:noNamespaceSchemaLocation="../../../../shared/xml/schema/vehicle.xsd">
    <annotation>Copyright (C) GIANTS Software GmbH, All Rights Reserved.</annotation>

    <storeData>
        <name>TSW 6240 W</name>
        <specs>
            <neededPower>220</neededPower>
            <workingWidth>24.0</workingWidth>
            <combination filterCategory="weights" filterSpec="weight" filterSpecMin="650" filterSpecMax="750"/>
        </specs>
        <functions>
            <function>$l10n_function_manureSpreader</function>
        </functions>
        <image>$data/vehicles/bergmann/tsw6240w/store_tsw6240w.png</image>
        <price>110000</price>
        <lifetime>600</lifetime>
        <rotation>0</rotation>
        <brand>BERGMANN</brand>
        <category>manureSpreaders</category>
        <shopTranslationOffset>0 0.018 0</shopTranslationOffset>
        <shopRotationOffset>0.889 0 0</shopRotationOffset>
        <vertexBufferMemoryUsage>2110976</vertexBufferMemoryUsage>
        <indexBufferMemoryUsage>942080</indexBufferMemoryUsage>
        <textureMemoryUsage>720896</textureMemoryUsage>
        <instanceVertexBufferMemoryUsage>0</instanceVertexBufferMemoryUsage>
        <instanceIndexBufferMemoryUsage>0</instanceIndexBufferMemoryUsage>
        <audioMemoryUsage>0</audioMemoryUsage>
    </storeData>

    <base>
        <typeDesc>$l10n_typeDesc_manureSpreader</typeDesc>
        <filename>$data/vehicles/bergmann/tsw6240w/tsw6240w.i3d</filename>
        <size width="3" length="10.1" height="4.1" lengthOffset="0.1"/>
        <speedLimit value="15" />
        <components maxMass="24000">
            <component centerOfMass="0 0.8 -0.5" solverIterationCount="10" mass="8860" />
        </components>
        <schemaOverlay attacherJointPosition="0 0" name="IMPLEMENT" />
        <sounds volumeFactor="1.5" />
        <mapHotspot type="TRAILER" />
    </base>

    <wheels>
        <wheelConfigurations tireCategories="TRAILER">
            <wheelConfiguration name="$l10n_configuration_valueDefault" price="0" saveId="DEFAULT">
                <wheels>
                    <wheel dimensions="710_50R30_5" isLeft="true" hasTireTracks="true" hasParticles="true">
                        <physics tipOcclusionAreaGroupId="1" restLoad="2.2" repr="wheelFrontLeft"  forcePointRatio="0.35" initialCompression="20" suspTravel="0.15" spring="64" damper="55" yOffset="0.04"/>
                        <wheelChock/>
                        <wheelChock isInverted="true" />
                    </wheel>
                    <wheel dimensions="710_50R30_5" isLeft="false" hasTireTracks="true" hasParticles="true">
                        <physics tipOcclusionAreaGroupId="2" restLoad="2.2" repr="wheelFrontRight" forcePointRatio="0.35" initialCompression="20" suspTravel="0.15" spring="64" damper="55" yOffset="0.04"/>
                    </wheel>
                    <wheel dimensions="710_50R30_5" isLeft="true">
                        <physics tipOcclusionAreaGroupId="1" restLoad="2.2" repr="axisLeftBack"  driveNode="wheelBackLeft"  forcePointRatio="0.35" initialCompression="20" suspTravel="0.15" spring="64" damper="55" yOffset="0.028"/>
                        <steeringAxle scale="-0.3" rotMax="20" rotMin="-20" />
                        <steering node="steeringBar" nodeMinTransX="0.125" nodeMaxTransX="-0.125" />
                    </wheel>
                    <wheel dimensions="710_50R30_5" isLeft="false">
                        <physics tipOcclusionAreaGroupId="2" restLoad="2.2" repr="axisRightBack" driveNode="wheelBackRight" forcePointRatio="0.35" initialCompression="20" suspTravel="0.15" spring="64" damper="55" yOffset="0.028"/>
                        <steeringAxle scale="-0.3" rotMax="20" rotMin="-20" />
                    </wheel>
                </wheels>
            </wheelConfiguration>

            <wheelConfiguration name="$l10n_configuration_valueWheelBroad" price="2000" saveId="BROAD">
                <wheels baseConfig="DEFAULT">
                    <wheel dimensions="800_45R30_5"/>
                    <wheel dimensions="800_45R30_5"/>
                    <wheel dimensions="800_45R30_5"/>
                    <wheel dimensions="800_45R30_5"/>
                </wheels>
            </wheelConfiguration>
        </wheelConfigurations>

        <hubMaterial materialTemplateName="BERGMANN_GREEN1" />

        <hubs>
            <hub linkNode="wheelFrontLeft"  filename="$data/shared/wheels/hubs/hub_n8_6.xml" isLeft="true"  scale="0.335 0.335 0.335" />
            <hub linkNode="wheelFrontRight" filename="$data/shared/wheels/hubs/hub_n8_6.xml" isLeft="false" scale="0.335 0.335 0.335" />
            <hub linkNode="wheelBackLeft"   filename="$data/shared/wheels/hubs/hub_n8_6.xml" isLeft="true"  scale="0.335 0.335 0.335" />
            <hub linkNode="wheelBackRight"  filename="$data/shared/wheels/hubs/hub_n8_6.xml" isLeft="false" scale="0.335 0.335 0.335" />
        </hubs>
    </wheels>

    <attachable>
        <inputAttacherJoints>
            <inputAttacherJoint node="attacherJoint" jointType="trailerLow" attacherHeight="0.81" steeringBarLeftNode="steeringBarFront">
                <objectChange node="steeringBarFront" rotationInactive="2.301 -4.889 0"/>
                <objectChange node="steeringBarFrontPunch" translationInactive="0 0 1.239"/>
            </inputAttacherJoint>
        </inputAttacherJoints>
        <steeringAxleAngleScale startSpeed="0" endSpeed="90" backwards="true" />
        <support animationName="moveSupport" />
        <brakeForce force="1.5" maxForce="3.6" maxForceMass="24000"/>
        <sounds>
            <active file="$data/sounds/tools/trailer/trailerRattle_02.wav" innerRadius="10" outerRadius="50" volumeScale="4.3" isLocalSound="true" pitchScale="1.1">
                <volume indoor="0.7" outdoor="0.9" >
                    <modifier type="WHEEL_SUSPENSION" value="-0.04" modifiedValue="0.15"/>
                    <modifier type="WHEEL_SUSPENSION" value="-0.02" modifiedValue="0.05"/>
                    <modifier type="WHEEL_SUSPENSION" value="-0.01" modifiedValue="0.05"/>
                    <modifier type="WHEEL_SUSPENSION" value="-0.00" modifiedValue="0.0"/>
                    <modifier type="WHEEL_SUSPENSION" value="0.01" modifiedValue="0.05"/>
                    <modifier type="WHEEL_SUSPENSION" value="0.02" modifiedValue="0.05"/>
                    <modifier type="WHEEL_SUSPENSION" value="0.04" modifiedValue="0.15"/>

                    <modifier type="SPEED" value="0.0" modifiedValue="0.0"/>
                    <modifier type="SPEED" value="2.0" modifiedValue="1.0"/>
                    <modifier type="SPEED" value="40.0" modifiedValue="1.0"/>
                </volume>
                <lowpassCutoffFrequency indoor="250" outdoor="20000" />
                <lowpassGain indoor="0.5" outdoor="1" />
            </active>
        </sounds>
    </attachable>

    <licensePlates>
        <licensePlate node="licensePlateNodeBack"  position="BACK" preferedType="ELONGATED" placementArea="0.07 0.27 0.07 0.27"/>
    </licensePlates>

    <connectionHoses>
        <hose inputAttacherJointIndices="1" type="hydraulicIn" adapterNode="hydraulicIn01_detached" node="hydraulicIn01"  length="1.4" diameter="0.02">
            <objectChange node="hydraulicIn01_detached" visibilityActive="false" visibilityInactive="true"/>
        </hose>
        <hose inputAttacherJointIndices="1" type="hydraulicOut" adapterNode="hydraulicOut01_detached" node="hydraulicOut01" length="1.4" diameter="0.02">
            <objectChange node="hydraulicOut01_detached" visibilityActive="false" visibilityInactive="true"/>
        </hose>
        <hose inputAttacherJointIndices="1" type="hydraulicIn" adapterNode="hydraulicIn02_detached"  node="hydraulicIn02"  length="1.4" diameter="0.018">
            <objectChange node="hydraulicIn02_detached" visibilityActive="false" visibilityInactive="true"/>
        </hose>
        <hose inputAttacherJointIndices="1" type="hydraulicOut" adapterNode="hydraulicOut02_detached" node="hydraulicOut02" length="1.4" diameter="0.018">
            <objectChange node="hydraulicOut02_detached" visibilityActive="false" visibilityInactive="true"/>
        </hose>
        <hose inputAttacherJointIndices="1" type="airDoubleRed" adapterNode="hydraulicIn03_detached" node="hydraulicIn03"  length="1.4" diameter="0.018">
            <objectChange node="hydraulicIn03_detached" visibilityActive="false" visibilityInactive="true"/>
        </hose>
        <hose inputAttacherJointIndices="1" type="airDoubleYellow" adapterNode="hydraulicOut03_detached" node="hydraulicOut03" length="1.4" diameter="0.018">
            <objectChange node="hydraulicOut03_detached" visibilityActive="false" visibilityInactive="true"/>
        </hose>
        <hose inputAttacherJointIndices="1" type="hydraulicIn" adapterNode="hydraulicIn04_detached" node="hydraulicIn04"  length="1.4" diameter="0.018">
            <objectChange node="hydraulicIn04_detached" visibilityActive="false" visibilityInactive="true"/>
        </hose>
        <hose inputAttacherJointIndices="1" type="electric" adapterNode="hydraulicOut04_detached" node="hydraulicOut04" length="1.4" diameter="0.017">
            <objectChange node="hydraulicOut04_detached" visibilityActive="false" visibilityInactive="true"/>
        </hose>
        <sounds>
            <connect    type="airDoubleRed" template="hydraulicHosesAttach" volumeScale="0.7" linkNode="attacherJoint"/>
            <connect    type="electric"     template="generalConnection"    volumeScale="0.7" linkNode="attacherJoint"/>
            <disconnect type="airDoubleRed" template="hydraulicHosesDetach" volumeScale="0.7" linkNode="attacherJoint"/>
            <disconnect type="electric"     template="generalConnection"    volumeScale="0.7" linkNode="attacherJoint"/>
        </sounds>
    </connectionHoses>

    <powerTakeOffs>
        <input inputAttacherJointIndices="1" inputNode="pto" aboveAttacher="true" detachNode="ptoDetachNode">
            <objectChange node="ptoHolder" rotationActive="-132.269 0 0" rotationInactive="0 0 0"/>
        </input>
        <sounds>
            <turnedOn template="tractorPTO" volumeScale="0.6" linkNode="attacherJoint"/>
        </sounds>
    </powerTakeOffs>

    <powerConsumer ptoRpm="400" neededMaxPtoPower="30"/>

    <lights>
        <sharedLight linkNode="rearLight13_left"  filename="$data/shared/assets/lights/lizard/rearLight13_left.xml" />
        <sharedLight linkNode="rearLight13_right" filename="$data/shared/assets/lights/lizard/rearLight13_right.xml" />

        <sharedLight linkNode="rear4ChamberLight01Left_02"  filename="$data/shared/assets/lights/lizard/rearLight13_left.xml" />
        <sharedLight linkNode="rear4ChamberLight01Right_02" filename="$data/shared/assets/lights/lizard/rearLight13_right.xml" />

        <sharedLight linkNode="plateNumberLight02_01" filename="$data/shared/assets/lights/lizard/plateNumberLight02.xml" />
        <sharedLight linkNode="plateNumberLight02_02" filename="$data/shared/assets/lights/lizard/plateNumberLight02.xml" />

        <sharedLight linkNode="sideMarker03_left"  filename="$data/shared/assets/lights/lizard/sideMarker03_left.xml" />
        <sharedLight linkNode="sideMarker03_right" filename="$data/shared/assets/lights/lizard/sideMarker03_right.xml" />

        <realLights>
            <high>
                <light node="backLightsHigh1" lightTypes="0"/>
                <light node="licensePlateLightHigh" lightTypes="0"/>
                <turnLightLeft node="turnLightLeftBack" />
                <turnLightRight node="turnLightRightBack" />
                <brakeLight node="backLightsHigh1" />
            </high>
        </realLights>
    </lights>

    <workAreas>
        <workArea type="sprayer" functionName="processSprayerArea" disableBackwards="false" requiresGroundContact="false" >
            <area startNode="workAreaStart" widthNode="workAreaWidth" heightNode="workAreaHeight" />
            <onlyActiveWhenLowered value="false"/>
        </workArea>
    </workAreas>

    <sprayer fillUnitIndex="1" unloadInfoIndex="1" fillVolumeIndex="1" fillVolumeDischargeScrollSpeed="0 0 0.02">
        <usageScales workingWidth="24" scale="1" />
        <effects>
            <effectNode effectClass="TypedMotionPathEffect" effectType="MANURE_SPREADER" linkNode="manureEffectNode">
                <motionPathEffect textureFilename="$data/vehicles/bergmann/tsw6240w/manureEffectArray.dds" numRows="28" rowLength="46" />
            </effectNode>

            <effectNode effectClass="ParticleEffect" effectNode="smokeEmitter" particleType="smoke" materialType="smokeParticle" worldSpace="false" emitCountScale="0.3" spriteScale="0.5"/>
        </effects>
        <animationNodes>
            <animationNode node="chainGearFront" rotAxis="1" rotSpeed="-90" turnOnFadeTime="1" turnOffFadeTime="2"/>
            <animationNode node="chainGearBack"  rotAxis="1" rotSpeed="-90" turnOnFadeTime="1" turnOffFadeTime="2"/>
            <animationNode node="spreader01"     rotAxis="1" rotSpeed="1500" turnOnFadeTime="1" turnOffFadeTime="2"/>
            <animationNode node="spreader02"     rotAxis="1" rotSpeed="-1500" turnOnFadeTime="1" turnOffFadeTime="2"/>
            <animationNode node="spreader03"     rotAxis="1" rotSpeed="-1500" turnOnFadeTime="1" turnOffFadeTime="2"/>
            <animationNode node="spreader04"     rotAxis="1" rotSpeed="-1200" turnOnFadeTime="1" turnOffFadeTime="2"/>
            <animationNode node="spreader05"     rotAxis="1" rotSpeed="1200" turnOnFadeTime="1" turnOffFadeTime="2"/>
            <animationNode class="ScrollingAnimation" node="beltChain" turnOnFadeTime="1" turnOffFadeTime="2" scrollSpeed="0.15" shaderParameterComponent="2"/>
        </animationNodes>
    </sprayer>


    <foldable>
        <foldingConfigurations>
            <foldingConfiguration>
                <foldingParts startAnimTime="1" turnOnFoldDirection="-1" turnOnFoldMinLimit="0" turnOnFoldMaxLimit="0.5">
                    <foldingPart animationName="openBackDoor" speedScale="1" />
                </foldingParts>
            </foldingConfiguration>
        </foldingConfigurations>
    </foldable>

    <animations>
        <animation name="openBackDoor">
            <part node="backDoor"           startTime="1" endTime="3" startTrans="0 1.732 0" endTrans="0 0 0"/>
            <part node="backDoorMarker"     startTime="1" endTime="3" startTrans="-0.677 0 0" endTrans="0 0 0"/>
            <part node="spreadingWidthFlap" startTime="0" endTime="1" startRot="85 0 0" endRot="0 0 0"/>

            <sound template="hydraulicClose01"  startTime="1.01" endTime="2.99" direction="-1"  volumeScale="1.95" pitchScale="0.8" fadeIn="0.1" fadeOut="0.1"/>
            <sound template="hydraulicOpen06"   startTime="1.01" endTime="2.99" direction="1"  volumeScale="0.7" startPitchScale="0.7" endPitchScale="0.5" fadeIn="0.1" fadeOut="0.1"/>
            <sound template="hydraulicOpen05"   startTime="1.01" endTime="2.99" direction="1"  volumeScale="1.5" startPitchScale="1.7" endPitchScale="1.5" fadeIn="0.1" fadeOut="0.1"/>

            <sound template="clackVar6"     startTime="2.99" direction="1" volumeScale="0.8" pitchScale="0.9" />
            <sound template="cylinderPunch" startTime="2.99" direction="1" volumeScale="0.8" pitchScale="1" />
            <sound template="clackVar6"     startTime="2.99" direction="-1" volumeScale="0.8" pitchScale="0.7" />
            <sound template="cylinderPunch" startTime="1.01" direction="-1" volumeScale="0.7" pitchScale="0.7" />
            <sound template="clackVar6"     startTime="1.01" direction="-1" volumeScale="1" pitchScale="0.8" />
            <sound template="cylinderPunch" startTime="1.01" direction="1" volumeScale="0.5" pitchScale="2" />
            <sound template="clackVar4"     startTime="1" direction="1" volumeScale="1" pitchScale="0.7" />
            <sound template="clackVar6"     startTime="1" direction="1" volumeScale="1.5" pitchScale="0.8" />
            <sound template="clackVar6"     startTime="1" direction="-1" volumeScale="1" pitchScale="1.3" />
            <sound template="clackVar4"     startTime="0.01" direction="-1" volumeScale="1.7" pitchScale="0.9" />
            <sound template="clackVar6"     startTime="0.01" direction="-1" volumeScale="1.5" pitchScale="1.4" />
            <sound template="clackVar6"     startTime="0.01" direction="1" volumeScale="1.5" pitchScale="1.4" />

            <sound template="slideOpen" startTime="0.01" endTime="0.99" volumeScale="2" pitchScale="1.2" />
        </animation>
        <animation name="moveSupport">
            <part node="supportCol"     startTime="0.0" endTime="0.5" startTrans="0 0.65 0" endTrans="0 0.025 0" />
            <part node="supportArm"     startTime="0.0" endTime="0.5" startRot="-35 0 0" endRot="5.5 0 0" />
            <part node="supportArmPart" startTime="0.3" endTime="0.5" startRot="25 0 0" endRot="-16 0 0" />

            <sound template="hydraulicAirySmallOpen" startTime="0.1" endTime="0.49" direction="0"   volumeScale="0.6" pitchScale="2.2" linkNode="attacherJoint"/>
            <sound template="clackVar5"              startTime="0.09" direction="-1" volumeScale="1.8" pitchScale="1" linkNode="attacherJoint"/>
            <sound template="clackVar1"              startTime="0.45"  volumeScale="2.4" pitchScale="1.2" linkNode="attacherJoint"/>
        </animation>
        <animation name="sideDoorAnim">
            <part node="sideDoor"     startTime="0.0" endTime="0.5" startRot="0 0 0" endRot="0 0 173.654" />
        </animation>
    </animations>

    <cylindered>
        <movingTools>
            <movingTool node="sideDoor" playSound="true" >
                <dependentPart node="sideDoorArm01" />
            </movingTool>
            <movingTool node="backDoor" playSound="true" />
            <movingTool node="sideDoorBackLock" playSound="false" >
                <dependentPart node="sideDoorBackHydraulic" />
            </movingTool>
            <movingTool node="bigDoor" playSound="true" >
                <dependentPart node="bigDoorHydraulic" />
            </movingTool>
            <movingTool node="spreadingWidthFlap" playSound="true" >
                <dependentPart node="spreadingWidthFlapHydraulic" />
            </movingTool>
            <movingTool node="supportArm" playSound="true" >
                <dependentPart node="supportArmHydraulic" />
            </movingTool>
        </movingTools>

        <movingParts>
            <movingPart node="sideDoorArm01" referencePoint="sideDoorArm01Ref" localReferencePoint="sideDoorArm02" referenceFrame="sideDoorArm01RefFrame" limitedAxis="1">
                <dependentPart node="sideDoorArm02" />
                <dependentPart node="sideDoorHydraulic" />
            </movingPart>
            <movingPart node="sideDoorArm02" referencePoint="sideDoorArm01Ref" referenceFrame="sideDoorArm02RefFrame" />
            <movingPart node="sideDoorHydraulic" referencePoint="sideDoorHydraulicRef" referenceFrame="sideDoorHydraulicRefFrame">
                <translatingPart node="sideDoorHydraulicPunch" />
            </movingPart>
            <movingPart node="sideDoorBackHydraulic" referencePoint="sideDoorBackHydraulicRef" referenceFrame="sideDoorBackHydraulicRef">
                <translatingPart node="sideDoorBackHydraulicPunch" />
            </movingPart>
            <movingPart node="bigDoorHydraulic" referencePoint="bigDoorHydraulicRef" referenceFrame="bigDoorHydraulicRef">
                <translatingPart node="bigDoorHydraulicPunch" />
            </movingPart>
            <movingPart node="spreadingWidthFlapHydraulic" referencePoint="spreadingWidthFlapHydraulicRef" referenceFrame="spreadingWidthFlapHydraulicRef">
                <translatingPart node="spreadingWidthFlapHydraulicPunch" />
            </movingPart>
            <movingPart node="supportArmHydraulic" referencePoint="supportArmHydraulicRef" referenceFrame="supportArmHydraulicRef">
                <translatingPart node="supportArmHydraulicPunch" />
            </movingPart>
            <movingPart node="steeringBarHydraulic" referencePoint="steeringBarHydraulicRef" referenceFrame="steeringBarHydraulicRef" isActiveDirty="true" maxUpdateDistance="30">
                <translatingPart node="steeringBarHydraulicPunch" />
            </movingPart>
            <movingPart node="steeringBarLeft" referencePoint="steeringBarLeftRef" referenceFrame="steeringBarLeftRef" isActiveDirty="true" maxUpdateDistance="30"/>
            <movingPart node="steeringBarRight" referencePoint="steeringBarRightRef" referenceFrame="steeringBarRightRef" isActiveDirty="true" maxUpdateDistance="30"/>
            <movingPart node="steeringBarFront" referencePoint="steeringBarFrontRef" referenceFrame="steeringBarFrontRef">
                <translatingPart node="steeringBarFrontPunch" />
            </movingPart>
        </movingParts>
        <sounds>
            <hydraulic template="hydraulicSmallOpen" linkNode="0>"/>
        </sounds>
    </cylindered>

    <fillUnit>
        <fillUnitConfigurations>
            <fillUnitConfiguration name="$l10n_configuration_valueDefault" price="0" >
                <fillUnits>
                    <fillUnit shopDisplayUnit="CUBICMETER" fillTypeCategories="MANURESPREADER" capacity="50000">
                        <exactFillRootNode node="exactFillRootNode" />
                    </fillUnit>
                </fillUnits>
            </fillUnitConfiguration>
        </fillUnitConfigurations>
    </fillUnit>

    <fillVolume>
        <fillVolumeConfigurations>
            <fillVolumeConfiguration name="$l10n_configuration_valueDefault" price="0" >
                <volumes>
                    <volume node="fillVolume" maxDelta="1.5" maxAllowedHeapAngle="20" fillUnitIndex="1"/>
                </volumes>
            </fillVolumeConfiguration>
        </fillVolumeConfigurations>

        <unloadInfos>
            <unloadInfo>
                <node node="unloadNode" width="1.4" length="1.0" />
            </unloadInfo>
        </unloadInfos>
    </fillVolume>

    <turnOnVehicle turnOffIfNotAllowed="true" >
        <sounds>
            <work template="manureSpreaderDischarge" linkNodeOffset="0 1.5 -5.2" volumeScale="0.3" fadeOut="2"/>
            <work template="defaultManureSpreader02" linkNodeOffset="0 1.5 -5.2" volumeScale="0.7" fadeOut="2"/>
            <work template="dischargeLoop"           pitchScale="0.6" volumeScale="0.8"  innerRadius="3.0" outerRadius="45.0" fadeIn="0.2" fadeOut="0.8"/>
        </sounds>
    </turnOnVehicle>

    <ai>
        <needsLowering value="false" />
        <areaMarkers leftNode="aiMarkerLeft" rightNode="aiMarkerRight" backNode="aiMarkerBack" />
        <sizeMarkers leftNode="aiSizeMarkerLeft" rightNode="aiSizeMarkerRight" backNode="aiSizeMarkerBack" />
        <allowTurnBackward value="false" />
        <toolReverserDirectionNode node="aiSizeMarkerBack" />
        <agentAttachment jointNode="attacherJoint" rotCenterWheelIndices="1 2 3 4" width="3.1" height="4.1" length="8.5" lengthOffset="0.5"/>
    </ai>

    <foliageBending>
        <bendingNode wheelIndices="1 2 3 4" minZ="-4.2" maxZ="0.45" yOffset="0.6" />
        <bendingNode minX="-1.1" maxX="1.1" minZ="0.45" maxZ="3.5" yOffset="0.6" />
        <bendingNode minX="-0.4" maxX="0.4" minZ="3.5" maxZ="5" yOffset="0.6" />
    </foliageBending>

    <wearable wearDuration="480" workMultiplier="5" fieldMultiplier="2"/>
    <washable dirtDuration="90" washDuration="1" workMultiplier="4" fieldMultiplier="2"/>

    <i3dMappings>
        <i3dMapping id="tsw6240w_main_component1" node="0>" />
        <i3dMapping id="attacherJoint" node="0>0|0|0" />
        <i3dMapping id="pto" node="0>0|0|1|0" />
        <i3dMapping id="ptoDetachNode" node="0>0|0|1|1" />
        <i3dMapping id="supportArm" node="0>0|0|2|0" />
        <i3dMapping id="supportArmPart" node="0>0|0|2|0|0" />
        <i3dMapping id="supportArmHydraulicRef" node="0>0|0|2|0|1" />
        <i3dMapping id="supportCol" node="0>0|0|2|1" />
        <i3dMapping id="hydraulicIn01_detached" node="0>0|0|3|0" />
        <i3dMapping id="hydraulicOut01_detached" node="0>0|0|3|1" />
        <i3dMapping id="hydraulicIn02_detached" node="0>0|0|3|2" />
        <i3dMapping id="hydraulicOut02_detached" node="0>0|0|3|3" />
        <i3dMapping id="hydraulicIn03_detached" node="0>0|0|3|4" />
        <i3dMapping id="hydraulicOut03_detached" node="0>0|0|3|5" />
        <i3dMapping id="hydraulicIn04_detached" node="0>0|0|3|6" />
        <i3dMapping id="hydraulicOut04_detached" node="0>0|0|3|7" />
        <i3dMapping id="hydraulicIn01" node="0>0|0|3|8" />
        <i3dMapping id="hydraulicOut01" node="0>0|0|3|9" />
        <i3dMapping id="hydraulicIn02" node="0>0|0|3|10" />
        <i3dMapping id="hydraulicOut02" node="0>0|0|3|11" />
        <i3dMapping id="hydraulicIn03" node="0>0|0|3|12" />
        <i3dMapping id="hydraulicOut03" node="0>0|0|3|13" />
        <i3dMapping id="hydraulicIn04" node="0>0|0|3|14" />
        <i3dMapping id="hydraulicOut04" node="0>0|0|3|15" />
        <i3dMapping id="wheelFrontLeft" node="0>0|1|0" />
        <i3dMapping id="wheelFrontRight" node="0>0|1|1" />
        <i3dMapping id="axisLeftBack" node="0>0|1|2|0" />
        <i3dMapping id="wheelBackLeft" node="0>0|1|2|0|0|0" />
        <i3dMapping id="steeringBarLeft" node="0>0|1|2|0|1|0" />
        <i3dMapping id="axisRightBack" node="0>0|1|3|0" />
        <i3dMapping id="wheelBackRight" node="0>0|1|3|0|0|0" />
        <i3dMapping id="steeringBarRight" node="0>0|1|3|0|1|0" />
        <i3dMapping id="steeringBarHydraulicRef" node="0>0|1|3|0|1|0|0" />
        <i3dMapping id="yellowRound_02_01" node="0>0|2|0|0" />
        <i3dMapping id="yellowRound_02_02" node="0>0|2|0|1" />
        <i3dMapping id="yellowRound_02_03" node="0>0|2|0|2" />
        <i3dMapping id="yellowRound_02_04" node="0>0|2|0|3" />
        <i3dMapping id="yellowRound_02_05" node="0>0|2|0|4" />
        <i3dMapping id="yellowRound_02_06" node="0>0|2|0|5" />
        <i3dMapping id="yellowRound_02_07" node="0>0|2|0|6" />
        <i3dMapping id="yellowRound_02_08" node="0>0|2|0|7" />
        <i3dMapping id="yellowRound_02_09" node="0>0|2|0|8" />
        <i3dMapping id="sideMarker03_right" node="0>0|2|0|9" />
        <i3dMapping id="sideMarker03_left" node="0>0|2|0|10" />
        <i3dMapping id="rearLight13_right" node="0>0|2|0|11" />
        <i3dMapping id="rearLight13_left" node="0>0|2|0|12" />
        <i3dMapping id="plateNumberLight02_01" node="0>0|2|0|13" />
        <i3dMapping id="plateNumberLight02_02" node="0>0|2|0|14" />
        <i3dMapping id="backLightsHigh1" node="0>0|2|1|0" />
        <i3dMapping id="licensePlateLightHigh" node="0>0|2|1|1" />
        <i3dMapping id="turnLightLeftBack" node="0>0|2|2|0" />
        <i3dMapping id="turnLightRightBack" node="0>0|2|2|1" />
        <i3dMapping id="sideDoor" node="0>0|3|0|0" />
        <i3dMapping id="sideDoorArm01Ref" node="0>0|3|0|0|0" />
        <i3dMapping id="sideDoorArm01" node="0>0|3|1|0" />
        <i3dMapping id="sideDoorArm02" node="0>0|3|1|0|0" />
        <i3dMapping id="sideDoorHydraulicRef" node="0>0|3|1|0|1" />
        <i3dMapping id="sideDoorArm02RefFrame" node="0>0|3|1|0|2" />
        <i3dMapping id="sideDoorArm01RefFrame" node="0>0|3|1|0|3" />
        <i3dMapping id="sideDoorHydraulicRefFrame" node="0>0|3|2" />
        <i3dMapping id="sideDoorBackLock" node="0>0|3|3" />
        <i3dMapping id="sideDoorBackHydraulicRef" node="0>0|3|3|0" />
        <i3dMapping id="backDoor" node="0>0|3|4|0" />
        <i3dMapping id="beltChain" node="0>0|3|5" />
        <i3dMapping id="chainGearFront" node="0>0|3|6" />
        <i3dMapping id="chainGearBack" node="0>0|3|7" />
        <i3dMapping id="spreader01" node="0>0|3|8" />
        <i3dMapping id="spreader02" node="0>0|3|9" />
        <i3dMapping id="spreader03" node="0>0|3|10" />
        <i3dMapping id="spreader04" node="0>0|3|11|0" />
        <i3dMapping id="spreader05" node="0>0|3|12|0" />
        <i3dMapping id="bigDoor" node="0>0|3|13" />
        <i3dMapping id="bigDoorHydraulicRef" node="0>0|3|13|0" />
        <i3dMapping id="spreadingWidthFlap" node="0>0|3|13|1" />
        <i3dMapping id="spreadingWidthFlapHydraulicRef" node="0>0|3|13|1|0" />
        <i3dMapping id="spreadingWidthFlapHydraulic" node="0>0|3|13|2" />
        <i3dMapping id="spreadingWidthFlapHydraulicPunch" node="0>0|3|13|2|0" />
        <i3dMapping id="rear4ChamberLight01Right_02" node="0>0|3|13|5|0" />
        <i3dMapping id="rear4ChamberLight01Left_02" node="0>0|3|13|5|1" />
        <i3dMapping id="steeringBar" node="0>0|3|14" />
        <i3dMapping id="steeringBarLeftRef" node="0>0|3|14|0" />
        <i3dMapping id="steeringBarRightRef" node="0>0|3|14|1" />
        <i3dMapping id="steeringBarFront" node="0>0|3|15" />
        <i3dMapping id="steeringBarFrontPunch" node="0>0|3|15|0" />
        <i3dMapping id="steeringBarFrontRef" node="0>0|3|15|0|0" />
        <i3dMapping id="ptoHolder" node="0>0|3|16" />
        <i3dMapping id="backDoorMarker" node="0>0|3|17" />
        <i3dMapping id="sideDoorHydraulic" node="0>0|4|0" />
        <i3dMapping id="sideDoorHydraulicPunch" node="0>0|4|0|0" />
        <i3dMapping id="sideDoorBackHydraulic" node="0>0|4|1" />
        <i3dMapping id="sideDoorBackHydraulicPunch" node="0>0|4|1|0" />
        <i3dMapping id="bigDoorHydraulic" node="0>0|4|2" />
        <i3dMapping id="bigDoorHydraulicPunch" node="0>0|4|2|0" />
        <i3dMapping id="steeringBarHydraulic" node="0>0|4|3" />
        <i3dMapping id="steeringBarHydraulicPunch" node="0>0|4|3|0" />
        <i3dMapping id="supportArmHydraulic" node="0>0|4|4" />
        <i3dMapping id="supportArmHydraulicPunch" node="0>0|4|4|0" />
        <i3dMapping id="workAreaStart" node="0>0|5|0" />
        <i3dMapping id="workAreaWidth" node="0>0|5|1" />
        <i3dMapping id="workAreaHeight" node="0>0|5|2" />
        <i3dMapping id="manureEffectNode" node="0>0|6|0" />
        <i3dMapping id="smokeEmitter" node="0>0|6|1" />
        <i3dMapping id="aiMarkerLeft" node="0>0|7|0|0" />
        <i3dMapping id="aiMarkerRight" node="0>0|7|0|1" />
        <i3dMapping id="aiMarkerBack" node="0>0|7|0|2" />
        <i3dMapping id="aiSizeMarkerLeft" node="0>0|7|1|0" />
        <i3dMapping id="aiSizeMarkerRight" node="0>0|7|1|1" />
        <i3dMapping id="aiSizeMarkerBack" node="0>0|7|1|2" />
        <i3dMapping id="licensePlateNodeBack" node="0>0|8" />
        <i3dMapping id="exactFillRootNode" node="0>0|9|1" />
        <i3dMapping id="unloadNode" node="0>0|9|2" />
        <i3dMapping id="fillVolume" node="0>0|9|3" />
        <i3dMapping id="transparentParts" node="0>0|10|2" />
        <i3dMapping id="tsw6240w_vis_lod0" node="0>0|10|6|0" />
    </i3dMappings>
</vehicle>
