﻿<?xml version="1.0" encoding="utf-8" standalone="no" ?>
<vehicle type="manureTrailer" xmlns:xsi="http://www.w3.org/2001/XMLSchema-instance" xsi:noNamespaceSchemaLocation="../../../../shared/xml/schema/vehicle.xsd">
    <annotation>Copyright (C) GIANTS Software GmbH, All Rights Reserved.</annotation>

    <storeData>
        <name>ULT 18</name>
        <functions>
            <function>$l10n_function_tank</function>
        </functions>
        <image>$data/vehicles/zunhammer/ult18/store_ult18.png</image>
        <price>37500</price>
        <lifetime>600</lifetime>
        <rotation>0</rotation>
        <brand>ZUNHAMMER</brand>
        <category>slurryTransport</category>
        <shopTranslationOffset>0 -0.103 0</shopTranslationOffset>
        <shopRotationOffset>0.033 0 0</shopRotationOffset>
        <vertexBufferMemoryUsage>1054464</vertexBufferMemoryUsage>
        <indexBufferMemoryUsage>318208</indexBufferMemoryUsage>
        <textureMemoryUsage>393216</textureMemoryUsage>
        <instanceVertexBufferMemoryUsage>0</instanceVertexBufferMemoryUsage>
        <instanceIndexBufferMemoryUsage>0</instanceIndexBufferMemoryUsage>
        <audioMemoryUsage>0</audioMemoryUsage>
    </storeData>

    <base>
        <typeDesc>$l10n_typeDesc_manureBarrel</typeDesc>
        <filename>$data/vehicles/zunhammer/ult18/ult18.i3d</filename>
        <size width="2.7" length="7.8" height="3.75"/>
        <components maxMass="18000">
            <component centerOfMass="0 0.6 -0.8"  solverIterationCount="10" mass="1380"/>
            <component centerOfMass="0 0 0" solverIterationCount="10" mass="1200"/>
            <component solverIterationCount="10" mass="300"/>
            <joint component1="1" component2="2" node="componentJointFront" rotLimit="0 120 0" transLimit="0 0 0" />
            <joint component1="2" component2="3" node="componentJointDrawbar" rotLimit="0 0 0" transLimit="0 0 0" />
            <collisionPair component1="1" component2="3" enabled="false"/>
        </components>
        <schemaOverlay attacherJointPosition="0 0" name="IMPLEMENT" />
        <mapHotspot type="TRAILER" />
    </base>

    <wheels>
        <wheelConfigurations tireCategories="TRAILER">
            <tireCombination brand="VREDESTEIN" names="flotationTrac"/>
            <wheelConfiguration name="$l10n_configuration_valueWheelBroad" price="0" saveId="BROAD">
                <wheels>
                    <wheel dimensions="560_45R22_5" isLeft="true" hasTireTracks="true" hasParticles="true" >
                        <physics tipOcclusionAreaGroupId="1" restLoad="1.2" repr="wheelFrontLeft"  forcePointRatio="0.25" initialCompression="12" suspTravel="0.08" spring="100" damper="40" yOffset="0.03" />
                    </wheel>
                    <wheel dimensions="560_45R22_5" isLeft="false" hasTireTracks="true" hasParticles="true" >
                        <physics tipOcclusionAreaGroupId="1" restLoad="1.2" repr="wheelFrontRight" forcePointRatio="0.25" initialCompression="12" suspTravel="0.08" spring="100" damper="40" yOffset="0.03" />
                    </wheel>
                    <wheel dimensions="560_45R22_5" isLeft="true" hasTireTracks="true" hasParticles="true" >
                        <physics tipOcclusionAreaGroupId="1" restLoad="0.5" repr="wheelBackLeft"   forcePointRatio="0.25" initialCompression="5"  suspTravel="0.08" spring="100" damper="40" yOffset="0.03" />
                        <wheelChock parkingNode="wheelChock01" />
                        <wheelChock parkingNode="wheelChock02" isInverted="true" />
                    </wheel>
                    <wheel dimensions="560_45R22_5" isLeft="false" hasTireTracks="true" hasParticles="true" >
                        <physics tipOcclusionAreaGroupId="1" restLoad="0.5" repr="wheelBackRight"  forcePointRatio="0.25" initialCompression="5"  suspTravel="0.08" spring="100" damper="40" yOffset="0.03" />
                    </wheel>
                </wheels>
                <objectChange node="fenderFrontLeftSmall"  visibilityActive="false" visibilityInactive="true" />
                <objectChange node="fenderFrontRightSmall" visibilityActive="false" visibilityInactive="true" />
                <objectChange node="fenderBackLeftSmall"   visibilityActive="false" visibilityInactive="true" />
                <objectChange node="fenderBackRightSmall"  visibilityActive="false" visibilityInactive="true" />
                <objectChange node="fenderFrontLeftWide"   visibilityActive="true"  visibilityInactive="false" />
                <objectChange node="fenderFrontRightWide"  visibilityActive="true"  visibilityInactive="false" />
                <objectChange node="fenderBackLeftWide"    visibilityActive="true"  visibilityInactive="false" />
                <objectChange node="fenderBackRightWide"   visibilityActive="true"  visibilityInactive="false" />
            </wheelConfiguration>
        </wheelConfigurations>

        <hubMaterial materialTemplateName="ZUNHAMMER_GREEN3"/>

        <hubs>
            <hub linkNode="wheelFrontLeft"  filename="$data/shared/wheels/hubs/hub_n10_5.xml" isLeft="true"  scale="0.25 0.3 0.3" offset="0.012" />
            <hub linkNode="wheelFrontRight" filename="$data/shared/wheels/hubs/hub_n10_5.xml" isLeft="false" scale="0.25 0.3 0.3" offset="0.012" />
            <hub linkNode="wheelBackLeft"   filename="$data/shared/wheels/hubs/hub_n10_5.xml" isLeft="true"  scale="0.25 0.3 0.3" offset="0.012" />
            <hub linkNode="wheelBackRight"  filename="$data/shared/wheels/hubs/hub_n10_5.xml" isLeft="false" scale="0.25 0.3 0.3" offset="0.012" />
        </hubs>
    </wheels>

    <attachable>
        <inputAttacherJoints>
            <inputAttacherJoint node="attacherJoint" jointType="trailer" rootNode="ult18_drawbar_component3" attacherHeight="1" />
        </inputAttacherJoints>
        <brakeForce force="0.25" maxForce="1.3" maxForceMass="17000"/>
        <support animationName="lockDrawbarLimit"/>
        <sounds>
            <active file="$data/sounds/tools/trailer/trailerRattle_02.wav" innerRadius="10" outerRadius="50" volumeScale="4.9" isLocalSound="true" pitchScale="1.3">
                <volume indoor="0.7" outdoor="0.9" >
                    <modifier type="WHEEL_SUSPENSION" value="-0.04" modifiedValue="0.2"/>
                    <modifier type="WHEEL_SUSPENSION" value="-0.02" modifiedValue="0.1"/>
                    <modifier type="WHEEL_SUSPENSION" value="-0.01" modifiedValue="0.05"/>
                    <modifier type="WHEEL_SUSPENSION" value="-0.00" modifiedValue="0.00"/>
                    <modifier type="WHEEL_SUSPENSION" value="0.01" modifiedValue="0.05"/>
                    <modifier type="WHEEL_SUSPENSION" value="0.02" modifiedValue="0.1"/>
                    <modifier type="WHEEL_SUSPENSION" value="0.04" modifiedValue="0.2"/>

                    <modifier type="SPEED" value="0.0" modifiedValue="0.0"/>
                    <modifier type="SPEED" value="2.0" modifiedValue="1.0"/>
                    <modifier type="SPEED" value="40.0" modifiedValue="1.0"/>
                </volume>
                <lowpassCutoffFrequency indoor="250" outdoor="20000" />
                <lowpassGain indoor="0.5" outdoor="1" />
            </active>
        </sounds>
    </attachable>

    <connectionHoses>
        <hose inputAttacherJointIndices="1" type="airDoubleRed" node="airDoubleRed" adapterNode="airDoubleRed_connector" length="1" diameter="0.015" straighteningFactor="0.5" isTwoPointHose="true">
            <objectChange node="airDoubleRed_detached" visibilityActive="false" visibilityInactive="true"/>
        </hose>
        <hose inputAttacherJointIndices="1" type="airDoubleYellow" node="airDoubleYellow" adapterNode="airDoubleYellow_connector" length="1" diameter="0.015" straighteningFactor="0.5" isTwoPointHose="true">
            <objectChange node="airDoubleYellow_detached" visibilityActive="false" visibilityInactive="true"/>
        </hose>
        <hose inputAttacherJointIndices="1" type="electric" node="electric" adapterNode="electric_connector" length="1" diameter="0.015" straighteningFactor="0.5" isTwoPointHose="true">
            <objectChange node="electric_detached" visibilityActive="false" visibilityInactive="true"/>
        </hose>
        <sounds>
            <connect    type="airDoubleRed" template="hydraulicHosesAttach" volumeScale="0.7" linkNode="attacherJoint"/>
            <connect    type="electric"     template="generalConnection"    volumeScale="0.7" linkNode="attacherJoint"/>
            <disconnect type="airDoubleRed" template="hydraulicHosesDetach" volumeScale="0.7" linkNode="attacherJoint"/>
            <disconnect type="electric"     template="generalConnection"    volumeScale="0.7" linkNode="attacherJoint"/>
        </sounds>
    </connectionHoses>

    <lights>
        <sharedLight linkNode="rearLight33_left"      filename="$data/shared/assets/lights/lizard/rearLight33_left.xml" />
        <sharedLight linkNode="rearLight33_right"     filename="$data/shared/assets/lights/lizard/rearLight33_right.xml" />
        <sharedLight linkNode="sideMarker04_left"     filename="$data/shared/assets/lights/lizard/sideMarker04_left.xml" />
        <sharedLight linkNode="sideMarker04_right"    filename="$data/shared/assets/lights/lizard/sideMarker04_right.xml" />
        <sharedLight linkNode="plateNumberLight02_01" filename="$data/shared/assets/lights/lizard/plateNumberLight02.xml" />
        <sharedLight linkNode="plateNumberLight02_02" filename="$data/shared/assets/lights/lizard/plateNumberLight02.xml" />

        <realLights>
            <high>
                <light          node="backLightsHigh"       lightTypes="0" />
                <light          node="licensePlateLightHigh" lightTypes="0" />
                <turnLightLeft  node="turnLightLeftBack" />
                <turnLightRight node="turnLightRightBack" />
                <brakeLight     node="backLightsHigh" />
                <reverseLight   node="reverseLightHigh" />
            </high>
        </realLights>
    </lights>

    <licensePlates>
        <licensePlate node="licensePlateBack" position="BACK" preferedType="ELONGATED" placementArea="0.08 0.28 0.08 0.28"/>
    </licensePlates>

    <animations>
        <animation name="lockDrawbarLimit">
            <part componentJointIndex="2" startTime="0.0" endTime="0.1" startRotLimit="60 0 0" endRotLimit="0 0 0"/>

            <sound template="clackVar5" startTime="0.05" volumeScale="1.2" pitchScale="1.7" linkNode="attacherJoint"/>
            <sound template="latchSmall" startTime="0.05" volumeScale="0.4" pitchScale="2" linkNode="attacherJoint"/>
        </animation>

        <animation name="fillLevel">
            <part node="fillLevelMarker" startTime="0" endTime="1" startRot="0 0 0" endRot="-90 0 0" />
        </animation>
    </animations>

    <cylindered>
        <movingParts>
            <movingPart node="axis"    referencePoint="axisRef"    referenceFrame="axisRef"    limitedAxis="2" isActiveDirty="true" maxUpdateDistance="300"/>
            <movingPart node="drawbar" referencePoint="drawbarRef" referenceFrame="drawbarRef" limitedAxis="1" isActiveDirty="true" maxUpdateDistance="300"/>
        </movingParts>
    </cylindered>

    <fillUnit>
        <fillUnitConfigurations>
            <fillUnitConfiguration>
                <fillUnits>
                    <fillUnit shopDisplayUnit="CUBICMETER" fillTypeCategories="SLURRYTANK" capacity="30000" allowAILoading="true">
                        <dashboard displayType="ANIMATION" valueType="fillLevel" animName="fillLevel"/>
                        <exactFillRootNode node="exactFillRootNode" />
                    </fillUnit>
                    <fillTrigger consumePtoPower="true" litersPerSecond="750"/>
                </fillUnits>
            </fillUnitConfiguration>
        </fillUnitConfigurations>

        <sounds>
            <fill template="slurry01" />
        </sounds>
    </fillUnit>

    <fillTriggerVehicle triggerNode="fillTrigger" fillUnitIndex="1" litersPerSecond="750"/>

    <dischargeable>
        <dischargeNode node="dischargeNode" emptySpeed="750" fillUnitIndex="1" unloadInfoIndex="3" allowAIDischarge="true" canDischargeToGround="false">
            <info width="1.0" length="0.5" zOffset="0.4" />
            <trigger node="dischargeTrigger" />
            <dischargeSound template="slurry01"/>
        </dischargeNode>
    </dischargeable>

    <ai>
        <agentAttachment jointNode="attacherJoint" rotCenterWheelIndices="1 2" width="2.7" height="3.4" length="2" lengthOffset="0.3" hasCollision="false"/>
        <agentAttachment jointNode="componentJointFront" rotCenterWheelIndices="3 4" width="2.7" height="3.4" length="4.47" lengthOffset="1.1"/>
    </ai>

    <foliageBending>
        <bendingNode wheelIndices="3 4" minZ="-3.7" maxZ="2.1" yOffset="0.6" />
        <bendingNode minX="-0.25" maxX="0.25" minZ="-0.2" maxZ="1.55" yOffset="-0.1" node="drawbar"/>
    </foliageBending>

    <wearable wearDuration="480" workMultiplier="5" fieldMultiplier="2"/>
    <washable dirtDuration="90"  workMultiplier="3" fieldMultiplier="2" washDuration="1"/>

    <i3dMappings>
        <i3dMapping id="ult18_main_component1" node="0>" />
        <i3dMapping id="ult18_vis" node="0>0" />
        <i3dMapping id="wheelBackLeft" node="0>0|0|0" />
        <i3dMapping id="wheelBackRight" node="0>0|0|1" />
        <i3dMapping id="wheelChock01" node="0>0|0|2" />
        <i3dMapping id="wheelChock02" node="0>0|0|3" />
        <i3dMapping id="rearLight33_left" node="0>0|1|0|0" />
        <i3dMapping id="rearLight33_right" node="0>0|1|0|1" />
        <i3dMapping id="sideMarker04_left" node="0>0|1|0|2" />
        <i3dMapping id="sideMarker04_right" node="0>0|1|0|3" />
        <i3dMapping id="plateNumberLight02_01" node="0>0|1|0|4" />
        <i3dMapping id="plateNumberLight02_02" node="0>0|1|0|5" />
        <i3dMapping id="backLightsHigh" node="0>0|1|1|0" />
        <i3dMapping id="licensePlateLightHigh" node="0>0|1|1|1" />
        <i3dMapping id="turnLightLeftBack" node="0>0|1|2|0" />
        <i3dMapping id="turnLightRightBack" node="0>0|1|2|1" />
        <i3dMapping id="reverseLightHigh" node="0>0|1|3|0" />
        <i3dMapping id="axis" node="0>0|2|0" />
        <i3dMapping id="drawbar" node="0>0|2|0|0|0" />
        <i3dMapping id="airDoubleRed" node="0>0|2|0|0|0|0|0" />
        <i3dMapping id="airDoubleRed_detached" node="0>0|2|0|0|0|0|0|0" />
        <i3dMapping id="airDoubleRed_connector" node="0>0|2|0|0|0|0|0|0|0" />
        <i3dMapping id="airDoubleYellow" node="0>0|2|0|0|0|0|1" />
        <i3dMapping id="airDoubleYellow_detached" node="0>0|2|0|0|0|0|1|0" />
        <i3dMapping id="airDoubleYellow_connector" node="0>0|2|0|0|0|0|1|0|0" />
        <i3dMapping id="electric" node="0>0|2|0|0|0|0|2" />
        <i3dMapping id="electric_detached" node="0>0|2|0|0|0|0|2|0" />
        <i3dMapping id="electric_connector" node="0>0|2|0|0|0|0|2|0|0" />
        <i3dMapping id="fenderFrontLeftWide" node="0>0|2|0|1|0" />
        <i3dMapping id="fenderFrontRightWide" node="0>0|2|0|1|1" />
        <i3dMapping id="fenderFrontLeftSmall" node="0>0|2|0|1|2" />
        <i3dMapping id="fenderFrontRightSmall" node="0>0|2|0|1|3" />
        <i3dMapping id="exactFillRootNode" node="0>0|3|0" />
        <i3dMapping id="fillTrigger" node="0>0|3|1" />
        <i3dMapping id="dischargeNode" node="0>0|3|2" />
        <i3dMapping id="dischargeTrigger" node="0>0|3|3" />
        <i3dMapping id="fillLevelMarker" node="0>0|3|4|0" />
        <i3dMapping id="licensePlateBack" node="0>0|4" />
        <i3dMapping id="componentJointFront" node="0>0|5" />
        <i3dMapping id="fenderBackLeftWide" node="0>0|6|0" />
        <i3dMapping id="fenderBackRightWide" node="0>0|6|1" />
        <i3dMapping id="fenderBackLeftSmall" node="0>0|6|2" />
        <i3dMapping id="fenderBackRightSmall" node="0>0|6|3" />
        <i3dMapping id="ult18_axis_component2" node="1>" />
        <i3dMapping id="componentJointDrawbar" node="1>0" />
        <i3dMapping id="wheelFrontLeft" node="1>1" />
        <i3dMapping id="wheelFrontRight" node="1>2" />
        <i3dMapping id="axisRef" node="1>3" />
        <i3dMapping id="ult18_drawbar_component3" node="2>" />
        <i3dMapping id="attacherJoint" node="2>0" />
        <i3dMapping id="drawbarRef" node="2>1" />
    </i3dMappings>
</vehicle>
