﻿<?xml version="1.0" encoding="utf-8" standalone="no" ?>
<vehicle type="augerWagon" xmlns:xsi="http://www.w3.org/2001/XMLSchema-instance" xsi:noNamespaceSchemaLocation="../../../../shared/xml/schema/vehicle.xsd">
    <annotation>Copyright (C) GIANTS Software GmbH, All Rights Reserved.</annotation>

    <storeData>
        <name>X-Tended Reach 1112</name>
        <specs>
            <neededPower>300</neededPower>
        </specs>
        <functions>
            <function>$l10n_function_augerWagon</function>
        </functions>
        <image>$data/vehicles/jmManufacturing/x1112/store_x1112.png</image>
        <price>95000</price>
        <lifetime>600</lifetime>
        <rotation>0</rotation>
        <brand>JMMANUFACTURING</brand>
        <category>augerWagons</category>
        <shopTranslationOffset>0 0.28 0</shopTranslationOffset>
        <shopRotationOffset>0.019 0 0</shopRotationOffset>
        <vertexBufferMemoryUsage>1399552</vertexBufferMemoryUsage>
        <indexBufferMemoryUsage>372992</indexBufferMemoryUsage>
        <textureMemoryUsage>1048576</textureMemoryUsage>
        <instanceVertexBufferMemoryUsage>0</instanceVertexBufferMemoryUsage>
        <instanceIndexBufferMemoryUsage>0</instanceIndexBufferMemoryUsage>
        <audioMemoryUsage>0</audioMemoryUsage>
    </storeData>

    <base>
        <typeDesc>$l10n_typeDesc_augerWagon</typeDesc>
        <filename>$data/vehicles/jmManufacturing/x1112/x1112.i3d</filename>
        <size width="4.15" length="9.4" height="4.05" lengthOffset="-0.27"/>
        <sounds volumeFactor="2.0"/>
        <components maxMass="40000">
            <component centerOfMass="0 0.9 -1.1" solverIterationCount="10" mass="5800"/>
        </components>
        <schemaOverlay attacherJointPosition="0 0" name="IMPLEMENT"/>
        <mapHotspot type="TRAILER"/>
    </base>

    <configurationSets>
        <configurationSet name="$l10n_configuration_valueDefault">
            <configuration name="wheel" index="1"/>
            <configuration name="fillUnit" index="1"/>
            <configuration name="fillVolume" index="1"/>
            <configuration name="cylindered" index="1"/>
            <configuration name="inputAttacherJoint" index="1"/>
        </configurationSet>
        <configurationSet name="$l10n_configuration_valueTwinWheelsAll">
            <configuration name="wheel" index="2"/>
            <configuration name="fillUnit" index="2"/>
            <configuration name="fillVolume" index="2"/>
            <configuration name="inputAttacherJoint" index="2"/>
            <configuration name="cylindered" index="1"/>
        </configurationSet>
        <configurationSet name="$l10n_configuration_valueCrawler">
            <configuration name="wheel" index="3"/>
            <configuration name="fillUnit" index="3"/>
            <configuration name="fillVolume" index="3"/>
            <configuration name="cylindered" index="2"/>
            <configuration name="inputAttacherJoint" index="3"/>
            <configuration name="rimColor" index="1"/>
        </configurationSet>
    </configurationSets>

    <baseColorConfigurations>
        <baseColorConfiguration materialTemplateName="JMMANUFACTURING_RED1" />
        <baseColorConfiguration materialTemplateName="JMMANUFACTURING_YELLOW1" />
        <baseColorConfiguration materialTemplateName="JMMANUFACTURING_GREEN1" />
        <baseColorConfiguration materialTemplateName="JMMANUFACTURING_BLUE1" />
        <baseColorConfiguration materialTemplateName="JMMANUFACTURING_BLACK1" />

        <material materialSlotName="body_shared_mat"/>
        <material materialSlotName="body_single_mat"/>
        <material materialSlotName="body_double_mat"/>
        <material materialSlotName="body_crawler_mat"/>
        <material materialSlotName="grid_crawler_mat"/>
    </baseColorConfigurations>

    <rimColorConfigurations>
        <rimColorConfiguration materialTemplateName="RIM_CONFIGURATION_WHITE" price="0"/>
        <rimColorConfiguration materialTemplateName="RIM_DEFAULT" price="0"/>
        <rimColorConfiguration materialTemplateName="RIM_CONFIGURATION_BLACK" price="0"/>
        <rimColorConfiguration materialTemplateName="HARDI_BEIGE" price="0" name="$l10n_ui_colorBeige"/>
    </rimColorConfigurations>

    <powerConsumer ptoRpm="400" neededMaxPtoPower="50"/>

    <wheels>
        <wheelConfigurations>
            <wheelConfiguration name="$l10n_configuration_valueDefault" price="0" saveId="SINGLE">
                <wheels autoRotateBackSpeed="1.7">
                    <wheel filename="$data/shared/wheels/tires/michelin/megaXbib/1050_50R32.xml" isLeft="true" hasTireTracks="true" hasParticles="true">
                        <physics tipOcclusionAreaGroupId="1" restLoad="3.1" repr="wheelLeft"    forcePointRatio="0.35" initialCompression="9" suspTravel="0.15" spring="190" damper="175" yOffset="0.035"/>
                        <wheelChock/>
                        <wheelChock isInverted="true"/>
                        <tire isInverted="true"/>
                    </wheel>
                    <wheel filename="$data/shared/wheels/tires/michelin/megaXbib/1050_50R32.xml" isLeft="false" hasTireTracks="true" hasParticles="true">
                        <physics tipOcclusionAreaGroupId="1" restLoad="3.1" repr="wheelRight"   forcePointRatio="0.35" initialCompression="9" suspTravel="0.15" spring="190" damper="175" yOffset="0.035"/>
                        <tire isInverted="true"/>
                    </wheel>
                </wheels>
            </wheelConfiguration>

            <wheelConfiguration name="$l10n_configuration_valueDefault" price="15000" saveId="DOUBLE">
                <wheels autoRotateBackSpeed="1.7">
                    <wheel filename="$data/shared/wheels/tires/michelin/agriBib/520_85R42.xml" isLeft="true" hasTireTracks="true" hasParticles="true">
                        <physics tipOcclusionAreaGroupId="1" restLoad="1.7" repr="wheelLeft01"  forcePointRatio="0.35" initialCompression="9" suspTravel="0.15" spring="95" damper="90" brakeFactor="0.6" yOffset="0.03"/>
                        <wheelChock/>
                        <wheelChock isInverted="true"/>
                        <tire isInverted="true"/>
                    </wheel>
                    <wheel filename="$data/shared/wheels/tires/michelin/agriBib/520_85R42.xml" isLeft="false" hasTireTracks="true" hasParticles="true">
                        <physics tipOcclusionAreaGroupId="1" restLoad="1.7" repr="wheelRight01" forcePointRatio="0.35" initialCompression="9" suspTravel="0.15" spring="95" damper="90" brakeFactor="0.6" yOffset="0.03"/>
                        <tire isInverted="true"/>
                    </wheel>
                    <wheel filename="$data/shared/wheels/tires/michelin/agriBib/520_85R42.xml" isLeft="false" hasTireTracks="true" hasParticles="true">
                        <physics tipOcclusionAreaGroupId="1" restLoad="1.7" repr="wheelLeft02"  forcePointRatio="0.35" initialCompression="9" suspTravel="0.15" spring="95" damper="90" brakeFactor="0.6" yOffset="0.035"/>
                        <tire isInverted="true"/>
                    </wheel>
                    <wheel filename="$data/shared/wheels/tires/michelin/agriBib/520_85R42.xml" isLeft="true" hasTireTracks="true" hasParticles="true">
                        <physics tipOcclusionAreaGroupId="1" restLoad="1.7" repr="wheelRight02" forcePointRatio="0.35" initialCompression="9" suspTravel="0.15" spring="95" damper="90" brakeFactor="0.6" yOffset="0.035"/>
                        <tire isInverted="true"/>
                    </wheel>
                </wheels>
                <foliageBendingModifier index="1" minX="-1.92" maxX="1.92"/>
            </wheelConfiguration>

            <wheelConfiguration name="$l10n_configuration_valueDefault" price="30000" saveId="CRAWLER">
                <wheels>
                    <wheel hasTireTracks="true" hasParticles="true">
                        <physics tipOcclusionAreaGroupId="1" rotSpeed="1" restLoad="1.5" repr="crawlerLeftBackWheelRepr" driveNode="crawlerLeftBackWheelDriveNode"   radius="0.53" width="0.92" mass="0.2" frictionScale="1.8" tireType="crawler" initialCompression="7" suspTravel="0.15" spring="120" damper="90" supportsWheelSink="false" brakeFactor="0.4" yOffset="0.026"/>
                        <tire tireTrackAtlasIndex="7"/>
                    </wheel>
                    <wheel>
                        <physics tipOcclusionAreaGroupId="1" rotSpeed="1" restLoad="1.5" repr="crawlerLeftFrontWheel"                                                radius="0.53" width="0.92" mass="0.2" frictionScale="1.2" tireType="crawler" initialCompression="7" suspTravel="0.15" spring="120" damper="90" supportsWheelSink="false" brakeFactor="0.4" transRatio="1" yOffset="-0.026"/>
                    </wheel>
                    <wheel hasTireTracks="true" hasParticles="true">
                        <physics tipOcclusionAreaGroupId="1" rotSpeed="1" restLoad="1.5" repr="crawlerRightBackWheelRepr" driveNode="crawlerRightBackWheelDriveNode" radius="0.53" width="0.92" mass="0.2" frictionScale="1.8" tireType="crawler" initialCompression="7" suspTravel="0.15" spring="120" damper="90" supportsWheelSink="false" brakeFactor="0.4" yOffset="0.026"/>
                        <tire tireTrackAtlasIndex="7"/>
                    </wheel>
                    <wheel>
                        <physics tipOcclusionAreaGroupId="1" rotSpeed="1" restLoad="1.5" repr="crawlerRightFrontWheel"                                               radius="0.53" width="0.92" mass="0.2" frictionScale="1.2" tireType="crawler" initialCompression="7" suspTravel="0.15" spring="120" damper="90" supportsWheelSink="false" brakeFactor="0.4" transRatio="1" yOffset="-0.026"/>
                    </wheel>
                </wheels>

                <crawlers>
                    <crawler filename="$data/shared/crawlers/jmManufacturing/x1112Crawler/x1112Crawler.xml" linkNode="crawlerLeftLinkNode"  wheelIndices="1 2" isLeft="true"/>
                    <crawler filename="$data/shared/crawlers/jmManufacturing/x1112Crawler/x1112Crawler.xml" linkNode="crawlerRightLinkNode" wheelIndices="3 4" isLeft="false"/>
                </crawlers>
                <foliageBendingModifier index="1" minX="-1.9" maxX="1.9"/>
            </wheelConfiguration>
        </wheelConfigurations>

        <hubMaterial materialTemplateName="SHARED_DA_METAL_BLACK" />

        <hubs>
            <hub linkNode="wheelLeft"  filename="$data/shared/wheels/hubs/hub_n10_5.xml" isLeft="true"  scale="0.31 0.31 0.31" offset="-0.005"/>
            <hub linkNode="wheelRight" filename="$data/shared/wheels/hubs/hub_n10_5.xml" isLeft="false" scale="0.31 0.31 0.31" offset="-0.005"/>

            <hub linkNode="wheelLeft01"  filename="$data/shared/wheels/hubs/hub_n10_5.xml" isLeft="true"  scale="0.31 0.31 0.31" offset="-0.005"/>
            <hub linkNode="wheelLeft02"  filename="$data/shared/wheels/hubs/hub_n10_5.xml" isLeft="false" scale="0.31 0.31 0.31" offset="-0.005"/>
            <hub linkNode="wheelRight01" filename="$data/shared/wheels/hubs/hub_n10_5.xml" isLeft="false" scale="0.31 0.31 0.31" offset="-0.005"/>
            <hub linkNode="wheelRight02" filename="$data/shared/wheels/hubs/hub_n10_5.xml" isLeft="true"  scale="0.31 0.31 0.31" offset="-0.005"/>
        </hubs>
    </wheels>

    <attachable>
        <inputAttacherJointConfigurations>
            <inputAttacherJointConfiguration>
                <inputAttacherJoint node="attacherJoint" jointType="trailerLow" attacherHeight="0.6"/>
            </inputAttacherJointConfiguration>
            <inputAttacherJointConfiguration>
                <inputAttacherJoint node="attacherJoint" jointType="trailerLow" attacherHeight="0.6"/>
            </inputAttacherJointConfiguration>
            <inputAttacherJointConfiguration>
                <inputAttacherJoint node="attacherJoint" jointType="trailerLow" attacherHeight="0.6"/>
            </inputAttacherJointConfiguration>
        </inputAttacherJointConfigurations>

        <brakeForce force="2" maxForce="8" maxForceMass="38000"/>
        <support animationName="moveSupport" />
        <airConsumer usage="0.3" />
    </attachable>

    <powerTakeOffs>
        <input inputAttacherJointIndices="1" inputNode="ptoInputNode" aboveAttacher="true" detachNode="ptoDetachNode" materialTemplateName="WALTERSCHEID_BLACK1"/>
        <sounds>
            <turnedOn template="tractorPTO" linkNode="attacherJoint" volumeScale="0.5"/>
        </sounds>
    </powerTakeOffs>

    <connectionHoses>
        <hose inputAttacherJointIndices="1" type="hydraulicIn" adapterNode="hydraulicIn01_detached" node="hydraulicIn01"  length="1.0" diameter="0.016">
            <objectChange node="hydraulicIn01_detached" visibilityActive="false" visibilityInactive="true"/>
        </hose>
        <hose inputAttacherJointIndices="1" type="hydraulicOut" adapterNode="hydraulicOut01_detached" node="hydraulicOut01" length="1.0" diameter="0.016">
            <objectChange node="hydraulicOut01_detached" visibilityActive="false" visibilityInactive="true"/>
        </hose>

        <hose inputAttacherJointIndices="1" type="hydraulicIn" adapterNode="hydraulicIn02_detached" node="hydraulicIn02"  length="1.0" diameter="0.016">
            <objectChange node="hydraulicIn02_detached" visibilityActive="false" visibilityInactive="true"/>
        </hose>
        <hose inputAttacherJointIndices="1" type="hydraulicOut" adapterNode="hydraulicOut02_detached" node="hydraulicOut02" length="1.0" diameter="0.016">
            <objectChange node="hydraulicOut02_detached" visibilityActive="false" visibilityInactive="true"/>
        </hose>

        <hose inputAttacherJointIndices="1" type="airDoubleRed" adapterNode="airIn_detached" node="airIn" length="1.0" diameter="0.016">
            <objectChange node="airIn_detached" visibilityActive="false" visibilityInactive="true" />
        </hose>
        <hose inputAttacherJointIndices="1" type="airDoubleYellow" adapterNode="airOut_detached" node="airOut" length="1.0" diameter="0.016">
            <objectChange node="airOut_detached" visibilityActive="false" visibilityInactive="true" />
        </hose>
        <hose inputAttacherJointIndices="1" type="electric" adapterNode="electricIn01_detached" node="electricIn01"  length="1.0" diameter="0.01">
            <objectChange node="electricIn01_detached" visibilityActive="false" visibilityInactive="true"/>
        </hose>
        <sounds>
            <connect    type="airDoubleRed" template="hydraulicHosesAttach" volumeScale="0.7" linkNode="attacherJoint"/>
            <connect    type="electric"     template="generalConnection"    volumeScale="0.7" linkNode="attacherJoint"/>
            <disconnect type="airDoubleRed" template="hydraulicHosesDetach" volumeScale="0.7" linkNode="attacherJoint"/>
            <disconnect type="electric"     template="generalConnection"    volumeScale="0.3" linkNode="attacherJoint"/>
        </sounds>
    </connectionHoses>

    <lights>
        <sharedLight linkNode="rearLight19Orange_01" filename="$data/shared/assets/lights/lizard/rearLight19Orange_left.xml" />
        <sharedLight linkNode="rearLight19Orange_02" filename="$data/shared/assets/lights/lizard/rearLight19Orange_right.xml" />
        <sharedLight linkNode="rearLight23Red_01" filename="$data/shared/assets/lights/lizard/rearLight23Red.xml" />
        <sharedLight linkNode="rearLight23Red_02" filename="$data/shared/assets/lights/lizard/rearLight23Red.xml" />
        <sharedLight linkNode="workingLight08_01" lightTypes="1" filename="$data/shared/assets/lights/lizard/workingLight08.xml" />
        <sharedLight linkNode="plateNumberLight05" filename="$data/shared/assets/lights/lizard/plateNumberLight05.xml"/>
        <sharedLight linkNode="plateNumberLight06" filename="$data/shared/assets/lights/lizard/plateNumberLight05.xml"/>

        <realLights>
            <high>
                <light node="backLightsHigh" lightTypes="0" />
                <light node="licensePlateLightHigh" lightTypes="0" />
                <light node="workLightBackLow" lightTypes="1" />
                <brakeLight node="backLightsHigh" />
                <turnLightLeft node="turnLightLeftBack" />
                <turnLightRight node="turnLightRightBack" />
            </high>
        </realLights>
    </lights>

    <licensePlates>
        <licensePlate node="licensePlateNodeBack"  position="BACK" preferedType="ELONGATED" placementArea="0.07 0.28 0.25 0.31">
            <objectChange node="plateNumberLight05" visibilityActive="true" visibilityInactive="false" />
            <objectChange node="plateNumberLight06" visibilityActive="true" visibilityInactive="false" />
        </licensePlate>
    </licensePlates>

    <animations>
        <animation name="foldPipe" soundVolumeFactor="0.7">
            <part node="augerArm"   startTime="0" endTime="6" startRot="0 0 173.156" endRot="0 0 0" />
            <part node="augerCover"   startTime="4" endTime="6" startTrans="0 0 0" endTrans="0 -0.5 0" />
            <part node="augerArmFlap" startTime="0.0" endTime="3" startRot="0 0 -60" endRot="0 0 0" />
            <part node="augerArmFlapPart01" startTime="0.0" endTime="3" startTrans="0 0 0.432" endTrans="0 0 0" />

            <sound template="hydraulicOpen05"  startTime="0.01" endTime="5.99"  direction="0"     pitchScale="1.4" volumeScale="2" linkNode="augerArm" fadeIn="0.1" fadeOut="0.1"/>
            <sound template="cylinderPunch"    startTime="0.02" direction="-1" pitchScale="1.2"  volumeScale="2.1"                linkNode="augerArm" fadeIn="0.1" fadeOut="0.1"/>
            <sound template="clackVar1"        startTime="0.1"  direction="-1" volumeScale="0.7" linkNode="augerArm"/>
            <sound template="clackVar4"        startTime="0.01" direction="1"  pitchScale="0.4"  volumeScale="3.0" fadeIn="0.2" linkNode="augerArm"/>
            <sound template="clackVar4"        startTime="5.99" direction="-1" pitchScale="0.4"  volumeScale="3.0" fadeIn="0.2" linkNode="augerArm"/>
            <sound template="cylinderPunch"    startTime="5.99" direction="1"  pitchScale="1"    volumeScale="0.7" linkNode="augerArm"/>
            <sound template="clackVar1"        startTime="5.7"  direction="1"  pitchScale="0.8"  volumeScale="0.8" linkNode="augerArm"/>
            <sound template="latchSmall"       startTime="5.6"  direction="1"  pitchScale="0.4"  volumeScale="0.3" linkNode="augerArm"/>
            <sound template="hingeMedium"      startTime="3.8"  direction="1"  pitchScale="0.3"  volumeScale="2.5" linkNode="augerArm"/>
        </animation>

        <animation name="augerArmFlapPart01Anim">
            <part node="augerArmFlapPart01" startTime="0.0" endTime="1" startTrans="0 0 0.426" endTrans="0 0 0" />
            <part node="pipeRaycastNode" startTime="0.0" endTime="1.0" startRot="35 0 0" endRot="-15 0 0" requiredAnimation="foldPipe" requiredAnimationRange="1 1"/>
        </animation>

        <animation name="moveSupport">
            <part node="supportArm"        startTime="0.00" endTime="0.5" startTrans="0 0 0" endTrans="0 -0.28 0"  requiredConfigurationName="fillUnit" requiredConfigurationIndex="1"/>
            <part node="supportArm"        startTime="0.00" endTime="0.5" startTrans="0 0 0" endTrans="0 -0.3 0"  requiredConfigurationName="fillUnit" requiredConfigurationIndex="2"/>
            <part node="supportArm"        startTime="0.00" endTime="0.5" startTrans="0 0 0" endTrans="0 -0.3 0"  requiredConfigurationName="fillUnit" requiredConfigurationIndex="3"/>
            <part node="supportArmHandlePart"        startTime="0.00" endTime="0.05" startRot="0 0 0" endRot="17.5 0 0"/>
            <part node="supportArmHandlePart"        startTime="0.07" endTime="0.75" startRot="17.5 0 0" endRot="0 0 0"/>
            <part node="supportArmHandle"        startTime="0.05" endTime="0.7" startRot="0 0 0" endRot="0 0 720"/>

            <sound template="hydraulicOpen02" startTime="0.01" endTime="0.74" volumeScale="1"   pitchScale="0.8" linkNode="supportArm" fadeIn="0.1" fadeOut="0.1"/>
            <sound template="metalClose"      startTime="0.01" direction="-1" volumeScale="0.5" pitchScale="2.8" linkNode="supportArm"/>
            <sound template="hingeImp"        startTime="0.01" direction="-1" volumeScale="0.7" pitchScale="1.2" linkNode="supportArm"/>
            <sound template="vibratingImp"    startTime="0.01" direction="-1" volumeScale="0.4" pitchScale="1.2" linkNode="supportArm"/>
            <sound template="metalClose"      startTime="0.7"  direction="1"  volumeScale="0.7" pitchScale="2.8" linkNode="supportArm"/>
            <sound template="clackVar1"       startTime="0.1"  direction="1"  volumeScale="1.3" pitchScale="1.8" linkNode="supportArm"/>
            <sound template="clackVar1"       startTime="0.7"  direction="-1" volumeScale="1.3" pitchScale="1.8" linkNode="supportArm"/>
        </animation>

        <animation name="toggleCover">
            <part node="cover_closed" startTime="0"    endTime="0.05" visibility="true" />
            <part node="cover_closed" startTime="0.05" endTime="0.1"  visibility="false" />
            <part node="cover_opened" startTime="0"    endTime="0.05" visibility="false" />
            <part node="cover_opened" startTime="0.05" endTime="0.1"  visibility="true" />

            <sound template="fabricCover2" startTime="0.01" direction="1"  volumeScale="1.4" pitchScale="1.5"/>
            <sound template="fabricCover1" startTime="0.05" direction="-1" volumeScale="1.4" pitchScale="1.8"/>
        </animation>
    </animations>

    <cylindered>
        <cylinderedConfigurations>
            <cylinderedConfiguration/>
            <cylinderedConfiguration>
                <movingParts>
                    <movingPart node="crawlerLeftLinkNode" referencePoint="crawlerLeftFrontWheel" referenceFrame="crawlerLeftLinkNodeRefFrame" isActiveDirty="true" maxUpdateDistance="300"/>
                    <movingPart node="crawlerRightLinkNode" referencePoint="crawlerRightFrontWheel" referenceFrame="crawlerRightLinkNodeRefFrame" isActiveDirty="true" maxUpdateDistance="300"/>
                </movingParts>
            </cylinderedConfiguration>
        </cylinderedConfigurations>

        <movingTools>
            <movingTool node="augerArm">
                <dependentPart node="augerArmPart01" />
            </movingTool>
            <movingTool node="augerArmFlap" freezingPipeStates="1">
                <controls axis="AXIS_PIPE" invertAxis="true" mouseSpeedFactor="0.25" iconName="PIPE_END_ROTATE" />
                <rotation rotSpeed="30" rotAcceleration="200" rotMin="-60" rotMax="0" startRot="0" rotationAxis="3"/>
                <dependentAnimation name="augerArmFlapPart01Anim" rotationAxis="3" minValue="-60" maxValue="0"/>
                <dependentPart node="augerArmFlapHydraulic" />
            </movingTool>
            <movingTool node="augerCover">
                <dependentPart node="augerCoverArm" />
            </movingTool>
            <movingTool node="augerArmFlapPart01">
                <dependentPart node="augerArmFlapPart02" />
            </movingTool>
        </movingTools>

        <movingParts>
            <movingPart node="augerCoverArm" referencePoint="augerCoverArmRef" referenceFrame="augerCoverArmRef"/>
            <movingPart node="augerArmPart01" localReferencePoint="augerArmPart02" referencePoint="augerArmPart02Ref" referenceFrame="augerArmPart01RefFrame">
                <dependentPart node="augerArmPart02" />
                <dependentPart node="augerArmPart01Hydraulic" />
            </movingPart>
            <movingPart node="augerArmPart02" referencePoint="augerArmPart02Ref" referenceFrame="augerArmPart02Ref"/>
            <movingPart node="augerArmPart01Hydraulic" referencePoint="augerArmPart01HydraulicRef" referenceFrame="augerArmPart01HydraulicRef">
                <translatingPart node="augerArmPart01HydraulicPunch" />
            </movingPart>
            <movingPart node="augerArmFlapHydraulic" referencePoint="augerArmFlapHydraulicRef" referenceFrame="augerArmFlapHydraulicRef">
                <translatingPart node="augerArmFlapHydraulicPunch" />
            </movingPart>
            <movingPart node="augerArmFlapPart02" referencePoint="augerArmFlapPart02Ref" referenceFrame="augerArmFlapPart02Ref" scaleZ="true"/>
        </movingParts>
        <sounds>
            <actionSound template="hydraulicOpen05" volumeScale="0.6" pitchScale="2"   linkNode="augerArmFlap" actionNames="TOOL_MOVE_POS TOOL_MOVE_NEG" nodes="augerArmFlap" fadeIn="0.1" fadeOut="0.1" />
            <actionSound template="clackVar6"       volumeScale="1.5" pitchScale="0.7" linkNode="augerArmFlap" actionNames="TOOL_MOVE_END_POS_LIMIT TOOL_MOVE_END_NEG_LIMIT" nodes="augerArmFlap" fadeIn="0.1" fadeOut="0.1" />
            <actionSound template="grabImp"         volumeScale="0.8" pitchScale="1"   linkNode="augerArmFlap" actionNames="TOOL_MOVE_END_POS_LIMIT TOOL_MOVE_END_NEG_LIMIT" nodes="augerArmFlap" fadeIn="0.1" fadeOut="0.1" />
        </sounds>
    </cylindered>

    <fillUnit>
        <fillUnitConfigurations>
            <fillUnitConfiguration vehicleIcon="$data/vehicles/jmManufacturing/x1112/store_x1112.dds">
                <fillUnits>
                    <fillUnit shopDisplayUnit="CUBICMETER" fillTypeCategories="AUGERWAGON" capacity="81050" >
                        <exactFillRootNode node="exactFillRootNode" />
                    </fillUnit>
                </fillUnits>
                <objectChange node="config_single" visibilityActive="true" visibilityInactive="false" />
            </fillUnitConfiguration>
            <fillUnitConfiguration vehicleIcon="$data/vehicles/jmManufacturing/x1112/store_x1112Twin.dds">
                <fillUnits>
                    <fillUnit shopDisplayUnit="CUBICMETER" fillTypeCategories="AUGERWAGON" capacity="79,288" >
                        <exactFillRootNode node="exactFillRootNode" />
                    </fillUnit>
                </fillUnits>
                <objectChange node="config_double" visibilityActive="true" visibilityInactive="false" />
                <objectChange node="colPart_double" compoundChildActive="true" compoundChildInactive="false" />
            </fillUnitConfiguration>
            <fillUnitConfiguration vehicleIcon="$data/vehicles/jmManufacturing/x1112/store_x1112Crawler.dds">
                <fillUnits>
                    <fillUnit shopDisplayUnit="CUBICMETER" fillTypeCategories="AUGERWAGON" capacity="82,812" >
                        <exactFillRootNode node="exactFillRootNode" />
                    </fillUnit>
                </fillUnits>
                <objectChange node="config_crawler" visibilityActive="true" visibilityInactive="false" />
                <objectChange node="crawlerCollision" compoundChildActive="true" compoundChildInactive="false" />
            </fillUnitConfiguration>
        </fillUnitConfigurations>
    </fillUnit>

    <fillVolume>
        <fillVolumeConfigurations>
            <fillVolumeConfiguration>
                <volumes>
                    <volume node="fillVolumeSingle" maxDelta="0.2" fillUnitIndex="1" maxAllowedHeapAngle="7"/>
                </volumes>
            </fillVolumeConfiguration>
            <fillVolumeConfiguration>
                <volumes>
                    <volume node="fillVolumeDouble" maxDelta="0.2" fillUnitIndex="1" maxAllowedHeapAngle="7"/>
                </volumes>
            </fillVolumeConfiguration>
            <fillVolumeConfiguration>
                <volumes>
                    <volume node="fillVolumeCrawler" maxDelta="0.2" fillUnitIndex="1" maxAllowedHeapAngle="7"/>
                </volumes>
            </fillVolumeConfiguration>
        </fillVolumeConfigurations>

        <unloadInfos>
            <unloadInfo>
                <node node="unloadInfo" width="0.3" length="0.3" />
            </unloadInfo>
        </unloadInfos>
    </fillVolume>

    <pipe dischargeNodeIndex="1">
        <states num="2" unloading="2" />
        <animation name="foldPipe" speedScale="1" />
        <unloadingTriggers>
            <unloadingTrigger node="trailerTrigger" />
        </unloadingTriggers>

        <animationNodes>
            <animationNode node="auger" rotSpeed="-1200" rotAxis="3" turnOnFadeTime="2" turnOffFadeTime="2" />
            <animationNode node="lowerauger" rotSpeed="-1200" rotAxis="3" turnOnFadeTime="2" turnOffFadeTime="2" />
            <animationNode node="augerTank" rotSpeed="-1200" rotAxis="3" turnOnFadeTime="2" turnOffFadeTime="2" />
            <animationNode node="pto01" rotSpeed="-1200" rotAxis="3" turnOnFadeTime="2" turnOffFadeTime="2" />
            <animationNode node="pto02" rotSpeed="-1200" rotAxis="3" turnOnFadeTime="2" turnOffFadeTime="2" />
        </animationNodes>
    </pipe>

    <dischargeable>
        <dischargeNode node="pipeRaycastNode" emptySpeed="1190" fillUnitIndex="1" unloadInfoIndex="1" maxDistance="8">
            <info width="0.6" length="0.3" useRaycastHitPosition="true"/>

            <effects>
                <effectNode effectClass="PipeEffect" effectNode="unloadingEffect" materialType="pipe" delay="0" maxBending="0.9" positionUpdateNodes="unloadingSmoke" extraDistance="0.2"/>
                <effectNode                          effectNode="unloadingSmoke"  materialType="unloadingSmoke" delay="0.1" alignToWorldY="true"/>
            </effects>

            <dischargeStateSound template="augerBelt" pitchScale="0.65" volumeScale="1.1" fadeIn="0.5" fadeOut="2.7"/>
        </dischargeNode>
    </dischargeable>

    <cover>
        <coverConfigurations>
            <coverConfiguration >
                <cover openAnimation="toggleCover" fillUnitIndices="1"/>
            </coverConfiguration>
        </coverConfigurations>
    </cover>

    <ai>
        <allowTurnBackward value="false"/>
        <agentAttachment jointNode="attacherJoint" rotCenterNode="rotCenterNode" width="4.1" height="3.75" length="9.2" lengthOffset="1.05"/>
    </ai>

    <foliageBending>
        <bendingNode minX="-2.05" maxX="2.05" minZ="-3.8" maxZ="1.6" yOffset="0.55"/>
        <bendingNode minX="-0.6" maxX="0.6" minZ="1.6" maxZ="4" yOffset="0.3"/>
    </foliageBending>

    <tipOccluder>
        <occlusionArea start="occlusionAreaStart" width="occlusionAreaWidth" height="occlusionAreaHeight"/>
    </tipOccluder>

    <wearable wearDuration="480" workMultiplier="5" fieldMultiplier="2"/>
    <washable dirtDuration="90" washDuration="1" workMultiplier="3" fieldMultiplier="2"/>

    <i3dMappings>
        <i3dMapping id="x1112Single_main_component1" node="0>" />
        <i3dMapping id="attacherJoint" node="0>0|0|0" />
        <i3dMapping id="supportArm" node="0>0|0|1|0" />
        <i3dMapping id="supportArmHandle" node="0>0|0|2|0" />
        <i3dMapping id="supportArmHandlePart" node="0>0|0|2|0|0" />
        <i3dMapping id="rearLight19Orange_01" node="0>0|1|0|0" />
        <i3dMapping id="rearLight19Orange_02" node="0>0|1|0|1" />
        <i3dMapping id="rearLight23Red_01" node="0>0|1|0|2" />
        <i3dMapping id="rearLight23Red_02" node="0>0|1|0|3" />
        <i3dMapping id="bigTriangle" node="0>0|1|0|4" />
        <i3dMapping id="backLightsHigh" node="0>0|1|1|0" />
        <i3dMapping id="turnLightLeftBack" node="0>0|1|2|0" />
        <i3dMapping id="turnLightRightBack" node="0>0|1|2|1" />
        <i3dMapping id="ptoInputNode" node="0>0|2|0" />
        <i3dMapping id="ptoDetachNode" node="0>0|2|1" />
        <i3dMapping id="hydraulicIn01_detached" node="0>0|3|0" />
        <i3dMapping id="hydraulicOut01_detached" node="0>0|3|1" />
        <i3dMapping id="hydraulicIn02_detached" node="0>0|3|2" />
        <i3dMapping id="hydraulicOut02_detached" node="0>0|3|3" />
        <i3dMapping id="airIn_detached" node="0>0|3|4" />
        <i3dMapping id="airOut_detached" node="0>0|3|5" />
        <i3dMapping id="electricIn01_detached" node="0>0|3|6" />
        <i3dMapping id="hydraulicOut02" node="0>0|3|7" />
        <i3dMapping id="hydraulicIn02" node="0>0|3|8" />
        <i3dMapping id="airIn" node="0>0|3|9" />
        <i3dMapping id="hydraulicIn01" node="0>0|3|10" />
        <i3dMapping id="hydraulicOut01" node="0>0|3|11" />
        <i3dMapping id="airOut" node="0>0|3|12" />
        <i3dMapping id="electricIn01" node="0>0|3|13" />
        <i3dMapping id="licensePlateNodeBack" node="0>0|4" />
        <i3dMapping id="augerArm" node="0>0|5|0|0" />
        <i3dMapping id="augerArmPart01RefFrame" node="0>0|5|0|0|0" />
        <i3dMapping id="augerArmPart01" node="0>0|5|0|0|0|0" />
        <i3dMapping id="augerArmPart02" node="0>0|5|0|0|0|0|0" />
        <i3dMapping id="augerArmPart01HydraulicRef" node="0>0|5|0|0|0|0|1" />
        <i3dMapping id="augerArmFlap" node="0>0|5|0|0|1|0" />
        <i3dMapping id="augerArmFlapPart01" node="0>0|5|0|0|1|0|0|0" />
        <i3dMapping id="augerArmFlapPart02" node="0>0|5|0|0|1|0|0|0|0" />
        <i3dMapping id="unloadingEffect" node="0>0|5|0|0|1|0|0|0|2|0" />
        <i3dMapping id="unloadingSmoke" node="0>0|5|0|0|1|0|0|0|2|1" />
        <i3dMapping id="pipeRaycastNode" node="0>0|5|0|0|1|0|0|0|4|0" />
        <i3dMapping id="augerArmFlapHydraulicRef" node="0>0|5|0|0|1|0|1" />
        <i3dMapping id="workingLight08_01" node="0>0|5|0|0|1|0|2|0" />
        <i3dMapping id="workLightBackLow" node="0>0|5|0|0|1|0|2|1" />
        <i3dMapping id="augerArmFlapHydraulic" node="0>0|5|0|0|2" />
        <i3dMapping id="augerArmFlapHydraulicPunch" node="0>0|5|0|0|2|0" />
        <i3dMapping id="auger" node="0>0|5|0|0|3|0" />
        <i3dMapping id="augerArmFlapPart02Ref" node="0>0|5|0|0|4" />
        <i3dMapping id="augerArmPart02Ref" node="0>0|5|1" />
        <i3dMapping id="augerArmPart01Hydraulic" node="0>0|5|2" />
        <i3dMapping id="augerArmPart01HydraulicPunch" node="0>0|5|2|0" />
        <i3dMapping id="augerCover" node="0>0|5|3|0" />
        <i3dMapping id="augerCoverArm" node="0>0|5|3|0|0" />
        <i3dMapping id="augerCoverArmRef" node="0>0|5|4" />
        <i3dMapping id="pto01" node="0>0|5|5|0" />
        <i3dMapping id="pto02" node="0>0|5|6|0" />
        <i3dMapping id="augerTank" node="0>0|5|7|0" />
        <i3dMapping id="lowerauger" node="0>0|5|8|0" />
        <i3dMapping id="exactFillRootNode" node="0>0|6|0" />
        <i3dMapping id="unloadInfo" node="0>0|7|0" />
        <i3dMapping id="fillVolumeSingle" node="0>0|7|1" />
        <i3dMapping id="fillVolumeDouble" node="0>0|7|2" />
        <i3dMapping id="fillVolumeCrawler" node="0>0|7|3" />
        <i3dMapping id="trailerTrigger" node="0>0|8|0" />
        <i3dMapping id="cover_closed" node="0>0|9|0" />
        <i3dMapping id="cover_opened" node="0>0|9|1" />
        <i3dMapping id="occlusionAreaStart" node="0>0|10|0" />
        <i3dMapping id="occlusionAreaWidth" node="0>0|10|1" />
        <i3dMapping id="occlusionAreaHeight" node="0>0|10|2" />
        <i3dMapping id="config_single" node="0>0|11|0" />
        <i3dMapping id="wheelLeft" node="0>0|11|0|0|0" />
        <i3dMapping id="wheelRight" node="0>0|11|0|0|1" />
        <i3dMapping id="config_double" node="0>0|11|1" />
        <i3dMapping id="wheelLeft01" node="0>0|11|1|0|0" />
        <i3dMapping id="wheelLeft02" node="0>0|11|1|0|1" />
        <i3dMapping id="wheelRight01" node="0>0|11|1|0|2" />
        <i3dMapping id="wheelRight02" node="0>0|11|1|0|3" />
        <i3dMapping id="config_crawler" node="0>0|11|2" />
        <i3dMapping id="crawlerLeftBackWheelRepr" node="0>0|11|2|0" />
        <i3dMapping id="crawlerLeftBackWheelDriveNode" node="0>0|11|2|0|0" />
        <i3dMapping id="crawlerLeftLinkNode" node="0>0|11|2|0|0|0" />
        <i3dMapping id="crawlerLeftLinkNodeRefFrame" node="0>0|11|2|0|1" />
        <i3dMapping id="crawlerLeftFrontWheel" node="0>0|11|2|1" />
        <i3dMapping id="crawlerRightBackWheelRepr" node="0>0|11|2|2" />
        <i3dMapping id="crawlerRightBackWheelDriveNode" node="0>0|11|2|2|0" />
        <i3dMapping id="crawlerRightLinkNode" node="0>0|11|2|2|0|0" />
        <i3dMapping id="crawlerRightLinkNodeRefFrame" node="0>0|11|2|2|1" />
        <i3dMapping id="crawlerRightFrontWheel" node="0>0|11|2|3" />
        <i3dMapping id="rotCenterNode" node="0>0|13" />
        <i3dMapping id="plateNumberLight05" node="0>0|14" />
        <i3dMapping id="licensePlateLightHigh" node="0>0|14|0" />
        <i3dMapping id="plateNumberLight06" node="0>0|15" />
        <i3dMapping id="crawlerCollision" node="0>0|16" />
        <i3dMapping id="colPart_double" node="0>1|10" />
    </i3dMappings>
</vehicle>
