<?xml version="1.0" encoding="utf-8" standalone="no" ?>
<modDesc descVersion="99">
    <version>8.0.2.1</version>
	<author><![CDATA[Courseplay.devTeam]]></author>
	<title>
		<en>CoursePlay</en>
		<cs>自动作业</cs>
		<ct>自動作業</ct>
		<hu>CoursePlay - A Vezetősegéd</hu>
		<jp>コースプレイ</jp>
		<kr>코스 플레이</kr>
	</title>

    <description>
<en>
<![CDATA[Courseplay FS25
Courseplay takes the AI worker to the next level. Sow, harvest and plow smarter:
- use headlands
- work on irregularly shaped fields, not just rectangles
- work around islands in the field (like power lines)
- save auto-generated courses to use a forage wagon to collect what a mower or harvester cut before
- find and collect or wrap all bales on a field
- work on vines
- let up to 5 helpers work on the same field in a group
- combines find a trailer to self-unload when full
- unload combines with trailer or auger wagon
- use loaders or vehicles with a shovel to pick up heaps on the field or to empty bunker silos
- set up your own fields wherever you like
- works great together with AutoDrive, let Courseplay do the fieldwork and AutoDrive to refill a sower or unload a forage wagon
- customize the automatically created fieldwork courses to your liking with the course editor
- work in bunker silo to push and compact

For a link to our latest release, Help page and GitHub page where you can find more information, help, and report issues please visit <a href="https://courseplay.dev/">Courseplay Website</a>
or go directly to our <a href="https://github.com/Courseplay/Courseplay_FS25">GitHub page</a>.

Many thanks to our translators and to our community for reporting bugs, giving us feedback and great ideas.

Changelog 8.0.0.0:
- Initial FS25 migration

]]>

</en>
<de>
<![CDATA[Courseplay FS25
Courseplay hebt den Helfer auf ein ganz neues Level. Säe, ernte und pflüge intelligenter:
- Nutze Vorgewende
- Arbeite auf nicht rechteckigen Feldern
- Arbeite um Feldinseln (z.B. Strommasten) umher
- Speichere die generierten Kurse von z.B. einem Drescher ab, um diese zum Aufsammeln mit einem Ladewagen oder einer Ballenpresse zu nutzen.
- Ballen auf einem Feld automatisch sammeln oder wickeln
- Arbeite auf und zwischen den Weinreben
- Lasse bis zu 5 Helfer auf dem gleichen Feld in einer Gruppe zusammenarbeiten
- Lasse deinen Drescher automatisch zu einem Anhänger am Feld fahren und dort abtanken.
- Drescher abtanken mit Anhänger oder Überladewagen.
- Erstelle deine eigenen Felder, wo immer du möchtest
- Im Bunkersilo schieben und verdichten.
- Erstelle Haufen auf einem Feld, für z.B. eine Rübenmiete, durch den Drescher Abtank Modus.
- Nutze einen Lader wie den Ropa Maus 5 oder ein Fahrzeug mit einer Schaufel, um Haufen auf dem Feld auf zu nehmen oder um einen Bunker zu leeren.
- Arbeitet super mit AutoDrive zusammen, lasse Courseplay die Feldarbeit erledigen und
AutoDrive erledigt das Abtanken eines Ladewagens oder Auffüllen einer Sämaschine.
- Verändere die generierten Kurse mit dem Kurseditor.

Ein Link zu der neuesten Version, der Hilfe Seite und Github, wo du mehr Informationen und Hilfe findest, sowie Probleme und Bugs melden kannst, findest du auf unserer <a href="https://courseplay.dev/">Courseplay Webseite</a>
oder du gehst direkt auf unsere <a href="https://github.com/Courseplay/Courseplay_FS25">GitHub Webseite</a>.

Vielen Dank an unsere Community für die zahlreichen Übersetzungen, Bug Reports, Feedback und Vorschläge zur Verbesserung.

Changelog 8.0.0.0:
- Initiale FS25 Konvertierung.

]]>
</de>
</description> 

	<iconFilename>icon_courseplay.dds</iconFilename>
	<l10n filenamePrefix="translations/translation" />
    <multiplayer supported="true" />
	
	<extraSourceFiles>
		<sourceFile filename="scripts/CpObject.lua"/>
		<sourceFile filename="Courseplay.lua"/>

		<sourceFile filename="scripts/Logger.lua"/>
		<sourceFile filename="scripts/CpUtil.lua"/>

		<sourceFile filename="scripts/debug/CpDebug.lua"/>
		<sourceFile filename="scripts/debug/CourseRecorder.lua"/>
		<sourceFile filename="scripts/dev/ConsoleCommands.lua"/>
		<sourceFile filename="scripts/config/VehicleConfigurations.lua"/>

		<sourceFile filename="scripts/util/CpMathUtil.lua"/>
		<sourceFile filename="scripts/util/MovingAverage.lua"/>
		<sourceFile filename="scripts/util/CpRemainingTime.lua"/>
		<sourceFile filename="scripts/util/HelperNode.lua"/>

		<sourceFile filename="scripts/geometry/Vector.lua"/>
		<sourceFile filename="scripts/geometry/Vertex.lua"/>
		<sourceFile filename="scripts/geometry/Polyline.lua"/>
		<sourceFile filename="scripts/geometry/Polygon.lua"/>

		<sourceFile filename="scripts/CpSettingsUtil.lua"/>
		<sourceFile filename="scripts/Waypoint.lua"/>
		<sourceFile filename="scripts/Course.lua"/>
		<sourceFile filename="scripts/CpGlobalSettings.lua"/>

		<sourceFile filename="scripts/courseManager/FileSystem.lua"/>
		<sourceFile filename="scripts/courseManager/AssignedCoursesManager.lua"/>

		<sourceFile filename="scripts/courseGenerator/CourseGenerator.lua"/>

		<sourceFile filename="scripts/courseGenerator/geometry/Intersection.lua"/>
		<sourceFile filename="scripts/courseGenerator/geometry/LineSegment.lua"/>
		<sourceFile filename="scripts/courseGenerator/geometry/Offset.lua"/>
		<sourceFile filename="scripts/courseGenerator/geometry/Slider.lua"/>
		<sourceFile filename="scripts/courseGenerator/geometry/WrapAroundIndex.lua"/>

		<sourceFile filename="scripts/courseGenerator/WaypointAttributes.lua"/>
		<sourceFile filename="scripts/courseGenerator/Util.lua"/>
		<sourceFile filename="scripts/courseGenerator/CacheMap.lua"/>
		<sourceFile filename="scripts/courseGenerator/Field.lua"/>
		<sourceFile filename="scripts/courseGenerator/FieldworkContext.lua"/>
		<sourceFile filename="scripts/courseGenerator/FieldworkCourse.lua"/>
		<sourceFile filename="scripts/courseGenerator/FieldworkCourseHelper.lua"/>
		<sourceFile filename="scripts/courseGenerator/FieldworkCourseTwoSided.lua"/>
		<sourceFile filename="scripts/courseGenerator/FieldworkCourseVine.lua"/>
		<sourceFile filename="scripts/courseGenerator/FieldworkCourseMultiVehicle.lua"/>
		<sourceFile filename="scripts/courseGenerator/HeadlandConnector.lua"/>
		<sourceFile filename="scripts/courseGenerator/Row.lua"/>
		<sourceFile filename="scripts/courseGenerator/RowPattern.lua"/>
		<sourceFile filename="scripts/courseGenerator/Block.lua"/>
		<sourceFile filename="scripts/courseGenerator/Headland.lua"/>
		<sourceFile filename="scripts/courseGenerator/CurvedPathHelper.lua"/>
		<sourceFile filename="scripts/courseGenerator/Center.lua"/>
		<sourceFile filename="scripts/courseGenerator/Island.lua"/>
		<sourceFile filename="scripts/courseGenerator/SplineHelper.lua"/>
		<sourceFile filename="scripts/courseGenerator/AnalyticHelper.lua"/>
		<sourceFile filename="scripts/courseGenerator/genetic/Genetic.lua"/>
		<sourceFile filename="scripts/courseGenerator/genetic/BlockSequencer.lua"/>
		<sourceFile filename="scripts/courseGenerator/CenterTwoSided.lua"/>
		<sourceFile filename="scripts/courseGenerator/CenterPredefinedRows.lua"/>
		<sourceFile filename="scripts/courseGenerator/CourseGeneratorInterface.lua"/>

		<sourceFile filename="scripts/field/CpFieldUtil.lua"/>
		<sourceFile filename="scripts/field/CustomField.lua"/>
		<sourceFile filename="scripts/field/CustomFieldManager.lua"/>
		<sourceFile filename="scripts/field/FieldScanner.lua"/>
		<sourceFile filename="scripts/field/FieldBoundaryDetector.lua"/>
		<sourceFile filename="scripts/field/VineScanner.lua"/>

		<sourceFile filename="scripts/silo/BunkerSiloVehicleController.lua"/>
		<sourceFile filename="scripts/silo/BunkerSiloWrapper.lua"/>
		<sourceFile filename="scripts/silo/BunkerSiloManager.lua"/>

		<sourceFile filename="scripts/trigger/TriggerWrapper.lua"/>
		<sourceFile filename="scripts/trigger/TriggerManager.lua"/>

		<sourceFile filename="scripts/pathfinder/BinaryHeap.lua"/>
		<sourceFile filename="scripts/pathfinder/State3D.lua"/>
		<sourceFile filename="scripts/pathfinder/AnalyticSolution.lua"/>
		<sourceFile filename="scripts/pathfinder/Dubins.lua"/>
		<sourceFile filename="scripts/pathfinder/ReedsShepp.lua"/>
		<sourceFile filename="scripts/pathfinder/ReedsSheppSolver.lua"/>
		<sourceFile filename="scripts/pathfinder/HybridAStar.lua"/>
		<sourceFile filename="scripts/pathfinder/AStar.lua"/>
		<sourceFile filename="scripts/pathfinder/HybridAStarWithAStarInTheMiddle.lua"/>
		<sourceFile filename="scripts/pathfinder/JumpPointSearch.lua"/>
		<sourceFile filename="scripts/pathfinder/PathfinderCollisionDetector.lua"/>
		<sourceFile filename="scripts/pathfinder/PathfinderConstraints.lua"/>
		<sourceFile filename="scripts/pathfinder/PathfinderContext.lua"/>
		<sourceFile filename="scripts/pathfinder/PathfinderUtil.lua"/>

		<sourceFile filename="scripts/ai/util/AIUtil.lua"/>
		<sourceFile filename="scripts/ai/util/FillLevelUtil.lua"/>
		<sourceFile filename="scripts/ai/util/ImplementUtil.lua"/>
		<sourceFile filename="scripts/ai/util/WorkWidthUtil.lua"/>
		<sourceFile filename="scripts/ai/PathfinderController.lua"/>
		<sourceFile filename="scripts/ai/ProximityController.lua"/>
		<sourceFile filename="scripts/ai/FieldWorkerProximityController.lua"/>
		<sourceFile filename="scripts/ai/CollisionAvoidanceController.lua"/>
		<sourceFile filename="scripts/ai/AIMessages.lua"/>
		<sourceFile filename="scripts/ai/Markers.lua"/>
		<sourceFile filename="scripts/ai/ProximitySensor.lua"/>
		<sourceFile filename="scripts/ai/BaleToCollect.lua"/>
		<sourceFile filename="scripts/ai/InfoTextsManager.lua"/>
		<sourceFile filename="scripts/ai/PurePursuitController.lua"/>
		<sourceFile filename="scripts/ai/SelfUnloadHelper.lua"/>
		<sourceFile filename="scripts/ai/VehicleScanner.lua"/>
		<sourceFile filename="scripts/ai/AIReverseDriver.lua"/>

		<sourceFile filename="scripts/ai/turns/AITurn.lua"/>
		<sourceFile filename="scripts/ai/turns/Corner.lua"/>
		<sourceFile filename="scripts/ai/turns/TurnContext.lua"/>
		<sourceFile filename="scripts/ai/turns/TurnManeuver.lua"/>
		<sourceFile filename="scripts/ai/turns/TurnContext.lua"/>
		<sourceFile filename="scripts/ai/turns/WorkStartHandler.lua"/>
		<sourceFile filename="scripts/ai/turns/WorkEndHandler.lua"/>

		<sourceFile filename="scripts/ai/controllers/ImplementController.lua"/>
		<sourceFile filename="scripts/ai/controllers/BalerController.lua"/>
		<sourceFile filename="scripts/ai/controllers/BaleWrapperController.lua"/>
		<sourceFile filename="scripts/ai/controllers/BaleLoaderController.lua"/>
		<sourceFile filename="scripts/ai/controllers/APalletAutoLoaderController.lua"/>
		<sourceFile filename="scripts/ai/controllers/UniversalAutoloadController.lua"/>
		<sourceFile filename="scripts/ai/controllers/FertilizingCultivatorController.lua"/>
		<sourceFile filename="scripts/ai/controllers/FertilizingSowingMachineController.lua"/>
		<sourceFile filename="scripts/ai/controllers/SowingMachineController.lua"/>
		<sourceFile filename="scripts/ai/controllers/ForageWagonController.lua"/>
		<sourceFile filename="scripts/ai/controllers/MowerController.lua"/>
		<sourceFile filename="scripts/ai/controllers/RidgeMarkerController.lua"/>
		<sourceFile filename="scripts/ai/controllers/PickupController.lua"/>
		<sourceFile filename="scripts/ai/controllers/CutterController.lua"/>
		<sourceFile filename="scripts/ai/controllers/SprayerController.lua"/>
		<sourceFile filename="scripts/ai/controllers/StonePickerController.lua"/>
		<sourceFile filename="scripts/ai/controllers/CombineController.lua"/>
		<sourceFile filename="scripts/ai/controllers/MotorController.lua"/>
		<sourceFile filename="scripts/ai/controllers/VineCutterController.lua"/>
		<sourceFile filename="scripts/ai/controllers/WearableController.lua"/>
		<sourceFile filename="scripts/ai/controllers/SoilSamplerController.lua"/>
		<sourceFile filename="scripts/ai/controllers/TrailerController.lua"/>
		<sourceFile filename="scripts/ai/controllers/PipeController.lua"/>
		<sourceFile filename="scripts/ai/controllers/CoverController.lua"/>
		<sourceFile filename="scripts/ai/controllers/LevelerController.lua"/>
		<sourceFile filename="scripts/ai/controllers/BunkerSiloCompacterController.lua"/>
		<sourceFile filename="scripts/ai/controllers/ConveyorController.lua"/>
		<sourceFile filename="scripts/ai/controllers/ShovelController.lua"/>
		<sourceFile filename="scripts/ai/controllers/AttachableController.lua"/>
		<sourceFile filename="scripts/ai/controllers/AttacherJointController.lua"/>
		<sourceFile filename="scripts/ai/controllers/DynamicMountAttacherController.lua"/>
		<sourceFile filename="scripts/ai/controllers/StumpCutterController.lua"/>
		<sourceFile filename="scripts/ai/controllers/FoldableController.lua"/>
		<sourceFile filename="scripts/ai/controllers/PlowController.lua"/>
		<sourceFile filename="scripts/ai/controllers/PalletFillerController.lua"/>
		<sourceFile filename="scripts/ai/controllers/TreePlanterController.lua"/>

		<sourceFile filename="scripts/ai/strategies/AIDriveStrategyCourse.lua"/>
		<sourceFile filename="scripts/ai/strategies/AIDriveStrategyDriveToFieldWorkStart.lua"/>
		<sourceFile filename="scripts/ai/strategies/AIDriveStrategyAttachHeader.lua"/>
		<sourceFile filename="scripts/ai/strategies/AIDriveStrategyFieldWorkCourse.lua"/>
		<sourceFile filename="scripts/ai/strategies/AIDriveStrategyPlowCourse.lua"/>
		<sourceFile filename="scripts/ai/strategies/AIDriveStrategyCombineCourse.lua"/>
		<sourceFile filename="scripts/ai/strategies/AIDriveStrategyFindBales.lua"/>
		<sourceFile filename="scripts/ai/strategies/AIDriveStrategyUnloadCombine.lua"/>
		<sourceFile filename="scripts/ai/strategies/AIDriveStrategyVineFieldWorkCourse.lua"/>
		<sourceFile filename="scripts/ai/strategies/AIDriveStrategyBunkerSilo.lua"/>
		<sourceFile filename="scripts/ai/strategies/AIDriveStrategySiloLoader.lua"/>
		<sourceFile filename="scripts/ai/strategies/AIDriveStrategyShovelSiloLoader.lua"/>

		<sourceFile filename="scripts/ai/parameters/AIParameterSettingInterface.lua"/>
		<sourceFile filename="scripts/ai/parameters/AIParameterSetting.lua"/>
		<sourceFile filename="scripts/ai/parameters/AIParameterSettingList.lua"/>
		<sourceFile filename="scripts/ai/parameters/AIParameterBooleanSetting.lua"/>
		<sourceFile filename="scripts/ai/parameters/CpAIParameterUnloadingStation.lua"/>
		<sourceFile filename="scripts/ai/parameters/CpAIParameterPositionAngle.lua"/>

		<sourceFile filename="scripts/ai/jobs/CpJobParameters.lua"/>
		<sourceFile filename="scripts/ai/jobs/CpAIJob.lua"/>
		<sourceFile filename="scripts/ai/jobs/CpAIJobFieldWork.lua"/>
		<sourceFile filename="scripts/ai/jobs/CpAIJobBaleFinder.lua"/>
		<sourceFile filename="scripts/ai/jobs/CpAIJobCombineUnloader.lua"/>
		<sourceFile filename="scripts/ai/jobs/CpAIJobBunkerSilo.lua"/>
		<sourceFile filename="scripts/ai/jobs/CpAIJobSiloLoader.lua"/>

		<sourceFile filename="scripts/ai/tasks/CpAITask.lua"/>
		<sourceFile filename="scripts/ai/tasks/CpAITaskFieldWork.lua"/>
		<sourceFile filename="scripts/ai/tasks/CpAITaskBaleFinder.lua"/>
		<sourceFile filename="scripts/ai/tasks/CpAITaskCombineUnloader.lua"/>
		<sourceFile filename="scripts/ai/tasks/CpAITaskDriveTo.lua"/>
		<sourceFile filename="scripts/ai/tasks/CpAITaskAttachHeader.lua"/>
		<sourceFile filename="scripts/ai/tasks/CpAITaskBunkerSilo.lua"/>
		<sourceFile filename="scripts/ai/tasks/CpAITaskSiloLoader.lua"/>

		<sourceFile filename="scripts/gui/CpGuiUtil.lua"/>
		<sourceFile filename="scripts/gui/plots/CoursePlot.lua"/>
		<sourceFile filename="scripts/gui/plots/FieldPlot.lua"/>
		<sourceFile filename="scripts/gui/plots/BunkerSiloPlot.lua"/>
		<sourceFile filename="scripts/gui/plots/HeapPlot.lua"/>
		<sourceFile filename="scripts/gui/plots/UnloadingTriggerPlot.lua"/>
		<sourceFile filename="scripts/gui/CpStatus.lua"/>
		<sourceFile filename="scripts/gui/CustomFieldHotspot.lua"/>
		<sourceFile filename="scripts/gui/CourseDisplay.lua"/>
		<sourceFile filename="scripts/gui/elements/CpBinaryOptionElement.lua"/>
		<sourceFile filename="scripts/gui/elements/CpOptionToggleElement.lua"/>
		<sourceFile filename="scripts/gui/pages/CpCourseManagerFrame.lua"/>
		<sourceFile filename="scripts/gui/pages/CpCourseGeneratorFrame.lua"/>
		<sourceFile filename="scripts/gui/pages/CpVehicleSettingsFrame.lua"/>
		<sourceFile filename="scripts/gui/pages/CpGlobalSettingsFrame.lua"/>
		<sourceFile filename="scripts/gui/pages/CpHelpFrame.lua"/>
		<sourceFile filename="scripts/gui/pages/CpConstructionFrame.lua"/>
		<sourceFile filename="scripts/gui/CpInGameMenu.lua"/>

		<sourceFile filename="scripts/gui/hud/HudElements.lua"/>
		<sourceFile filename="scripts/gui/hud/CpBaseHud.lua"/>
		<sourceFile filename="scripts/gui/hud/CpHudInfoTexts.lua"/>
		<sourceFile filename="scripts/gui/hud/CpFieldworkHudPage.lua"/>
		<sourceFile filename="scripts/gui/hud/CpBaleFinderHudPage.lua"/>
		<sourceFile filename="scripts/gui/hud/CpCombineUnloaderHudPage.lua"/>
		<sourceFile filename="scripts/gui/hud/CpBunkerSiloWorkerHudPage.lua"/>
		<sourceFile filename="scripts/gui/hud/CpSiloLoaderWorkerHudPage.lua"/>

		<sourceFile filename="scripts/editor/brushes/BaseBrush.lua"/>
		<sourceFile filename="scripts/editor/brushes/basic/InsertWaypoint.lua"/>
		<sourceFile filename="scripts/editor/brushes/basic/MoveWaypoint.lua"/>
		<sourceFile filename="scripts/editor/brushes/basic/DeleteWaypoint.lua"/>
		<sourceFile filename="scripts/editor/brushes/changeAttributes/ChangeTurnWaypoint.lua"/>
		<sourceFile filename="scripts/editor/brushes/changeAttributes/ChangeHeadlandWaypoint.lua"/>
		<sourceFile filename="scripts/editor/brushes/changeAttributes/ChangeRowNumberWaypoint.lua"/>
		<sourceFile filename="scripts/editor/brushes/changeAttributes/ChangeConnectingPathWaypoint.lua"/>
		<sourceFile filename="scripts/editor/brushes/advanced/MoveWaypoint.lua"/>
		<sourceFile filename="scripts/editor/brushes/advanced/CurveWaypoints.lua"/>
		<sourceFile filename="scripts/editor/EditorCourseWrapper.lua"/>
		<sourceFile filename="scripts/editor/CourseEditor.lua"/>

		<sourceFile filename="scripts/events/CoursesEvent.lua"/>
		<sourceFile filename="scripts/events/CpJoinEvent.lua"/>
		<sourceFile filename="scripts/events/GlobalSettingsEvent.lua"/>
		<sourceFile filename="scripts/events/VehicleSettingsEvent.lua"/>
		<sourceFile filename="scripts/events/HudSettingsEvent.lua"/>
		<sourceFile filename="scripts/events/DebugChannelEvent.lua"/>
		<sourceFile filename="scripts/events/CpJobStartAtLastWpSyncEvent.lua"/>
		<sourceFile filename="scripts/events/CpJobSyncOnLeaveEvent.lua"/>
		<sourceFile filename="scripts/events/DriveNowRequestEvent.lua"/>
		<sourceFile filename="scripts/events/PlowCenterTurnEvent.lua"/>
		<sourceFile filename="scripts/events/FieldPolygonChangedEvent.lua"/>

		<sourceFile filename="scripts/dev/DevHelper.lua"/>

	</extraSourceFiles>

	<specializations>
		<specialization name="cpAIImplement" className="CpAIImplement" filename="scripts/specializations/CpAIImplement.lua" />
		<specialization name="cpVehicleSettings" className="CpVehicleSettings" filename="scripts/specializations/CpVehicleSettings.lua" />
		<specialization name="cpCourseGenerator" className="CpCourseGenerator" filename="scripts/specializations/CpCourseGenerator.lua" />
		<specialization name="cpCourseGeneratorSettings" className="CpCourseGeneratorSettings" filename="scripts/specializations/CpCourseGeneratorSettings.lua" />
		<specialization name="cpCourseManager" className="CpCourseManager" filename="scripts/specializations/CpCourseManager.lua"/>
		<specialization name="cpAIWorker" className="CpAIWorker" filename="scripts/specializations/CpAIWorker.lua"/>
		<specialization name="cpAIFieldWorker" className="CpAIFieldWorker" filename="scripts/specializations/CpAIFieldWorker.lua"/>
		<specialization name="cpAIBaleFinder" className="CpAIBaleFinder" filename="scripts/specializations/CpAIBaleFinder.lua"/>
		<specialization name="cpAICombineUnloader" className="CpAICombineUnloader" filename="scripts/specializations/CpAICombineUnloader.lua"/>
		<specialization name="cpAIBunkerSiloWorker" className="CpAIBunkerSiloWorker" filename="scripts/specializations/CpAIBunkerSiloWorker.lua"/>
		<specialization name="cpAISiloLoaderWorker" className="CpAISiloLoaderWorker" filename="scripts/specializations/CpAISiloLoaderWorker.lua"/>
		<!-- <specialization name="cpGamePadHud" className="CpGamePadHud" filename="scripts/specializations/CpGamePadHud.lua"/> -->
		<specialization name="cpHud" className="CpHud" filename="scripts/specializations/CpHud.lua"/>
		<specialization name="cpInfoTexts" className="CpInfoTexts" filename="scripts/specializations/CpInfoTexts.lua"/>
		<specialization name="cpShovelPositions" className="CpShovelPositions" filename="scripts/specializations/CpShovelPositions.lua"/>
	</specializations>

	<inputBinding>
		<actionBinding action="CP_DBG_CHANNEL_SELECT_PREVIOUS">
			<binding device="KB_MOUSE_DEFAULT" input="KEY_lshift KEY_1" />
		</actionBinding>
		<actionBinding action="CP_DBG_CHANNEL_SELECT_NEXT">
			<binding device="KB_MOUSE_DEFAULT" input="KEY_lshift KEY_3" />
		</actionBinding>
		<actionBinding action="CP_DBG_CHANNEL_TOGGLE_CURRENT">
			<binding device="KB_MOUSE_DEFAULT" input="KEY_lshift KEY_2" />
		</actionBinding>
		<actionBinding action="CP_DBG_CHANNEL_MENU_VISIBILITY">
			<binding device="KB_MOUSE_DEFAULT" input="KEY_lshift KEY_4" />
		</actionBinding>

		<actionBinding action="CP_OPEN_CLOSE_VEHICLE_SETTING_DISPLAY">
			<binding device="KB_MOUSE_DEFAULT" input="KEY_delete" />
		</actionBinding>

		<actionBinding action="CP_START_STOP">
			<binding device="KB_MOUSE_DEFAULT" input="KEY_lctrl KEY_h" />
		</actionBinding>
		<actionBinding action="CP_START_STOP_AT_FIRST_WAYPOINT">
			<binding device="" input="" />
		</actionBinding>
		<actionBinding action="CP_START_STOP_AT_NEAREST_WAYPOINT">
			<binding device="" input="" />
		</actionBinding>
		<actionBinding action="CP_START_STOP_AT_LAST_WAYPOINT">
			<binding device="" input="" />
		</actionBinding>	
		<actionBinding action="CP_GENERATE_COURSE">
			<binding device="KB_MOUSE_DEFAULT" input="KEY_lctrl KEY_g" />
		</actionBinding>

		<actionBinding action="CP_CHANGE_SELECTED_JOB">
			<binding device="" input="" />
		</actionBinding>
		<actionBinding action="CP_CHANGE_STARTING_POINT">
			<binding device="" input="" />
		</actionBinding>
		<actionBinding action="CP_CLEAR_COURSE">
			<binding device="" input="" />
		</actionBinding>
		<actionBinding action="CP_CHANGE_COURSE_VISIBILITY">
			<binding device="" input="" />
		</actionBinding>

		<actionBinding action="CP_OPEN_VEHICLE_SETTINGS">
			<binding device="" input="" />
		</actionBinding>
		<actionBinding action="CP_OPEN_GLOBAL_SETTINGS">
			<binding device="" input="" />
		</actionBinding>
		<actionBinding action="CP_OPEN_COURSEGENERATOR_SETTINGS">
			<binding device="" input="" />
		</actionBinding>
		<actionBinding action="CP_OPEN_COURSEMANAGER">
			<binding device="" input="" />
		</actionBinding>
		<actionBinding action="CP_OPEN_INGAME_MENU">
			<binding device="KB_MOUSE_DEFAULT" input="KEY_lalt KEY_g" />
		</actionBinding>

		<actionBinding action="CP_TOGGLE_MOUSE">
			<binding device="KB_MOUSE_DEFAULT" input="MOUSE_BUTTON_RIGHT" />
		</actionBinding>
    </inputBinding>

	<actions>
		<action name="CP_DBG_CHANNEL_SELECT_PREVIOUS" />
		<action name="CP_DBG_CHANNEL_SELECT_NEXT" />
		<action name="CP_DBG_CHANNEL_TOGGLE_CURRENT" />
		<action name="CP_DBG_CHANNEL_MENU_VISIBILITY" />

		<action name="CP_OPEN_CLOSE_VEHICLE_SETTING_DISPLAY" />
		<action name="CP_START_STOP" />
		<action name="CP_START_STOP_AT_FIRST_WAYPOINT"/>
		<action name="CP_START_STOP_AT_NEAREST_WAYPOINT"/>
		<action name="CP_START_STOP_AT_LAST_WAYPOINT"/>
		<action name="CP_GENERATE_COURSE" />

		<action name="CP_CHANGE_SELECTED_JOB"/>
		<action name="CP_CHANGE_STARTING_POINT"/>
		<action name="CP_CLEAR_COURSE"/>
		<action name="CP_CHANGE_COURSE_VISIBILITY"/>

		<action name="CP_OPEN_VEHICLE_SETTINGS"/>
		<action name="CP_OPEN_GLOBAL_SETTINGS"/>
		<action name="CP_OPEN_COURSEGENERATOR_SETTINGS"/>
		<action name="CP_OPEN_COURSEMANAGER"/>		
		<action name="CP_OPEN_INGAME_MENU"/>		

		<action name="CP_TOGGLE_MOUSE" />
	</actions>
</modDesc>
