﻿<?xml version="1.0" encoding="utf-8" standalone="no" ?>
<vehicle type="combineDrivable" xmlns:xsi="http://www.w3.org/2001/XMLSchema-instance" xsi:noNamespaceSchemaLocation="../../../../shared/xml/schema/vehicle.xsd">
    <annotation>Copyright (C) GIANTS Software GmbH, All Rights Reserved.</annotation>

    <storeData>
        <name>JAGUAR 990 TERRA TRAC (Modded)</name>
        <specs>
            <power>925</power>
            <maxSpeed>40</maxSpeed>
            <combination xmlFilename="$data/vehicles/claas/pickUp300/pickUp300.xml"/>
            <combination xmlFilename="$data/vehicles/claas/directDisc500/directDisc500.xml"/>
            <combination xmlFilename="$data/vehicles/claas/orbis900/orbis900.xml"/>
            <combination xmlFilename="$data/vehicles/kemper/n3003/n3003.xml"/>
            <combination xmlFilename="$data/vehicles/kemper/plus345/plus345.xml"/>
            <combination xmlFilename="$data/vehicles/kemper/plus360/plus360.xml"/>
            <combination xmlFilename="$data/vehicles/kemper/plus375/plus375.xml"/>
            <combination xmlFilename="$data/vehicles/kemper/plus390/plus390.xml"/>
            <combination xmlFilename="$data/vehicles/kemper/comfortSupportWheel/comfortSupportWheel.xml"/>
            <combination xmlFilename="$data/objects/pallets/silageAdditive/multiPurchasePallet_silageAdditivePallet.xml"/>
        </specs>
        <functions>
            <function>$l10n_function_combineForage</function>
            <function>$l10n_function_combineNeedsForageCutter</function>
        </functions>
        <image>$data/vehicles/claas/jaguar990TT/store_jaguar990TT.png</image>
        <price>625500</price>
        <lifetime>600</lifetime>
        <rotation>0</rotation>
        <brand>CLAAS</brand>
        <category>forageHarvesters</category>
        <shopTranslationOffset>0 -0.088 0</shopTranslationOffset>
        <shopRotationOffset>0.547 0 0</shopRotationOffset>
        <vertexBufferMemoryUsage>7301632</vertexBufferMemoryUsage>
        <indexBufferMemoryUsage>3137536</indexBufferMemoryUsage>
        <textureMemoryUsage>1179648</textureMemoryUsage>
        <instanceVertexBufferMemoryUsage>0</instanceVertexBufferMemoryUsage>
        <instanceIndexBufferMemoryUsage>0</instanceIndexBufferMemoryUsage>
        <audioMemoryUsage>321244</audioMemoryUsage>
    </storeData>

    <base>
        <typeDesc>$l10n_typeDesc_harvester</typeDesc>
        <filename>$data/vehicles/claas/jaguar990TT/jaguar990TT.i3d</filename>
        <sounds filename="$data/vehicles/claas/jaguar990TT/sounds/jaguar990TT.xml"/>
        <size width="3.15" length="7.7" height="4.15"/>
        <components>
            <component centerOfMass="0 1.1 0" solverIterationCount="10" mass="8085"/>
            <component centerOfMass="0 0 0" solverIterationCount="30" mass="8000"/>
            <joint component1="1" component2="2" node="componentJointAxleBack" rotLimit="0 0 6" rotLimitSpring="0 0 4000" rotLimitDamping="0 0 35" maxRotDriveForce="0 0 35" rotDriveRotation="0 0 0" rotDriveSpring="0 0 35" rotDriveDamping="0 0 35" breakable="false"/>
        </components>
        <schemaOverlay attacherJointPosition="0 0" name="HARVESTER" />
        <mapHotspot type="HARVESTER" />
    </base>

    <configurationSets>
        <configurationSet name="$l10n_configuration_valueDefault">
            <configuration name="design" index="1" />
            <configuration name="rimColor" index="1" />
        </configurationSet>
        <configurationSet name="Unstoppable">
            <configuration name="design" index="2" />
            <configuration name="rimColor" index="2" />
        </configurationSet>
    </configurationSets>

    <designConfigurations>
        <designConfiguration>
            <material materialSlotName="mainChassis_mat" materialTemplateName="CLAAS_WHITE1" materialTemplateUseColorOnly="true"/>
            <material materialSlotName="railing_mat" materialTemplateName="CLAAS_WHITE1"/>
            <material materialSlotName="pipe_mat" materialTemplateName="CLAAS_WHITE1"/>
            <material materialSlotName="gridMiddle_mat" materialTemplateName="CLAAS_WHITE1"/>
        </designConfiguration>
        <designConfiguration price="5000">
            <objectChange node="config_unstoppable" visibilityActive="true" visibilityInactive="false"/>
            <material materialSlotName="mainChassis_mat" materialTemplateName="CLAAS_DARKGREY1" materialTemplateUseColorOnly="true"/>
            <material materialSlotName="railing_mat" materialTemplateName="CLAAS_DARKGREY1"/>
            <material materialSlotName="pipe_mat" materialTemplateName="CLAAS_GREEN1"/>
            <material materialSlotName="gridMiddle_mat" materialTemplateName="CLAAS_DARKGREY1"/>
            <material materialSlotName="terraTracCoverPart_mat" materialTemplateName="CLAAS_GREEN1"/>
            <material materialSlotName="terraTracHub_mat" materialTemplateName="CLAAS_DARKGREY1"/>
        </designConfiguration>
    </designConfigurations>

    <rimColorConfigurations>
        <rimColorConfiguration materialTemplateName="CLAAS_RED1"/>
        <rimColorConfiguration materialTemplateName="CLAAS_DARKGREY1"/>
    </rimColorConfigurations>

    <wheels>
        <wheelConfigurations tireCategories="TRACTOR">
            <wheelConfiguration name="$l10n_configuration_valueDefault" price="0" saveId="DEFAULT">
                <wheels autoRotateBackSpeed="2.2">
                    <wheel dimensions="600_65R28" isLeft="true" hasTireTracks="true" hasParticles="true">
                        <physics tipOcclusionAreaGroupId="1" rotSpeed="1" restLoad="6.3" repr="axleBackLeft"  driveNode="wheelAxleBackLeft"  forcePointRatio="0.35" initialCompression="45" suspTravel="0.13" spring="105" frictionScale="2" damper="80" transRatio="0" yOffset="0.05"/>
                        <steering node="steeringBar" nodeMinTransX="-0.125" nodeMaxTransX="0.125"/>
                    </wheel>
                    <wheel dimensions="600_65R28" isLeft="false" hasTireTracks="true" hasParticles="true">
                        <physics tipOcclusionAreaGroupId="1" rotSpeed="1" restLoad="6.3" repr="axleBackRight" driveNode="wheelAxleBackRight" forcePointRatio="0.35" initialCompression="45" suspTravel="0.13" spring="105" frictionScale="2" damper="80" transRatio="0" yOffset="0.05"/>
                    </wheel>
                    <wheel>
                        <physics tipOcclusionAreaGroupId="1" rotSpeed="1" restLoad="1.5" repr="wheelFrontLeft"  radius="0.563" width="0.7" initialCompression="20" suspTravel="0.1" spring="70" frictionScale="4" damper="50" brakeFactor="0.25" supportsWheelSink="false"/>
                    </wheel>
                    <wheel hasParticles="true" hasTireTracks="true">
                        <physics tipOcclusionAreaGroupId="1" rotSpeed="1" restLoad="1.5" repr="wheelBackLeft"   radius="0.581" width="0.7" initialCompression="20" suspTravel="0.1" spring="70" frictionScale="4" damper="50" brakeFactor="0.25" supportsWheelSink="false"/>
                        <tire tireTrackAtlasIndex="7"/>
                    </wheel>
                    <wheel>
                        <physics tipOcclusionAreaGroupId="1" rotSpeed="1" restLoad="1.5" repr="wheelFrontRight" radius="0.563" width="0.7" initialCompression="20" suspTravel="0.1" spring="70" frictionScale="4" damper="50" brakeFactor="0.25" supportsWheelSink="false"/>
                    </wheel>
                    <wheel hasParticles="true" hasTireTracks="true">
                        <physics tipOcclusionAreaGroupId="1" rotSpeed="1" restLoad="1.5" repr="wheelBackRight"  radius="0.581" width="0.7" initialCompression="20" suspTravel="0.1" spring="70" frictionScale="4" damper="50" brakeFactor="0.25" supportsWheelSink="false"/>
                        <tire tireTrackAtlasIndex="7"/>
                    </wheel>
                </wheels>
                <crawlers>
                    <crawler filename="$data/shared/crawlers/claas/terraTracJaguar/terraTracJaguar.xml" linkWheelNodes="wheelBackLeft wheelFrontLeft" isLeft="true" trackWidth="0.85"/>
                    <crawler filename="$data/shared/crawlers/claas/terraTracJaguar/terraTracJaguar.xml" linkWheelNodes="wheelBackRight wheelFrontRight" isLeft="false" trackWidth="0.85"/>
                </crawlers>
            </wheelConfiguration>
        </wheelConfigurations>

        <hubs>
            <hub linkNode="wheelAxleBackLeft"  filename="$data/shared/wheels/hubs/hub_n8_4.xml" isLeft="true"  scale="0.285 0.285 0.285" />
            <hub linkNode="wheelAxleBackRight" filename="$data/shared/wheels/hubs/hub_n8_4.xml" isLeft="false" scale="0.285 0.285 0.285" />
        </hubs>

        <ackermannSteeringConfigurations>
            <ackermannSteering rotSpeed="40" rotMax="45" rotCenterWheels="3 4 5 6"/>
        </ackermannSteeringConfigurations>

        <hubMaterial materialTemplateName="CLAAS_DARKGREY1"/>
    </wheels>

    <speedRotatingParts>
        <speedRotatingPart node="ptoFrontLeft" wheelIndex="3" wheelScale="10"/>
        <speedRotatingPart node="ptoFrontRight" wheelIndex="4" wheelScale="10"/>
        <speedRotatingPart node="axleBackPtoLeftOuter" wheelIndex="1" wheelScale="10"/>
        <speedRotatingPart node="axleBackPtoLeftInner" wheelIndex="1" wheelScale="10"/>
        <speedRotatingPart node="axleBackPtoRightInner" wheelIndex="2" wheelScale="10"/>
        <speedRotatingPart node="axleBackPtoRightOuter" wheelIndex="2" wheelScale="10"/>
    </speedRotatingParts>

    <headlandAnimation activationDelay="0.75" deactivationDelay="3" requiredGroundTypes="GRASS GRASS_CUT" activationAngle="0.4" deactivationAngle="0.13">
        <animation name="crawlerLiftAnimationLeft" speed="1.25"/>
        <animation name="crawlerLiftAnimationRight" speed="1.25"/>
    </headlandAnimation>

    <enterable>
        <enterReferenceNode node="jaguar990TT_main_component1" />
        <exitPoint node="exitPoint" />

        <cameras>
            <camera node="outdoorCamera1" rotatable="true" rotateNode="outdoorCameraTarget" limit="true" useWorldXZRotation="true" rotMinX="-1.4" rotMaxX="1" transMin="6.2" transMax="40" translation="0 0 8.6" rotation="-21.3 180 0">
                <raycastNode node="cameraRaycastNode1"/>
                <raycastNode node="cameraRaycastNode2"/>
                <raycastNode node="cameraRaycastNode3"/>
            </camera>
            <camera node="indoorCamera1" rotatable="true" limit="true" rotMinX="-1.1" rotMaxX="0.4" transMin="0" transMax="0" useMirror="true" isInside="true" shadowFocusBox="shadowFocusBox" suspensionNodeIndex="1" positionSmoothingParameter="0.256"/>
        </cameras>

        <characterNode node="playerSkin" cameraMinDistance="0.5" >
            <target ikChain="rightFoot" targetNode="playerRightFootTarget" />
            <target ikChain="leftFoot"  targetNode="playerLeftFootTarget" />
            <target ikChain="rightArm"  targetNode="playerRightHandTarget" poseId="wideFingers"/>
            <target ikChain="leftArm"   targetNode="playerLeftHandTarget"  poseId="narrowFingers" />
        </characterNode>

        <characterTargetNodeModifier node="playerRightFootTarget" transitionTime="0.1" >
            <state node="playerRightFootTargetBrake" referenceNode="pedalBrake" />
        </characterTargetNodeModifier>

        <mirrors>
            <mirror node="mirrorDecal_01" prio="1" />
            <mirror node="mirrorDecal_02" prio="1" />
            <mirror node="mirrorDecal_03" prio="1" />
            <mirror node="mirrorDecal_04" prio="1" />
            <mirror node="mirrorDecal_05" prio="2" />
        </mirrors>
    </enterable>

    <drivable>
        <steeringWheel node="steeringWheel" indoorRotation="540" outdoorRotation="50" />

        <dashboards>
            <dashboard displayType="ROT"     valueType="decelerationAxis" node="pedalBrake" minRot="0 0 0" maxRot="25 0 0" doInterpolation="true" groups="MOTOR_ACTIVE"/>
            <dashboard displayType="ROT" valueType="steeringAngle"    node="playerLeftHandTargetRotationNode" minRot="0 70 0" maxRot="0 -30 0" doInterpolation="true" groups="MOTOR_ACTIVE"/>
        </dashboards>
    </drivable>

    <lights>
        <sharedLight linkNode="sideMarker23Orange_01" filename="$data/shared/assets/lights/lizard/sideMarker23Orange.xml"/>
        <sharedLight linkNode="sideMarker23Orange_02" filename="$data/shared/assets/lights/lizard/sideMarker23Orange.xml"/>
        <sharedLight linkNode="sideMarker23Orange_03" filename="$data/shared/assets/lights/lizard/sideMarker23Orange.xml"/>
        <sharedLight linkNode="sideMarker23Orange_04" filename="$data/shared/assets/lights/lizard/sideMarker23Orange.xml"/>
        <sharedLight linkNode="plateNumberLight05_01" filename="$data/shared/assets/lights/lizard/plateNumberLight05.xml"/>
        <sharedLight linkNode="plateNumberLight05_02" filename="$data/shared/assets/lights/lizard/plateNumberLight05.xml"/>
        <sharedLight linkNode="workingLight37_01" filename="$data/shared/assets/lights/lizard/workingLight37.xml">
            <function name="TOP_LIGHT" uvSlotIndex="1" />
        </sharedLight>
        <sharedLight linkNode="workingLight37_02" filename="$data/shared/assets/lights/lizard/workingLight37.xml">
            <function name="TOP_LIGHT"  uvSlotIndex="1"/>
        </sharedLight>
        <sharedLight linkNode="workingLight38_01" lightTypes="2" filename="$data/shared/assets/lights/lizard/workingLight38.xml"/>
        <sharedLight linkNode="workingLight38_02" lightTypes="2" filename="$data/shared/assets/lights/lizard/workingLight38.xml"/>
        <sharedLight linkNode="workingLight38_03" lightTypes="2" filename="$data/shared/assets/lights/lizard/workingLight38.xml"/>
        <sharedLight linkNode="workingLight38_04" lightTypes="2" filename="$data/shared/assets/lights/lizard/workingLight38.xml"/>
        <sharedLight linkNode="workingLight38_05" lightTypes="1" filename="$data/shared/assets/lights/lizard/workingLight38.xml"/>
        <sharedLight linkNode="workingLight38_06" lightTypes="1" filename="$data/shared/assets/lights/lizard/workingLight38.xml"/>
        <sharedLight linkNode="workingLight38_07" lightTypes="1" filename="$data/shared/assets/lights/lizard/workingLight38.xml"/>
        <sharedLight linkNode="workingLight38_08" lightTypes="1" filename="$data/shared/assets/lights/lizard/workingLight38.xml"/>
        <sharedLight linkNode="workingLight38_09" lightTypes="1" filename="$data/shared/assets/lights/lizard/workingLight38.xml"/>
        <sharedLight linkNode="workingLight38_10" lightTypes="1" filename="$data/shared/assets/lights/lizard/workingLight38.xml"/>
        <sharedLight linkNode="workingLight38_11" lightTypes="1" filename="$data/shared/assets/lights/lizard/workingLight38.xml"/>
        <sharedLight linkNode="workingLight38_12" lightTypes="1" filename="$data/shared/assets/lights/lizard/workingLight38.xml"/>
        <sharedLight linkNode="workingLight38_13" lightTypes="1" filename="$data/shared/assets/lights/lizard/workingLight38.xml"/>
        <sharedLight linkNode="workingLight38_14" lightTypes="1" filename="$data/shared/assets/lights/lizard/workingLight38.xml"/>
        <sharedLight linkNode="workingLight38_15" lightTypes="1" filename="$data/shared/assets/lights/lizard/workingLight38.xml"/>
        <sharedLight linkNode="workingLight38_16" lightTypes="1" filename="$data/shared/assets/lights/lizard/workingLight38.xml"/>

        <states>
            <state lightTypes="0" />
            <state lightTypes="0 2" />
            <state lightTypes="0 2 1" />
        </states>

        <realLights>
            <low>
                <light node="frontLightLow" lightTypes="0" excludedLightTypes="2 3"/>
                <light node="workLightFrontLow" lightTypes="2"/>
                <light node="highBeamLow" lightTypes="3"/>
            </low>
            <high>
                <light node="frontLightHighTop" lightTypes="0" excludedLightTypes="2 3" isTopLight="true"/>
                <light node="frontLightHighBottom" lightTypes="0" excludedLightTypes="2 3" isBottomLight="true"/>
                <light node="backLightsHigh" lightTypes="0"/>
                <light node="backLightsPipe01High" lightTypes="0"/>
                <light node="backLightsPipe02High" lightTypes="0"/>
                <light node="backLightsPipe03High" lightTypes="0"/>
                <light node="licensePlateLightHigh" lightTypes="0"/>
                <light node="workLightFrontHigh" lightTypes="2"/>
                <light node="workLightSideHigh" lightTypes="2"/>
                <light node="highBeamHighTop" lightTypes="3" isTopLight="true"/>
                <light node="highBeamHighBottom" lightTypes="3" isBottomLight="true"/>
                <light node="workLightPipe01High01" lightTypes="1"/>
                <light node="workLightPipe01High02" lightTypes="1"/>
                <light node="workLightPipe02High01" lightTypes="1"/>
                <light node="workLightPipe02High02" lightTypes="1"/>
                <light node="workLightPipe03High01" lightTypes="1"/>
                <light node="workLightPipe03High02" lightTypes="1"/>
                <brakeLight node="backLightsHigh"/>
                <turnLightLeft node="turnLightLeftFront"/>
                <turnLightRight node="turnLightRightFront"/>
                <reverseLight node="reverseLightHigh"/>
                <interiorLight node="interiorScreenLight"/>
            </high>
        </realLights>

        <staticLightCompounds>
            <staticLightCompound>
                <node node="jaguar990TTLights_static" intensity="5"/>
                <node node="jaguar990TTLightsGlass_static" intensity="1"/>
                <node node="jaguar990TTLightsCabin_static" intensity="5"/>
                <node node="jaguar990TTLightsCabinGlass_static" intensity="1"/>
                <node node="pipe01Lights_static" intensity="5"/>
                <node node="pipe01Lights_static_glass" intensity="1"/>
                <node node="pipe02Lights_static" intensity="5"/>
                <node node="pipe02Lights_static_glass" intensity="1"/>
                <node node="pipe03Lights_static" intensity="5"/>
                <node node="pipe03Lights_static" intensity="1"/>
            </staticLightCompound>
        </staticLightCompounds>

       <beaconLights>
           <beaconLight node="beaconLight03_01" filename="$data/shared/assets/beaconLights/lizard/beaconLight15.xml" />
           <beaconLight node="beaconLight04" filename="$data/shared/assets/beaconLights/lizard/beaconLight15.xml" />
       </beaconLights>

        <dashboards>
            <dashboard displayType="EMITTER" valueType="lightState"  node="cabinDecalLight" intensity="0.3" lightTypes="0" groups="MOTOR_ACTIVE"/>
            <dashboard displayType="EMITTER" valueType="lightState"  node="cabinDecalLight1" intensity="0.3" lightTypes="0" groups="MOTOR_ACTIVE"/>
            <dashboard displayType="EMITTER" valueType="lightState"  node="cabinDecalLightHazard" intensity="0.3" lightTypes="0" groups="MOTOR_ACTIVE"/>
            <dashboard displayType="EMITTER" valueType="lightState"  node="cabinDecalLightRoadField" intensity="0.3" lightTypes="0" groups="MOTOR_ACTIVE"/>
            <dashboard displayType="EMITTER" valueType="lightState"  node="seatArmrest_decal" intensity="0.3" lightTypes="0" groups="MOTOR_ACTIVE"/>
            <dashboard displayType="EMITTER" valueType="lightState"  node="seatArmrest_decal2" intensity="0.3" lightTypes="0" groups="MOTOR_ACTIVE"/>
            <dashboard displayType="EMITTER" valueType="lightState"  node="defaultLightDecal" lightTypes="0" emitColor="GREEN" groups="MOTOR_ACTIVE" inactiveGroups="LIGHT_ENABLED" inactiveIntensity="0.2" inactiveColor="WHITE"/>
            <dashboard displayType="EMITTER" valueType="lightState"  node="highBeamLightDecal" intensity="0.3" baseColor="SHARED_GREY4" emitColor="BLUE" lightTypes="3" groups="MOTOR_ACTIVE"/>
            <dashboard displayType="EMITTER" valueType="lightState"  node="worklightFrontDecal" lightTypes="2" emitColor="GREEN" groups="MOTOR_ACTIVE" inactiveGroups="LIGHT_ENABLED" inactiveIntensity="0.2" inactiveColor="WHITE"/>
            <dashboard displayType="EMITTER" valueType="lightState"  node="worklightBackDecal" lightTypes="1" emitColor="GREEN" groups="MOTOR_ACTIVE" inactiveGroups="LIGHT_ENABLED" inactiveIntensity="0.2" inactiveColor="WHITE"/>
            <dashboard displayType="EMITTER" valueType="beaconLight" node="beaconLight_decal" emitColor="ORANGE" groups="MOTOR_ACTIVE" inactiveGroups="LIGHT_ENABLED" inactiveIntensity="0.2" inactiveColor="WHITE"/>
            <dashboard displayType="EMITTER" valueType="turnLightAny" node="turnLightAnyDecals" baseColor="SHARED_GREY4" emitColor="GREEN" intensity="0.2" groups="MOTOR_ACTIVE BACK_ATTACHMENT"/>
            <dashboard displayType="EMITTER" valueType="turnLightLeft" node="turnLightLeftDecals" baseColor="SHARED_GREY4" emitColor="GREEN" intensity="0.2" groups="MOTOR_ACTIVE"/>
            <dashboard displayType="EMITTER" valueType="turnLightRight" node="turnLightRightDecals" baseColor="SHARED_GREY4" emitColor="GREEN" intensity="0.2" groups="MOTOR_ACTIVE"/>
            <dashboard displayType="ROT"     valueType="turnLightHazard" node="switchHazard" minRot="0 0 0" maxRot="0 0 32" doInterpolation="true"/>
            <dashboard displayType="ROT"     valueType="lightState" node="leverTurnlightRot" minRot="0 0 0" maxRot="12 0 0" lightTypes="3" doInterpolation="true"/>
            <dashboard displayType="MULTI_STATE" valueType="lightState" node="switchWorklight" doInterpolation="true">
                <state value="0" rotation="0 59 0"/>
            </dashboard>
            <dashboard displayType="ROT" valueType="turnLight" node="leverTurnlight" minRot="0 15 0" maxRot="0 -15 0" doInterpolation="true" />
        </dashboards>
    </lights>

    <attacherJoints>
        <attacherJoint jointType="cutterHarvester" node="attacherJointFront" jointPositionOffset="0 0 -0.92" lowerTransLimit="0 0 0" lowerRotLimit="0 0 25" dynamicLowerRotLimit="true" lockDownRotLimit="true" moveTime="2.5" comboTime="0">
            <distanceToGround lower="1.12" upper="1.61"/>
            <rotationNode node="attacherJointFrontRot" lowerRotation="-6 0 0" upperRotation="-39 0 0" />
            <bottomArm rotationNode="feeder" referenceNode="attacherJointFront" startRotation="-30 0 0" />
            <schema position="1 0" rotation="0" invertX="true" />
            <attachSound template="headerAttach01" linkNode="attacherJointFront"/>
        </attacherJoint>
        <attacherJoint node="trailerAttacherJointBack" jointType="trailer" allowsJointLimitMovement="false" allowsLowering="false" lowerRotLimit="25 70 50" lowerTransLimit="0 0 0" canTurnOnImplement="false" comboTime="1" >
            <schema position="1 0" rotation="0" invertX="false" />
            <attachSound template="attach01" linkNode="trailerAttacherJointBack"/>
        </attacherJoint>
        <attacherJoint node="trailerAttacherJointBack" jointType="trailerLow" allowsJointLimitMovement="false" allowsLowering="false" lowerRotLimit="25 70 50" lowerTransLimit="0 0 0" canTurnOnImplement="false" comboTime="1" >
            <schema position="1 0" rotation="0" invertX="false" />
            <attachSound template="attach01" linkNode="trailerAttacherJointBack"/>
        </attacherJoint>
    </attacherJoints>

    <connectionHoses>
        <target attacherJointIndices="2" type="airDoubleRed" node="airDoubleStorage" socket="air_red"/>
        <target attacherJointIndices="2" type="airDoubleYellow" node="airDoubleControl" socket="air_yellow"/>
        <target attacherJointIndices="2" type="electric" node="electric_back" socket="electric"/>
        <target attacherJointIndices="2" type="hydraulicOut" node="hydraulic01_out" socket="hydraulic02" socketMaterialTemplateName="SHARED_RED1"/>
        <target attacherJointIndices="2" type="hydraulicIn" node="hydraulic02_in" socket="hydraulic02"/>

        <target attacherJointIndices="1" type="hydraulicOut" node="hydraulic01_out_front" socket="hydraulic02" socketMaterialTemplateName="SHARED_RED1"/>
        <target attacherJointIndices="1" type="hydraulicIn" node="hydraulic02_in_front" socket="hydraulic02" socketMaterialTemplateName="SHARED_YELLOW1"/>
        <target attacherJointIndices="1" type="electric" node="electric_in_front" socket="electric"/>
    </connectionHoses>

    <licensePlates>
        <licensePlate node="licensePlateFront" position="FRONT" preferedType="SQUARISH" placementArea="0.1 0.2 0.2 0.2"/>
        <licensePlate node="licensePlateBack" position="BACK" preferedType="ELONGATED" placementArea="0.12 0.27 0.08 0.27"/>
    </licensePlates>

    <fillUnit>
        <fillUnitConfigurations title="$l10n_configuration_silageAdditives" isYesNoOption="true">
            <fillUnitConfiguration name="$l10n_configuration_valueNo" price="0">
                <fillUnits>
                    <fillUnit unitTextOverride="$l10n_unit_literShort" showOnHud="false" showOnInfoHud="false" fillTypeCategories="forageHarvester"/>
                    <fillUnit unitTextOverride="$l10n_unit_literShort" showOnHud="false" showInShop="false" fillTypes="diesel" capacity="15000" >
                        <exactFillRootNode node="exactFillRootNodeFuel" />
                    </fillUnit>
                    <fillUnit unitTextOverride="$l10n_unit_literShort" showOnHud="false" showInShop="false" showOnInfoHud="false" fillTypes="def" capacity="1300" />
                </fillUnits>
            </fillUnitConfiguration>
            <fillUnitConfiguration name="$l10n_configuration_valueYes" price="2000">
                <fillUnits>
                    <fillUnit unitTextOverride="$l10n_unit_literShort" showOnHud="false" showOnInfoHud="false" fillTypeCategories="forageHarvester"/>
                    <fillUnit unitTextOverride="$l10n_unit_literShort" showOnHud="false" showInShop="false" fillTypes="diesel" capacity="15000" >
                        <exactFillRootNode node="exactFillRootNodeFuel" />
                    </fillUnit>
                    <fillUnit unitTextOverride="$l10n_unit_literShort" showOnHud="false" showInShop="false" showOnInfoHud="false" fillTypes="def" capacity="1300" />
                    <fillUnit unitTextOverride="$l10n_unit_literShort" fillTypes="SILAGE_ADDITIVE" capacity="37" uiPrecision="2">
                        <exactFillRootNode node="exactFillRootNodeAdditives" />
                    </fillUnit>
                </fillUnits>
                <objectChange node="additiveTank" visibilityActive="true" visibilityInactive="false" />
            </fillUnitConfiguration>
        </fillUnitConfigurations>
    </fillUnit>

    <motorized>
        <consumerConfigurations>
            <consumerConfiguration>
                <consumer fillUnitIndex="2" usage="462" fillType="diesel" />   <!-- usage is per hour at max load and max rpm -->
                <consumer fillUnitIndex="3" usage="40" fillType="def" />   <!-- usage is per hour at max load and max rpm -->
            </consumerConfiguration>
        </consumerConfigurations>

        <differentialConfigurations>
            <differentialConfiguration>
                <differentials>
                    <differential torqueRatio="0.5" maxSpeedRatio="1.8" wheelIndex1="3" wheelIndex2="5" /> <!-- front left-right -->
                    <differential torqueRatio="0.5" maxSpeedRatio="1.8" wheelIndex1="4" wheelIndex2="6" /> <!-- middle left-right -->
                    <differential torqueRatio="0.5" maxSpeedRatio="1.5" wheelIndex1="1" wheelIndex2="2" /> <!-- back left-right -->
                    <differential torqueRatio="0.5" maxSpeedRatio="1.2" differentialIndex1="1" differentialIndex2="2" /> <!-- front-middle -->
                    <differential torqueRatio="0.5" maxSpeedRatio="1.4" differentialIndex1="3" differentialIndex2="4" /> <!-- back-front-middle -->
                </differentials>
            </differentialConfiguration>
        </differentialConfigurations>

        <motorConfigurations>
            <motorConfiguration name="JAGUAR 990 TERRA TRAC" hp="925">
                <motor torqueScale="3.904" minRpm="850" maxRpm="2200" maxForwardSpeed="41" maxBackwardSpeed="15" brakeForce="16.5" lowBrakeForceScale="0.1" accelerationLimit="1.6" dampingRateScale="5.5">
                    <torque normRpm="0.45" torque="0.8"/>
                    <torque normRpm="0.5" torque="0.87"/>
                    <torque normRpm="0.59" torque="0.9"/>
                    <torque normRpm="0.72" torque="1"/>
                    <torque normRpm="0.86" torque="0.88"/>
                    <torque normRpm="1" torque="0.72"/>
                </motor>
                <transmission minForwardGearRatio="17.4" maxForwardGearRatio="320" minBackwardGearRatio="47.5" maxBackwardGearRatio="320" name="$l10n_info_transmission_cvt"/>
            </motorConfiguration>
        </motorConfigurations>

        <animationNodes>
            <animationNode node="fan" rotAxis="3" rotSpeed="-100" />
        </animationNodes>

        <exhaustEffects>
            <exhaustEffect node="exhaustParticle01" filename="$data/effects/exhaust/exhaust.i3d" minRpmColor="0.9 0.9 0.9 0.1" maxRpmColor="0.9 0.9 0.9 0.4" minRpmScale="0.05" maxRpmScale="0.5" />
            <exhaustEffect node="exhaustParticle02" filename="$data/effects/exhaust/exhaust.i3d" minRpmColor="0.9 0.9 0.9 0.1" maxRpmColor="0.9 0.9 0.9 0.4" minRpmScale="0.05" maxRpmScale="0.5" />
        </exhaustEffects>

        <motorStartDuration>4000</motorStartDuration>

        <dashboards>
            <dashboard displayType="ANIMATION" valueType="speedDir" animName="joystickMovement" groups="MOTOR_ACTIVE"/>
            <dashboard displayType="MULTI_STATE" valueType="ignitionState" node="keyIgnition" doInterpolation="true" groups="MOTOR_ACTIVE">
                <state value="0" rotation="0 0 0"/>
                <state value="1" rotation="0 0 -125"/>
                <state value="2" rotation="0 0 -80"/>
            </dashboard>
        </dashboards>
    </motorized>

    <animations>
        <animation name="strecherAnimation">
            <part node="drumHousingStrecherArm" startTime="0" endTime="1" startRot="0 0 0" endRot="-10 0 0" />
            <part node="drumHousingArm" startTime="0" endTime="1" startRot="0 0 0" endRot="-20 0 0" />
            <part node="drumHousing" startTime="0" endTime="1" startRot="-3 0 0" endRot="20 0 0" />
            <part node="leverGas" startTime="0" endTime="0.25" startRot="0 0 0" endRot="30 0 0" />
            <part node="switchGas" startTime="0" endTime="0.25" startRot="0 0 0" endRot="0 0 -12.897" />
            <part node="switchFieldRoad" startTime="0" endTime="0.1" startRot="0 0 0" endRot="0 0 32" />
        </animation>

        <animation name="joystickMovement" isKeyframe="true">
            <part node="joystick" startTime="0"     endTime="0.96" startRot="-17 0 4"  endRot="0 0 4" />
            <part node="joystick" startTime="0.96"  endTime="1.04" startRot="0 0 4"   endRot="0 0 -4.676" />
            <part node="joystick" startTime="1.04"  endTime="2"    startRot="0 0 -4.676"    endRot="20 0 -4.676" />
        </animation>

        <animation name="wiperFrontAnimation" isKeyframe="true">
            <part node="wiperFrontMiddleArm01"  startTime="0.0" endTime="0.5" startRot="0 0 0" endRot="4 0 -90" />
            <part node="wiperFrontMiddleArm01"  startTime="0.5" endTime="1.0" startRot="4 0 -90" endRot="0 0 -180" />
            <part node="wiperFrontMiddleArm01"  startTime="1.0" endTime="1.5" startRot="0 0 -180" endRot="4 0 -270" />
            <part node="wiperFrontMiddleArm01"  startTime="1.5" endTime="2.0" startRot="4 0 -270" endRot="0 0 -360" />

            <sound template="wiper1" startTime="0" endTime="1" direction="1"   volumeScale="1.0" pitchScale="1.0" fadeOut="0.1" linkNode="wiperFrontMiddleArm01"/>
            <sound template="wiper2" startTime="1" endTime="2" direction="1"   volumeScale="1.0" pitchScale="1.0" fadeOut="0.1" linkNode="wiperFrontMiddleArm01"/>
            <sound template="wiper1" startTime="1" endTime="2" direction="-1"  volumeScale="1.0" pitchScale="1.0" fadeOut="0.1" linkNode="wiperFrontMiddleArm01"/>
            <sound template="wiper2" startTime="0" endTime="1" direction="-1"  volumeScale="1.0" pitchScale="1.0" fadeOut="0.1" linkNode="wiperFrontMiddleArm01"/>
        </animation>

        <animation name="wiperBackAnimation" isKeyframe="true">
            <part node="wiperBack"  startTime="0.0" endTime="0.5" startRot="0 0 0" endRot="0 -6 -90" />
            <part node="wiperBack"  startTime="0.5" endTime="1.0" startRot="0 -6 -90" endRot="0 0 -180" />

            <sound template="wiper1" startTime="0" endTime="1" direction="1"   volumeScale="0.6" pitchScale="0.9" fadeOut="0.1" linkNode="wiperBack"/>
            <sound template="wiper2" startTime="1" endTime="2" direction="1"   volumeScale="0.6" pitchScale="0.9" fadeOut="0.1" linkNode="wiperBack"/>
            <sound template="wiper1" startTime="1" endTime="2" direction="-1"  volumeScale="0.6" pitchScale="0.9" fadeOut="0.1" linkNode="wiperBack"/>
            <sound template="wiper2" startTime="0" endTime="1" direction="-1"  volumeScale="0.6" pitchScale="0.9" fadeOut="0.1" linkNode="wiperBack"/>
        </animation>
        <animation name="wiperLeftAnimation" isKeyframe="true">
            <part node="wiperLeft"  startTime="0.0" endTime="0.8" startRot="0 0 0" endRot="0 -2 -84" />

            <sound template="wiper1" startTime="0" endTime="0.8" direction="1"  volumeScale="0.5" pitchScale="1.1" fadeOut="0.1" linkNode="wiperLeft"/>
            <sound template="wiper2" startTime="0" endTime="0.8" direction="-1" volumeScale="0.5" pitchScale="1.1" fadeOut="0.1" linkNode="wiperLeft"/>
        </animation>
        <animation name="wiperRightAnimation" isKeyframe="true">
            <part node="wiperRight"  startTime="0.0" endTime="0.8" startRot="0 0 0" endRot="0 2 84" />

            <sound template="wiper1" startTime="0" endTime="0.8" direction="1"  volumeScale="0.5" pitchScale="1.2" fadeOut="0.1" linkNode="wiperRight"/>
            <sound template="wiper2" startTime="0" endTime="0.8" direction="-1" volumeScale="0.5" pitchScale="1.2" fadeOut="0.1" linkNode="wiperRight"/>
        </animation>
        <animation name="pipe01RotYAnim" isKeyframe="true">
            <part node="pipe01AnimJoint" startTime="0.0" endTime="0.5" startTrans="0.332 3.269 1.39" endTrans="0.068 3.053 1.105" startRot="59.145 -16.123 -89.459" endRot="0 0 0"/>
            <part node="pipe01AnimJoint" startTime="0.5" endTime="1.0" startTrans="0.068 3.053 1.105" endTrans="-0.273 3.239 1.241" startRot="0 0 0" endRot="94.111 63.724 108.168"/>
        </animation>

        <animation name="pipe02RotYAnim" isKeyframe="true">
            <part node="pipe02AnimJoint" startTime="0.0" endTime="0.5" startTrans="0.332 3.269 1.39" endTrans="0.068 3.053 1.105" startRot="59.145 -16.123 -89.459" endRot="0 0 0"/>
            <part node="pipe02AnimJoint" startTime="0.5" endTime="1.0" startTrans="0.068 3.053 1.105" endTrans="-0.273 3.239 1.241" startRot="0 0 0" endRot="94.111 63.724 108.168"/>
        </animation>

        <animation name="pipe03RotYAnim" isKeyframe="true">
            <part node="pipe03AnimJoint" startTime="0.0" endTime="0.5" startTrans="0.332 3.269 1.39" endTrans="0.068 3.053 1.105" startRot="59.145 -16.123 -89.459" endRot="0 0 0"/>
            <part node="pipe03AnimJoint" startTime="0.5" endTime="1.0" startTrans="0.068 3.053 1.105" endTrans="-0.273 3.239 1.241" startRot="0 0 0" endRot="94.111 63.724 108.168"/>
        </animation>
    </animations>

    <randomlyMovingParts>
        <randomlyMovingPart node="drumHousingShake" rotAxis="1" rotMax="2" speedScale="0.6" refNodeIndex="1" isSpeedDependent="true" moveOnlyIfCut="true"/>
        <randomlyMovingPart node="drumHousingArmShake" rotAxis="1" rotMax="2" speedScale="0.6" refNodeIndex="1" isSpeedDependent="true" moveOnlyIfCut="true"/>
    </randomlyMovingParts>

    <wipers>
        <wiper animName="wiperFrontAnimation" >
            <state animSpeed="0.75" animPause="2.0" />
            <state animSpeed="0.75" animPause="0.0" />
            <state animSpeed="1.10" animPause="0.0" />
        </wiper>
        <wiper animName="wiperBackAnimation" >
            <state animSpeed="1.0" animPause="2.0" />
        </wiper>
        <wiper animName="wiperLeftAnimation" >
            <state animSpeed="1.0" animPause="2.0" />
        </wiper>
        <wiper animName="wiperRightAnimation" >
            <state animSpeed="1.0" animPause="2.0" />
        </wiper>
    </wipers>

    <cylindered>
        <movingTools>
            <movingTool node="feeder">
                <dependentPart node="feederHydraulic"/>
            </movingTool>
            <movingTool node="drumHousingStrecherArm" playSound="true">
                <dependentPart node="drumHousingStrecherArmHydraulic"/>
            </movingTool>
            <movingTool node="drumHousingArm" playSound="true">
                <dependentPart node="drumHousingHydraulic"/>
                <dependentPart node="drumHousingArmHydraulic"/>
                <dependentPart node="drumHousingSpring"/>
                <dependentPart node="drumHousingSensorPart01"/>
                <dependentPart node="drumHousingSensorPart02"/>
                <dependentPart node="drumHousingShakeRod"/>
                <dependentPart node="drumHousingArmSensorPart01"/>
                <dependentPart node="feederPto02RotRot"/>
            </movingTool>
            <movingTool node="drumHousing" playSound="true">
                <dependentPart node="drumHousingHydraulic"/>
                <dependentPart node="drumHousingArmHydraulic"/>
                <dependentPart node="drumHousingSpring"/>
                <dependentPart node="drumHousingSensorPart01"/>
                <dependentPart node="drumHousingSensorPart02"/>
                <dependentPart node="drumHousingShakeRod"/>
                <dependentPart node="drumHousingArmSensorPart01"/>
                <dependentPart node="feederPto02RotRot"/>
            </movingTool>
            <movingTool node="drumHousingShake" playSound="true">
                <dependentPart node="drumHousingHydraulic"/>
                <dependentPart node="drumHousingArmHydraulic"/>
                <dependentPart node="drumHousingSpring"/>
                <dependentPart node="drumHousingSensorPart01"/>
                <dependentPart node="drumHousingSensorPart02"/>
                <dependentPart node="drumHousingShakeRod"/>
                <dependentPart node="drumHousingArmSensorPart01"/>
                <dependentPart node="feederPto02RotRot"/>
            </movingTool>
            <movingTool node="drumHousingArmShake" playSound="true">
                <dependentPart node="drumHousingHydraulic"/>
                <dependentPart node="drumHousingArmHydraulic"/>
                <dependentPart node="drumHousingSpring"/>
                <dependentPart node="drumHousingSensorPart01"/>
                <dependentPart node="drumHousingSensorPart02"/>
                <dependentPart node="drumHousingShakeRod"/>
                <dependentPart node="drumHousingArmSensorPart01"/>
                <dependentPart node="feederPto02RotRot"/>
            </movingTool>
            <!-- pipe01 -->
            <movingTool node="pipe01RotX">
                <dependentPart node="pipe01RotXHydraulic"/>
            </movingTool>
            <movingTool node="pipe01Flap01">
                <dependentPart node="pipe01Flap01Hydraulic"/>
                <dependentPart node="pipe01OrientationArm"/>
                <dependentPart node="pipe01LightArm01"/>
                <dependentPart node="pipe01Flap01SensorArm01"/>
                <dependentPart node="pipe01Flap01SpringLeft"/>
                <dependentPart node="pipe01Flap01SpringRight"/>
            </movingTool>
            <movingTool node="pipe01Flap02">
                <dependentPart node="pipe01OrientationArm"/>
                <dependentPart node="pipe01Flap02SpringLeft"/>
                <dependentPart node="pipe01Flap02SpringRight"/>
            </movingTool>
            <!-- pipe02 -->
            <movingTool node="pipe02RotX">
                <dependentPart node="pipe02RotXHydraulic"/>
            </movingTool>
            <movingTool node="pipe02Flap01">
                <dependentPart node="pipe02Flap01Hydraulic"/>
                <dependentPart node="pipe02OrientationArm"/>
                <dependentPart node="pipe02LightArm01"/>
                <dependentPart node="pipe02Flap01SensorArm01"/>
                <dependentPart node="pipe02Flap01SpringLeft"/>
                <dependentPart node="pipe02Flap01SpringRight"/>
            </movingTool>
            <movingTool node="pipe02Flap02">
                <dependentPart node="pipe02OrientationArm"/>
                <dependentPart node="pipe02Flap02SpringLeft"/>
                <dependentPart node="pipe02Flap02SpringRight"/>
            </movingTool>
            <!-- pipe03 -->
            <movingTool node="pipe03RotX">
                <dependentPart node="pipe03RotXHydraulic"/>
            </movingTool>
            <movingTool node="pipe03Flap01">
                <dependentPart node="pipe03Flap01Hydraulic"/>
                <dependentPart node="pipe03OrientationArm"/>
                <dependentPart node="pipe03LightArm01"/>
                <dependentPart node="pipe03Flap01SensorArm01"/>
                <dependentPart node="pipe03Flap01SpringLeft"/>
                <dependentPart node="pipe03Flap01SpringRight"/>
            </movingTool>
            <movingTool node="pipe03Flap02">
                <dependentPart node="pipe03OrientationArm"/>
                <dependentPart node="pipe03Flap02SpringLeft"/>
                <dependentPart node="pipe03Flap02SpringRight"/>
            </movingTool>

            <movingTool node="pipe01RotY">
                <dependentAnimation name="pipe01RotYAnim" minValue="-110" maxValue="110" rotationAxis="2" />
            </movingTool>
            <movingTool node="pipe02RotY">
                <dependentAnimation name="pipe02RotYAnim" minValue="-110" maxValue="110" rotationAxis="2" />
            </movingTool>
            <movingTool node="pipe03RotY">
                <dependentAnimation name="pipe03RotYAnim" minValue="-110" maxValue="110" rotationAxis="2" />
            </movingTool>
        </movingTools>

        <movingParts>
            <!-- driving -->
            <movingPart node="steeringBarLeft" referencePoint="steeringBarLeftRef" referenceFrame="steeringBarLeftRef" isActiveDirty="true" maxUpdateDistance="50" scaleZ="true"/>
            <movingPart node="steeringBarRight" referencePoint="steeringBarRightRef" referenceFrame="steeringBarRightRef" isActiveDirty="true" maxUpdateDistance="50" scaleZ="true"/>

            <!-- feeder -->
            <movingPart node="feederHydraulic" referencePoint="feederHydraulicRef" referenceFrame="feederHydraulicRef">
                <translatingPart node="feederHydraulicPunch"/>
            </movingPart>
            <movingPart node="drumHousingStrecherArmHydraulic" referencePoint="drumHousingStrecherArmHydraulicRef" referenceFrame="drumHousingStrecherArmHydraulicRef">
                <translatingPart node="drumHousingStrecherArmHydraulicPunch"/>
            </movingPart>
            <movingPart node="drumHousingArmHydraulic" referencePoint="drumHousingArmHydraulicRef" referenceFrame="drumHousingArmHydraulicRef">
                <translatingPart node="drumHousingArmHydraulicPunch"/>
            </movingPart>
            <movingPart node="drumHousingHydraulic" referencePoint="drumHousingHydraulicRef" referenceFrame="drumHousingHydraulicRef">
                <translatingPart node="drumHousingHydraulicPunch"/>
            </movingPart>
            <movingPart node="drumHousingSpring" referencePoint="drumHousingSpringRef" referenceFrame="drumHousingSpringRef" scaleZ="true"/>
            <movingPart node="drumHousingSensorPart01" referencePoint="drumHousingSensorPart01Ref" referenceFrame="drumHousingSensorPart01Ref" scaleZ="true"/>
            <movingPart node="drumHousingSensorPart02" referencePoint="drumHousingSensorPart02Ref" referenceFrame="drumHousingSensorPart02Ref"/>
            <movingPart node="drumHousingShakeRod" referencePoint="drumHousingShakeRodRef" referenceFrame="drumHousingShakeRodRef" scaleZ="true"/>
            <movingPart node="drumHousingArmSensorPart01" localReferencePoint="drumHousingArmSensorPart02" referencePoint="drumHousingArmSensorPart02Ref" referenceFrame="drumHousingArmSensorPart01RefFrame">
                <dependentPart node="drumHousingArmSensorPart02"/>
            </movingPart>
            <movingPart node="drumHousingArmSensorPart02" referencePoint="drumHousingArmSensorPart02Ref" referenceFrame="drumHousingArmSensorPart02Ref" />
            <movingPart node="feederPto02RotRot" referencePoint="feederPto02RotRotRef" referenceFrame="feederPto02RotRotRef" />

            <!-- pipe01 -->
            <movingPart node="pipe01RotXHydraulic" referencePoint="pipe01RotXHydraulicRef" referenceFrame="pipe01RotXHydraulicRef">
                <translatingPart node="pipe01RotXHydraulicPunch"/>
            </movingPart>
            <movingPart node="pipe01Flap01Hydraulic" referencePoint="pipe01Flap01HydraulicRef" referenceFrame="pipe01Flap01HydraulicRef">
                <translatingPart node="pipe01Flap01HydraulicPunch"/>
            </movingPart>
            <movingPart node="pipe01OrientationArm" referencePoint="pipe01OrientationArmRef" referenceFrame="pipe01OrientationArmRef" scaleZ="true"/>
            <movingPart node="pipe01LightArm01" localReferencePoint="pipe01LightArm02" referencePoint="pipe01LightArm02Ref" referenceFrame="pipe01LightArm01RefFrame" limitedAxis="1">
                <dependentPart node="pipe01LightArm02" />
            </movingPart>
            <movingPart node="pipe01LightArm02" referencePoint="pipe01LightArm02Ref" referenceFrame="pipe01LightArm02Ref"/>
            <movingPart node="pipe01Flap01SensorArm01" localReferencePoint="pipe01Flap01SensorArm02" referencePoint="pipe01Flap01SensorArm02Ref" referenceFrame="pipe01Flap01SensorArm01RefFrame" isActiveDirty="true" maxUpdateDistance="50">
                <dependentPart node="pipe01Flap01SensorArm02" />
            </movingPart>
            <movingPart node="pipe01Flap01SensorArm02" referencePoint="pipe01Flap01SensorArm02Ref" referenceFrame="pipe01Flap01SensorArm02Ref" scaleZ="true"/>
            <movingPart node="pipe01Flap01SpringLeft" referencePoint="pipe01Flap01SpringLeftRef" referenceFrame="pipe01Flap01SpringLeftRef" scaleZ="true"/>
            <movingPart node="pipe01Flap01SpringRight" referencePoint="pipe01Flap01SpringRightRef" referenceFrame="pipe01Flap01SpringRightRef" scaleZ="true"/>
            <movingPart node="pipe01Flap02SpringLeft" referencePoint="pipe01Flap02SpringLeftRef" referenceFrame="pipe01Flap02SpringLeftRef" scaleZ="true"/>
            <movingPart node="pipe01Flap02SpringRight" referencePoint="pipe01Flap02SpringRightRef" referenceFrame="pipe01Flap02SpringRightRef" scaleZ="true"/>

            <!-- pipe02 -->
            <movingPart node="pipe02RotXHydraulic" referencePoint="pipe02RotXHydraulicRef" referenceFrame="pipe02RotXHydraulicRef">
                <translatingPart node="pipe02RotXHydraulicPunch"/>
            </movingPart>
            <movingPart node="pipe02Flap01Hydraulic" referencePoint="pipe02Flap01HydraulicRef" referenceFrame="pipe02Flap01HydraulicRef">
                <translatingPart node="pipe02Flap01HydraulicPunch"/>
            </movingPart>
            <movingPart node="pipe02OrientationArm" referencePoint="pipe02OrientationArmRef" referenceFrame="pipe02OrientationArmRef" scaleZ="true"/>
            <movingPart node="pipe02LightArm01" localReferencePoint="pipe02LightArm02" referencePoint="pipe02LightArm02Ref" referenceFrame="pipe02LightArm01RefFrame" limitedAxis="1">
                <dependentPart node="pipe02LightArm02" />
            </movingPart>
            <movingPart node="pipe02LightArm02" referencePoint="pipe02LightArm02Ref" referenceFrame="pipe02LightArm02Ref"/>
            <movingPart node="pipe02Flap01SensorArm01" localReferencePoint="pipe02Flap01SensorArm02" referencePoint="pipe02Flap01SensorArm02Ref" referenceFrame="pipe02Flap01SensorArm01RefFrame" isActiveDirty="true" maxUpdateDistance="50">
                <dependentPart node="pipe02Flap01SensorArm02" />
            </movingPart>
            <movingPart node="pipe02Flap01SensorArm02" referencePoint="pipe02Flap01SensorArm02Ref" referenceFrame="pipe02Flap01SensorArm02Ref" scaleZ="true"/>
            <movingPart node="pipe02Flap01SpringLeft" referencePoint="pipe02Flap01SpringLeftRef" referenceFrame="pipe02Flap01SpringLeftRef" scaleZ="true"/>
            <movingPart node="pipe02Flap01SpringRight" referencePoint="pipe02Flap01SpringRightRef" referenceFrame="pipe02Flap01SpringRightRef" scaleZ="true"/>
            <movingPart node="pipe02Flap02SpringLeft" referencePoint="pipe02Flap02SpringLeftRef" referenceFrame="pipe02Flap02SpringLeftRef" scaleZ="true"/>
            <movingPart node="pipe02Flap02SpringRight" referencePoint="pipe02Flap02SpringRightRef" referenceFrame="pipe02Flap02SpringRightRef" scaleZ="true"/>

            <!-- pipe03 -->
            <movingPart node="pipe03RotXHydraulic" referencePoint="pipe03RotXHydraulicRef" referenceFrame="pipe03RotXHydraulicRef">
                <translatingPart node="pipe03RotXHydraulicPunch"/>
            </movingPart>
            <movingPart node="pipe03Flap01Hydraulic" referencePoint="pipe03Flap01HydraulicRef" referenceFrame="pipe03Flap01HydraulicRef">
                <translatingPart node="pipe03Flap01HydraulicPunch"/>
            </movingPart>
            <movingPart node="pipe03OrientationArm" referencePoint="pipe03OrientationArmRef" referenceFrame="pipe03OrientationArmRef" scaleZ="true"/>
            <movingPart node="pipe03LightArm01" localReferencePoint="pipe03LightArm02" referencePoint="pipe03LightArm02Ref" referenceFrame="pipe03LightArm01RefFrame" limitedAxis="1">
                <dependentPart node="pipe03LightArm02" />
            </movingPart>
            <movingPart node="pipe03LightArm02" referencePoint="pipe03LightArm02Ref" referenceFrame="pipe03LightArm02Ref"/>
            <movingPart node="pipe03Flap01SensorArm01" localReferencePoint="pipe03Flap01SensorArm02" referencePoint="pipe03Flap01SensorArm02Ref" referenceFrame="pipe03Flap01SensorArm01RefFrame" isActiveDirty="true" maxUpdateDistance="50">
                <dependentPart node="pipe03Flap01SensorArm02" />
            </movingPart>
            <movingPart node="pipe03Flap01SensorArm02" referencePoint="pipe03Flap01SensorArm02Ref" referenceFrame="pipe03Flap01SensorArm02Ref" scaleZ="true"/>
            <movingPart node="pipe03Flap01SpringLeft" referencePoint="pipe03Flap01SpringLeftRef" referenceFrame="pipe03Flap01SpringLeftRef" scaleZ="true"/>
            <movingPart node="pipe03Flap01SpringRight" referencePoint="pipe03Flap01SpringRightRef" referenceFrame="pipe03Flap01SpringRightRef" scaleZ="true"/>
            <movingPart node="pipe03Flap02SpringLeft" referencePoint="pipe03Flap02SpringLeftRef" referenceFrame="pipe03Flap02SpringLeftRef" scaleZ="true"/>
            <movingPart node="pipe03Flap02SpringRight" referencePoint="pipe03Flap02SpringRightRef" referenceFrame="pipe03Flap02SpringRightRef" scaleZ="true"/>
        </movingParts>
    </cylindered>

    <combine allowThreshingDuringRain="true" fillUnitIndex="1">
        <additives fillUnitIndex="4" usage="0.0000275" fillTypes="CHAFF GRASS_WINDROW"/>
        <buffer loadingDelay="1.0" unloadingDelay="3.0"/>

        <animationNodes>
            <animationNode node="knifeDrum" rotSpeed="1500"  rotAxis="1" turnOnFadeTime="2" turnOffFadeTime="2" />
            <animationNode node="topFrontRoller" rotSpeed="500"  rotAxis="1" turnOnFadeTime="2" turnOffFadeTime="2" />
            <animationNode node="bottomFrontRoller" rotSpeed="-500"  rotAxis="1" turnOnFadeTime="2" turnOffFadeTime="2" />
            <animationNode node="topBackRoller" rotSpeed="500"  rotAxis="1" turnOnFadeTime="2" turnOffFadeTime="2" />
            <animationNode node="bottomBackRoller" rotSpeed="-500"  rotAxis="1" turnOnFadeTime="2" turnOffFadeTime="2" />
            <animationNode node="feederPto01" rotSpeed="-500"  rotAxis="1" turnOnFadeTime="2" turnOffFadeTime="2" />
            <animationNode node="feederPto02" rotSpeed="-500"  rotAxis="1" turnOnFadeTime="2" turnOffFadeTime="2" />
            <animationNode node="feederPto03" rotSpeed="-500"  rotAxis="1" turnOnFadeTime="2" turnOffFadeTime="2" />
            <animationNode node="disc01" rotSpeed="500"  rotAxis="1" turnOnFadeTime="2" turnOffFadeTime="2" />
            <animationNode node="disc02" rotSpeed="-500"  rotAxis="1" turnOnFadeTime="2" turnOffFadeTime="2" />
        </animationNodes>
    </combine>

    <dischargeable>
        <dischargeNode node="pipeRaycastNode01" emptySpeed="2000" fillUnitIndex="1" maxDistance="20" stopDischargeOnEmpty="false" effectTurnOffThreshold="0.5">
            <info width="0.4" length="0.4" useRaycastHitPosition="true"/>

            <effects>
                <effectNode                          effectNode="pipe01EffectInside01"  delay="0"    materialType="unloading" fadeScale="0"/>
                <effectNode                          effectNode="pipe01EffectInside02"  delay="0.1"    materialType="unloading" fadeScale="0"/>
                <effectNode effectClass="PipeEffect" effectNode="pipe01Effect03"  delay="0.12" materialType="pipe"      maxBending="0.15" shapeScaleSpread="1.03 0.96 1 0"/>
            </effects>
            <dischargeSound template="dischargeForageHarvester" linkNode="attacherJointFront"/>
        </dischargeNode>

        <dischargeNode node="pipeRaycastNode02" emptySpeed="4000" fillUnitIndex="1" maxDistance="20" stopDischargeOnEmpty="false" effectTurnOffThreshold="0.5">
            <info width="0.4" length="0.4" useRaycastHitPosition="true"/>

            <effects>
                <effectNode                          effectNode="pipe02EffectInside01"  delay="0"    materialType="unloading" fadeScale="0"/>
                <effectNode                          effectNode="pipe02EffectInside02"  delay="0.1"  materialType="unloading" fadeScale="0"/>
                <effectNode effectClass="PipeEffect" effectNode="pipe02Effect03"  delay="0.12" materialType="pipe"      maxBending="0.15" shapeScaleSpread="1.03 0.96 1 0"/>
            </effects>
            <dischargeSound template="dischargeForageHarvester" linkNode="attacherJointFront"/>
        </dischargeNode>

        <dischargeNode node="pipeRaycastNode03" emptySpeed="4000" fillUnitIndex="1" maxDistance="20" stopDischargeOnEmpty="false" effectTurnOffThreshold="0.5">
            <info width="0.4" length="0.4" useRaycastHitPosition="true"/>

            <effects>
                <effectNode                          effectNode="pipe03EffectInside01"  delay="0"    materialType="unloading" fadeScale="0"/>
                <effectNode                          effectNode="pipe03EffectInside02"  delay="0.1"  materialType="unloading" fadeScale="0"/>
                <effectNode effectClass="PipeEffect" effectNode="pipe03Effect03"  delay="0.12" materialType="pipe"      maxBending="0.15" shapeScaleSpread="1.03 0.96 1 0"/>
            </effects>
            <dischargeSound template="dischargeForageHarvester" linkNode="attacherJointFront"/>
        </dischargeNode>
    </dischargeable>

    <pipe>
        <pipeConfigurations>
            <pipeConfiguration name="$l10n_configuration_valueShortPipe" price="0" dischargeNodeIndex="1" toggleableDischargeToGround="true">
                <pipeNodes>
                    <pipeNode node="pipe01RotY" rotationSpeeds="0 35 0" autoAimYRotation="true" autoAimInvertZ="true" minRotationLimits="0 -110 0" maxRotationLimits="0 110 0" foldPriority="1">
                        <state rotation="0 0 0" />
                        <state rotation="0 0 0"/>
                        <moveSound template="hydraulicOpen05" fadeIn="0.1" fadeOut="0.1" pitchScale="1.6" volumeScale="2.0" linkNode="pipe01RotY"/>
                    </pipeNode>
                    <pipeNode node="pipe01RotX" rotationSpeeds="12.5 0 0">
                        <state rotation="0 0 0"/>
                        <state rotation="22 0 0"/>
                        <moveSound template="hydraulicOpen02" pitchScale="1.4" volumeScale="2" fadeIn="0.1" fadeOut="0.1" linkNode="pipe01RotX"/>
                    </pipeNode>
                    <pipeNode node="pipe01Flap01" rotationSpeeds="40 0 0" autoAimXRotation="true" subPipeNode="pipe01Flap02" minRotationLimits="-40 0 0" maxRotationLimits="0 0 0" bendingRegulation="0.15">
                        <state rotation="-10 0 0"/>
                        <state rotation="-10 0 0"/>
                        <moveSound template="hydraulicClose01" pitchScale="1.4" fadeIn="0.1" fadeOut="0.1" linkNode="pipe01Flap01"/>
                    </pipeNode>
                    <pipeNode node="pipe01Flap02" rotationSpeeds="80 0 0" autoAimXRotation="true" minRotationLimits="-50 0 0" maxRotationLimits="0 0 0" bendingRegulation="0.15">
                        <state rotation="-10 0 0"/>
                        <state rotation="-10 0 0"/>
                        <bendingRegulationNode node="pipeRaycastNode01" axis="1" direction="1"/>
                        <moveSound template="hydraulicClose03" pitchScale="1.4" fadeIn="0.1" fadeOut="0.1" linkNode="pipe01Flap02"/>
                    </pipeNode>
                </pipeNodes>
                <states num="2" unloading="2" autoAiming="2" turnOnAllowed="2"/>
                <unloadingTriggers>
                    <unloadingTrigger node="trailerTrigger" />
                </unloadingTriggers>
                <objectChange node="pipe01" visibilityActive="true" visibilityInactive="false"/>
                <objectChange node="pipe01_hoses" visibilityActive="true" visibilityInactive="false"/>
                <objectChange node="pipe01_col01" compoundChildActive="true" compoundChildInactive="false"/>
                <objectChange node="pipe01_col02" compoundChildActive="true" compoundChildInactive="false"/>
                <objectChange node="pipe01_col03" compoundChildActive="true" compoundChildInactive="false"/>
            </pipeConfiguration>

            <pipeConfiguration name="$l10n_configuration_valueDefault" price="795" dischargeNodeIndex="2" toggleableDischargeToGround="true">
                <pipeNodes>
                    <pipeNode node="pipe02RotY" rotationSpeeds="0 35 0" autoAimYRotation="true" autoAimInvertZ="true" minRotationLimits="0 -110 0" maxRotationLimits="0 110 0" foldPriority="1">
                        <state rotation="0 0 0" />
                        <state rotation="0 0 0"/>
                        <moveSound template="hydraulicOpen05" fadeIn="0.1" fadeOut="0.1" pitchScale="1.6" volumeScale="2.0" linkNode="pipe02RotY"/>
                    </pipeNode>
                    <pipeNode node="pipe02RotX" rotationSpeeds="12.5 0 0">
                        <state rotation="-2 0 0"/>
                        <state rotation="22 0 0"/>
                        <moveSound template="hydraulicOpen02" pitchScale="1.4" volumeScale="2" fadeIn="0.1" fadeOut="0.1" linkNode="pipe02RotX"/>
                    </pipeNode>
                    <pipeNode node="pipe02Flap01" rotationSpeeds="40 0 0" autoAimXRotation="true" subPipeNode="pipe02Flap02" minRotationLimits="-40 0 0" maxRotationLimits="0 0 0" bendingRegulation="0.15">
                        <state rotation="-40 0 0"/>
                        <state rotation="-10 0 0"/>
                        <moveSound template="hydraulicClose01" pitchScale="1.4" fadeIn="0.1" fadeOut="0.1" linkNode="pipe02Flap01"/>
                    </pipeNode>
                    <pipeNode node="pipe02Flap02" rotationSpeeds="80 0 0" autoAimXRotation="true" minRotationLimits="-50 0 0" maxRotationLimits="0 0 0" bendingRegulation="0.15">
                        <state rotation="-40 0 0"/>
                        <state rotation="-10 0 0"/>
                        <bendingRegulationNode node="pipeRaycastNode02" axis="1" direction="1"/>
                        <moveSound template="hydraulicClose03" pitchScale="1.4" fadeIn="0.1" fadeOut="0.1" linkNode="pipe02Flap02"/>
                    </pipeNode>
                </pipeNodes>
                <states num="2" unloading="2" autoAiming="2" turnOnAllowed="2"/>
                <unloadingTriggers>
                    <unloadingTrigger node="trailerTrigger" />
                </unloadingTriggers>
                <objectChange node="pipe02" visibilityActive="true" visibilityInactive="false"/>
                <objectChange node="pipe02_hoses" visibilityActive="true" visibilityInactive="false"/>
                <objectChange node="pipe02_col01" compoundChildActive="true" compoundChildInactive="false"/>
                <objectChange node="pipe02_col02" compoundChildActive="true" compoundChildInactive="false"/>
                <objectChange node="pipe02_col03" compoundChildActive="true" compoundChildInactive="false"/>
                <size length="7.95" lengthOffset="-0.125"/>
            </pipeConfiguration>

            <pipeConfiguration name="$l10n_configuration_valueLongPipe" price="1630" dischargeNodeIndex="3" toggleableDischargeToGround="true" isDefault="true">
                <pipeNodes>
                    <pipeNode node="pipe03RotY" rotationSpeeds="0 35 0" autoAimYRotation="true" autoAimInvertZ="true" minRotationLimits="0 -110 0" maxRotationLimits="0 110 0" foldPriority="1">
                        <state rotation="0 0 0" />
                        <state rotation="0 0 0"/>
                        <moveSound template="hydraulicOpen05" fadeIn="0.1" fadeOut="0.1" pitchScale="1.6" volumeScale="2.0" linkNode="pipe02RotY"/>
                    </pipeNode>
                    <pipeNode node="pipe03RotX" rotationSpeeds="12.5 0 0">
                        <state rotation="-2.7 0 0"/>
                        <state rotation="22 0 0"/>
                        <moveSound template="hydraulicOpen02" pitchScale="1.4" volumeScale="2" fadeIn="0.1" fadeOut="0.1" linkNode="pipe03RotX"/>
                    </pipeNode>
                    <pipeNode node="pipe03Flap01" rotationSpeeds="40 0 0" autoAimXRotation="true" subPipeNode="pipe03Flap02" minRotationLimits="-40 0 0" maxRotationLimits="0 0 0" bendingRegulation="0.15">
                        <state rotation="-40 0 0"/>
                        <state rotation="-10 0 0"/>
                        <moveSound template="hydraulicClose01" pitchScale="1.4" fadeIn="0.1" fadeOut="0.1" linkNode="pipe03Flap01"/>
                    </pipeNode>
                    <pipeNode node="pipe03Flap02" rotationSpeeds="80 0 0" autoAimXRotation="true" minRotationLimits="-50 0 0" maxRotationLimits="0 0 0" bendingRegulation="0.15">
                        <state rotation="-40 0 0"/>
                        <state rotation="-10 0 0"/>
                        <bendingRegulationNode node="pipeRaycastNode03" axis="1" direction="1"/>
                        <moveSound template="hydraulicClose03" pitchScale="1.4" fadeIn="0.1" fadeOut="0.1" linkNode="pipe03Flap02"/>
                    </pipeNode>
                </pipeNodes>
                <states num="2" unloading="2" autoAiming="2" turnOnAllowed="2"/>
                <unloadingTriggers>
                    <unloadingTrigger node="trailerTrigger" />
                </unloadingTriggers>
                <objectChange node="pipe03" visibilityActive="true" visibilityInactive="false"/>
                <objectChange node="pipe03_hoses" visibilityActive="true" visibilityInactive="false"/>
                <objectChange node="pipe03_col01" compoundChildActive="true" compoundChildInactive="false"/>
                <objectChange node="pipe03_col02" compoundChildActive="true" compoundChildInactive="false"/>
                <objectChange node="pipe03_col03" compoundChildActive="true" compoundChildInactive="false"/>
                <objectChange node="pipe03_col04" compoundChildActive="true" compoundChildInactive="false"/>
                <size length="8.7" lengthOffset="-0.5"/>
            </pipeConfiguration>
        </pipeConfigurations>
    </pipe>

    <turnOnVehicle turnOffIfNotAllowed="true">
        <turnedAnimation name="strecherAnimation" />
    </turnOnVehicle>

    <suspensions>
        <suspension node="cabin" weight="400" minRotation="-2 0 -2" maxRotation="2 0 2" suspensionParametersX="200 50" suspensionParametersZ="200 17" />
        <suspension node="seat" weight="150" minTranslation="-0.05 -0.15 0.0" maxTranslation="0.05 0.15 0.0" suspensionParametersX="20 4" suspensionParametersY="5 1" suspensionParametersZ="20 4" />
        <suspension useCharacterTorso="true" weight="90"  minRotation="0 -5 -5" maxRotation="0 5 5" suspensionParametersY="7 1" suspensionParametersZ="7 1" />
    </suspensions>

    <dashboard>
        <groups>
            <group name="MOTOR_STARTING" electronicsStarting="true"/>
            <group name="MOTOR_RUNNING"  electronicsRunning="true"/>
            <group name="MOTOR_ACTIVE" electronicsStarting="true" electronicsRunning="true"/>
            <group name="BACK_ATTACHMENT" attacherJointIndices="2 3"/>
            <group name="LIGHT_ENABLED" lightTypes="0"/>
        </groups>

        <default>
            <dashboard displayType="EMITTER" node="radioDisplayDecal" idleValue="-1" intensity="0.3" groups="MOTOR_ACTIVE" />
            <dashboard displayType="EMITTER" node="engineStartDecals" idleValue="0" baseColor="SHARED_GREY4" emitColor="SHARED_RED1" intensity="0.5" groups="MOTOR_STARTING" />
        </default>

        <compounds>
            <compound linkNode="mainDisplay" filename="$data/vehicles/claas/shared/displays/displays.xml" name="CEBIS_JAGUAR_MAINPAGE"/>
        </compounds>
    </dashboard>

    <ai>
        <agent frontWheelNodes="wheelAxleBackLeft wheelAxleBackRight"/>
        <collisionTrigger useSize="true"/>
    </ai>

    <foliageBending>
        <bendingNode wheelIndices="3 4 5 6" minZ="-2.8" maxZ="3.3" yOffset="0.6"/>
        <bendingNode minX="-1.2" maxX="1.2" minZ="-3.8" maxZ="-2.8" yOffset="0.6"/>
    </foliageBending>

    <wearable wearDuration="480" workMultiplier="5" fieldMultiplier="2"/>
    <washable dirtDuration="90" washDuration="1" workMultiplier="4" fieldMultiplier="2"/>

    <i3dMappings>
        <i3dMapping id="jaguar990TT_main_component1" node="0>" />
        <i3dMapping id="wheelFrontLeft" node="0>0|0|0" />
        <i3dMapping id="wheelFrontRight" node="0>0|0|1" />
        <i3dMapping id="wheelBackLeft" node="0>0|0|2" />
        <i3dMapping id="wheelBackRight" node="0>0|0|3" />
        <i3dMapping id="ptoFrontLeft" node="0>0|0|4" />
        <i3dMapping id="ptoFrontRight" node="0>0|0|5" />
        <i3dMapping id="sideMarker23Orange_01" node="0>0|1|0|0" />
        <i3dMapping id="sideMarker23Orange_02" node="0>0|1|0|1" />
        <i3dMapping id="sideMarker23Orange_03" node="0>0|1|0|2" />
        <i3dMapping id="sideMarker23Orange_04" node="0>0|1|0|3" />
        <i3dMapping id="plateNumberLight05_01" node="0>0|1|0|4" />
        <i3dMapping id="plateNumberLight05_02" node="0>0|1|0|5" />
        <i3dMapping id="yellowRound_01_01" node="0>0|1|0|6" />
        <i3dMapping id="yellowRound_01_02" node="0>0|1|0|7" />
        <i3dMapping id="redRound_04_01" node="0>0|1|0|8" />
        <i3dMapping id="redRound_04_02" node="0>0|1|0|9" />
        <i3dMapping id="jaguar990TTLights_static" node="0>0|1|1|0" />
        <i3dMapping id="jaguar990TTLightsGlass_static" node="0>0|1|1|1" />
        <i3dMapping id="frontLightLow" node="0>0|1|2|0" />
        <i3dMapping id="highBeamLow" node="0>0|1|2|1" />
        <i3dMapping id="frontLightHighBottom" node="0>0|1|2|2" />
        <i3dMapping id="highBeamHighBottom" node="0>0|1|2|3" />
        <i3dMapping id="licensePlateLightHigh" node="0>0|1|2|4" />
        <i3dMapping id="workLightFrontLow" node="0>0|1|3|0" />
        <i3dMapping id="workLightFrontHigh" node="0>0|1|3|1" />
        <i3dMapping id="workLightSideHigh" node="0>0|1|3|2" />
        <i3dMapping id="backLightsHigh" node="0>0|1|4|0" />
        <i3dMapping id="turnLightLeftFront" node="0>0|1|5|0" />
        <i3dMapping id="turnLightRightFront" node="0>0|1|5|1" />
        <i3dMapping id="reverseLightHigh" node="0>0|1|6|0" />
        <i3dMapping id="outdoorCameraTarget" node="0>0|2|0" />
        <i3dMapping id="outdoorCamera1" node="0>0|2|0|0" />
        <i3dMapping id="indoorCamera1" node="0>0|2|1" />
        <i3dMapping id="cameraRaycastNode1" node="0>0|2|2" />
        <i3dMapping id="cameraRaycastNode2" node="0>0|2|3" />
        <i3dMapping id="cameraRaycastNode3" node="0>0|2|4" />
        <i3dMapping id="shadowFocusBox" node="0>0|2|5" />
        <i3dMapping id="exitPoint" node="0>0|3" />
        <i3dMapping id="attacherJointFrontRot" node="0>0|4|0" />
        <i3dMapping id="attacherJointFront" node="0>0|4|0|0" />
        <i3dMapping id="feeder" node="0>0|4|1" />
        <i3dMapping id="feederHydraulicRef" node="0>0|4|1|1" />
        <i3dMapping id="knifeDrum" node="0>0|4|1|2|0" />
        <i3dMapping id="bottomFrontRoller" node="0>0|4|1|3|0" />
        <i3dMapping id="bottomBackRoller" node="0>0|4|1|4|0" />
        <i3dMapping id="feederPto01" node="0>0|4|1|5|0" />
        <i3dMapping id="feederPto02RotRot" node="0>0|4|1|6" />
        <i3dMapping id="feederPto02" node="0>0|4|1|6|0|0" />
        <i3dMapping id="drumHousingStrecherArm" node="0>0|4|1|7|0" />
        <i3dMapping id="disc02" node="0>0|4|1|7|0|0" />
        <i3dMapping id="drumHousingStrecherArmHydraulicRef" node="0>0|4|1|7|0|1" />
        <i3dMapping id="drumHousingStrecherArmHydraulic" node="0>0|4|1|8" />
        <i3dMapping id="drumHousingStrecherArmHydraulicPunch" node="0>0|4|1|8|0" />
        <i3dMapping id="disc01" node="0>0|4|1|9" />
        <i3dMapping id="drumHousingArmShake" node="0>0|4|1|10|0" />
        <i3dMapping id="drumHousingArm" node="0>0|4|1|10|0|0" />
        <i3dMapping id="drumHousing" node="0>0|4|1|10|0|0|0" />
        <i3dMapping id="drumHousingShake" node="0>0|4|1|10|0|0|0|0" />
        <i3dMapping id="drumHousingHydraulicRef" node="0>0|4|1|10|0|0|0|0|0" />
        <i3dMapping id="topFrontRoller" node="0>0|4|1|10|0|0|0|0|1|0" />
        <i3dMapping id="topBackRoller" node="0>0|4|1|10|0|0|0|0|2|0" />
        <i3dMapping id="drumHousingSpringRef" node="0>0|4|1|10|0|0|0|0|3" />
        <i3dMapping id="drumHousingSensorPart01" node="0>0|4|1|10|0|0|0|0|4" />
        <i3dMapping id="drumHousingSensorPart02Ref" node="0>0|4|1|10|0|0|0|0|4|0" />
        <i3dMapping id="drumHousingShakeRodRef" node="0>0|4|1|10|0|0|0|0|5" />
        <i3dMapping id="feederPto03" node="0>0|4|1|10|0|0|0|0|6|0" />
        <i3dMapping id="feederPto02RotRotRef" node="0>0|4|1|10|0|0|0|0|7" />
        <i3dMapping id="drumHousingArmHydraulicRef" node="0>0|4|1|10|0|0|1" />
        <i3dMapping id="drumHousingArmSensorPart02Ref" node="0>0|4|1|10|0|0|2" />
        <i3dMapping id="drumHousingHydraulic" node="0>0|4|1|11" />
        <i3dMapping id="drumHousingHydraulicPunch" node="0>0|4|1|11|0" />
        <i3dMapping id="drumHousingArmHydraulic" node="0>0|4|1|12" />
        <i3dMapping id="drumHousingArmHydraulicPunch" node="0>0|4|1|12|0" />
        <i3dMapping id="drumHousingSpring" node="0>0|4|1|13" />
        <i3dMapping id="drumHousingSensorPart01Ref" node="0>0|4|1|14" />
        <i3dMapping id="drumHousingSensorPart02" node="0>0|4|1|15" />
        <i3dMapping id="drumHousingShakeRod" node="0>0|4|1|16" />
        <i3dMapping id="drumHousingArmSensorPart01RefFrame" node="0>0|4|1|17" />
        <i3dMapping id="drumHousingArmSensorPart01" node="0>0|4|1|17|0" />
        <i3dMapping id="drumHousingArmSensorPart02" node="0>0|4|1|17|0|0" />
        <i3dMapping id="belt02" node="0>0|4|1|18" />
        <i3dMapping id="feederHydraulic" node="0>0|4|2" />
        <i3dMapping id="feederHydraulicPunch" node="0>0|4|2|0" />
        <i3dMapping id="airDoubleStorage" node="0>0|4|3|0" />
        <i3dMapping id="airDoubleControl" node="0>0|4|3|1" />
        <i3dMapping id="electric_back" node="0>0|4|3|2" />
        <i3dMapping id="hydraulic01_out" node="0>0|4|3|3" />
        <i3dMapping id="hydraulic02_in" node="0>0|4|3|4" />
        <i3dMapping id="hydraulic02_in_front" node="0>0|4|3|5" />
        <i3dMapping id="hydraulic01_out_front" node="0>0|4|3|6" />
        <i3dMapping id="electric_in_front" node="0>0|4|3|7" />
        <i3dMapping id="trailerAttacherJointBack" node="0>0|4|4" />
        <i3dMapping id="fan" node="0>0|5|0" />
        <i3dMapping id="belt01" node="0>0|5|1" />
        <i3dMapping id="pipe01AnimJoint" node="0>0|5|3" />
        <i3dMapping id="pipe02AnimJoint" node="0>0|5|4" />
        <i3dMapping id="pipe03AnimJoint" node="0>0|5|5" />
        <i3dMapping id="cabin" node="0>0|6" />
        <i3dMapping id="steeringWheel" node="0>0|6|0|0|0" />
        <i3dMapping id="playerLeftHandTargetRotationNode" node="0>0|6|0|0|0|1|0" />
        <i3dMapping id="playerLeftHandTarget" node="0>0|6|0|0|0|1|0|0" />
        <i3dMapping id="leverTurnlightRot" node="0>0|6|0|1|0" />
        <i3dMapping id="leverTurnlight" node="0>0|6|0|1|0|0" />
        <i3dMapping id="engineStartDecals" node="0>0|6|0|2" />
        <i3dMapping id="highBeamLightDecal" node="0>0|6|0|3" />
        <i3dMapping id="turnLightLeftDecals" node="0>0|6|0|4" />
        <i3dMapping id="turnLightRightDecals" node="0>0|6|0|5" />
        <i3dMapping id="turnLightAnyDecals" node="0>0|6|0|6" />
        <i3dMapping id="seat" node="0>0|6|1" />
        <i3dMapping id="seatArmrest_decal2" node="0>0|6|1|0" />
        <i3dMapping id="joystick" node="0>0|6|1|1|0" />
        <i3dMapping id="playerRightHandTarget" node="0>0|6|1|1|0|0" />
        <i3dMapping id="seatArmrest_decal" node="0>0|6|1|1|0|1" />
        <i3dMapping id="playerSkin" node="0>0|6|1|3|0" />
        <i3dMapping id="mainDisplay" node="0>0|6|1|4|0|0|0" />
        <i3dMapping id="interiorScreenLight" node="0>0|6|1|4|0|2" />
        <i3dMapping id="leverGas" node="0>0|6|1|5" />
        <i3dMapping id="switchGas" node="0>0|6|1|6|0" />
        <i3dMapping id="beaconLight03_01" node="0>0|6|2|0|0" />
        <i3dMapping id="beaconLight04" node="0>0|6|2|0|1" />
        <i3dMapping id="workingLight37_01" node="0>0|6|2|0|2" />
        <i3dMapping id="workingLight37_02" node="0>0|6|2|0|3" />
        <i3dMapping id="workingLight38_01" node="0>0|6|2|0|4" />
        <i3dMapping id="workingLight38_02" node="0>0|6|2|0|5" />
        <i3dMapping id="workingLight38_03" node="0>0|6|2|0|6" />
        <i3dMapping id="workingLight38_04" node="0>0|6|2|0|7" />
        <i3dMapping id="jaguar990TTLightsCabin_static" node="0>0|6|2|1|0" />
        <i3dMapping id="jaguar990TTLightsCabinGlass_static" node="0>0|6|2|1|1" />
        <i3dMapping id="frontLightHighTop" node="0>0|6|2|2|0" />
        <i3dMapping id="highBeamHighTop" node="0>0|6|2|2|1" />
        <i3dMapping id="switchHazard" node="0>0|6|3|0|0" />
        <i3dMapping id="cabinDecalLightHazard" node="0>0|6|3|0|0|0" />
        <i3dMapping id="switchFieldRoad" node="0>0|6|3|0|1" />
        <i3dMapping id="cabinDecalLightRoadField" node="0>0|6|3|0|1|0" />
        <i3dMapping id="switchWorklight" node="0>0|6|3|0|2|0" />
        <i3dMapping id="worklightFrontDecal" node="0>0|6|3|1|0" />
        <i3dMapping id="worklightBackDecal" node="0>0|6|3|1|1" />
        <i3dMapping id="beaconLight_decal" node="0>0|6|3|1|2" />
        <i3dMapping id="defaultLightDecal" node="0>0|6|3|1|3" />
        <i3dMapping id="cabinDecalLight" node="0>0|6|3|1|4" />
        <i3dMapping id="cabinDecalLight1" node="0>0|6|3|1|5" />
        <i3dMapping id="radioDisplayDecal" node="0>0|6|3|1|6" />
        <i3dMapping id="keyIgnition" node="0>0|6|3|2|0" />
        <i3dMapping id="pedalBrake" node="0>0|6|3|3" />
        <i3dMapping id="playerRightFootTargetBrake" node="0>0|6|3|3|0" />
        <i3dMapping id="playerRightFootTarget" node="0>0|6|4|0" />
        <i3dMapping id="playerLeftFootTarget" node="0>0|6|4|1" />
        <i3dMapping id="mirrorDecal_01" node="0>0|6|6|0" />
        <i3dMapping id="mirrorDecal_02" node="0>0|6|6|1" />
        <i3dMapping id="mirrorDecal_03" node="0>0|6|6|2" />
        <i3dMapping id="mirrorDecal_04" node="0>0|6|6|3" />
        <i3dMapping id="mirrorDecal_05" node="0>0|6|6|4" />
        <i3dMapping id="wiperFrontMiddleArm01" node="0>0|6|7|0|0" />
        <i3dMapping id="wiperBack" node="0>0|6|7|1|0" />
        <i3dMapping id="wiperLeft" node="0>0|6|7|2|0" />
        <i3dMapping id="wiperRight" node="0>0|6|7|3|0" />
        <i3dMapping id="licensePlateFront" node="0>0|6|8|0" />
        <i3dMapping id="additiveTank" node="0>0|7|0" />
        <i3dMapping id="exactFillRootNodeAdditives" node="0>0|7|0|0" />
        <i3dMapping id="pipe01" node="0>0|7|1" />
        <i3dMapping id="pipe01RotY" node="0>0|7|1|0" />
        <i3dMapping id="pipe01RotX" node="0>0|7|1|0|0" />
        <i3dMapping id="pipe01Flap01" node="0>0|7|1|0|0|0|0" />
        <i3dMapping id="pipe01Flap02" node="0>0|7|1|0|0|0|0|0" />
        <i3dMapping id="pipe01OrientationArmRef" node="0>0|7|1|0|0|0|0|0|0" />
        <i3dMapping id="pipeRaycastNode01" node="0>0|7|1|0|0|0|0|0|1" />
        <i3dMapping id="pipe01Flap02SpringLeftRef" node="0>0|7|1|0|0|0|0|0|3" />
        <i3dMapping id="pipe01Flap02SpringRightRef" node="0>0|7|1|0|0|0|0|0|4" />
        <i3dMapping id="pipe01Effect03" node="0>0|7|1|0|0|0|0|0|5" />
        <i3dMapping id="pipe01Flap01HydraulicRef" node="0>0|7|1|0|0|0|0|1" />
        <i3dMapping id="pipe01LightArm02Ref" node="0>0|7|1|0|0|0|0|2" />
        <i3dMapping id="pipe01Flap01SensorArm02Ref" node="0>0|7|1|0|0|0|0|3" />
        <i3dMapping id="pipe01Flap02SpringLeft" node="0>0|7|1|0|0|0|0|5" />
        <i3dMapping id="pipe01Flap02SpringRight" node="0>0|7|1|0|0|0|0|6" />
        <i3dMapping id="pipe01Flap01SpringLeftRef" node="0>0|7|1|0|0|0|0|7" />
        <i3dMapping id="pipe01Flap01SpringRightRef" node="0>0|7|1|0|0|0|0|8" />
        <i3dMapping id="yellowRound_01_0" node="0>0|7|1|0|0|0|0|9|0" />
        <i3dMapping id="yellowRound_01_04" node="0>0|7|1|0|0|0|0|9|1" />
        <i3dMapping id="pipe01EffectInside02" node="0>0|7|1|0|0|0|0|10" />
        <i3dMapping id="pipe01Flap01Hydraulic" node="0>0|7|1|0|0|1" />
        <i3dMapping id="pipe01Flap01HydraulicPunch" node="0>0|7|1|0|0|1|0" />
        <i3dMapping id="pipe01OrientationArm" node="0>0|7|1|0|0|2" />
        <i3dMapping id="pipe01LightArm01RefFrame" node="0>0|7|1|0|0|3" />
        <i3dMapping id="pipe01LightArm01" node="0>0|7|1|0|0|3|0" />
        <i3dMapping id="pipe01LightArm02" node="0>0|7|1|0|0|3|0|0" />
        <i3dMapping id="workingLight38_07" node="0>0|7|1|0|0|3|0|2|0" />
        <i3dMapping id="workingLight38_08" node="0>0|7|1|0|0|3|0|2|1" />
        <i3dMapping id="camera_placed04" node="0>0|7|1|0|0|3|0|2|2" />
        <i3dMapping id="workLightPipe01High02" node="0>0|7|1|0|0|3|0|3" />
        <i3dMapping id="pipe01Flap01SensorArm01RefFrame" node="0>0|7|1|0|0|4" />
        <i3dMapping id="pipe01Flap01SensorArm01" node="0>0|7|1|0|0|4|0" />
        <i3dMapping id="pipe01Flap01SensorArm02" node="0>0|7|1|0|0|4|0|0" />
        <i3dMapping id="pipe01RotXHydraulicRef" node="0>0|7|1|0|0|5" />
        <i3dMapping id="pipe01Lights_static" node="0>0|7|1|0|0|6|0|0" />
        <i3dMapping id="pipe01Lights_static_glass" node="0>0|7|1|0|0|6|0|1" />
        <i3dMapping id="workingLight38_05" node="0>0|7|1|0|0|6|1" />
        <i3dMapping id="workingLight38_06" node="0>0|7|1|0|0|6|2" />
        <i3dMapping id="workLightPipe01High01" node="0>0|7|1|0|0|6|3" />
        <i3dMapping id="backLightsPipe01High" node="0>0|7|1|0|0|6|4" />
        <i3dMapping id="pipe01Flap01SpringLeft" node="0>0|7|1|0|0|8" />
        <i3dMapping id="pipe01Flap01SpringRight" node="0>0|7|1|0|0|9" />
        <i3dMapping id="pipe01EffectInside01" node="0>0|7|1|0|0|10" />
        <i3dMapping id="pipe01_col01" node="0>0|7|1|0|0|12" />
        <i3dMapping id="pipe01_col02" node="0>0|7|1|0|0|13" />
        <i3dMapping id="pipe01_col03" node="0>0|7|1|0|0|14" />
        <i3dMapping id="pipe01RotXHydraulic" node="0>0|7|1|0|1" />
        <i3dMapping id="pipe01RotXHydraulicPunch" node="0>0|7|1|0|1|0" />
        <i3dMapping id="pipe02" node="0>0|7|2" />
        <i3dMapping id="pipe02RotY" node="0>0|7|2|0" />
        <i3dMapping id="pipe02RotX" node="0>0|7|2|0|0" />
        <i3dMapping id="pipe02Flap01" node="0>0|7|2|0|0|0|0" />
        <i3dMapping id="pipe02Flap02" node="0>0|7|2|0|0|0|0|0" />
        <i3dMapping id="pipeRaycastNode02" node="0>0|7|2|0|0|0|0|0|0" />
        <i3dMapping id="pipe02OrientationArmRef" node="0>0|7|2|0|0|0|0|0|1" />
        <i3dMapping id="pipe02Flap02SpringLeftRef" node="0>0|7|2|0|0|0|0|0|2" />
        <i3dMapping id="pipe02Flap02SpringRightRef" node="0>0|7|2|0|0|0|0|0|3" />
        <i3dMapping id="pipe02Effect03" node="0>0|7|2|0|0|0|0|0|5" />
        <i3dMapping id="pipe02Flap01HydraulicRef" node="0>0|7|2|0|0|0|0|1" />
        <i3dMapping id="pipe02LightArm02Ref" node="0>0|7|2|0|0|0|0|2" />
        <i3dMapping id="pipe02Flap01SensorArm02Ref" node="0>0|7|2|0|0|0|0|3" />
        <i3dMapping id="pipe02Flap02SpringLeft" node="0>0|7|2|0|0|0|0|4" />
        <i3dMapping id="pipe02Flap02SpringRight" node="0>0|7|2|0|0|0|0|5" />
        <i3dMapping id="pipe02Flap01SpringLeftRef" node="0>0|7|2|0|0|0|0|6" />
        <i3dMapping id="pipe02Flap01SpringRightRef" node="0>0|7|2|0|0|0|0|7" />
        <i3dMapping id="yellowRound_01_05" node="0>0|7|2|0|0|0|0|10|0" />
        <i3dMapping id="yellowRound_01_06" node="0>0|7|2|0|0|0|0|10|1" />
        <i3dMapping id="pipe02EffectInside02" node="0>0|7|2|0|0|0|0|11" />
        <i3dMapping id="pipe02Flap01Hydraulic" node="0>0|7|2|0|0|1" />
        <i3dMapping id="pipe02Flap01HydraulicPunch" node="0>0|7|2|0|0|1|0" />
        <i3dMapping id="pipe02OrientationArm" node="0>0|7|2|0|0|2" />
        <i3dMapping id="pipe02LightArm01RefFrame" node="0>0|7|2|0|0|3" />
        <i3dMapping id="pipe02LightArm01" node="0>0|7|2|0|0|3|0" />
        <i3dMapping id="pipe02LightArm02" node="0>0|7|2|0|0|3|0|0" />
        <i3dMapping id="workingLight38_11" node="0>0|7|2|0|0|3|0|2|0" />
        <i3dMapping id="workingLight38_12" node="0>0|7|2|0|0|3|0|2|1" />
        <i3dMapping id="camera_placed03" node="0>0|7|2|0|0|3|0|2|2" />
        <i3dMapping id="workLightPipe02High02" node="0>0|7|2|0|0|3|0|3" />
        <i3dMapping id="pipe02Flap01SensorArm01RefFrame" node="0>0|7|2|0|0|4" />
        <i3dMapping id="pipe02Flap01SensorArm01" node="0>0|7|2|0|0|4|0" />
        <i3dMapping id="pipe02Flap01SensorArm02" node="0>0|7|2|0|0|4|0|0" />
        <i3dMapping id="pipe02Lights_static" node="0>0|7|2|0|0|5|0" />
        <i3dMapping id="pipe02Lights_static_glass" node="0>0|7|2|0|0|5|1" />
        <i3dMapping id="workingLight38_09" node="0>0|7|2|0|0|5|2" />
        <i3dMapping id="workingLight38_10" node="0>0|7|2|0|0|5|3" />
        <i3dMapping id="workLightPipe02High01" node="0>0|7|2|0|0|5|4" />
        <i3dMapping id="backLightsPipe02High" node="0>0|7|2|0|0|5|5" />
        <i3dMapping id="pipe02RotXHydraulicRef" node="0>0|7|2|0|0|7" />
        <i3dMapping id="pipe02Flap01SpringLeft" node="0>0|7|2|0|0|8" />
        <i3dMapping id="pipe02Flap01SpringRight" node="0>0|7|2|0|0|9" />
        <i3dMapping id="pipe02EffectInside01" node="0>0|7|2|0|0|10" />
        <i3dMapping id="pipe02_col01" node="0>0|7|2|0|0|12" />
        <i3dMapping id="pipe02_col02" node="0>0|7|2|0|0|13" />
        <i3dMapping id="pipe02_col03" node="0>0|7|2|0|0|14" />
        <i3dMapping id="pipe02RotXHydraulic" node="0>0|7|2|0|1" />
        <i3dMapping id="pipe02RotXHydraulicPunch" node="0>0|7|2|0|1|0" />
        <i3dMapping id="pipe03" node="0>0|7|3" />
        <i3dMapping id="pipe03RotY" node="0>0|7|3|0" />
        <i3dMapping id="pipe03RotX" node="0>0|7|3|0|0" />
        <i3dMapping id="pipe03Flap01" node="0>0|7|3|0|0|0|0" />
        <i3dMapping id="pipe03Flap02" node="0>0|7|3|0|0|0|0|0" />
        <i3dMapping id="pipeRaycastNode03" node="0>0|7|3|0|0|0|0|0|0" />
        <i3dMapping id="pipe03OrientationArmRef" node="0>0|7|3|0|0|0|0|0|1" />
        <i3dMapping id="pipe03Flap02SpringLeftRef" node="0>0|7|3|0|0|0|0|0|2" />
        <i3dMapping id="pipe03Flap02SpringRightRef" node="0>0|7|3|0|0|0|0|0|3" />
        <i3dMapping id="pipe03Effect03" node="0>0|7|3|0|0|0|0|0|5" />
        <i3dMapping id="pipe03Flap01HydraulicRef" node="0>0|7|3|0|0|0|0|1" />
        <i3dMapping id="pipe03LightArm02Ref" node="0>0|7|3|0|0|0|0|2" />
        <i3dMapping id="pipe03Flap01SensorArm02Ref" node="0>0|7|3|0|0|0|0|3" />
        <i3dMapping id="pipe03Flap01SpringLeftRef" node="0>0|7|3|0|0|0|0|4" />
        <i3dMapping id="pipe03Flap01SpringRightRef" node="0>0|7|3|0|0|0|0|5" />
        <i3dMapping id="pipe03Flap02SpringLeft" node="0>0|7|3|0|0|0|0|6" />
        <i3dMapping id="pipe03Flap02SpringRight" node="0>0|7|3|0|0|0|0|7" />
        <i3dMapping id="yellowRound_01_07" node="0>0|7|3|0|0|0|0|10|0" />
        <i3dMapping id="yellowRound_01_08" node="0>0|7|3|0|0|0|0|10|1" />
        <i3dMapping id="pipe03EffectInside02" node="0>0|7|3|0|0|0|0|11" />
        <i3dMapping id="pipe03RotXHydraulicRef" node="0>0|7|3|0|0|1" />
        <i3dMapping id="pipe03Flap01Hydraulic" node="0>0|7|3|0|0|2" />
        <i3dMapping id="pipe03Flap01HydraulicPunch" node="0>0|7|3|0|0|2|0" />
        <i3dMapping id="pipe03OrientationArm" node="0>0|7|3|0|0|3" />
        <i3dMapping id="pipe03LightArm01RefFrame" node="0>0|7|3|0|0|4" />
        <i3dMapping id="pipe03LightArm01" node="0>0|7|3|0|0|4|0" />
        <i3dMapping id="pipe03LightArm02" node="0>0|7|3|0|0|4|0|0" />
        <i3dMapping id="workingLight38_15" node="0>0|7|3|0|0|4|0|2|0" />
        <i3dMapping id="workingLight38_16" node="0>0|7|3|0|0|4|0|2|1" />
        <i3dMapping id="camera_placed05" node="0>0|7|3|0|0|4|0|2|2" />
        <i3dMapping id="workLightPipe03High02" node="0>0|7|3|0|0|4|0|3" />
        <i3dMapping id="pipe03Flap01SensorArm01RefFrame" node="0>0|7|3|0|0|5" />
        <i3dMapping id="pipe03Flap01SensorArm01" node="0>0|7|3|0|0|5|0" />
        <i3dMapping id="pipe03Flap01SensorArm02" node="0>0|7|3|0|0|5|0|0" />
        <i3dMapping id="pipe03Flap01SpringLeft" node="0>0|7|3|0|0|6" />
        <i3dMapping id="pipe03Flap01SpringRight" node="0>0|7|3|0|0|7" />
        <i3dMapping id="pipe03Lights_static" node="0>0|7|3|0|0|9|0" />
        <i3dMapping id="pipe03Lights_static_glass" node="0>0|7|3|0|0|9|1" />
        <i3dMapping id="workingLight38_13" node="0>0|7|3|0|0|9|2" />
        <i3dMapping id="workingLight38_14" node="0>0|7|3|0|0|9|3" />
        <i3dMapping id="workLightPipe03High01" node="0>0|7|3|0|0|9|4" />
        <i3dMapping id="backLightsPipe03High" node="0>0|7|3|0|0|9|5" />
        <i3dMapping id="pipe03EffectInside01" node="0>0|7|3|0|0|10" />
        <i3dMapping id="pipe03_col01" node="0>0|7|3|0|0|12" />
        <i3dMapping id="pipe03_col02" node="0>0|7|3|0|0|13" />
        <i3dMapping id="pipe03_col03" node="0>0|7|3|0|0|14" />
        <i3dMapping id="pipe03_col04" node="0>0|7|3|0|0|15" />
        <i3dMapping id="pipe03RotXHydraulic" node="0>0|7|3|0|1" />
        <i3dMapping id="pipe03RotXHydraulicPunch" node="0>0|7|3|0|1|0" />
        <i3dMapping id="config_unstoppable" node="0>0|7|4" />
        <i3dMapping id="exactFillRootNodeFuel" node="0>0|8|0" />
        <i3dMapping id="trailerTrigger" node="0>0|9|0" />
        <i3dMapping id="licensePlateBack" node="0>0|10|0" />
        <i3dMapping id="extinguisher" node="0>0|10|2" />
        <i3dMapping id="exhaustParticle01" node="0>0|11|0" />
        <i3dMapping id="exhaustParticle02" node="0>0|11|1" />
        <i3dMapping id="componentJointAxleBack" node="0>0|12" />
        <i3dMapping id="pipe01_hoses" node="0>2|5" />
        <i3dMapping id="pipe02_hoses" node="0>2|6" />
        <i3dMapping id="pipe03_hoses" node="0>2|7" />
        <i3dMapping id="axleBack" node="1>0" />
        <i3dMapping id="axleBackLeft" node="1>0|0|0" />
        <i3dMapping id="wheelAxleBackLeft" node="1>0|0|0|0|0" />
        <i3dMapping id="steeringBarLeftRef" node="1>0|0|0|1" />
        <i3dMapping id="axleBackPtoLeftOuter" node="1>0|0|0|2|0" />
        <i3dMapping id="axleBackRight" node="1>0|1|0" />
        <i3dMapping id="wheelAxleBackRight" node="1>0|1|0|0|0" />
        <i3dMapping id="steeringBarRightRef" node="1>0|1|0|1" />
        <i3dMapping id="axleBackPtoRightOuter" node="1>0|1|0|2|0" />
        <i3dMapping id="steeringBar" node="1>0|2" />
        <i3dMapping id="steeringBarLeft" node="1>0|2|0" />
        <i3dMapping id="steeringBarRight" node="1>0|2|1" />
        <i3dMapping id="axleBackPtoRightInner" node="1>0|3" />
        <i3dMapping id="axleBackPtoLeftInner" node="1>0|4" />
    </i3dMappings>
</vehicle>
