<?xml version="1.0" encoding="utf-8" standalone="no"?>
<modDesc descVersion="93">
    <author>Rival</author>
    <version>1.0.0.0</version>
    <title>
        <en>Faster Productions</en>
        <de>Schnellere Produktionen</de>
    </title>
    <description>
        <en>
            <![CDATA[This mod increases the speed of production points.]]>
		</en>
        <de>
            <![CDATA[Mit diesem Mod produzieren Produktionsstätten schneller Produkte.]]>
		</de>
    </description>
    <iconFilename>icon.dds</iconFilename>
    <multiplayer supported="true" />

	<extraSourceFiles>
		<sourceFile filename="FasterProductions.lua"/>
	</extraSourceFiles>
</modDesc>
