<?xml version="1.0" encoding="utf-8" standalone="no" ?>
<map xmlns:xsi="http://www.w3.org/2001/XMLSchema-instance" xsi:noNamespaceSchemaLocation="../../shared/xml/schema/fillTypes.xsd">
	<fillTypes>
        <fillType name="BREAD" title="$l10n_fillType_bread">
            <image  hud     ="$dataS/menu/hud/fillTypes/hud_fill_bread.png" />
            <pallet     filename="pallets/bakeryBoxPallet.xml" />
        </fillType>
        <fillType name="BARREL" title="$l10n_fillType_barrel">
            <image   hud     ="$dataS/menu/hud/fillTypes/hud_fill_barrel.png" />
            <pallet     filename="pallets/barrelPallet.xml" />
        </fillType>
        <fillType name="BATHTUB" title="$l10n_fillType_bathtub">
            <image   hud     ="$dataS/menu/hud/fillTypes/hud_fill_bathTub.png" />
            <pallet     filename="pallets/bathtubPallet.xml" />
        </fillType>
        <fillType name="BOARDS" title="$l10n_fillType_boards">
            <image  hud     ="$dataS/menu/hud/fillTypes/hud_fill_boards.png" />
            <pallet     filename="pallets/boardsStackPallet.xml" />
        </fillType>
        <fillType name="BUCKET" title="$l10n_fillType_bucket">
            <image   hud     ="$dataS/menu/hud/fillTypes/hud_fill_bucket.png" />
            <pallet     filename="pallets/bucketPallet.xml" />
        </fillType>
        <fillType name="BUFFALOMILK_BOTTLED" title="$l10n_fillType_buffaloMilk_bottled">
            <image  hud     ="$dataS/menu/hud/fillTypes/hud_fill_buffaloMilk_bottled.png" />
            <pallet     filename="pallets/buffaloMilkBottlesBoxPallet.xml" />
        </fillType>
        <fillType name="BUTTER" title="$l10n_fillType_butter">
            <image  hud     ="$dataS/menu/hud/fillTypes/hud_fill_butter.png" />
            <pallet     filename="pallets/butterBoxPallet.xml" />
        </fillType>
        <fillType name="CAKE" title="$l10n_fillType_cake">
            <image  hud     ="$dataS/menu/hud/fillTypes/hud_fill_cake.png" />
            <pallet     filename="pallets/cakePallet.xml" />
        </fillType>
        <fillType name="CANNED_PEAS" title="$l10n_fillType_cannedPea">
            <image   hud     ="$dataS/menu/hud/fillTypes/hud_fill_cannedPeas.png" />
            <pallet     filename="pallets/cannedPeasBoxPallet.xml" />
        </fillType>
        <fillType name="CANOLA_OIL" title="$l10n_fillType_canolaOil">
            <image  hud     ="$dataS/menu/hud/fillTypes/hud_fill_oil_canola.png" />
            <pallet     filename="pallets/canolaOilPallet.xml" />
        </fillType>
        <fillType name="CARTONROLL" title="$l10n_fillType_cartonRoll">
            <image   hud          ="$dataS/menu/hud/fillTypes/hud_fill_cartonRoll.png" />
            <pallet     filename="pallets/cartonRollPallet.xml" />
        </fillType>
        <fillType name="CEMENT" title="$l10n_fillType_cementBags">
            <image   hud          ="$dataS/menu/hud/fillTypes/hud_fill_cement.png" />
            <pallet     filename="pallets/cementBagsPallet.xml" />
        </fillType>
        <fillType name="CEMENTBRICKS" title="$l10n_fillType_cementBrick">
            <image   hud     ="$dataS/menu/hud/fillTypes/hud_fill_cementBrick.png" />
            <pallet     filename="pallets/cementBricksPallet.xml" />
        </fillType>
        <fillType name="CEREAL" title="$l10n_fillType_cereal">
            <image  hud     ="$dataS/menu/hud/fillTypes/hud_fill_cereals.png" />
            <pallet     filename="pallets/cerealsPallet.xml" />
        </fillType>
        <fillType name="CHEESE" title="$l10n_fillType_cheese">
            <image  hud     ="$dataS/menu/hud/fillTypes/hud_fill_cheese.png" />
            <pallet     filename="pallets/cheesePallet.xml" />
        </fillType>
        <fillType name="CHILLI" title="$l10n_fillType_chilli">
            <image  hud     ="$dataS/menu/hud/fillTypes/hud_fill_chilli.png" />
            <pallet     filename="pallets/chilliBoxPallet.xml" />
        </fillType>
        <fillType name="CHOCOLATE" title="$l10n_fillType_chocolate">
            <image  hud     ="$dataS/menu/hud/fillTypes/hud_fill_chocolate.png" />
            <pallet     filename="pallets/chocolateBoxPallet.xml" />
        </fillType>
        <fillType name="CLOTHES" title="$l10n_fillType_clothes">
            <image  hud     ="$dataS/menu/hud/fillTypes/hud_fill_clothes.png" />
            <pallet     filename="pallets/clothesBoxPallet.xml" />
        </fillType>
        <fillType name="EGG" title="$l10n_fillType_egg">
            <image  hud     ="$dataS/menu/hud/fillTypes/hud_fill_egg.png" />
            <pallet     filename="pallets/eggBoxPallet.xml" />
        </fillType>
        <fillType name="ENOKI" title="$l10n_fillType_enoki">
            <image  hud     ="$dataS/menu/hud/fillTypes/hud_fill_enoki.png" />
            <pallet     filename="pallets/enokiBoxPallet.xml" />
        </fillType>
        <fillType name="FABRIC" title="$l10n_fillType_fabric">
            <image  hud     ="$dataS/menu/hud/fillTypes/hud_fill_fabric.png" />
            <pallet     filename="pallets/fabricsPallet.xml" />
        </fillType>
        <fillType name="FERMENTEDNAPACABBAGE" title="$l10n_fillType_fermentedNapaCabbage">
            <image   hud          ="$dataS/menu/hud/fillTypes/hud_fill_fermentedNapaCabbage.png" />
            <pallet     filename="pallets/fermentedNapaCabbageBoxPallet.xml" />
        </fillType>
        <fillType name="OILSEEDRADISH" title="$l10n_fillType_oilRadish">
            <image   hud          ="$dataS/menu/hud/fillTypes/hud_fill_oilRadish.png" />
            <pallet     filename="pallets/fillablePallet.xml" />
        </fillType>
        <fillType name="FLOUR" title="$l10n_fillType_flour">
            <image  hud     ="$dataS/menu/hud/fillTypes/hud_fill_flour.png" />
            <pallet     filename="pallets/flourBoxPallet.xml" />
        </fillType>
        <fillType name="SPINACH_BAGS" title="$l10n_fillType_spinachBag">
            <image   hud     ="$dataS/menu/hud/fillTypes/hud_fill_spinachbags.png" />
            <pallet     filename="pallets/freshSpinachBagsPallet.xml" />
        </fillType>
        <fillType name="FURNITURE" title="$l10n_fillType_furniture">
            <image  hud     ="$dataS/menu/hud/fillTypes/hud_fill_furniture.png" />
            <pallet     filename="pallets/furnitureStackPallet.xml" />
        </fillType>
        <fillType name="GARLIC" title="$l10n_fillType_garlic">
            <image  hud     ="$dataS/menu/hud/fillTypes/hud_fill_garlic.png" />
            <pallet     filename="pallets/garlicBoxPallet.xml" />
        </fillType>
        <fillType name="GOATCHEESE" title="$l10n_fillType_goatCheese">
            <image  hud     ="$dataS/menu/hud/fillTypes/hud_fill_goatCheese.png" />
            <pallet     filename="pallets/goatCheeseBoxPallet.xml" />
        </fillType>
        <fillType name="GOATMILK_BOTTLED" title="$l10n_fillType_goatMilk_bottled">
            <image  hud     ="$dataS/menu/hud/fillTypes/hud_fill_goatMilk_bottled.png" />
            <pallet     filename="pallets/goatMilkBottlesBoxPallet.xml" />
        </fillType>
        <fillType name="GOATMILK" title="$l10n_fillType_goatMilk">
            <image  hud="$dataS/menu/hud/fillTypes/hud_fill_milkGoat.png" />
            <pallet     filename="pallets/goatMilkCanPallet.xml" />
        </fillType>
        <fillType name="GRAPEJUICE" title="$l10n_fillType_grapeJuice">
            <image  hud     ="$dataS/menu/hud/fillTypes/hud_fill_grapeJuice.png" />
            <pallet     filename="pallets/grapeJuicePallet.xml" />
        </fillType>
        <!--<fillType name="GRAPE" title="$l10n_fillType_grape">
            <image    hud            ="$dataS/menu/hud/fillTypes/hud_fill_grape.png" />
            <pallet     filename="pallets/grapePallet.xml" />
        </fillType>-->
        <fillType name="HONEY" title="$l10n_fillType_honey">
            <image  hud     ="$dataS/menu/hud/fillTypes/hud_fill_honey.png" />
            <pallet     filename="pallets/honeyBoxPallet.xml" />
        </fillType>
        <fillType name="JARRED_GREENBEAN" title="$l10n_fillType_jarredGreenBean">
            <image   hud     ="$dataS/menu/hud/fillTypes/hud_fill_jarredGreenBeans.png" />
            <pallet     filename="pallets/jarredGreenBeansPallet.xml" />
        </fillType>
        <fillType name="LETTUCE" title="$l10n_fillType_lettuce">
            <image  hud     ="$dataS/menu/hud/fillTypes/hud_fill_lettuce.png" />
            <pallet     filename="pallets/lettuceBoxPallet.xml" />
        </fillType>
        <fillType name="MILK_BOTTLED" title="$l10n_fillType_milk_bottled">
            <image  hud     ="$dataS/menu/hud/fillTypes/hud_fill_cowMilk_bottled.png" />
            <pallet     filename="pallets/milkBottlesBoxPallet.xml" />
        </fillType>
        <fillType name="BUFFALOMOZZARELLA" title="$l10n_fillType_buffaloMozzarella">
            <image  hud     ="$dataS/menu/hud/fillTypes/hud_fill_buffaloMozzarella.png" />
            <pallet     filename="pallets/mozzarellaBufalaBoxPallet.xml" />
        </fillType>
        <fillType name="NAPACABBAGE" title="$l10n_fillType_napaCabbage">
            <image   hud          ="$dataS/menu/hud/fillTypes/hud_fill_napaCabbage.png" />
            <pallet     filename="pallets/napaCabbageBoxPallet.xml" />
        </fillType>
        <fillType name="NOODLESOUP" title="$l10n_fillType_noodleSoup">
            <image   hud          ="$dataS/menu/hud/fillTypes/hud_fill_noodleSoup.png" />
            <pallet     filename="pallets/noodleSoupBoxPallet.xml" />
        </fillType>
        <fillType name="OLIVE_OIL" title="$l10n_fillType_oliveOil">
            <image  hud     ="$dataS/menu/hud/fillTypes/hud_fill_oil_olive.png" />
            <pallet     filename="pallets/oliveOilPallet.xml" />
        </fillType>
        <fillType name="OYSTER" title="$l10n_fillType_oyster">
            <image  hud     ="$dataS/menu/hud/fillTypes/hud_fill_oyster.png" />
            <pallet     filename="pallets/oysterBoxPallet.xml" />
        </fillType>
        <fillType name="PAPERROLL" title="$l10n_fillType_paperRoll">
            <image   hud          ="$dataS/menu/hud/fillTypes/hud_fill_paperRoll.png" />
            <pallet     filename="pallets/paperRollPallet.xml" />
        </fillType>
        <fillType name="PLANKS" title="$l10n_fillType_planks">
            <image   hud          ="$dataS/menu/hud/fillTypes/hud_fill_planks.png" />
            <pallet     filename="pallets/planksPallet.xml" />
        </fillType>
        <fillType name="POTATOCHIPS" title="$l10n_fillType_potatoChips">
            <image   hud          ="$dataS/menu/hud/fillTypes/hud_fill_potatoChips.png" />
            <pallet     filename="pallets/potatoChipsPallet.xml" />
        </fillType>
        <fillType name="PREFABWALL" title="$l10n_fillType_prefabWall">
            <image   hud          ="$dataS/menu/hud/fillTypes/hud_fill_prefabwall.png" />
            <pallet     filename="pallets/prefabWallPallet.xml" />
        </fillType>
        <fillType name="PRESERVEDBEETROOT" title="$l10n_fillType_preservedFoodBeetRoot">
            <image   hud          ="$dataS/menu/hud/fillTypes/hud_fill_preservedFoodBeetRoot.png" />
            <pallet     filename="pallets/preservedFoodBeetRootPallet.xml" />
        </fillType>
        <fillType name="PRESERVEDCARROTS" title="$l10n_fillType_preservedFoodCarrots">
            <image   hud          ="$dataS/menu/hud/fillTypes/hud_fill_preservedFoodCarrot.png" />
            <pallet     filename="pallets/preservedFoodCarrotsPallet.xml" />
        </fillType>
        <fillType name="PRESERVEDPARSNIP" title="$l10n_fillType_preservedFoodParsnip">
            <image   hud          ="$dataS/menu/hud/fillTypes/hud_fill_preservedFoodParsnip.png" />
            <pallet     filename="pallets/preservedFoodParsnipPallet.xml" />
        </fillType>
        <fillType name="RAISINS" title="$l10n_fillType_raisins">
            <image  hud     ="$dataS/menu/hud/fillTypes/hud_fill_raisins.png" />
            <pallet     filename="pallets/raisinBoxPallet.xml" />
        </fillType>
        <fillType name="RICE_BAGS" title="$l10n_fillType_riceBag">
            <image   hud     ="$dataS/menu/hud/fillTypes/hud_fill_riceBags.png" />
            <pallet     filename="pallets/riceBagsPallet.xml" />
        </fillType>
        <fillType name="RICE_BOXES" title="$l10n_fillType_riceBox">
            <image   hud     ="$dataS/menu/hud/fillTypes/hud_fill_riceBoxes.png" />
            <pallet     filename="pallets/riceBoxPallet.xml" />
        </fillType>
        <fillType name="RICE_OIL" title="$l10n_fillType_riceOil">
            <image  hud     ="$dataS/menu/hud/fillTypes/hud_fill_riceOil.png" />
            <pallet     filename="pallets/riceOilPallet.xml" />
        </fillType>
        <fillType name="RICEROLLS" title="$l10n_fillType_riceRolls">
            <image   hud          ="$dataS/menu/hud/fillTypes/hud_fill_riceRolls.png" />
            <pallet     filename="pallets/riceRollsPallet.xml" />
        </fillType>
        <fillType name="ROOFPLATES" title="$l10n_fillType_roofPlate">
            <image   hud     ="$dataS/menu/hud/fillTypes/hud_fill_roofPlate.png" />
            <pallet     filename="pallets/roofPlatesPallet.xml" />
        </fillType>
        <fillType name="ROPE" title="$l10n_fillType_rope">
            <image   hud     ="$dataS/menu/hud/fillTypes/hud_fill_rope.png" />
            <pallet     filename="pallets/ropePallet.xml" />
        </fillType>
        <fillType name="SOUPCANSMIXED" title="$l10n_fillType_soupCansMixed">
            <image   hud          ="$dataS/menu/hud/fillTypes/hud_fill_soupCan.png" />
            <pallet     filename="pallets/soupCansPallet.xml" />
        </fillType>
        <fillType name="SOUPCANSBEETROOT" title="$l10n_fillType_soupCansBeetroot">
            <image   hud          ="$dataS/menu/hud/fillTypes/hud_fill_soupCan_beetRoot.png" />
            <pallet     filename="pallets/soupCansPalletBeetroot.xml" />
        </fillType>
        <fillType name="SOUPCANSCARROTS" title="$l10n_fillType_soupCansCarrots">
            <image   hud          ="$dataS/menu/hud/fillTypes/hud_fill_soupCan_carrot.png" />
            <pallet     filename="pallets/soupCansPalletCarrots.xml" />
        </fillType>
        <fillType name="SOUPCANSPARSNIP" title="$l10n_fillType_soupCansParsnip">
            <image   hud          ="$dataS/menu/hud/fillTypes/hud_fill_soupCan_parsnip.png" />
            <pallet     filename="pallets/soupCansPalletParsnip.xml" />
        </fillType>
        <fillType name="SOUPCANSPOTATO" title="$l10n_fillType_soupCansPotato">
            <image   hud          ="$dataS/menu/hud/fillTypes/hud_fill_soupCan_potato.png" />
            <pallet     filename="pallets/soupCansPalletPotato.xml" />
        </fillType>
        <fillType name="SPRING_ONION" title="$l10n_fillType_springOnion">
            <image  hud     ="$dataS/menu/hud/fillTypes/hud_fill_springOnion.png" />
            <pallet     filename="pallets/springOnionBoxPallet.xml" />
        </fillType>
        <!--<fillType name="STONE" title="$l10n_fillType_stone">
            <image    hud          ="$dataS/menu/hud/fillTypes/hud_fill_stone.png" />
            <pallet     filename="pallets/stonePallet.xml" />
        </fillType>-->
        <fillType name="STRAWBERRY" title="$l10n_fillType_strawberry">
            <image  hud     ="$dataS/menu/hud/fillTypes/hud_fill_strawberry.png" />
            <pallet     filename="pallets/strawberriesBoxPallet.xml" />
        </fillType>
        <fillType name="SUGAR" title="$l10n_fillType_sugar">
            <image  hud     ="$dataS/menu/hud/fillTypes/hud_fill_sugar.png" />
            <pallet     filename="pallets/sugarBoxPallet.xml" />
        </fillType>
        <fillType name="SUNFLOWER_OIL" title="$l10n_fillType_sunflowerOil">
            <image  hud     ="$dataS/menu/hud/fillTypes/hud_fill_oil_sunflower.png" />
            <pallet     filename="pallets/sunflowerOilPallet.xml" />
        </fillType>
        <fillType name="TOMATO" title="$l10n_fillType_tomato">
            <image  hud     ="$dataS/menu/hud/fillTypes/hud_fill_tomato.png" />
            <pallet     filename="pallets/tomatoesBoxPallet.xml" />
        </fillType>
        <fillType name="WOODBEAM" title="$l10n_fillType_woodBeam">
            <image   hud          ="$dataS/menu/hud/fillTypes/hud_fill_woodbeam.png" />
            <pallet     filename="pallets/woodBeamPallet.xml" />
        </fillType>
        <fillType name="WOOL" title="$l10n_fillType_wool">
            <image  hud     ="$dataS/menu/hud/fillTypes/hud_fill_wool.png" />
            <pallet     filename="pallets/woolPallet.xml" />
        </fillType>
	</fillTypes>
</map>
