<?xml version="1.0" encoding="utf-8" standalone="no" ?>
<modDesc descVersion="92">
    <author>KingMods</author>
    <contributors>TopAce888, pipopaaulus</contributors>
	<version>1.0.0.2</version>
	<title>
        <en>Larger Capacity Pallets (KingMods)</en>
	</title>
    <description>
        <en> <![CDATA[These pallets replace the production pallets from the base game with a larger capacity and unloading speed to indirectly bypass the pallet limit.

            The capacity adjustment only applies to pallets from the base game, pallets from mods are not adjusted.

            The changes will only be applied to newly produced pallets.

            Pallets considered:
            Bread, Barrels, Bathtubs, Boards, Buckets, Bottled Buffalo Milk, Butter, Cake, canned Peas, canola Oil, Carton roll, Cement Bags, Cement Bricks, Cereals, Cheese, Chilli, Chocolate, Clothes, Eggs, Enoki, Fabric, fermented Napa Cabbage, Tomatoes,  Soup cans Potato, Soup cans Parsnip, Soup cans Carrots, Soup cans Beetroot, Soup cans Mix, Spring Onion, Rice Flour, Spinach bags, Furniture, Garlic, Goat cheese, Botteled goat Milk, Goat Milk, Grape Juice, Grape, Honey, Jarred Green Bean, Lettuce, Bottled Milk, Buffalo Mozzarella, Napa Cabbage, Noodle Soup, Olive Oil, Oyster, Paper Roll, Planks, Potato Chips, prefab Wall, Preserved beetroot, Preserved Carrots, Preserved Parsnip, Rope, Sunflower oil, Sugar, Strawberries, stone, Roof plates, Rice Rolls, Rice Oil, Rice Boxes, Rice bags, Raisins 
            ]]>
        </en>
        <de>
            <![CDATA[Diese Paletten ersetzen die Produktionspaletten aus dem Basisspiel durch eine größere Kapazität und Entladegeschwindigkeit, um das Palettenlimit indirekt zu umgehen.

            Die Kapazitätsanpassung gilt nur für Paletten aus dem Basisspiel, Paletten aus Mods werden nicht angepasst.

            Die Änderungen werden nur auf neu produzierte Paletten angewendet.

            Berücksichtigte Paletten:
            Brot, Fässer, Badewannen, Bretter, Eimer, Abgefüllte Büffelmilch, Butter, Kuchen, Erbsen in Dosen, Rapsöl, Kartonrolle, Zementsäcke, Zementziegel, Müsli, Käse, Chili, Schokolade, Kleidung, Eier, Enoki, Stoff, Fermentierter Napa-Kohl, Tomaten, Suppendosen Kartoffel, Suppendosen Pastinake, Suppendosen Karotten, Suppendosen Rote Beete, Suppendosen Mix, Frühlingszwiebeln, Reismehl, Spinatbeutel, Möbel, Knoblauch, Ziegenkäse, Abgefüllte Ziegenmilch, Ziegenmilch, Traubensaft, Trauben, Honig, Eingemachte grüne Bohnen, Salat, Abgefüllte Milch, Büffelmozzarella, Napa-Kohl, Nudelsuppe, Olivenöl, Austern, Papierrolle, Planken, Kartoffelchips, Vorgefertigte Wand, Eingemachte Rote Bete, Eingemachte Karotten, Eingemachte Pastinaken, Seil, Sonnenblumenöl, Zucker, Erdbeeren, Stein, Dachplatten, Reisrollen, Reisöl, Reisboxen, Reissäcke, Rosinen]]>
        </de>
        <fr>
            <![CDATA[Ces palettes remplacent les palettes de production du jeu de base par une capacité et une vitesse de déchargement plus grandes pour contourner indirectement la limite de palettes.

            L'ajustement de capacité s'applique uniquement aux palettes du jeu de base, les palettes des mods ne sont pas ajustées.

            Les modifications ne s'appliqueront qu'aux palettes nouvellement produites.

            Palettes considérées :
            Pain, Barils, Baignoires, Planches, Seaux, Lait de buffle en bouteille, Beurre, Gâteau, Petits pois en conserve, Huile de colza, Rouleau de carton, Sacs de ciment, Briques de ciment, Céréales, Fromage, Piments, Chocolat, Vêtements, Œufs, Enoki, Tissu, Chou Napa fermenté, Tomates, Conserves de soupe aux pommes de terre, Conserves de soupe au panais, Conserves de soupe aux carottes, Conserves de soupe à la betterave, Mélange de soupes en conserve, Oignons de printemps, Farine de riz, Sacs d'épinards, Meubles, Ail, Fromage de chèvre, Lait de chèvre en bouteille, Lait de chèvre, Jus de raisin, Raisin, Miel, Haricot vert en pot, Laitue, Lait en bouteille, Mozzarella de buffle, Chou Napa, Soupe de nouilles, Huile d'olive, Huître, Rouleau de papier, Planches, Chips de pomme de terre, Mur préfabriqué, Betterave en conserve, Carottes en conserve, Panais en conserve, Corde, Huile de tournesol, Sucre, Fraises, Pierre, Plaques de toit, Rouleaux de riz, Huile de riz, Boîtes de riz, Sacs de riz, Raisins secs]]>
        </fr>
        <ita>
            <![CDATA[Questi pallet sostituiscono i pallet di produzione del gioco base con una maggiore capacità e velocità di scarico per aggirare indirettamente il limite di pallet.

            L'adeguamento della capacità si applica solo ai pallet del gioco base, i pallet delle mod non sono regolati.

            Le modifiche verranno applicate solo ai pallet appena prodotti.

            Pallet considerati:
            Pane, Barili, Vasche, Tavole, Secchi, Latte di bufala imbottigliato, Burro, Torta, Piselli in scatola, Olio di colza, Rotolo di cartone, Sacchi di cemento, Mattoni di cemento, Cereali, Formaggio, Peperoncino, Cioccolato, Abbigliamento, Uova, Enoki, Tessuto, Cavolo Napa fermentato, Pomodori, Zuppa di patate in lattina, Zuppa di pastinaca in lattina, Zuppa di carote in lattina, Zuppa di barbabietola in lattina, Mix di zuppe in lattina, Cipollotti, Farina di riso, Sacchi di spinaci, Mobili, Aglio, Formaggio di capra, Latte di capra imbottigliato, Latte di capra, Succo d'uva, Uva, Miele, Fagiolini in barattolo, Lattuga, Latte imbottigliato, Mozzarella di bufala, Cavolo Napa, Zuppa di noodle, Olio d'oliva, Ostrica, Rotolo di carta, Tavole, Patatine, Parete prefabbricata, Barbabietola in conserva, Carote in conserva, Pastinaca in conserva, Corda, Olio di girasole, Zucchero, Fragole, Pietra, Lastre per tetto, Rotoli di riso, Olio di riso, Scatole di riso, Sacchi di riso, Uvetta]]>
        </ita>
        <es>
            <![CDATA[Estas paletas reemplazan las paletas de producción del juego base con una mayor capacidad y velocidad de descarga para evitar indirectamente el límite de paletas.

            El ajuste de capacidad solo se aplica a las paletas del juego base, las paletas de los mods no se ajustan.

            Los cambios solo se aplicarán a las nuevas paletas producidas.

            Paletas consideradas:
            Pan, Barriles, Bañeras, Tablas, Cubos, Leche de búfalo embotellada, Mantequilla, Pastel, Guisantes enlatados, Aceite de colza, Rollo de cartón, Bolsas de cemento, Ladrillos de cemento, Cereales, Queso, Chiles, Chocolate, Ropa, Huevos, Enoki, Tela, Repollo Napa fermentado, Tomates, Latas de sopa de papa, Latas de sopa de chirivía, Latas de sopa de zanahoria, Latas de sopa de remolacha, Mezcla de sopas enlatadas, Cebolla de primavera, Harina de arroz, Bolsas de espinacas, Muebles, Ajo, Queso de cabra, Leche de cabra embotellada, Leche de cabra, Jugo de uva, Uvas, Miel, Judías verdes en conserva, Lechuga, Leche embotellada, Mozzarella de búfalo, Repollo Napa, Sopa de fideos, Aceite de oliva, Ostras, Rollo de papel, Tablas, Papas fritas, Pared prefabricada, Remolacha en conserva, Zanahorias en conserva, Chirivías en conserva, Cuerda, Aceite de girasol, Azúcar, Fresas, Piedra, Placas de techo, Rollos de arroz, Aceite de arroz, Cajas de arroz, Bolsas de arroz, Pasas]]>
        </es>
	</description>
    <multiplayer supported="true" />
    <iconFilename>square_thumb.jpg</iconFilename>    
	
    <fillTypes filename="fillTypes.xml"/>

    <storeItems>
        <storeItem xmlFilename="pallets/bakeryBoxPallet.xml" />
        <storeItem xmlFilename="pallets/barrelPallet.xml" />
        <storeItem xmlFilename="pallets/bathtubPallet.xml" />
        <storeItem xmlFilename="pallets/boardsStackPallet.xml" />
        <storeItem xmlFilename="pallets/bucketPallet.xml" />
        <storeItem xmlFilename="pallets/buffaloMilkBottlesBoxPallet.xml" />
        <storeItem xmlFilename="pallets/butterBoxPallet.xml" />
        <storeItem xmlFilename="pallets/cakePallet.xml" />
        <storeItem xmlFilename="pallets/cannedPeasBoxPallet.xml" />
        <storeItem xmlFilename="pallets/canolaOilPallet.xml" />
        <storeItem xmlFilename="pallets/cartonRollPallet.xml" />
        <storeItem xmlFilename="pallets/cementBagsPallet.xml" />
        <storeItem xmlFilename="pallets/cementBricksPallet.xml" />
        <storeItem xmlFilename="pallets/cerealsPallet.xml" />
        <storeItem xmlFilename="pallets/cheesePallet.xml" />
        <storeItem xmlFilename="pallets/chilliBoxPallet.xml" />
        <storeItem xmlFilename="pallets/chocolateBoxPallet.xml" />
        <storeItem xmlFilename="pallets/clothesBoxPallet.xml" />
        <storeItem xmlFilename="pallets/eggBoxPallet.xml" />
        <storeItem xmlFilename="pallets/enokiBoxPallet.xml" />
        <storeItem xmlFilename="pallets/fabricsPallet.xml" />
        <storeItem xmlFilename="pallets/fermentedNapaCabbageBoxPallet.xml" />
        <storeItem xmlFilename="pallets/fillablePallet.xml" />
        <storeItem xmlFilename="pallets/flourBoxPallet.xml" />
        <storeItem xmlFilename="pallets/freshSpinachBagsPallet.xml" />
        <storeItem xmlFilename="pallets/furnitureStackPallet.xml" />
        <storeItem xmlFilename="pallets/garlicBoxPallet.xml" />
        <storeItem xmlFilename="pallets/goatCheeseBoxPallet.xml" />
        <storeItem xmlFilename="pallets/goatMilkBottlesBoxPallet.xml" />
        <storeItem xmlFilename="pallets/goatMilkCanPallet.xml" />
        <storeItem xmlFilename="pallets/grapeJuicePallet.xml" />
        <!--<storeItem xmlFilename="pallets/grapePallet.xml" />-->
        <storeItem xmlFilename="pallets/honeyBoxPallet.xml" />
        <storeItem xmlFilename="pallets/jarredGreenBeansPallet.xml" />
        <storeItem xmlFilename="pallets/lettuceBoxPallet.xml" />
        <storeItem xmlFilename="pallets/milkBottlesBoxPallet.xml" />
        <storeItem xmlFilename="pallets/mozzarellaBufalaBoxPallet.xml" />
        <storeItem xmlFilename="pallets/napaCabbageBoxPallet.xml" />
        <storeItem xmlFilename="pallets/noodleSoupBoxPallet.xml" />
        <storeItem xmlFilename="pallets/oliveOilPallet.xml" />
        <storeItem xmlFilename="pallets/oysterBoxPallet.xml" />
        <storeItem xmlFilename="pallets/paperRollPallet.xml" />
        <storeItem xmlFilename="pallets/planksPallet.xml" />
        <storeItem xmlFilename="pallets/potatoChipsPallet.xml" />
        <storeItem xmlFilename="pallets/prefabWallPallet.xml" />
        <storeItem xmlFilename="pallets/preservedFoodBeetRootPallet.xml" />
        <storeItem xmlFilename="pallets/preservedFoodCarrotsPallet.xml" />
        <storeItem xmlFilename="pallets/preservedFoodParsnipPallet.xml" />
        <storeItem xmlFilename="pallets/raisinBoxPallet.xml" />
        <storeItem xmlFilename="pallets/riceBagsPallet.xml" />
        <storeItem xmlFilename="pallets/riceBoxPallet.xml" />
        <storeItem xmlFilename="pallets/riceOilPallet.xml" />
        <storeItem xmlFilename="pallets/riceRollsPallet.xml" />
        <storeItem xmlFilename="pallets/roofPlatesPallet.xml" />
        <storeItem xmlFilename="pallets/ropePallet.xml" />
        <storeItem xmlFilename="pallets/soupCansPallet.xml" />
        <storeItem xmlFilename="pallets/soupCansPalletBeetroot.xml" />
        <storeItem xmlFilename="pallets/soupCansPalletCarrots.xml" />
        <storeItem xmlFilename="pallets/soupCansPalletParsnip.xml" />
        <storeItem xmlFilename="pallets/soupCansPalletPotato.xml" />
        <storeItem xmlFilename="pallets/springOnionBoxPallet.xml" />
        <!--<storeItem xmlFilename="pallets/stonePallet.xml" />-->
        <storeItem xmlFilename="pallets/strawberriesBoxPallet.xml" />
        <storeItem xmlFilename="pallets/sugarBoxPallet.xml" />
        <storeItem xmlFilename="pallets/sunflowerOilPallet.xml" />
        <storeItem xmlFilename="pallets/tomatoesBoxPallet.xml" />
        <storeItem xmlFilename="pallets/woodBeamPallet.xml" />
        <storeItem xmlFilename="pallets/woolPallet.xml" />
    </storeItems>


</modDesc>