<?xml version="1.0" encoding="utf-8" standalone="no"?>
<vehicle type="combineDrivable" xmlns:xsi="http://www.w3.org/2001/XMLSchema-instance" xsi:noNamespaceSchemaLocation="../../../../shared/xml/schema/vehicle.xsd">
    <annotation>Copyright (C) GIANTS Software GmbH, All Rights Reserved.</annotation>

    <parentFile xmlFilename="$moddir/var/Combine/NewHolland/cr11.xml">
        <attributes>
            <set path="vehicle.storeData.name"  value="AF11 (Modded)"/>
            <set path="vehicle.storeData.brand" value="CASEIH"/>
            <set path="vehicle.storeData.image" value="$data/vehicles/caseIH/af11/store_af11.png"/>
            <set path="vehicle.storeData.specs.combination(0)#xmlFilename" value="$data/vehicles/caseIH/fd250/fd250.xml"/>
            <set path="vehicle.storeData.specs.combination(1)#xmlFilename" value="$data/vehicles/geringhoff/northStar1230FB/northStar1230FB.xml"/>
            <set path="vehicle.storeData.specs.combination(2)#xmlFilename" value="$data/vehicles/caseIH/header4418N/header4418N.xml"/>
            <set path="vehicle.storeData.specs.combination(3)#xmlFilename" value="$data/vehicles/geringhoff/northStar1830/northStar1830.xml"/>

            <set path="vehicle.designConfigurations.designConfiguration(0)#isSelectable" value="false"/>
            <set path="vehicle.designConfigurations.designConfiguration(1)#isSelectable" value="false"/>
            <set path="vehicle.designConfigurations.designConfiguration(2)#isSelectable" value="false"/>
            <set path="vehicle.designConfigurations.designConfiguration(3)#isSelectable" value="true"/>

            <set path="vehicle.wheels.wheelConfigurations.wheelConfiguration(2)#isDefault" value="true"/>

            <set path="vehicle.motorized.motorConfigurations.motorConfiguration(0)#name" value="AF11"/>
         </attributes>
    </parentFile>

    <!-- ONLY FOR ICON GENERATION -->
    <storeData>
        <name>AF11 (Modded)</name>
        <image>$data/vehicles/caseIH/af11/store_af11.png</image>
        <brand>CASEIH</brand>
        <category>harvesters</category>
        <vertexBufferMemoryUsage>0</vertexBufferMemoryUsage>
        <indexBufferMemoryUsage>0</indexBufferMemoryUsage>
        <textureMemoryUsage>0</textureMemoryUsage>
        <audioMemoryUsage>0</audioMemoryUsage>
        <instanceVertexBufferMemoryUsage>0</instanceVertexBufferMemoryUsage>
        <instanceIndexBufferMemoryUsage>0</instanceIndexBufferMemoryUsage>
    </storeData>
</vehicle>