<?xml version="1.0" encoding="utf-8" standalone="no" ?>
<vehicle type="pallet" xmlns:xsi="http://www.w3.org/2001/XMLSchema-instance" xsi:noNamespaceSchemaLocation="../../../../shared/xml/schema/vehicle.xsd">
    <annotation>Copyright (C) GIANTS Software GmbH, All Rights Reserved.</annotation>

    <storeData>
        <name>$l10n_storeItem_bakeryBoxPallet</name>
        <image>$data/objects/pallets/bakeryBoxPallet/store_bakeryBoxPallet.png</image>
        <price>1650</price>
        <category>pallets</category>
        <brand>NONE</brand>
        <showInStore>false</showInStore>
        <canBeSold>false</canBeSold>
        <financeCategory>OTHER</financeCategory>
        <vertexBufferMemoryUsage>43776</vertexBufferMemoryUsage>
        <indexBufferMemoryUsage>16640</indexBufferMemoryUsage>
        <textureMemoryUsage>262144</textureMemoryUsage>
        <instanceVertexBufferMemoryUsage>0</instanceVertexBufferMemoryUsage>
        <instanceIndexBufferMemoryUsage>0</instanceIndexBufferMemoryUsage>

        <storeIconRendering>
            <settings centerIcon="true" cameraXRot="-15" cameraYRot="35"/>
        </storeIconRendering>
        <audioMemoryUsage>0</audioMemoryUsage>
    </storeData>

    <base>
        <typeDesc>$l10n_typeDesc_pallet</typeDesc>
        <filename>$data/objects/pallets/bakeryBoxPallet/bakeryBoxPallet.i3d</filename>
        <size width="1.3" length="0.9" height="0.9" />
        <canBeReset>false</canBeReset>
        <components maxMass="400">
            <component centerOfMass="0 0.1 0" solverIterationCount="10" mass="60"/>
        </components>
        <showInVehicleMenu>false</showInVehicleMenu>
        <mapHotspot available="false" />
        <input allowed="false"/>
    </base>

    <fillUnit>
        <fillUnitConfigurations>
            <fillUnitConfiguration>
                <fillUnits>
                    <fillUnit unitTextOverride="$l10n_unit_literShort" fillTypes="BREAD" capacity="3000" ignoreFillLimit="true"/>
                </fillUnits>
            </fillUnitConfiguration>
        </fillUnitConfigurations>
    </fillUnit>

    <pallet fillUnitIndex="1" linkNode="bakeryBoxPallet_component1">
        <texture diffuse="$data/objects/pallets/shared/euroPallet/euroPalletNew_diffuse.dds"/>
        <texture diffuse="$data/objects/pallets/shared/euroPallet/euroPalletMiddle_diffuse.dds"/>
        <texture diffuse="$data/objects/pallets/shared/euroPallet/euroPalletOld_diffuse.dds"/>

        <content>
            <object node="bakeryBox01" tensionBeltNode="bakeryBox01Tension"/>
            <object node="bakeryBox02" tensionBeltNode="bakeryBox02Tension"/>
            <object node="bakeryBox03" tensionBeltNode="bakeryBox03Tension"/>
            <object node="bakeryBox04" tensionBeltNode="bakeryBox04Tension"/>
            <object node="bakeryBox05" tensionBeltNode="bakeryBox05Tension"/>
            <object node="bakeryBox06" tensionBeltNode="bakeryBox06Tension"/>
            <object node="bakeryBox07" tensionBeltNode="bakeryBox07Tension"/>
            <object node="bakeryBox08" tensionBeltNode="bakeryBox08Tension"/>
        </content>

        <sounds>
            <unload template="palletsFillPlastic" pitchScale="0.8" />
        </sounds>
    </pallet>

    <dynamicMount triggerNode="dynamicMountTrigger" triggerForceAcceleration="5" additionalMountDistance="0.85" jointTransY="0.11" jointLimitToRotY="true"/>

    <i3dMappings>
        <i3dMapping id="bakeryBoxPallet_component1" node="0>" />
        <i3dMapping id="dynamicMountTrigger" node="0>0" />
        <i3dMapping id="bakeryBox01" node="0>1|0" />
        <i3dMapping id="bakeryBox01Tension" node="0>1|0|1" />
        <i3dMapping id="bakeryBox02" node="0>1|1" />
        <i3dMapping id="bakeryBox02Tension" node="0>1|1|1" />
        <i3dMapping id="bakeryBox03" node="0>1|2" />
        <i3dMapping id="bakeryBox03Tension" node="0>1|2|1" />
        <i3dMapping id="bakeryBox04" node="0>1|3" />
        <i3dMapping id="bakeryBox04Tension" node="0>1|3|1" />
        <i3dMapping id="bakeryBox05" node="0>1|4" />
        <i3dMapping id="bakeryBox05Tension" node="0>1|4|1" />
        <i3dMapping id="bakeryBox06" node="0>1|5" />
        <i3dMapping id="bakeryBox06Tension" node="0>1|5|1" />
        <i3dMapping id="bakeryBox07" node="0>1|6" />
        <i3dMapping id="bakeryBox07Tension" node="0>1|6|1" />
        <i3dMapping id="bakeryBox08" node="0>1|7" />
        <i3dMapping id="bakeryBox08Tension" node="0>1|7|1" />
    </i3dMappings>
</vehicle>
