<?xml version="1.0" encoding="utf-8" standalone="no" ?>
<vehicle type="pallet" xmlns:xsi="http://www.w3.org/2001/XMLSchema-instance" xsi:noNamespaceSchemaLocation="../../../../shared/xml/schema/vehicle.xsd">
    <annotation>Copyright (C) GIANTS Software GmbH, All Rights Reserved.</annotation>

    <storeData>
        <name>$l10n_storeItem_barrelPallet</name>
        <image>$data/objects/pallets/barrelPallet/store_barrelPallet.png</image>
        <price>1780</price>
        <category>pallets</category>
        <brand>NONE</brand>
        <showInStore>false</showInStore>
        <canBeSold>false</canBeSold>
        <financeCategory>OTHER</financeCategory>
        <vertexBufferMemoryUsage>46592</vertexBufferMemoryUsage>
        <indexBufferMemoryUsage>16384</indexBufferMemoryUsage>
        <textureMemoryUsage>458752</textureMemoryUsage>
        <instanceVertexBufferMemoryUsage>0</instanceVertexBufferMemoryUsage>
        <instanceIndexBufferMemoryUsage>0</instanceIndexBufferMemoryUsage>

        <storeIconRendering>
            <settings centerIcon="true" cameraXRot="-15" cameraYRot="35"/>
        </storeIconRendering>
        <audioMemoryUsage>0</audioMemoryUsage>
    </storeData>

    <base>
        <typeDesc>$l10n_typeDesc_pallet</typeDesc>
        <filename>$data/objects/pallets/barrelPallet/barrelPallet.i3d</filename>
        <size width="1.7" length="1.3" height="1.05" />
        <canBeReset>false</canBeReset>
        <components maxMass="400">
            <component centerOfMass="0 0.2 0" solverIterationCount="10" mass="60"/>
        </components>
        <showInVehicleMenu>false</showInVehicleMenu>
        <mapHotspot available="false" />
        <input allowed="false"/>
    </base>

    <fillUnit>
        <fillUnitConfigurations>
            <fillUnitConfiguration>
                <fillUnits>
                    <fillUnit unitTextOverride="$l10n_unit_pieces" fillTypes="BARREL" capacity="3000" ignoreFillLimit="true"/>
                </fillUnits>
            </fillUnitConfiguration>
        </fillUnitConfigurations>
    </fillUnit>

    <pallet fillUnitIndex="1" linkNode="linkNode01 linkNode02">
        <texture diffuse="$data/objects/pallets/shared/euroPallet/euroPalletNew_diffuse.dds"/>
        <texture diffuse="$data/objects/pallets/shared/euroPallet/euroPalletMiddle_diffuse.dds"/>
        <texture diffuse="$data/objects/pallets/shared/euroPallet/euroPalletOld_diffuse.dds"/>

        <content>
            <object node="barrel01" tensionBeltNode="barrel01Tension"/>
            <object node="barrel02" tensionBeltNode="barrel02Tension"/>
            <object node="barrel03" tensionBeltNode="barrel03Tension"/>
            <object node="barrel04" tensionBeltNode="barrel04Tension"/>
        </content>
        <sounds>
            <unload template="palletsFillWood" pitchScale="0.7" volumeScale="2.5" supportsReverb="false"/>
        </sounds>
    </pallet>

    <dynamicMount triggerNode="dynamicMountTrigger" triggerForceAcceleration="4" additionalMountDistance="1" jointTransY="0.106" jointLimitToRotY="true"/>

    <i3dMappings>
        <i3dMapping id="barralPallet_main_component1" node="0>" />
        <i3dMapping id="barrel01" node="0>0|0" />
        <i3dMapping id="barrel01Tension" node="0>0|0|1" />
        <i3dMapping id="barrel02" node="0>0|1" />
        <i3dMapping id="barrel02Tension" node="0>0|1|0" />
        <i3dMapping id="barrel03" node="0>0|2" />
        <i3dMapping id="barrel03Tension" node="0>0|2|0" />
        <i3dMapping id="barrel04" node="0>0|3" />
        <i3dMapping id="barrel04Tension" node="0>0|3|0" />
        <i3dMapping id="dynamicMountTrigger" node="0>1" />
        <i3dMapping id="dischargeNode" node="0>2" />
        <i3dMapping id="linkNode01" node="0>4" />
        <i3dMapping id="linkNode02" node="0>5" />
    </i3dMappings>
</vehicle>
