<?xml version="1.0" encoding="utf-8" standalone="no" ?>
<vehicle type="pallet" xmlns:xsi="http://www.w3.org/2001/XMLSchema-instance" xsi:noNamespaceSchemaLocation="../../../../shared/xml/schema/vehicle.xsd">
    <annotation>Copyright (C) GIANTS Software GmbH, All Rights Reserved.</annotation>

    <storeData>
        <name>$l10n_storeItem_cakePallet</name>
        <image>$data/objects/pallets/cakePallet/store_cakePallet.png</image>
        <price>3300</price>
        <category>pallets</category>
        <brand>NONE</brand>
        <showInStore>false</showInStore>
        <canBeSold>false</canBeSold>
        <financeCategory>OTHER</financeCategory>
        <vertexBufferMemoryUsage>100352</vertexBufferMemoryUsage>
        <indexBufferMemoryUsage>35072</indexBufferMemoryUsage>
        <textureMemoryUsage>589824</textureMemoryUsage>
        <instanceVertexBufferMemoryUsage>0</instanceVertexBufferMemoryUsage>
        <instanceIndexBufferMemoryUsage>0</instanceIndexBufferMemoryUsage>

        <storeIconRendering>
            <settings centerIcon="true" cameraXRot="-15" cameraYRot="35"/>
        </storeIconRendering>
        <audioMemoryUsage>0</audioMemoryUsage>
    </storeData>

    <base>
        <typeDesc>$l10n_typeDesc_pallet</typeDesc>
        <filename>$data/objects/pallets/cakePallet/cakePallet.i3d</filename>
        <size width="1.3" length="0.9" height="0.5" />
        <canBeReset>false</canBeReset>
        <components maxMass="400">
            <component centerOfMass="0 0.1 0" solverIterationCount="10" mass="60"/>
        </components>
        <showInVehicleMenu>false</showInVehicleMenu>
        <mapHotspot available="false" />
        <input allowed="false"/>
    </base>

    <fillUnit>
        <fillUnitConfigurations>
            <fillUnitConfiguration>
                <fillUnits>
                    <fillUnit unitTextOverride="$l10n_unit_literShort" fillTypes="CAKE" capacity="3000" ignoreFillLimit="true"/>
                </fillUnits>
            </fillUnitConfiguration>
        </fillUnitConfigurations>
    </fillUnit>

    <pallet fillUnitIndex="1" linkNode="cakePallet_component1">
        <texture diffuse="$data/objects/pallets/shared/euroPallet/euroPalletNew_diffuse.dds"/>
        <texture diffuse="$data/objects/pallets/shared/euroPallet/euroPalletMiddle_diffuse.dds"/>
        <texture diffuse="$data/objects/pallets/shared/euroPallet/euroPalletOld_diffuse.dds"/>

        <content>
            <object node="cakeBox1" tensionBeltNode="cakeBox1Tension"/>
            <object node="cakeBox2" tensionBeltNode="cakeBox2Tension"/>
            <object node="cakeBox3" tensionBeltNode="cakeBox3Tension"/>
            <object node="cakeBox4" tensionBeltNode="cakeBox4Tension"/>
            <object node="cakeBox5" tensionBeltNode="cakeBox5Tension"/>
            <object node="cakeBox6" tensionBeltNode="cakeBox6Tension"/>
        </content>

        <sounds>
            <unload template="palletsFillPlastic" pitchScale="2.2" />
        </sounds>
    </pallet>

    <dynamicMount triggerNode="dynamicMountTrigger" triggerForceAcceleration="4" additionalMountDistance="0.45" jointTransY="0.11" jointLimitToRotY="true"/>

    <i3dMappings>
        <i3dMapping id="cakePallet_component1" node="0>" />
        <i3dMapping id="dynamicMountTrigger" node="0>0" />
        <i3dMapping id="cakeBox1" node="0>1|0" />
        <i3dMapping id="cakeBox1Tension" node="0>1|0|1" />
        <i3dMapping id="cakeBox2" node="0>1|1" />
        <i3dMapping id="cakeBox2Tension" node="0>1|1|0" />
        <i3dMapping id="cakeBox3" node="0>1|2" />
        <i3dMapping id="cakeBox3Tension" node="0>1|2|0" />
        <i3dMapping id="cakeBox4" node="0>1|3" />
        <i3dMapping id="cakeBox4Tension" node="0>1|3|0" />
        <i3dMapping id="cakeBox5" node="0>1|4" />
        <i3dMapping id="cakeBox5Tension" node="0>1|4|0" />
        <i3dMapping id="cakeBox6" node="0>1|5" />
        <i3dMapping id="cakeBox6Tension" node="0>1|5|0" />
    </i3dMappings>
</vehicle>
