<?xml version="1.0" encoding="utf-8" standalone="no" ?>
<vehicle type="pallet" xmlns:xsi="http://www.w3.org/2001/XMLSchema-instance" xsi:noNamespaceSchemaLocation="../../../../shared/xml/schema/vehicle.xsd">
    <annotation>Copyright (C) GIANTS Software GmbH, All Rights Reserved.</annotation>

    <storeData>
        <name>$l10n_storeItem_cannedPeasBoxPallet</name>
        <image>$data/objects/pallets/cannedPeasBoxPallet/store_cannedPeasBoxPallet.png</image>
        <price>2596</price>
        <category>pallets</category>
        <brand>NONE</brand>
        <showInStore>false</showInStore>
        <canBeSold>false</canBeSold>
        <financeCategory>OTHER</financeCategory>
        <vertexBufferMemoryUsage>56832</vertexBufferMemoryUsage>
        <indexBufferMemoryUsage>18432</indexBufferMemoryUsage>
        <textureMemoryUsage>458752</textureMemoryUsage>
        <instanceVertexBufferMemoryUsage>0</instanceVertexBufferMemoryUsage>
        <instanceIndexBufferMemoryUsage>0</instanceIndexBufferMemoryUsage>

        <storeIconRendering>
            <settings centerIcon="true" cameraXRot="-15" cameraYRot="35"/>
        </storeIconRendering>
        <audioMemoryUsage>0</audioMemoryUsage>
    </storeData>

    <base>
        <typeDesc>$l10n_typeDesc_pallet</typeDesc>
        <filename>$data/objects/pallets/cannedPeasBoxPallet/cannedPeasBoxPallet.i3d</filename>
        <size width="1.3" length="0.9" height="0.8" />
        <canBeReset>false</canBeReset>
        <components maxMass="400">
            <component centerOfMass="0 0.1 0" solverIterationCount="10" mass="60"/>
        </components>
        <showInVehicleMenu>false</showInVehicleMenu>
        <mapHotspot available="false" />
        <input allowed="false"/>
    </base>

    <fillUnit>
        <fillUnitConfigurations>
            <fillUnitConfiguration>
                <fillUnits>
                    <fillUnit unitTextOverride="$l10n_unit_literShort" fillTypes="CANNED_PEAS" capacity="3000" ignoreFillLimit="true"/>
                </fillUnits>
            </fillUnitConfiguration>
        </fillUnitConfigurations>
    </fillUnit>

    <pallet fillUnitIndex="1" linkNode="cannedPeasBoxPallet_component1">
        <texture diffuse="$data/objects/pallets/shared/euroPallet/euroPalletNew_diffuse.dds"/>
        <texture diffuse="$data/objects/pallets/shared/euroPallet/euroPalletMiddle_diffuse.dds"/>
        <texture diffuse="$data/objects/pallets/shared/euroPallet/euroPalletOld_diffuse.dds"/>

        <content>
            <object node="cannedPeasBox01" tensionBeltNode="cannedPeasBox_Tension01"/>
            <object node="cannedPeasBox02" tensionBeltNode="cannedPeasBox_Tension02"/>
            <object node="cannedPeasBox03" tensionBeltNode="cannedPeasBox_Tension03"/>
            <object node="cannedPeasBox04" tensionBeltNode="cannedPeasBox_Tension04"/>
            <object node="cannedPeasBox05" tensionBeltNode="cannedPeasBox_Tension05"/>
            <object node="cannedPeasBox06" tensionBeltNode="cannedPeasBox_Tension06"/>
            <object node="cannedPeasBox07" tensionBeltNode="cannedPeasBox_Tension07"/>
            <object node="cannedPeasBox08" tensionBeltNode="cannedPeasBox_Tension08"/>
            <object node="cannedPeasBox09" tensionBeltNode="cannedPeasBox_Tension09"/>
            <object node="cannedPeasBox10" tensionBeltNode="cannedPeasBox_Tension10"/>
            <object node="cannedPeasBox11" tensionBeltNode="cannedPeasBox_Tension11"/>
            <object node="cannedPeasBox12" tensionBeltNode="cannedPeasBox_Tension12"/>
            <object node="cannedPeasBox13" tensionBeltNode="cannedPeasBox_Tension13"/>
            <object node="cannedPeasBox14" tensionBeltNode="cannedPeasBox_Tension14"/>
            <object node="cannedPeasBox15" tensionBeltNode="cannedPeasBox_Tension15"/>
            <object node="cannedPeasBox16" tensionBeltNode="cannedPeasBox_Tension16"/>
        </content>

        <sounds>
            <unload template="palletsFillPlastic" pitchScale="0.8" />
        </sounds>
    </pallet>

    <dynamicMount triggerNode="dynamicMountTrigger" triggerForceAcceleration="5" additionalMountDistance="0.8" jointTransY="0.11" jointLimitToRotY="true"/>

    <i3dMappings>
        <i3dMapping id="cannedPeasBoxPallet_component1" node="0>" />
        <i3dMapping id="dynamicMountTrigger" node="0>0" />
        <i3dMapping id="dischargeNode" node="0>1" />
        <i3dMapping id="cannedPeasBox01" node="0>2|0" />
        <i3dMapping id="cannedPeasBox_Tension01" node="0>2|0|1" />
        <i3dMapping id="cannedPeasBox02" node="0>2|1" />
        <i3dMapping id="cannedPeasBox_Tension02" node="0>2|1|0" />
        <i3dMapping id="cannedPeasBox03" node="0>2|2" />
        <i3dMapping id="cannedPeasBox_Tension03" node="0>2|2|0" />
        <i3dMapping id="cannedPeasBox04" node="0>2|3" />
        <i3dMapping id="cannedPeasBox_Tension04" node="0>2|3|0" />
        <i3dMapping id="cannedPeasBox05" node="0>2|4" />
        <i3dMapping id="cannedPeasBox_Tension05" node="0>2|4|0" />
        <i3dMapping id="cannedPeasBox06" node="0>2|5" />
        <i3dMapping id="cannedPeasBox_Tension06" node="0>2|5|0" />
        <i3dMapping id="cannedPeasBox07" node="0>2|6" />
        <i3dMapping id="cannedPeasBox_Tension07" node="0>2|6|0" />
        <i3dMapping id="cannedPeasBox08" node="0>2|7" />
        <i3dMapping id="cannedPeasBox_Tension08" node="0>2|7|0" />
        <i3dMapping id="cannedPeasBox09" node="0>2|8" />
        <i3dMapping id="cannedPeasBox_Tension09" node="0>2|8|0" />
        <i3dMapping id="cannedPeasBox10" node="0>2|9" />
        <i3dMapping id="cannedPeasBox_Tension10" node="0>2|9|0" />
        <i3dMapping id="cannedPeasBox11" node="0>2|10" />
        <i3dMapping id="cannedPeasBox_Tension11" node="0>2|10|0" />
        <i3dMapping id="cannedPeasBox12" node="0>2|11" />
        <i3dMapping id="cannedPeasBox_Tension12" node="0>2|11|0" />
        <i3dMapping id="cannedPeasBox13" node="0>2|12" />
        <i3dMapping id="cannedPeasBox_Tension13" node="0>2|12|0" />
        <i3dMapping id="cannedPeasBox14" node="0>2|13" />
        <i3dMapping id="cannedPeasBox_Tension14" node="0>2|13|0" />
        <i3dMapping id="cannedPeasBox15" node="0>2|14" />
        <i3dMapping id="cannedPeasBox_Tension15" node="0>2|14|0" />
        <i3dMapping id="cannedPeasBox16" node="0>2|15" />
        <i3dMapping id="cannedPeasBox_Tension16" node="0>2|15|0" />
    </i3dMappings>
</vehicle>
