<?xml version="1.0" encoding="utf-8" standalone="no" ?>
<vehicle type="pallet" xmlns:xsi="http://www.w3.org/2001/XMLSchema-instance" xsi:noNamespaceSchemaLocation="../../../../shared/xml/schema/vehicle.xsd">
    <annotation>Copyright (C) GIANTS Software GmbH, All Rights Reserved.</annotation>

    <storeData>
        <name>$l10n_storeItem_cementBricksPallet</name>
        <image>$data/objects/pallets/cementBricksPallet/store_cementBricksPallet.png</image>
        <price>1580</price>
        <category>pallets</category>
        <brand>NONE</brand>
        <showInStore>false</showInStore>
        <canBeSold>false</canBeSold>
        <financeCategory>OTHER</financeCategory>
        <vertexBufferMemoryUsage>33280</vertexBufferMemoryUsage>
        <indexBufferMemoryUsage>7936</indexBufferMemoryUsage>
        <textureMemoryUsage>262144</textureMemoryUsage>
        <instanceVertexBufferMemoryUsage>0</instanceVertexBufferMemoryUsage>
        <instanceIndexBufferMemoryUsage>0</instanceIndexBufferMemoryUsage>

        <storeIconRendering>
            <settings centerIcon="true" cameraXRot="-15" cameraYRot="35"/>
        </storeIconRendering>
        <audioMemoryUsage>0</audioMemoryUsage>
    </storeData>

    <base>
        <typeDesc>$l10n_typeDesc_pallet</typeDesc>
        <filename>$data/objects/pallets/cementBricksPallet/cementBricksPallet.i3d</filename>
        <size width="1.3" length="0.9" height="1.0" />
        <canBeReset>false</canBeReset>
        <components maxMass="400">
            <component centerOfMass="0 0.2 0" solverIterationCount="10" mass="60"/>
        </components>
        <showInVehicleMenu>false</showInVehicleMenu>
        <mapHotspot available="false" />
        <input allowed="false"/>
    </base>

    <fillUnit>
        <fillUnitConfigurations>
            <fillUnitConfiguration>
                <fillUnits>
                    <fillUnit unitTextOverride="$l10n_unit_literShort" fillTypes="CEMENTBRICKS" capacity="3000" ignoreFillLimit="true"/>
                </fillUnits>
            </fillUnitConfiguration>
        </fillUnitConfigurations>
    </fillUnit>

    <pallet fillUnitIndex="1" linkNode="cementBricksPallet_component1">
        <texture diffuse="$data/objects/pallets/shared/euroPallet/euroPalletNew_diffuse.dds"/>
        <texture diffuse="$data/objects/pallets/shared/euroPallet/euroPalletMiddle_diffuse.dds"/>
        <texture diffuse="$data/objects/pallets/shared/euroPallet/euroPalletOld_diffuse.dds"/>

        <content>
            <object node="cementBricks01" tensionBeltNode="cementBricks_Tension01"/>
            <object node="cementBricks02" tensionBeltNode="cementBricks_Tension02"/>
            <object node="cementBricks03" tensionBeltNode="cementBricks_Tension03"/>
            <object node="cementBricks04" tensionBeltNode="cementBricks_Tension04"/>
        </content>
        <sounds>
            <unload template="palletsFillStone" pitchScale="0.9" />
        </sounds>
    </pallet>

    <dynamicMount triggerNode="dynamicMountTrigger" triggerForceAcceleration="4" additionalMountDistance="0.65" jointTransY="0.11" jointLimitToRotY="true"/>

    <i3dMappings>
        <i3dMapping id="cementBricksPallet_component1" node="0>" />
        <i3dMapping id="dynamicMountTrigger" node="0>0" />
        <i3dMapping id="cementBricks01" node="0>1|0" />
        <i3dMapping id="cementBricks_Tension01" node="0>1|0|1" />
        <i3dMapping id="cementBricks02" node="0>1|1" />
        <i3dMapping id="cementBricks_Tension02" node="0>1|1|1" />
        <i3dMapping id="cementBricks03" node="0>1|2" />
        <i3dMapping id="cementBricks_Tension03" node="0>1|2|1" />
        <i3dMapping id="cementBricks04" node="0>1|3" />
        <i3dMapping id="cementBricks_Tension04" node="0>1|3|1" />
    </i3dMappings>
</vehicle>
