<?xml version="1.0" encoding="utf-8" standalone="no" ?>
<vehicle type="pallet" xmlns:xsi="http://www.w3.org/2001/XMLSchema-instance" xsi:noNamespaceSchemaLocation="../../../../shared/xml/schema/vehicle.xsd">
    <annotation>Copyright (C) GIANTS Software GmbH, All Rights Reserved.</annotation>

    <storeData>
        <name>$l10n_storeItem_cerealsPallet</name>
        <image>$data/objects/pallets/cerealsPallet/store_cerealsPallet.png</image>
        <price>3800</price>
        <category>pallets</category>
        <brand>NONE</brand>
        <showInStore>false</showInStore>
        <canBeSold>false</canBeSold>
        <financeCategory>OTHER</financeCategory>
        <vertexBufferMemoryUsage>19200</vertexBufferMemoryUsage>
        <indexBufferMemoryUsage>3840</indexBufferMemoryUsage>
        <textureMemoryUsage>262144</textureMemoryUsage>
        <instanceVertexBufferMemoryUsage>0</instanceVertexBufferMemoryUsage>
        <instanceIndexBufferMemoryUsage>0</instanceIndexBufferMemoryUsage>

        <storeIconRendering>
            <settings centerIcon="true" cameraXRot="-15" cameraYRot="35"/>
        </storeIconRendering>
        <audioMemoryUsage>0</audioMemoryUsage>
    </storeData>

    <base>
        <typeDesc>$l10n_typeDesc_pallet</typeDesc>
        <filename>$data/objects/pallets/cerealsPallet/cerealsPallet.i3d</filename>
        <size width="1.3" length="0.9" height="1.1" />
        <canBeReset>false</canBeReset>
        <components maxMass="400">
            <component centerOfMass="0 0.1 0" solverIterationCount="10" mass="60"/>
        </components>
        <showInVehicleMenu>false</showInVehicleMenu>
        <mapHotspot available="false" />
        <input allowed="false"/>
    </base>

    <fillUnit>
        <fillUnitConfigurations>
            <fillUnitConfiguration>
                <fillUnits>
                    <fillUnit unitTextOverride="$l10n_unit_literShort" fillTypes="CEREAL" capacity="3000" ignoreFillLimit="true"/>
                </fillUnits>
            </fillUnitConfiguration>
        </fillUnitConfigurations>
    </fillUnit>

    <pallet fillUnitIndex="1" linkNode="cerealsPallet_component1">
        <texture diffuse="$data/objects/pallets/shared/euroPallet/euroPalletNew_diffuse.dds"/>
        <texture diffuse="$data/objects/pallets/shared/euroPallet/euroPalletMiddle_diffuse.dds"/>
        <texture diffuse="$data/objects/pallets/shared/euroPallet/euroPalletOld_diffuse.dds"/>

        <content>
            <object node="cereals01" tensionBeltNode="cereals01Tension"/>
            <object node="cereals02" tensionBeltNode="cereals02Tension"/>
            <object node="cereals03" tensionBeltNode="cereals03Tension"/>
            <object node="cereals04" tensionBeltNode="cereals04Tension"/>
            <object node="cereals05" tensionBeltNode="cereals05Tension"/>
            <object node="cereals06" tensionBeltNode="cereals06Tension"/>
        </content>

        <sounds>
            <unload template="palletsFillCereal" pitchScale="0.8" />
        </sounds>
    </pallet>

    <dynamicMount triggerNode="dynamicMountTrigger" triggerForceAcceleration="4" additionalMountDistance="1.05" jointTransY="0.11" jointLimitToRotY="true"/>

    <i3dMappings>
        <i3dMapping id="cerealsPallet_component1" node="0>" />
        <i3dMapping id="dynamicMountTrigger" node="0>0" />
        <i3dMapping id="cereals01" node="0>1|0" />
        <i3dMapping id="cereals01Tension" node="0>1|0|0" />
        <i3dMapping id="cereals02" node="0>1|1" />
        <i3dMapping id="cereals02Tension" node="0>1|1|0" />
        <i3dMapping id="cereals03" node="0>1|2" />
        <i3dMapping id="cereals03Tension" node="0>1|2|0" />
        <i3dMapping id="cereals04" node="0>1|3" />
        <i3dMapping id="cereals04Tension" node="0>1|3|0" />
        <i3dMapping id="cereals05" node="0>1|4" />
        <i3dMapping id="cereals05Tension" node="0>1|4|0" />
        <i3dMapping id="cereals06" node="0>1|5" />
        <i3dMapping id="cereals06Tension" node="0>1|5|0" />
    </i3dMappings>
</vehicle>
