<?xml version="1.0" encoding="utf-8" standalone="no" ?>
<vehicle type="pallet" xmlns:xsi="http://www.w3.org/2001/XMLSchema-instance" xsi:noNamespaceSchemaLocation="../../../../shared/xml/schema/vehicle.xsd">
    <annotation>Copyright (C) GIANTS Software GmbH, All Rights Reserved.</annotation>

    <storeData>
        <name>$l10n_storeItem_chilliBoxPallet</name>
        <image>$data/objects/pallets/chilliBoxPallet/store_chilliBoxPallet.png</image>
        <price>530</price>
        <category>pallets</category>
        <brand>NONE</brand>
        <showInStore>false</showInStore>
        <canBeSold>false</canBeSold>
        <financeCategory>OTHER</financeCategory>
        <vertexBufferMemoryUsage>37376</vertexBufferMemoryUsage>
        <indexBufferMemoryUsage>9728</indexBufferMemoryUsage>
        <textureMemoryUsage>262144</textureMemoryUsage>
        <instanceVertexBufferMemoryUsage>0</instanceVertexBufferMemoryUsage>
        <instanceIndexBufferMemoryUsage>0</instanceIndexBufferMemoryUsage>

        <storeIconRendering>
            <settings centerIcon="true" cameraXRot="-15" cameraYRot="35"/>
        </storeIconRendering>
        <audioMemoryUsage>0</audioMemoryUsage>
    </storeData>

    <base>
        <typeDesc>$l10n_typeDesc_pallet</typeDesc>
        <filename>$data/objects/pallets/chilliBoxPallet/chilliBoxPallet.i3d</filename>
        <size width="1.3" length="0.9" height="0.8" />
        <canBeReset>false</canBeReset>
        <components maxMass="400">
            <component centerOfMass="0 0.1 0" solverIterationCount="10" mass="60" />
        </components>
        <showInVehicleMenu>false</showInVehicleMenu>
        <mapHotspot available="false" />
        <input allowed="false"/>
    </base>

    <fillUnit>
        <fillUnitConfigurations>
            <fillUnitConfiguration>
                <fillUnits>
                    <fillUnit unitTextOverride="$l10n_unit_literShort" fillTypes="CHILLI" capacity="3000" ignoreFillLimit="true"/>
                </fillUnits>
            </fillUnitConfiguration>
        </fillUnitConfigurations>
    </fillUnit>

    <pallet fillUnitIndex="1" linkNode="chilliBoxPallet_main_component1">
        <texture diffuse="$data/objects/pallets/shared/euroPallet/euroPalletNew_diffuse.dds"/>
        <texture diffuse="$data/objects/pallets/shared/euroPallet/euroPalletMiddle_diffuse.dds"/>
        <texture diffuse="$data/objects/pallets/shared/euroPallet/euroPalletOld_diffuse.dds"/>

        <content>
            <object node="chilliBox01" tensionBeltNode="chilliBox_Tension01"/>
            <object node="chilliBox02" tensionBeltNode="chilliBox_Tension02"/>
            <object node="chilliBox03" tensionBeltNode="chilliBox_Tension03"/>
            <object node="chilliBox04" tensionBeltNode="chilliBox_Tension04"/>
            <object node="chilliBox05" tensionBeltNode="chilliBox_Tension05"/>
            <object node="chilliBox06" tensionBeltNode="chilliBox_Tension06"/>
            <object node="chilliBox07" tensionBeltNode="chilliBox_Tension07"/>
            <object node="chilliBox08" tensionBeltNode="chilliBox_Tension08"/>
            <object node="chilliBox09" tensionBeltNode="chilliBox_Tension09"/>
            <object node="chilliBox10" tensionBeltNode="chilliBox_Tension10"/>
            <object node="chilliBox11" tensionBeltNode="chilliBox_Tension11"/>
            <object node="chilliBox12" tensionBeltNode="chilliBox_Tension12"/>
            <object node="chilliBox13" tensionBeltNode="chilliBox_Tension13"/>
            <object node="chilliBox14" tensionBeltNode="chilliBox_Tension14"/>
            <object node="chilliBox15" tensionBeltNode="chilliBox_Tension15"/>
            <object node="chilliBox16" tensionBeltNode="chilliBox_Tension16"/>
            <object node="chilliBox17" tensionBeltNode="chilliBox_Tension17"/>
            <object node="chilliBox18" tensionBeltNode="chilliBox_Tension18"/>
            <object node="chilliBox19" tensionBeltNode="chilliBox_Tension19"/>
            <object node="chilliBox20" tensionBeltNode="chilliBox_Tension20"/>
            <object node="chilliBox21" tensionBeltNode="chilliBox_Tension21"/>
            <object node="chilliBox22" tensionBeltNode="chilliBox_Tension22"/>
            <object node="chilliBox23" tensionBeltNode="chilliBox_Tension23"/>
            <object node="chilliBox24" tensionBeltNode="chilliBox_Tension24"/>
        </content>

        <sounds>
            <unload template="palletsFillPaper" pitchScale="0.9" />
        </sounds>
    </pallet>

    <dynamicMount triggerNode="dynamicMountTrigger" triggerForceAcceleration="4" additionalMountDistance="0.747" jointTransY="0.106" jointLimitToRotY="true"/>

    <i3dMappings>
        <i3dMapping id="chilliBoxPallet_main_component1" node="0>" />
        <i3dMapping id="dynamicMountTrigger" node="0>0" />
        <i3dMapping id="dischargeNode" node="0>1" />
        <i3dMapping id="chilliBox01" node="0>2|0" />
        <i3dMapping id="chilliBox_Tension01" node="0>2|0|1" />
        <i3dMapping id="chilliBox02" node="0>2|1" />
        <i3dMapping id="chilliBox_Tension02" node="0>2|1|0" />
        <i3dMapping id="chilliBox03" node="0>2|2" />
        <i3dMapping id="chilliBox_Tension03" node="0>2|2|0" />
        <i3dMapping id="chilliBox04" node="0>2|3" />
        <i3dMapping id="chilliBox_Tension04" node="0>2|3|0" />
        <i3dMapping id="chilliBox05" node="0>2|4" />
        <i3dMapping id="chilliBox_Tension05" node="0>2|4|0" />
        <i3dMapping id="chilliBox06" node="0>2|5" />
        <i3dMapping id="chilliBox_Tension06" node="0>2|5|0" />
        <i3dMapping id="chilliBox07" node="0>2|6" />
        <i3dMapping id="chilliBox_Tension07" node="0>2|6|0" />
        <i3dMapping id="chilliBox08" node="0>2|7" />
        <i3dMapping id="chilliBox_Tension08" node="0>2|7|0" />
        <i3dMapping id="chilliBox09" node="0>2|8" />
        <i3dMapping id="chilliBox_Tension09" node="0>2|8|0" />
        <i3dMapping id="chilliBox10" node="0>2|9" />
        <i3dMapping id="chilliBox_Tension10" node="0>2|9|0" />
        <i3dMapping id="chilliBox11" node="0>2|10" />
        <i3dMapping id="chilliBox_Tension11" node="0>2|10|0" />
        <i3dMapping id="chilliBox12" node="0>2|11" />
        <i3dMapping id="chilliBox_Tension12" node="0>2|11|0" />
        <i3dMapping id="chilliBox13" node="0>2|12" />
        <i3dMapping id="chilliBox_Tension13" node="0>2|12|0" />
        <i3dMapping id="chilliBox14" node="0>2|13" />
        <i3dMapping id="chilliBox_Tension14" node="0>2|13|0" />
        <i3dMapping id="chilliBox15" node="0>2|14" />
        <i3dMapping id="chilliBox_Tension15" node="0>2|14|0" />
        <i3dMapping id="chilliBox16" node="0>2|15" />
        <i3dMapping id="chilliBox_Tension16" node="0>2|15|0" />
        <i3dMapping id="chilliBox17" node="0>2|16" />
        <i3dMapping id="chilliBox_Tension17" node="0>2|16|0" />
        <i3dMapping id="chilliBox18" node="0>2|17" />
        <i3dMapping id="chilliBox_Tension18" node="0>2|17|0" />
        <i3dMapping id="chilliBox19" node="0>2|18" />
        <i3dMapping id="chilliBox_Tension19" node="0>2|18|0" />
        <i3dMapping id="chilliBox20" node="0>2|19" />
        <i3dMapping id="chilliBox_Tension20" node="0>2|19|0" />
        <i3dMapping id="chilliBox21" node="0>2|20" />
        <i3dMapping id="chilliBox_Tension21" node="0>2|20|0" />
        <i3dMapping id="chilliBox22" node="0>2|21" />
        <i3dMapping id="chilliBox_Tension22" node="0>2|21|0" />
        <i3dMapping id="chilliBox23" node="0>2|22" />
        <i3dMapping id="chilliBox_Tension23" node="0>2|22|0" />
        <i3dMapping id="chilliBox24" node="0>2|23" />
        <i3dMapping id="chilliBox_Tension24" node="0>2|23|0" />
    </i3dMappings>
</vehicle>
