<?xml version="1.0" encoding="utf-8" standalone="no" ?>
<vehicle type="pallet" xmlns:xsi="http://www.w3.org/2001/XMLSchema-instance" xsi:noNamespaceSchemaLocation="../../../../shared/xml/schema/vehicle.xsd">
    <annotation>Copyright (C) GIANTS Software GmbH, All Rights Reserved.</annotation>

    <storeData>
        <name>$l10n_storeItem_chocolateBoxPallet</name>
        <image>$data/objects/pallets/chocolateBoxPallet/store_chocolateBoxPallet.png</image>
        <price>2000</price>
        <category>pallets</category>
        <brand>NONE</brand>
        <showInStore>false</showInStore>
        <canBeSold>false</canBeSold>
        <financeCategory>OTHER</financeCategory>
        <vertexBufferMemoryUsage>37120</vertexBufferMemoryUsage>
        <indexBufferMemoryUsage>7168</indexBufferMemoryUsage>
        <textureMemoryUsage>262144</textureMemoryUsage>
        <instanceVertexBufferMemoryUsage>0</instanceVertexBufferMemoryUsage>
        <instanceIndexBufferMemoryUsage>0</instanceIndexBufferMemoryUsage>

        <storeIconRendering>
            <settings centerIcon="true" cameraXRot="-15" cameraYRot="35"/>
        </storeIconRendering>
        <audioMemoryUsage>0</audioMemoryUsage>
    </storeData>

    <base>
        <typeDesc>$l10n_typeDesc_pallet</typeDesc>
        <filename>$data/objects/pallets/chocolateBoxPallet/chocolateBoxPallet.i3d</filename>
        <size width="1.3" length="0.9" height="0.8" />
        <canBeReset>false</canBeReset>
        <components maxMass="400">
            <component centerOfMass="0 0.1 0" solverIterationCount="10" mass="60"/>
        </components>
        <showInVehicleMenu>false</showInVehicleMenu>
        <mapHotspot available="false" />
        <input allowed="false"/>
    </base>

    <fillUnit>
        <fillUnitConfigurations>
            <fillUnitConfiguration>
                <fillUnits>
                    <fillUnit unitTextOverride="$l10n_unit_literShort" fillTypes="CHOCOLATE" capacity="3000" ignoreFillLimit="true"/>
                </fillUnits>
            </fillUnitConfiguration>
        </fillUnitConfigurations>
    </fillUnit>

    <pallet fillUnitIndex="1" linkNode="chocolateBoxPallet_component1">
        <texture diffuse="$data/objects/pallets/shared/euroPallet/euroPalletNew_diffuse.dds"/>
        <texture diffuse="$data/objects/pallets/shared/euroPallet/euroPalletMiddle_diffuse.dds"/>
        <texture diffuse="$data/objects/pallets/shared/euroPallet/euroPalletOld_diffuse.dds"/>

        <content>
            <object node="chocolateBox01" tensionBeltNode="chocolateBox_Tension01"/>
            <object node="chocolateBox02" tensionBeltNode="chocolateBox_Tension02"/>
            <object node="chocolateBox03" tensionBeltNode="chocolateBox_Tension03"/>
            <object node="chocolateBox04" tensionBeltNode="chocolateBox_Tension04"/>
            <object node="chocolateBox05" tensionBeltNode="chocolateBox_Tension05"/>
            <object node="chocolateBox06" tensionBeltNode="chocolateBox_Tension06"/>
            <object node="chocolateBox07" tensionBeltNode="chocolateBox_Tension07"/>
            <object node="chocolateBox08" tensionBeltNode="chocolateBox_Tension08"/>
            <object node="chocolateBox09" tensionBeltNode="chocolateBox_Tension09"/>
            <object node="chocolateBox10" tensionBeltNode="chocolateBox_Tension10"/>
            <object node="chocolateBox11" tensionBeltNode="chocolateBox_Tension11"/>
            <object node="chocolateBox12" tensionBeltNode="chocolateBox_Tension12"/>
        </content>

        <sounds>
            <unload template="palletsFillPaper" pitchScale="0.8" />
        </sounds>
    </pallet>

    <dynamicMount triggerNode="dynamicMountTrigger" triggerForceAcceleration="4" additionalMountDistance="0.75" jointTransY="0.11" jointLimitToRotY="true"/>

    <i3dMappings>
        <i3dMapping id="chocolateBoxPallet_component1" node="0>" />
        <i3dMapping id="dynamicMountTrigger" node="0>0" />
        <i3dMapping id="chocolateBox01" node="0>1|0" />
        <i3dMapping id="chocolateBox_Tension01" node="0>1|0|0" />
        <i3dMapping id="chocolateBox02" node="0>1|1" />
        <i3dMapping id="chocolateBox_Tension02" node="0>1|1|0" />
        <i3dMapping id="chocolateBox03" node="0>1|2" />
        <i3dMapping id="chocolateBox_Tension03" node="0>1|2|0" />
        <i3dMapping id="chocolateBox04" node="0>1|3" />
        <i3dMapping id="chocolateBox_Tension04" node="0>1|3|0" />
        <i3dMapping id="chocolateBox05" node="0>1|4" />
        <i3dMapping id="chocolateBox_Tension05" node="0>1|4|0" />
        <i3dMapping id="chocolateBox06" node="0>1|5" />
        <i3dMapping id="chocolateBox_Tension06" node="0>1|5|0" />
        <i3dMapping id="chocolateBox07" node="0>1|6" />
        <i3dMapping id="chocolateBox_Tension07" node="0>1|6|0" />
        <i3dMapping id="chocolateBox08" node="0>1|7" />
        <i3dMapping id="chocolateBox_Tension08" node="0>1|7|0" />
        <i3dMapping id="chocolateBox09" node="0>1|8" />
        <i3dMapping id="chocolateBox_Tension09" node="0>1|8|0" />
        <i3dMapping id="chocolateBox10" node="0>1|9" />
        <i3dMapping id="chocolateBox_Tension10" node="0>1|9|0" />
        <i3dMapping id="chocolateBox11" node="0>1|10" />
        <i3dMapping id="chocolateBox_Tension11" node="0>1|10|0" />
        <i3dMapping id="chocolateBox12" node="0>1|11" />
        <i3dMapping id="chocolateBox_Tension12" node="0>1|11|0" />
    </i3dMappings>
</vehicle>
