<?xml version="1.0" encoding="utf-8" standalone="no" ?>
<vehicle type="pallet" xmlns:xsi="http://www.w3.org/2001/XMLSchema-instance" xsi:noNamespaceSchemaLocation="../../../../shared/xml/schema/vehicle.xsd">
    <annotation>Copyright (C) GIANTS Software GmbH, All Rights Reserved.</annotation>

    <storeData>
        <name>$l10n_storeItem_clothesBoxPallet</name>
        <image>$data/objects/pallets/clothesBoxPallet/store_clothesBoxPallet.png</image>
        <price>8500</price>
        <category>pallets</category>
        <brand>NONE</brand>
        <showInStore>false</showInStore>
        <canBeSold>false</canBeSold>
        <financeCategory>OTHER</financeCategory>
        <vertexBufferMemoryUsage>6912</vertexBufferMemoryUsage>
        <indexBufferMemoryUsage>3328</indexBufferMemoryUsage>
        <textureMemoryUsage>262144</textureMemoryUsage>
        <instanceVertexBufferMemoryUsage>0</instanceVertexBufferMemoryUsage>
        <instanceIndexBufferMemoryUsage>0</instanceIndexBufferMemoryUsage>

        <storeIconRendering>
            <settings centerIcon="true" cameraXRot="-15" cameraYRot="35"/>
        </storeIconRendering>
        <audioMemoryUsage>0</audioMemoryUsage>
    </storeData>

    <base>
        <typeDesc>$l10n_typeDesc_pallet</typeDesc>
        <filename>$data/objects/pallets/clothesBoxPallet/clothesBoxPallet.i3d</filename>
        <size width="1.3" length="0.9" height="1.0" />
        <canBeReset>false</canBeReset>
        <components maxMass="400">
            <component centerOfMass="0 0.1 0" solverIterationCount="10" mass="60"/>
        </components>
        <showInVehicleMenu>false</showInVehicleMenu>
        <mapHotspot available="false" />
        <input allowed="false"/>
    </base>

    <fillUnit>
        <fillUnitConfigurations>
            <fillUnitConfiguration>
                <fillUnits>
                    <fillUnit unitTextOverride="$l10n_unit_literShort" fillTypes="CLOTHES" capacity="3000" ignoreFillLimit="true"/>
                </fillUnits>
            </fillUnitConfiguration>
        </fillUnitConfigurations>
    </fillUnit>

    <pallet fillUnitIndex="1" linkNode="clothesBoxPallet_component1">
        <texture diffuse="$data/objects/pallets/shared/euroPallet/euroPalletNew_diffuse.dds"/>
        <texture diffuse="$data/objects/pallets/shared/euroPallet/euroPalletMiddle_diffuse.dds"/>
        <texture diffuse="$data/objects/pallets/shared/euroPallet/euroPalletOld_diffuse.dds"/>

        <content>
            <object node="clothesBox01" tensionBeltNode="clothesBox_Tension01"/>
            <object node="clothesBox02" tensionBeltNode="clothesBox_Tension02"/>
            <object node="clothesBox03" tensionBeltNode="clothesBox_Tension03"/>
            <object node="clothesBox04" tensionBeltNode="clothesBox_Tension04"/>
            <object node="clothesBox05" tensionBeltNode="clothesBox_Tension05"/>
            <object node="clothesBox06" tensionBeltNode="clothesBox_Tension06"/>
            <object node="clothesBox07" tensionBeltNode="clothesBox_Tension07"/>
            <object node="clothesBox08" tensionBeltNode="clothesBox_Tension08"/>
        </content>

        <sounds>
            <unload template="palletsFillPaper" pitchScale="0.8" />
        </sounds>
    </pallet>

    <dynamicMount triggerNode="dynamicMountTrigger" triggerForceAcceleration="4" additionalMountDistance="0.95" jointTransY="0.11" jointLimitToRotY="true"/>

    <i3dMappings>
        <i3dMapping id="clothesBoxPallet_component1" node="0>" />
        <i3dMapping id="dynamicMountTrigger" node="0>0" />
        <i3dMapping id="clothesBox01" node="0>1|0" />
        <i3dMapping id="clothesBox_Tension01" node="0>1|0|0" />
        <i3dMapping id="clothesBox02" node="0>1|1" />
        <i3dMapping id="clothesBox_Tension02" node="0>1|1|0" />
        <i3dMapping id="clothesBox03" node="0>1|2" />
        <i3dMapping id="clothesBox_Tension03" node="0>1|2|0" />
        <i3dMapping id="clothesBox04" node="0>1|3" />
        <i3dMapping id="clothesBox_Tension04" node="0>1|3|0" />
        <i3dMapping id="clothesBox05" node="0>1|4" />
        <i3dMapping id="clothesBox_Tension05" node="0>1|4|0" />
        <i3dMapping id="clothesBox06" node="0>1|5" />
        <i3dMapping id="clothesBox_Tension06" node="0>1|5|0" />
        <i3dMapping id="clothesBox07" node="0>1|6" />
        <i3dMapping id="clothesBox_Tension07" node="0>1|6|0" />
        <i3dMapping id="clothesBox08" node="0>1|7" />
        <i3dMapping id="clothesBox_Tension08" node="0>1|7|0" />
    </i3dMappings>
</vehicle>
