<?xml version="1.0" encoding="utf-8" standalone="no" ?>
<vehicle type="pallet" xmlns:xsi="http://www.w3.org/2001/XMLSchema-instance" xsi:noNamespaceSchemaLocation="../../../../shared/xml/schema/vehicle.xsd">
    <annotation>Copyright (C) GIANTS Software GmbH, All Rights Reserved.</annotation>

    <storeData>
        <name>$l10n_fillType_egg</name>
        <image>$data/objects/pallets/eggBoxPallet/store_eggBoxPallet.png</image>
        <price>1120</price>
        <category>pallets</category>
        <brand>NONE</brand>
        <showInStore>false</showInStore>
        <canBeSold>false</canBeSold>
        <financeCategory>OTHER</financeCategory>
        <vertexBufferMemoryUsage>731136</vertexBufferMemoryUsage>
        <indexBufferMemoryUsage>147968</indexBufferMemoryUsage>
        <textureMemoryUsage>458752</textureMemoryUsage>
        <instanceVertexBufferMemoryUsage>0</instanceVertexBufferMemoryUsage>
        <instanceIndexBufferMemoryUsage>0</instanceIndexBufferMemoryUsage>

        <storeIconRendering>
            <settings centerIcon="true" cameraXRot="-15" cameraYRot="35"/>
        </storeIconRendering>
        <audioMemoryUsage>0</audioMemoryUsage>
    </storeData>

    <base>
        <typeDesc>$l10n_typeDesc_pallet</typeDesc>
        <filename>$data/objects/pallets/eggBoxPallet/eggBoxPallet.i3d</filename>
        <size width="1.3" length="0.9" height="0.55" />
        <canBeReset>false</canBeReset>
        <components maxMass="400">
            <component centerOfMass="0 0.1 0" solverIterationCount="10" mass="60"/>
        </components>
        <showInVehicleMenu>false</showInVehicleMenu>
        <mapHotspot available="false" />
        <input allowed="false"/>
    </base>

    <fillUnit>
        <fillUnitConfigurations>
            <fillUnitConfiguration>
                <fillUnits>
                    <fillUnit unitTextOverride="$l10n_unit_pieces" fillTypes="EGG" capacity="3000" ignoreFillLimit="true"/>
                </fillUnits>
            </fillUnitConfiguration>
        </fillUnitConfigurations>
    </fillUnit>

    <pallet fillUnitIndex="1" linkNode="eggBoxPallet_component1">
        <texture diffuse="$data/objects/pallets/shared/euroPallet/euroPalletNew_diffuse.dds"/>
        <texture diffuse="$data/objects/pallets/shared/euroPallet/euroPalletMiddle_diffuse.dds"/>
        <texture diffuse="$data/objects/pallets/shared/euroPallet/euroPalletOld_diffuse.dds"/>

        <content>
            <object node="eggBox01" tensionBeltNode="eggBoxes_Tension01"/>
            <object node="eggBox02" tensionBeltNode="eggBoxes_Tension02"/>
            <object node="eggBox03" tensionBeltNode="eggBoxes_Tension03"/>
            <object node="eggBox04" tensionBeltNode="eggBoxes_Tension04"/>
            <object node="eggBox05" tensionBeltNode="eggBoxes_Tension05"/>
            <object node="eggBox06" tensionBeltNode="eggBoxes_Tension06"/>
            <object node="eggBox07" tensionBeltNode="eggBoxes_Tension07"/>
            <object node="eggBox08" tensionBeltNode="eggBoxes_Tension08"/>
        </content>

        <sounds>
            <unload template="palletsFillPlastic" pitchScale="0.8" />
        </sounds>
    </pallet>

    <dynamicMount triggerNode="dynamicMountTrigger" triggerForceAcceleration="4" additionalMountDistance="0.5" jointTransY="0.11" jointLimitToRotY="true"/>

    <i3dMappings>
        <i3dMapping id="eggBoxPallet_component1" node="0>" />
        <i3dMapping id="dynamicMountTrigger" node="0>0" />
        <i3dMapping id="eggBox01" node="0>1|0" />
        <i3dMapping id="eggBoxes_Tension01" node="0>1|0|1" />
        <i3dMapping id="eggBox02" node="0>1|1" />
        <i3dMapping id="eggBoxes_Tension02" node="0>1|1|1" />
        <i3dMapping id="eggBox03" node="0>1|2" />
        <i3dMapping id="eggBoxes_Tension03" node="0>1|2|1" />
        <i3dMapping id="eggBox04" node="0>1|3" />
        <i3dMapping id="eggBoxes_Tension04" node="0>1|3|1" />
        <i3dMapping id="eggBox05" node="0>1|4" />
        <i3dMapping id="eggBoxes_Tension05" node="0>1|4|1" />
        <i3dMapping id="eggBox06" node="0>1|5" />
        <i3dMapping id="eggBoxes_Tension06" node="0>1|5|1" />
        <i3dMapping id="eggBox07" node="0>1|6" />
        <i3dMapping id="eggBoxes_Tension07" node="0>1|6|1" />
        <i3dMapping id="eggBox08" node="0>1|7" />
        <i3dMapping id="eggBoxes_Tension08" node="0>1|7|1" />
    </i3dMappings>
</vehicle>
