<?xml version="1.0" encoding="utf-8" standalone="no" ?>
<vehicle type="pallet" xmlns:xsi="http://www.w3.org/2001/XMLSchema-instance" xsi:noNamespaceSchemaLocation="../../../../shared/xml/schema/vehicle.xsd">
    <annotation>Copyright (C) GIANTS Software GmbH, All Rights Reserved.</annotation>

    <storeData>
        <name>$l10n_storeItem_enokiBoxPallet</name>
        <image>$data/objects/pallets/enokiBoxPallet/store_enokiBoxPallet.png</image>
        <price>420</price>
        <category>pallets</category>
        <brand>NONE</brand>
        <showInStore>false</showInStore>
        <canBeSold>false</canBeSold>
        <financeCategory>OTHER</financeCategory>
        <vertexBufferMemoryUsage>101888</vertexBufferMemoryUsage>
        <indexBufferMemoryUsage>30720</indexBufferMemoryUsage>
        <textureMemoryUsage>262144</textureMemoryUsage>
        <instanceVertexBufferMemoryUsage>0</instanceVertexBufferMemoryUsage>
        <instanceIndexBufferMemoryUsage>0</instanceIndexBufferMemoryUsage>

        <storeIconRendering>
            <settings centerIcon="true" cameraXRot="-15" cameraYRot="35"/>
        </storeIconRendering>
        <audioMemoryUsage>0</audioMemoryUsage>
    </storeData>

    <base>
        <typeDesc>$l10n_typeDesc_pallet</typeDesc>
        <filename>$data/objects/pallets/enokiBoxPallet/enokiBoxPallet.i3d</filename>
        <size width="1.3" length="0.9" height="0.8" />
        <canBeReset>false</canBeReset>
        <components maxMass="400">
            <component centerOfMass="0 0.1 0" solverIterationCount="10" mass="60" />
        </components>
        <showInVehicleMenu>false</showInVehicleMenu>
        <mapHotspot available="false" />
        <input allowed="false"/>
    </base>

    <fillUnit>
        <fillUnitConfigurations>
            <fillUnitConfiguration>
                <fillUnits>
                    <fillUnit unitTextOverride="$l10n_unit_literShort" fillTypes="ENOKI" capacity="3000" ignoreFillLimit="true"/>
                </fillUnits>
            </fillUnitConfiguration>
        </fillUnitConfigurations>
    </fillUnit>

    <pallet fillUnitIndex="1" linkNode="enokiBoxPallet_main_component1">
        <texture diffuse="$data/objects/pallets/shared/euroPallet/euroPalletNew_diffuse.dds"/>
        <texture diffuse="$data/objects/pallets/shared/euroPallet/euroPalletMiddle_diffuse.dds"/>
        <texture diffuse="$data/objects/pallets/shared/euroPallet/euroPalletOld_diffuse.dds"/>

        <content>
            <object node="enokiBox01" tensionBeltNode="enokiBox_Tension01"/>
            <object node="enokiBox02" tensionBeltNode="enokiBox_Tension02"/>
            <object node="enokiBox03" tensionBeltNode="enokiBox_Tension03"/>
            <object node="enokiBox04" tensionBeltNode="enokiBox_Tension04"/>
            <object node="enokiBox05" tensionBeltNode="enokiBox_Tension05"/>
            <object node="enokiBox06" tensionBeltNode="enokiBox_Tension06"/>
            <object node="enokiBox07" tensionBeltNode="enokiBox_Tension07"/>
            <object node="enokiBox08" tensionBeltNode="enokiBox_Tension08"/>
            <object node="enokiBox09" tensionBeltNode="enokiBox_Tension09"/>
            <object node="enokiBox10" tensionBeltNode="enokiBox_Tension10"/>
            <object node="enokiBox11" tensionBeltNode="enokiBox_Tension11"/>
            <object node="enokiBox12" tensionBeltNode="enokiBox_Tension12"/>
            <object node="enokiBox13" tensionBeltNode="enokiBox_Tension13"/>
            <object node="enokiBox14" tensionBeltNode="enokiBox_Tension14"/>
            <object node="enokiBox15" tensionBeltNode="enokiBox_Tension15"/>
            <object node="enokiBox16" tensionBeltNode="enokiBox_Tension16"/>
            <object node="enokiBox17" tensionBeltNode="enokiBox_Tension17"/>
            <object node="enokiBox18" tensionBeltNode="enokiBox_Tension18"/>
            <object node="enokiBox19" tensionBeltNode="enokiBox_Tension19"/>
            <object node="enokiBox20" tensionBeltNode="enokiBox_Tension20"/>
            <object node="enokiBox21" tensionBeltNode="enokiBox_Tension21"/>
            <object node="enokiBox22" tensionBeltNode="enokiBox_Tension22"/>
            <object node="enokiBox23" tensionBeltNode="enokiBox_Tension23"/>
            <object node="enokiBox24" tensionBeltNode="enokiBox_Tension24"/>
        </content>

        <sounds>
            <unload template="palletsFillWood" pitchScale="0.9" />
        </sounds>
    </pallet>

    <dynamicMount triggerNode="dynamicMountTrigger" triggerForceAcceleration="4" additionalMountDistance="0.747" jointTransY="0.106" jointLimitToRotY="true"/>

    <i3dMappings>
        <i3dMapping id="enokiBoxPallet_main_component1" node="0>" />
        <i3dMapping id="dynamicMountTrigger" node="0>0" />
        <i3dMapping id="dischargeNode" node="0>1" />
        <i3dMapping id="enokiBox01" node="0>2|0" />
        <i3dMapping id="enokiBox_Tension01" node="0>2|0|1" />
        <i3dMapping id="enokiBox02" node="0>2|1" />
        <i3dMapping id="enokiBox_Tension02" node="0>2|1|0" />
        <i3dMapping id="enokiBox03" node="0>2|2" />
        <i3dMapping id="enokiBox_Tension03" node="0>2|2|1" />
        <i3dMapping id="enokiBox04" node="0>2|3" />
        <i3dMapping id="enokiBox_Tension04" node="0>2|3|0" />
        <i3dMapping id="enokiBox05" node="0>2|4" />
        <i3dMapping id="enokiBox_Tension05" node="0>2|4|0" />
        <i3dMapping id="enokiBox06" node="0>2|5" />
        <i3dMapping id="enokiBox_Tension06" node="0>2|5|0" />
        <i3dMapping id="enokiBox07" node="0>2|6" />
        <i3dMapping id="enokiBox_Tension07" node="0>2|6|0" />
        <i3dMapping id="enokiBox08" node="0>2|7" />
        <i3dMapping id="enokiBox_Tension08" node="0>2|7|0" />
        <i3dMapping id="enokiBox09" node="0>2|8" />
        <i3dMapping id="enokiBox_Tension09" node="0>2|8|0" />
        <i3dMapping id="enokiBox10" node="0>2|9" />
        <i3dMapping id="enokiBox_Tension10" node="0>2|9|0" />
        <i3dMapping id="enokiBox11" node="0>2|10" />
        <i3dMapping id="enokiBox_Tension11" node="0>2|10|0" />
        <i3dMapping id="enokiBox12" node="0>2|11" />
        <i3dMapping id="enokiBox_Tension12" node="0>2|11|0" />
        <i3dMapping id="enokiBox13" node="0>2|12" />
        <i3dMapping id="enokiBox_Tension13" node="0>2|12|0" />
        <i3dMapping id="enokiBox14" node="0>2|13" />
        <i3dMapping id="enokiBox_Tension14" node="0>2|13|0" />
        <i3dMapping id="enokiBox15" node="0>2|14" />
        <i3dMapping id="enokiBox_Tension15" node="0>2|14|0" />
        <i3dMapping id="enokiBox16" node="0>2|15" />
        <i3dMapping id="enokiBox_Tension16" node="0>2|15|0" />
        <i3dMapping id="enokiBox17" node="0>2|16" />
        <i3dMapping id="enokiBox_Tension17" node="0>2|16|0" />
        <i3dMapping id="enokiBox18" node="0>2|17" />
        <i3dMapping id="enokiBox_Tension18" node="0>2|17|0" />
        <i3dMapping id="enokiBox19" node="0>2|18" />
        <i3dMapping id="enokiBox_Tension19" node="0>2|18|0" />
        <i3dMapping id="enokiBox20" node="0>2|19" />
        <i3dMapping id="enokiBox_Tension20" node="0>2|19|0" />
        <i3dMapping id="enokiBox21" node="0>2|20" />
        <i3dMapping id="enokiBox_Tension21" node="0>2|20|0" />
        <i3dMapping id="enokiBox22" node="0>2|21" />
        <i3dMapping id="enokiBox_Tension22" node="0>2|21|0" />
        <i3dMapping id="enokiBox23" node="0>2|22" />
        <i3dMapping id="enokiBox_Tension23" node="0>2|22|0" />
        <i3dMapping id="enokiBox24" node="0>2|23" />
        <i3dMapping id="enokiBox_Tension24" node="0>2|23|0" />
    </i3dMappings>
</vehicle>
