<?xml version="1.0" encoding="utf-8" standalone="no" ?>
<vehicle type="pallet" xmlns:xsi="http://www.w3.org/2001/XMLSchema-instance" xsi:noNamespaceSchemaLocation="../../../../shared/xml/schema/vehicle.xsd">
    <annotation>Copyright (C) GIANTS Software GmbH, All Rights Reserved.</annotation>

    <storeData>
        <name>$l10n_storeItem_flourBoxPallet</name>
        <image>$data/objects/pallets/flourPallet/store_flourBoxPallet.png</image>
        <price>690</price>
        <category>pallets</category>
        <brand>NONE</brand>
        <showInStore>false</showInStore>
        <canBeSold>false</canBeSold>
        <financeCategory>OTHER</financeCategory>
        <vertexBufferMemoryUsage>20480</vertexBufferMemoryUsage>
        <indexBufferMemoryUsage>6400</indexBufferMemoryUsage>
        <textureMemoryUsage>262144</textureMemoryUsage>
        <instanceVertexBufferMemoryUsage>0</instanceVertexBufferMemoryUsage>
        <instanceIndexBufferMemoryUsage>0</instanceIndexBufferMemoryUsage>

        <storeIconRendering>
            <settings centerIcon="true" cameraXRot="-15" cameraYRot="35"/>
        </storeIconRendering>
        <audioMemoryUsage>0</audioMemoryUsage>
    </storeData>

    <base>
        <typeDesc>$l10n_typeDesc_pallet</typeDesc>
        <filename>$data/objects/pallets/flourPallet/flourBoxPallet.i3d</filename>
        <size width="1.3" length="0.9" height="1.2" />
        <canBeReset>false</canBeReset>
        <components maxMass="400">
            <component centerOfMass="0 0.1 0" solverIterationCount="10" mass="60"/>
        </components>
        <showInVehicleMenu>false</showInVehicleMenu>
        <mapHotspot available="false" />
        <input allowed="false"/>
    </base>

    <fillUnit>
        <fillUnitConfigurations>
            <fillUnitConfiguration name="$l10n_configuration_valueDefault">
                <fillUnits>
                    <fillUnit unitTextOverride="$l10n_unit_literShort" fillTypes="FLOUR RICEFLOUR" capacity="3000" startFillType="FLOUR" startFillLevel="0" ignoreFillLimit="true">
                        <fillRootNode node="0>" />

                        <fillTypeMaterials>
                            <material fillType="FLOUR" materialSlotName="flourBox_mat" diffuse="$data/objects/pallets/flourPallet/flourBox_diffuse.dds"/>
                            <material fillType="RICEFLOUR" materialSlotName="flourBox_mat" diffuse="$data/objects/pallets/flourPallet/riceFlourBox_diffuse.dds"/>
                        </fillTypeMaterials>
                    </fillUnit>
                </fillUnits>
            </fillUnitConfiguration>
        </fillUnitConfigurations>
    </fillUnit>

    <pallet fillUnitIndex="1" linkNode="flourBoxPallet_component1">
        <texture diffuse="$data/objects/pallets/shared/euroPallet/euroPalletNew_diffuse.dds"/>
        <texture diffuse="$data/objects/pallets/shared/euroPallet/euroPalletMiddle_diffuse.dds"/>
        <texture diffuse="$data/objects/pallets/shared/euroPallet/euroPalletOld_diffuse.dds"/>

        <content>
            <object node="flourBox01" tensionBeltNode="flourBox_Tension01"/>
            <object node="flourBox02" tensionBeltNode="flourBox_Tension02"/>
            <object node="flourBox03" tensionBeltNode="flourBox_Tension03"/>
            <object node="flourBox04" tensionBeltNode="flourBox_Tension04"/>
            <object node="flourBox05" tensionBeltNode="flourBox_Tension05"/>
            <object node="flourBox06" tensionBeltNode="flourBox_Tension06"/>
            <object node="flourBox07" tensionBeltNode="flourBox_Tension07"/>
            <object node="flourBox08" tensionBeltNode="flourBox_Tension08"/>
            <object node="flourBox09" tensionBeltNode="flourBox_Tension09"/>
            <object node="flourBox10" tensionBeltNode="flourBox_Tension10"/>
            <object node="flourBox11" tensionBeltNode="flourBox_Tension11"/>
            <object node="flourBox12" tensionBeltNode="flourBox_Tension12"/>
        </content>

        <sounds>
            <unload template="palletsFillBag" pitchScale="0.9" />
        </sounds>
    </pallet>

    <dynamicMount triggerNode="dynamicMountTrigger" triggerForceAcceleration="4" additionalMountDistance="1.1" jointTransY="0.11" jointLimitToRotY="true"/>

    <i3dMappings>
        <i3dMapping id="flourBoxPallet_component1" node="0>" />
        <i3dMapping id="dynamicMountTrigger" node="0>0" />
        <i3dMapping id="flourBox01" node="0>1|0" />
        <i3dMapping id="flourBox_Tension01" node="0>1|0|1" />
        <i3dMapping id="flourBox02" node="0>1|1" />
        <i3dMapping id="flourBox_Tension02" node="0>1|1|1" />
        <i3dMapping id="flourBox03" node="0>1|2" />
        <i3dMapping id="flourBox_Tension03" node="0>1|2|1" />
        <i3dMapping id="flourBox04" node="0>1|3" />
        <i3dMapping id="flourBox_Tension04" node="0>1|3|1" />
        <i3dMapping id="flourBox05" node="0>1|4" />
        <i3dMapping id="flourBox_Tension05" node="0>1|4|1" />
        <i3dMapping id="flourBox06" node="0>1|5" />
        <i3dMapping id="flourBox_Tension06" node="0>1|5|1" />
        <i3dMapping id="flourBox07" node="0>1|6" />
        <i3dMapping id="flourBox_Tension07" node="0>1|6|1" />
        <i3dMapping id="flourBox08" node="0>1|7" />
        <i3dMapping id="flourBox_Tension08" node="0>1|7|1" />
        <i3dMapping id="flourBox09" node="0>1|8" />
        <i3dMapping id="flourBox_Tension09" node="0>1|8|1" />
        <i3dMapping id="flourBox10" node="0>1|9" />
        <i3dMapping id="flourBox_Tension10" node="0>1|9|1" />
        <i3dMapping id="flourBox11" node="0>1|10" />
        <i3dMapping id="flourBox_Tension11" node="0>1|10|1" />
        <i3dMapping id="flourBox12" node="0>1|11" />
        <i3dMapping id="flourBox_Tension12" node="0>1|11|1" />
    </i3dMappings>
</vehicle>
