<?xml version="1.0" encoding="utf-8" standalone="no" ?>
<vehicle type="pallet" xmlns:xsi="http://www.w3.org/2001/XMLSchema-instance" xsi:noNamespaceSchemaLocation="../../../../shared/xml/schema/vehicle.xsd">
    <annotation>Copyright (C) GIANTS Software GmbH, All Rights Reserved.</annotation>

    <storeData>
        <name>$l10n_storeItem_furnitureStackPallet</name>
        <image>$data/objects/pallets/furnitureStackPallet/store_furnitureStackPallet.png</image>
        <price>1950</price>
        <category>pallets</category>
        <brand>NONE</brand>
        <showInStore>false</showInStore>
        <canBeSold>false</canBeSold>
        <financeCategory>OTHER</financeCategory>
        <vertexBufferMemoryUsage>12032</vertexBufferMemoryUsage>
        <indexBufferMemoryUsage>5632</indexBufferMemoryUsage>
        <textureMemoryUsage>262144</textureMemoryUsage>
        <instanceVertexBufferMemoryUsage>0</instanceVertexBufferMemoryUsage>
        <instanceIndexBufferMemoryUsage>0</instanceIndexBufferMemoryUsage>

        <storeIconRendering>
            <settings centerIcon="true" cameraXRot="-15" cameraYRot="35"/>
        </storeIconRendering>
        <audioMemoryUsage>0</audioMemoryUsage>
    </storeData>

    <base>
        <typeDesc>$l10n_typeDesc_pallet</typeDesc>
        <filename>$data/objects/pallets/furnitureStackPallet/furnitureStackPallet.i3d</filename>
        <size width="1.3" length="0.9" height="0.8" />
        <canBeReset>false</canBeReset>
        <components maxMass="400">
            <component centerOfMass="0 0.1 0" solverIterationCount="10" mass="60"/>
        </components>
        <showInVehicleMenu>false</showInVehicleMenu>
        <mapHotspot available="false" />
        <input allowed="false"/>
    </base>

    <fillUnit>
        <fillUnitConfigurations>
            <fillUnitConfiguration>
                <fillUnits>
                    <fillUnit unitTextOverride="$l10n_unit_literShort" fillTypes="FURNITURE" capacity="3000" ignoreFillLimit="true">
                        <fillLevelAnimation name="animation" resetOnEmpty="true" />
                    </fillUnit>
                </fillUnits>
            </fillUnitConfiguration>
        </fillUnitConfigurations>
    </fillUnit>

    <pallet fillUnitIndex="1" linkNode="furnitureStackPallet_component1">
        <texture diffuse="$data/objects/pallets/shared/euroPallet/euroPalletNew_diffuse.dds"/>
        <texture diffuse="$data/objects/pallets/shared/euroPallet/euroPalletMiddle_diffuse.dds"/>
        <texture diffuse="$data/objects/pallets/shared/euroPallet/euroPalletOld_diffuse.dds"/>

        <content>
            <object node="furnitureStack01"/>
            <object node="furnitureStack02"/>
            <object node="furnitureStack03"/>
            <object node="furnitureStack04"/>
            <object node="furnitureStack05"/>
            <object node="furnitureStack06"/>
            <object node="furnitureStack07"/>
            <object node="furnitureStack08"/>
            <object node="furnitureStack09"/>
        </content>

        <sounds>
            <unload template="palletsFillPaper" pitchScale="0.9" />
        </sounds>
    </pallet>

    <dynamicMount triggerNode="dynamicMountTrigger" triggerForceAcceleration="4" additionalMountDistance="0.7" jointTransY="0.11" jointLimitToRotY="true"/>

    <i3dMappings>
        <i3dMapping id="furnitureStackPallet_component1" node="0>" />
        <i3dMapping id="dynamicMountTrigger" node="0>0" />
        <i3dMapping id="dischargeNode" node="0>1" />
        <i3dMapping id="furnitureStack01" node="0>2|0" />
        <i3dMapping id="furnitureStack02" node="0>2|1" />
        <i3dMapping id="furnitureStack03" node="0>2|2" />
        <i3dMapping id="furnitureStack04" node="0>2|3" />
        <i3dMapping id="furnitureStack05" node="0>2|4" />
        <i3dMapping id="furnitureStack06" node="0>2|5" />
        <i3dMapping id="furnitureStack07" node="0>2|6" />
        <i3dMapping id="furnitureStack08" node="0>2|7" />
        <i3dMapping id="furnitureStack09" node="0>2|8" />
    </i3dMappings>
</vehicle>
