<?xml version="1.0" encoding="utf-8" standalone="no" ?>
<vehicle type="pallet" xmlns:xsi="http://www.w3.org/2001/XMLSchema-instance" xsi:noNamespaceSchemaLocation="../../../../shared/xml/schema/vehicle.xsd">
    <annotation>Copyright (C) GIANTS Software GmbH, All Rights Reserved.</annotation>

    <storeData>
        <name>$l10n_storeItem_grapePallet</name>
        <image>$data/objects/pallets/grapePallet/store_grapePallet.png</image>
        <price>603</price>
        <category>pallets</category>
        <brand>NONE</brand>
        <showInStore>false</showInStore>
        <canBeSold>false</canBeSold>
        <financeCategory>OTHER</financeCategory>
        <vertexBufferMemoryUsage>14080</vertexBufferMemoryUsage>
        <indexBufferMemoryUsage>4352</indexBufferMemoryUsage>
        <textureMemoryUsage>262144</textureMemoryUsage>
        <instanceVertexBufferMemoryUsage>0</instanceVertexBufferMemoryUsage>
        <instanceIndexBufferMemoryUsage>0</instanceIndexBufferMemoryUsage>
        <audioMemoryUsage>0</audioMemoryUsage>
    </storeData>

    <base>
        <typeDesc>$l10n_typeDesc_pallet</typeDesc>
        <filename>$data/objects/pallets/grapePallet/grapePallet.i3d</filename>
        <size width="1.3" length="0.9" height="0.9" />
        <canBeReset>false</canBeReset>
        <components maxMass="400">
            <component centerOfMass="0 0.1 0" solverIterationCount="10" mass="60"/>
        </components>
        <showInVehicleMenu>false</showInVehicleMenu>
        <mapHotspot available="false" />
        <input allowed="false"/>
    </base>

    <fillUnit>
        <fillUnitConfigurations>
            <fillUnitConfiguration>
                <fillUnits removeVehicleIfEmpty="true">
                    <fillUnit unitTextOverride="$l10n_unit_literShort" fillTypes="GRAPE" capacity="3000" ignoreFillLimit="true">
                        <exactFillRootNode node="exactFillRootNode" />
                    </fillUnit>
                </fillUnits>
            </fillUnitConfiguration>
        </fillUnitConfigurations>
    </fillUnit>

    <fillVolume>
        <fillVolumeConfigurations>
            <fillVolumeConfiguration>
                <volumes>
                    <volume node="fillVolume" maxAllowedHeapAngle="10" fillUnitIndex="1" />
                </volumes>
            </fillVolumeConfiguration>
        </fillVolumeConfigurations>
    </fillVolume>

    <dynamicMount triggerNode="dynamicMountTrigger" triggerForceAcceleration="4" additionalMountDistance="0.75" jointTransY="0.11" jointLimitToRotY="true"/>

    <fillTriggerVehicle triggerNode="fillTrigger" fillUnitIndex="1" litersPerSecond="200"/>

    <tensionBeltObject>
        <meshNodes>
            <meshNode node="tensionBeltMesh"/>
        </meshNodes>
    </tensionBeltObject>

    <i3dMappings>
        <i3dMapping id="grapePallet_component1" node="0>" />
        <i3dMapping id="grapePallet_vis" node="0>0" />
        <i3dMapping id="dynamicMountTrigger" node="0>0|0" />
        <i3dMapping id="dischargeNode" node="0>0|1" />
        <i3dMapping id="exactFillRootNode" node="0>0|2|0" />
        <i3dMapping id="fillTrigger" node="0>0|2|1" />
        <i3dMapping id="fillVolume" node="0>0|3" />
        <i3dMapping id="tensionBeltMesh" node="0>0|4" />
    </i3dMappings>
</vehicle>
