<?xml version="1.0" encoding="utf-8" standalone="no" ?>
<vehicle type="pallet" xmlns:xsi="http://www.w3.org/2001/XMLSchema-instance" xsi:noNamespaceSchemaLocation="../../../../shared/xml/schema/vehicle.xsd">
    <annotation>Copyright (C) GIANTS Software GmbH, All Rights Reserved.</annotation>

    <storeData>
        <name>$l10n_storeItem_jarredGreenBeansPallet</name>
        <image>$data/objects/pallets/jarredGreenBeansPallet/store_jarredGreenBeansPallet.png</image>
        <price>1886</price>
        <category>pallets</category>
        <brand>NONE</brand>
        <showInStore>false</showInStore>
        <canBeSold>false</canBeSold>
        <financeCategory>OTHER</financeCategory>
        <vertexBufferMemoryUsage>71424</vertexBufferMemoryUsage>
        <indexBufferMemoryUsage>21504</indexBufferMemoryUsage>
        <textureMemoryUsage>262144</textureMemoryUsage>
        <instanceVertexBufferMemoryUsage>0</instanceVertexBufferMemoryUsage>
        <instanceIndexBufferMemoryUsage>0</instanceIndexBufferMemoryUsage>

        <storeIconRendering>
            <settings centerIcon="true" cameraXRot="-15" cameraYRot="35"/>
        </storeIconRendering>
        <audioMemoryUsage>0</audioMemoryUsage>
    </storeData>

    <base>
        <typeDesc>$l10n_typeDesc_pallet</typeDesc>
        <filename>$data/objects/pallets/jarredGreenBeansPallet/jarredGreenBeansPallet.i3d</filename>
        <size width="1.3" length="0.9" height="0.8" />
        <canBeReset>false</canBeReset>
        <components maxMass="400">
            <component centerOfMass="0 0.1 0" solverIterationCount="10" mass="60" />
        </components>
        <showInVehicleMenu>false</showInVehicleMenu>
        <mapHotspot available="false" />
        <input allowed="false"/>
    </base>

    <fillUnit>
        <fillUnitConfigurations>
            <fillUnitConfiguration>
                <fillUnits>
                    <fillUnit unitTextOverride="$l10n_unit_literShort" fillTypes="JARRED_GREENBEAN" capacity="3000" ignoreFillLimit="true"/>
                </fillUnits>
            </fillUnitConfiguration>
        </fillUnitConfigurations>
    </fillUnit>

    <pallet fillUnitIndex="1" linkNode="jarredGreenBeansPallet_main_component1">
        <texture diffuse="$data/objects/pallets/shared/euroPallet/euroPalletNew_diffuse.dds"/>
        <texture diffuse="$data/objects/pallets/shared/euroPallet/euroPalletMiddle_diffuse.dds"/>
        <texture diffuse="$data/objects/pallets/shared/euroPallet/euroPalletOld_diffuse.dds"/>

        <content>
            <object node="jarredGreenBeans01" tensionBeltNode="jarredGreenBeans_Tension01"/>
            <object node="jarredGreenBeans02" tensionBeltNode="jarredGreenBeans_Tension02"/>
            <object node="jarredGreenBeans03" tensionBeltNode="jarredGreenBeans_Tension03"/>
            <object node="jarredGreenBeans04" tensionBeltNode="jarredGreenBeans_Tension04"/>
            <object node="jarredGreenBeans05" tensionBeltNode="jarredGreenBeans_Tension05"/>
            <object node="jarredGreenBeans06" tensionBeltNode="jarredGreenBeans_Tension06"/>
            <object node="jarredGreenBeans07" tensionBeltNode="jarredGreenBeans_Tension07"/>
            <object node="jarredGreenBeans08" tensionBeltNode="jarredGreenBeans_Tension08"/>
            <object node="jarredGreenBeans09" tensionBeltNode="jarredGreenBeans_Tension09"/>
            <object node="jarredGreenBeans10" tensionBeltNode="jarredGreenBeans_Tension10"/>
            <object node="jarredGreenBeans11" tensionBeltNode="jarredGreenBeans_Tension11"/>
            <object node="jarredGreenBeans12" tensionBeltNode="jarredGreenBeans_Tension12"/>
            <object node="jarredGreenBeans13" tensionBeltNode="jarredGreenBeans_Tension13"/>
            <object node="jarredGreenBeans14" tensionBeltNode="jarredGreenBeans_Tension14"/>
            <object node="jarredGreenBeans15" tensionBeltNode="jarredGreenBeans_Tension15"/>
            <object node="jarredGreenBeans16" tensionBeltNode="jarredGreenBeans_Tension16"/>
        </content>

        <sounds>
            <unload template="palletsFillWood" pitchScale="0.9" />
        </sounds>
    </pallet>

    <dynamicMount triggerNode="dynamicMountTrigger" triggerForceAcceleration="4" additionalMountDistance="0.747" jointTransY="0.106" jointLimitToRotY="true"/>

    <i3dMappings>
        <i3dMapping id="jarredGreenBeansPallet_main_component1" node="0>" />
        <i3dMapping id="dynamicMountTrigger" node="0>0" />
        <i3dMapping id="dischargeNode" node="0>1" />
        <i3dMapping id="jarredGreenBeans01" node="0>2|0" />
        <i3dMapping id="jarredGreenBeans_Tension01" node="0>2|0|1" />
        <i3dMapping id="jarredGreenBeans02" node="0>2|1" />
        <i3dMapping id="jarredGreenBeans_Tension02" node="0>2|1|0" />
        <i3dMapping id="jarredGreenBeans03" node="0>2|2" />
        <i3dMapping id="jarredGreenBeans_Tension03" node="0>2|2|0" />
        <i3dMapping id="jarredGreenBeans04" node="0>2|3" />
        <i3dMapping id="jarredGreenBeans_Tension04" node="0>2|3|0" />
        <i3dMapping id="jarredGreenBeans05" node="0>2|4" />
        <i3dMapping id="jarredGreenBeans_Tension05" node="0>2|4|0" />
        <i3dMapping id="jarredGreenBeans06" node="0>2|5" />
        <i3dMapping id="jarredGreenBeans_Tension06" node="0>2|5|0" />
        <i3dMapping id="jarredGreenBeans07" node="0>2|6" />
        <i3dMapping id="jarredGreenBeans_Tension07" node="0>2|6|0" />
        <i3dMapping id="jarredGreenBeans08" node="0>2|7" />
        <i3dMapping id="jarredGreenBeans_Tension08" node="0>2|7|0" />
        <i3dMapping id="jarredGreenBeans09" node="0>2|8" />
        <i3dMapping id="jarredGreenBeans_Tension09" node="0>2|8|0" />
        <i3dMapping id="jarredGreenBeans10" node="0>2|9" />
        <i3dMapping id="jarredGreenBeans_Tension10" node="0>2|9|0" />
        <i3dMapping id="jarredGreenBeans11" node="0>2|10" />
        <i3dMapping id="jarredGreenBeans_Tension11" node="0>2|10|0" />
        <i3dMapping id="jarredGreenBeans12" node="0>2|11" />
        <i3dMapping id="jarredGreenBeans_Tension12" node="0>2|11|0" />
        <i3dMapping id="jarredGreenBeans13" node="0>2|12" />
        <i3dMapping id="jarredGreenBeans_Tension13" node="0>2|12|0" />
        <i3dMapping id="jarredGreenBeans14" node="0>2|13" />
        <i3dMapping id="jarredGreenBeans_Tension14" node="0>2|13|0" />
        <i3dMapping id="jarredGreenBeans15" node="0>2|14" />
        <i3dMapping id="jarredGreenBeans_Tension15" node="0>2|14|0" />
        <i3dMapping id="jarredGreenBeans16" node="0>2|15" />
        <i3dMapping id="jarredGreenBeans_Tension16" node="0>2|15|0" />
    </i3dMappings>
</vehicle>
