<?xml version="1.0" encoding="utf-8" standalone="no" ?>
<vehicle type="pallet" xmlns:xsi="http://www.w3.org/2001/XMLSchema-instance" xsi:noNamespaceSchemaLocation="../../../../shared/xml/schema/vehicle.xsd">
    <annotation>Copyright (C) GIANTS Software GmbH, All Rights Reserved.</annotation>

    <storeData>
        <name>$l10n_storeItem_milkBottlesBoxPallet</name>
        <image>$data/objects/pallets/milkBottlesBoxPallet/store_milkBottlesBoxPallet.png</image>
        <price>580</price> <!--TODO-->
        <category>pallets</category>
        <brand>NONE</brand>
        <showInStore>false</showInStore>
        <canBeSold>false</canBeSold>
        <financeCategory>OTHER</financeCategory>
        <vertexBufferMemoryUsage>42496</vertexBufferMemoryUsage>
        <indexBufferMemoryUsage>15360</indexBufferMemoryUsage>
        <textureMemoryUsage>524288</textureMemoryUsage>
        <instanceVertexBufferMemoryUsage>0</instanceVertexBufferMemoryUsage>
        <instanceIndexBufferMemoryUsage>0</instanceIndexBufferMemoryUsage>

        <storeIconRendering>
            <settings centerIcon="true" cameraXRot="-15" cameraYRot="35"/>
        </storeIconRendering>
        <audioMemoryUsage>0</audioMemoryUsage>
    </storeData>

    <base>
        <typeDesc>$l10n_typeDesc_pallet</typeDesc>
        <filename>$data/objects/pallets/milkBottlesBoxPallet/milkBottlesBoxPallet.i3d</filename>
        <size width="1.3" length="0.9" height="0.65" />
        <canBeReset>false</canBeReset>
        <components maxMass="450">
            <component centerOfMass="0 0.2 0" solverIterationCount="10" mass="60"/>
        </components>
        <showInVehicleMenu>false</showInVehicleMenu>
        <mapHotspot available="false" />
        <input allowed="false"/>
    </base>

    <fillUnit>
        <fillUnitConfigurations>
            <fillUnitConfiguration name="$l10n_configuration_valueDefault">
                <fillUnits>
                    <fillUnit unitTextOverride="$l10n_unit_literShort" fillTypes="MILK_BOTTLED GOATMILK_BOTTLED BUFFALOMILK_BOTTLED" capacity="3000" startFillType="MILK_BOTTLED" startFillLevel="0" ignoreFillLimit="true">
                        <fillRootNode node="0>" />

                        <fillTypeMaterials>
                            <material fillType="MILK_BOTTLED" materialSlotName="milkBottlesCowBox_mat" diffuse="$data/objects/pallets/milkBottlesBoxPallet/milkBottlesCowBox_diffuse.dds"/>
                            <material fillType="GOATMILK_BOTTLED" materialSlotName="milkBottlesCowBox_mat" diffuse="$data/objects/pallets/milkBottlesBoxPallet/milkBottlesGoatBox_diffuse.dds"/>
                            <material fillType="BUFFALOMILK_BOTTLED" materialSlotName="milkBottlesCowBox_mat" diffuse="$data/objects/pallets/milkBottlesBoxPallet/milkBottlesBuffalotBox_diffuse.dds"/>
                        </fillTypeMaterials>
                    </fillUnit>
                </fillUnits>
            </fillUnitConfiguration>
        </fillUnitConfigurations>
    </fillUnit>

    <pallet fillUnitIndex="1" linkNode="milkBoxPallet_component1">
        <texture diffuse="$data/objects/pallets/shared/euroPallet/euroPalletNew_diffuse.dds"/>
        <texture diffuse="$data/objects/pallets/shared/euroPallet/euroPalletMiddle_diffuse.dds"/>
        <texture diffuse="$data/objects/pallets/shared/euroPallet/euroPalletOld_diffuse.dds"/>

        <content>
            <object node="milkBottlesBox01" tensionBeltNode="milkBottlesBox_Tension01"/>
            <object node="milkBottlesBox02" tensionBeltNode="milkBottlesBox_Tension02"/>
            <object node="milkBottlesBox03" tensionBeltNode="milkBottlesBox_Tension03"/>
            <object node="milkBottlesBox04" tensionBeltNode="milkBottlesBox_Tension04"/>
            <object node="milkBottlesBox05" tensionBeltNode="milkBottlesBox_Tension05"/>
            <object node="milkBottlesBox06" tensionBeltNode="milkBottlesBox_Tension06"/>
            <object node="milkBottlesBox07" tensionBeltNode="milkBottlesBox_Tension07"/>
            <object node="milkBottlesBox08" tensionBeltNode="milkBottlesBox_Tension08"/>
            <object node="milkBottlesBox09" tensionBeltNode="milkBottlesBox_Tension09"/>
            <object node="milkBottlesBox10" tensionBeltNode="milkBottlesBox_Tension10"/>
            <object node="milkBottlesBox11" tensionBeltNode="milkBottlesBox_Tension11"/>
            <object node="milkBottlesBox12" tensionBeltNode="milkBottlesBox_Tension12"/>
            <object node="milkBottlesBox13" tensionBeltNode="milkBottlesBox_Tension13"/>
            <object node="milkBottlesBox14" tensionBeltNode="milkBottlesBox_Tension14"/>
            <object node="milkBottlesBox15" tensionBeltNode="milkBottlesBox_Tension15"/>
            <object node="milkBottlesBox16" tensionBeltNode="milkBottlesBox_Tension16"/>
            <object node="milkBottlesBox17" tensionBeltNode="milkBottlesBox_Tension17"/>
            <object node="milkBottlesBox18" tensionBeltNode="milkBottlesBox_Tension18"/>
            <object node="milkBottlesBox19" tensionBeltNode="milkBottlesBox_Tension19"/>
            <object node="milkBottlesBox20" tensionBeltNode="milkBottlesBox_Tension20"/>
            <object node="milkBottlesBox21" tensionBeltNode="milkBottlesBox_Tension21"/>
            <object node="milkBottlesBox22" tensionBeltNode="milkBottlesBox_Tension22"/>
            <object node="milkBottlesBox23" tensionBeltNode="milkBottlesBox_Tension23"/>
            <object node="milkBottlesBox24" tensionBeltNode="milkBottlesBox_Tension24"/>
        </content>

        <sounds>
            <unload template="palletsFillOil" pitchScale="0.8" />
        </sounds>
    </pallet>

    <dynamicMount triggerNode="dynamicMountTrigger" triggerForceAcceleration="4" additionalMountDistance="0.64" jointTransY="0.106" jointLimitToRotY="true"/>

    <i3dMappings>
        <i3dMapping id="milkBoxPallet_component1" node="0>" />
        <i3dMapping id="dynamicMountTrigger" node="0>0" />
        <i3dMapping id="dischargeNode" node="0>1" />
        <i3dMapping id="milkBottlesBox01" node="0>2|0" />
        <i3dMapping id="milkBottlesBox_Tension01" node="0>2|0|1" />
        <i3dMapping id="milkBottlesBox02" node="0>2|1" />
        <i3dMapping id="milkBottlesBox_Tension02" node="0>2|1|0" />
        <i3dMapping id="milkBottlesBox03" node="0>2|2" />
        <i3dMapping id="milkBottlesBox_Tension03" node="0>2|2|0" />
        <i3dMapping id="milkBottlesBox04" node="0>2|3" />
        <i3dMapping id="milkBottlesBox_Tension04" node="0>2|3|0" />
        <i3dMapping id="milkBottlesBox05" node="0>2|4" />
        <i3dMapping id="milkBottlesBox_Tension05" node="0>2|4|0" />
        <i3dMapping id="milkBottlesBox06" node="0>2|5" />
        <i3dMapping id="milkBottlesBox_Tension06" node="0>2|5|0" />
        <i3dMapping id="milkBottlesBox07" node="0>2|6" />
        <i3dMapping id="milkBottlesBox_Tension07" node="0>2|6|0" />
        <i3dMapping id="milkBottlesBox08" node="0>2|7" />
        <i3dMapping id="milkBottlesBox_Tension08" node="0>2|7|0" />
        <i3dMapping id="milkBottlesBox09" node="0>2|8" />
        <i3dMapping id="milkBottlesBox_Tension09" node="0>2|8|0" />
        <i3dMapping id="milkBottlesBox10" node="0>2|9" />
        <i3dMapping id="milkBottlesBox_Tension10" node="0>2|9|0" />
        <i3dMapping id="milkBottlesBox11" node="0>2|10" />
        <i3dMapping id="milkBottlesBox_Tension11" node="0>2|10|0" />
        <i3dMapping id="milkBottlesBox12" node="0>2|11" />
        <i3dMapping id="milkBottlesBox_Tension12" node="0>2|11|0" />
        <i3dMapping id="milkBottlesBox13" node="0>2|12" />
        <i3dMapping id="milkBottlesBox_Tension13" node="0>2|12|0" />
        <i3dMapping id="milkBottlesBox14" node="0>2|13" />
        <i3dMapping id="milkBottlesBox_Tension14" node="0>2|13|0" />
        <i3dMapping id="milkBottlesBox15" node="0>2|14" />
        <i3dMapping id="milkBottlesBox_Tension15" node="0>2|14|0" />
        <i3dMapping id="milkBottlesBox16" node="0>2|15" />
        <i3dMapping id="milkBottlesBox_Tension16" node="0>2|15|0" />
        <i3dMapping id="milkBottlesBox17" node="0>2|16" />
        <i3dMapping id="milkBottlesBox_Tension17" node="0>2|16|0" />
        <i3dMapping id="milkBottlesBox18" node="0>2|17" />
        <i3dMapping id="milkBottlesBox_Tension18" node="0>2|17|0" />
        <i3dMapping id="milkBottlesBox19" node="0>2|18" />
        <i3dMapping id="milkBottlesBox_Tension19" node="0>2|18|0" />
        <i3dMapping id="milkBottlesBox20" node="0>2|19" />
        <i3dMapping id="milkBottlesBox_Tension20" node="0>2|19|0" />
        <i3dMapping id="milkBottlesBox21" node="0>2|20" />
        <i3dMapping id="milkBottlesBox_Tension21" node="0>2|20|0" />
        <i3dMapping id="milkBottlesBox22" node="0>2|21" />
        <i3dMapping id="milkBottlesBox_Tension22" node="0>2|21|0" />
        <i3dMapping id="milkBottlesBox23" node="0>2|22" />
        <i3dMapping id="milkBottlesBox_Tension23" node="0>2|22|0" />
        <i3dMapping id="milkBottlesBox24" node="0>2|23" />
        <i3dMapping id="milkBottlesBox_Tension24" node="0>2|23|0" />
    </i3dMappings>
</vehicle>
