<?xml version="1.0" encoding="utf-8" standalone="no" ?>
<vehicle type="pallet" xmlns:xsi="http://www.w3.org/2001/XMLSchema-instance" xsi:noNamespaceSchemaLocation="../../../../shared/xml/schema/vehicle.xsd">
    <annotation>Copyright (C) GIANTS Software GmbH, All Rights Reserved.</annotation>

    <storeData>
        <name>$l10n_storeItem_napaCabbageBoxPallet</name>
        <image>$data/objects/pallets/napaCabbageBoxPallet/store_napaCabbageBoxPallet.png</image>
        <price>550</price>
        <category>pallets</category>
        <brand>NONE</brand>
        <showInStore>false</showInStore>
        <canBeSold>false</canBeSold>
        <financeCategory>OTHER</financeCategory>
        <vertexBufferMemoryUsage>40448</vertexBufferMemoryUsage>
        <indexBufferMemoryUsage>15872</indexBufferMemoryUsage>
        <textureMemoryUsage>262144</textureMemoryUsage>
        <instanceVertexBufferMemoryUsage>0</instanceVertexBufferMemoryUsage>
        <instanceIndexBufferMemoryUsage>0</instanceIndexBufferMemoryUsage>

        <storeIconRendering>
            <settings centerIcon="true" cameraXRot="-15" cameraYRot="35"/>
        </storeIconRendering>
        <audioMemoryUsage>0</audioMemoryUsage>
    </storeData>

    <base>
        <typeDesc>$l10n_typeDesc_pallet</typeDesc>
        <filename>$data/objects/pallets/napaCabbageBoxPallet/napaCabbageBoxPallet.i3d</filename>
        <size width="1.3" length="0.9" height="0.55" />
        <canBeReset>false</canBeReset>
        <components maxMass="400">
            <component centerOfMass="0 0.1 0" solverIterationCount="10" mass="60"/>
        </components>
        <showInVehicleMenu>false</showInVehicleMenu>
        <mapHotspot available="false" />
        <input allowed="false"/>
    </base>

    <fillUnit>
        <fillUnitConfigurations>
            <fillUnitConfiguration>
                <fillUnits>
                    <fillUnit unitTextOverride="$l10n_unit_literShort" fillTypes="NAPACABBAGE" capacity="3000" ignoreFillLimit="true"/>
                </fillUnits>
            </fillUnitConfiguration>
        </fillUnitConfigurations>
    </fillUnit>

    <pallet fillUnitIndex="1" linkNode="lettuceBoxPallet_component1">
        <texture diffuse="$data/objects/pallets/shared/euroPallet/euroPalletNew_diffuse.dds"/>
        <texture diffuse="$data/objects/pallets/shared/euroPallet/euroPalletMiddle_diffuse.dds"/>
        <texture diffuse="$data/objects/pallets/shared/euroPallet/euroPalletOld_diffuse.dds"/>

        <content>
            <object node="cabbageBox01" tensionBeltNode="cabbageBox_Tension01"/>
            <object node="cabbageBox02" tensionBeltNode="cabbageBox_Tension02"/>
            <object node="cabbageBox03" tensionBeltNode="cabbageBox_Tension03"/>
            <object node="cabbageBox04" tensionBeltNode="cabbageBox_Tension04"/>
            <object node="cabbageBox05" tensionBeltNode="cabbageBox_Tension05"/>
            <object node="cabbageBox06" tensionBeltNode="cabbageBox_Tension06"/>
            <object node="cabbageBox07" tensionBeltNode="cabbageBox_Tension07"/>
            <object node="cabbageBox08" tensionBeltNode="cabbageBox_Tension08"/>
            <object node="cabbageBox09" tensionBeltNode="cabbageBox_Tension09"/>
            <object node="cabbageBox10" tensionBeltNode="cabbageBox_Tension10"/>
            <object node="cabbageBox11" tensionBeltNode="cabbageBox_Tension11"/>
            <object node="cabbageBox12" tensionBeltNode="cabbageBox_Tension12"/>
            <object node="cabbageBox13" tensionBeltNode="cabbageBox_Tension13"/>
            <object node="cabbageBox14" tensionBeltNode="cabbageBox_Tension14"/>
            <object node="cabbageBox15" tensionBeltNode="cabbageBox_Tension15"/>
            <object node="cabbageBox16" tensionBeltNode="cabbageBox_Tension16"/>
        </content>

        <sounds>
            <unload template="palletsFillWood" pitchScale="0.8" />
        </sounds>
    </pallet>

    <dynamicMount triggerNode="dynamicMountTrigger" triggerForceAcceleration="5" additionalMountDistance="0.501" jointTransY="0.11" jointLimitToRotY="true"/>

    <i3dMappings>
        <i3dMapping id="lettuceBoxPallet_component1" node="0>" />
        <i3dMapping id="dynamicMountTrigger" node="0>0" />
        <i3dMapping id="dischargeNode" node="0>1" />
        <i3dMapping id="cabbageBox01" node="0>2|0" />
        <i3dMapping id="cabbageBox_Tension01" node="0>2|0|1" />
        <i3dMapping id="cabbageBox02" node="0>2|1" />
        <i3dMapping id="cabbageBox_Tension02" node="0>2|1|0" />
        <i3dMapping id="cabbageBox03" node="0>2|2" />
        <i3dMapping id="cabbageBox_Tension03" node="0>2|2|0" />
        <i3dMapping id="cabbageBox04" node="0>2|3" />
        <i3dMapping id="cabbageBox_Tension04" node="0>2|3|0" />
        <i3dMapping id="cabbageBox05" node="0>2|4" />
        <i3dMapping id="cabbageBox_Tension05" node="0>2|4|0" />
        <i3dMapping id="cabbageBox06" node="0>2|5" />
        <i3dMapping id="cabbageBox_Tension06" node="0>2|5|0" />
        <i3dMapping id="cabbageBox07" node="0>2|6" />
        <i3dMapping id="cabbageBox_Tension07" node="0>2|6|0" />
        <i3dMapping id="cabbageBox08" node="0>2|7" />
        <i3dMapping id="cabbageBox_Tension08" node="0>2|7|0" />
        <i3dMapping id="cabbageBox09" node="0>2|8" />
        <i3dMapping id="cabbageBox_Tension09" node="0>2|8|0" />
        <i3dMapping id="cabbageBox10" node="0>2|9" />
        <i3dMapping id="cabbageBox_Tension10" node="0>2|9|0" />
        <i3dMapping id="cabbageBox11" node="0>2|10" />
        <i3dMapping id="cabbageBox_Tension11" node="0>2|10|0" />
        <i3dMapping id="cabbageBox12" node="0>2|11" />
        <i3dMapping id="cabbageBox_Tension12" node="0>2|11|0" />
        <i3dMapping id="cabbageBox13" node="0>2|12" />
        <i3dMapping id="cabbageBox_Tension13" node="0>2|12|0" />
        <i3dMapping id="cabbageBox14" node="0>2|13" />
        <i3dMapping id="cabbageBox_Tension14" node="0>2|13|0" />
        <i3dMapping id="cabbageBox15" node="0>2|14" />
        <i3dMapping id="cabbageBox_Tension15" node="0>2|14|0" />
        <i3dMapping id="cabbageBox16" node="0>2|15" />
        <i3dMapping id="cabbageBox_Tension16" node="0>2|15|0" />
    </i3dMappings>
</vehicle>
