<?xml version="1.0" encoding="utf-8" standalone="no" ?>
<vehicle type="pallet" xmlns:xsi="http://www.w3.org/2001/XMLSchema-instance" xsi:noNamespaceSchemaLocation="../../../../shared/xml/schema/vehicle.xsd">
    <annotation>Copyright (C) GIANTS Software GmbH, All Rights Reserved.</annotation>

    <storeData>
        <name>$l10n_storeItem_oliveOilPallet</name>
        <image>$data/objects/pallets/oliveOilPallet/store_oliveOilPallet.png</image>
        <price>2440</price>
        <category>pallets</category>
        <brand>NONE</brand>
        <showInStore>false</showInStore>
        <canBeSold>false</canBeSold>
        <financeCategory>OTHER</financeCategory>
        <vertexBufferMemoryUsage>83968</vertexBufferMemoryUsage>
        <indexBufferMemoryUsage>20736</indexBufferMemoryUsage>
        <textureMemoryUsage>262144</textureMemoryUsage>
        <instanceVertexBufferMemoryUsage>0</instanceVertexBufferMemoryUsage>
        <instanceIndexBufferMemoryUsage>0</instanceIndexBufferMemoryUsage>

        <storeIconRendering>
            <settings centerIcon="true" cameraXRot="-15" cameraYRot="35"/>
        </storeIconRendering>
        <audioMemoryUsage>0</audioMemoryUsage>
    </storeData>

    <base>
        <typeDesc>$l10n_typeDesc_pallet</typeDesc>
        <filename>$data/objects/pallets/oliveOilPallet/oliveOilPallet.i3d</filename>
        <size width="1.3" length="0.9" height="0.5" />
        <canBeReset>false</canBeReset>
        <components maxMass="400">
            <component centerOfMass="0 0.1 0" solverIterationCount="10" mass="60"/>
        </components>
        <showInVehicleMenu>false</showInVehicleMenu>
        <mapHotspot available="false" />
        <input allowed="false"/>
    </base>

    <fillUnit>
        <fillUnitConfigurations>
            <fillUnitConfiguration>
                <fillUnits>
                    <fillUnit unitTextOverride="$l10n_unit_literShort" fillTypes="OLIVE_OIL" capacity="3000" ignoreFillLimit="true"/>
                </fillUnits>
            </fillUnitConfiguration>
        </fillUnitConfigurations>
    </fillUnit>

    <pallet fillUnitIndex="1" linkNode="oliveOilPallet_component1">
        <texture diffuse="$data/objects/pallets/shared/euroPallet/euroPalletNew_diffuse.dds"/>
        <texture diffuse="$data/objects/pallets/shared/euroPallet/euroPalletMiddle_diffuse.dds"/>
        <texture diffuse="$data/objects/pallets/shared/euroPallet/euroPalletOld_diffuse.dds"/>

        <content>
            <object node="oliveOil01" tensionBeltNode="oliveOil_Tension01"/>
            <object node="oliveOil02" tensionBeltNode="oliveOil_Tension02"/>
            <object node="oliveOil03" tensionBeltNode="oliveOil_Tension03"/>
            <object node="oliveOil04" tensionBeltNode="oliveOil_Tension04"/>
        </content>

        <sounds>
            <unload template="palletsFillOil" pitchScale="0.9" />
        </sounds>
    </pallet>

    <dynamicMount triggerNode="dynamicMountTrigger" triggerForceAcceleration="5" additionalMountDistance="0.4" jointTransY="0.11" jointLimitToRotY="true"/>

    <i3dMappings>
        <i3dMapping id="oliveOilPallet_component1" node="0>" />
        <i3dMapping id="dynamicMountTrigger" node="0>0" />
        <i3dMapping id="oliveOil01" node="0>1|0" />
        <i3dMapping id="oliveOil_Tension01" node="0>1|0|1" />
        <i3dMapping id="oliveOil02" node="0>1|1" />
        <i3dMapping id="oliveOil_Tension02" node="0>1|1|1" />
        <i3dMapping id="oliveOil03" node="0>1|2" />
        <i3dMapping id="oliveOil_Tension03" node="0>1|2|1" />
        <i3dMapping id="oliveOil04" node="0>1|3" />
        <i3dMapping id="oliveOil_Tension04" node="0>1|3|1" />
    </i3dMappings>
</vehicle>
