<?xml version="1.0" encoding="utf-8" standalone="no" ?>
<vehicle type="pallet" xmlns:xsi="http://www.w3.org/2001/XMLSchema-instance" xsi:noNamespaceSchemaLocation="../../../../shared/xml/schema/vehicle.xsd">
    <annotation>Copyright (C) GIANTS Software GmbH, All Rights Reserved.</annotation>

    <storeData>
        <name>$l10n_storeItem_oysterBoxPallet</name>
        <image>$data/objects/pallets/oysterBoxPallet/store_oysterBoxPallet.png</image>
        <price>865</price>
        <category>pallets</category>
        <brand>NONE</brand>
        <showInStore>false</showInStore>
        <canBeSold>false</canBeSold>
        <financeCategory>OTHER</financeCategory>
        <vertexBufferMemoryUsage>60160</vertexBufferMemoryUsage>
        <indexBufferMemoryUsage>17920</indexBufferMemoryUsage>
        <textureMemoryUsage>458752</textureMemoryUsage>
        <instanceVertexBufferMemoryUsage>0</instanceVertexBufferMemoryUsage>
        <instanceIndexBufferMemoryUsage>0</instanceIndexBufferMemoryUsage>

        <storeIconRendering>
            <settings centerIcon="true" cameraXRot="-15" cameraYRot="35"/>
        </storeIconRendering>
        <audioMemoryUsage>0</audioMemoryUsage>
    </storeData>

    <base>
        <typeDesc>$l10n_typeDesc_pallet</typeDesc>
        <filename>$data/objects/pallets/oysterBoxPallet/oysterBoxPallet.i3d</filename>
        <size width="1.3" length="0.9" height="0.8" />
        <canBeReset>false</canBeReset>
        <components maxMass="400">
            <component centerOfMass="0 0.1 0" solverIterationCount="10" mass="60" />
        </components>
        <showInVehicleMenu>false</showInVehicleMenu>
        <mapHotspot available="false" />
        <input allowed="false"/>
    </base>

    <fillUnit>
        <fillUnitConfigurations>
            <fillUnitConfiguration>
                <fillUnits>
                    <fillUnit unitTextOverride="$l10n_unit_literShort" fillTypes="OYSTER" capacity="3000" ignoreFillLimit="true"/>
                </fillUnits>
            </fillUnitConfiguration>
        </fillUnitConfigurations>
    </fillUnit>

    <pallet fillUnitIndex="1" linkNode="oysterBoxPallet_main_component1">
        <texture diffuse="$data/objects/pallets/shared/euroPallet/euroPalletNew_diffuse.dds"/>
        <texture diffuse="$data/objects/pallets/shared/euroPallet/euroPalletMiddle_diffuse.dds"/>
        <texture diffuse="$data/objects/pallets/shared/euroPallet/euroPalletOld_diffuse.dds"/>

        <content>
            <object node="oysterBox01" tensionBeltNode="oysterBox_Tension01"/>
            <object node="oysterBox02" tensionBeltNode="oysterBox_Tension02"/>
            <object node="oysterBox03" tensionBeltNode="oysterBox_Tension03"/>
            <object node="oysterBox04" tensionBeltNode="oysterBox_Tension04"/>
            <object node="oysterBox05" tensionBeltNode="oysterBox_Tension05"/>
            <object node="oysterBox06" tensionBeltNode="oysterBox_Tension06"/>
            <object node="oysterBox07" tensionBeltNode="oysterBox_Tension07"/>
            <object node="oysterBox08" tensionBeltNode="oysterBox_Tension08"/>
            <object node="oysterBox09" tensionBeltNode="oysterBox_Tension09"/>
            <object node="oysterBox10" tensionBeltNode="oysterBox_Tension10"/>
            <object node="oysterBox11" tensionBeltNode="oysterBox_Tension11"/>
            <object node="oysterBox12" tensionBeltNode="oysterBox_Tension12"/>
            <object node="oysterBox13" tensionBeltNode="oysterBox_Tension13"/>
            <object node="oysterBox14" tensionBeltNode="oysterBox_Tension14"/>
            <object node="oysterBox15" tensionBeltNode="oysterBox_Tension15"/>
            <object node="oysterBox16" tensionBeltNode="oysterBox_Tension16"/>
            <object node="oysterBox17" tensionBeltNode="oysterBox_Tension17"/>
            <object node="oysterBox18" tensionBeltNode="oysterBox_Tension18"/>
            <object node="oysterBox19" tensionBeltNode="oysterBox_Tension19"/>
            <object node="oysterBox20" tensionBeltNode="oysterBox_Tension20"/>
            <object node="oysterBox21" tensionBeltNode="oysterBox_Tension21"/>
            <object node="oysterBox22" tensionBeltNode="oysterBox_Tension22"/>
            <object node="oysterBox23" tensionBeltNode="oysterBox_Tension23"/>
            <object node="oysterBox24" tensionBeltNode="oysterBox_Tension24"/>
        </content>

        <sounds>
            <unload template="palletsFillPlastic" pitchScale="0.9" />
        </sounds>
    </pallet>

    <dynamicMount triggerNode="dynamicMountTrigger" triggerForceAcceleration="4" additionalMountDistance="0.747" jointTransY="0.106" jointLimitToRotY="true"/>

    <i3dMappings>
        <i3dMapping id="oysterBoxPallet_main_component1" node="0>" />
        <i3dMapping id="dynamicMountTrigger" node="0>0" />
        <i3dMapping id="dischargeNode" node="0>1" />
        <i3dMapping id="oysterBox01" node="0>2|0" />
        <i3dMapping id="oysterBox_Tension01" node="0>2|0|1" />
        <i3dMapping id="oysterBox02" node="0>2|1" />
        <i3dMapping id="oysterBox_Tension02" node="0>2|1|0" />
        <i3dMapping id="oysterBox03" node="0>2|2" />
        <i3dMapping id="oysterBox_Tension03" node="0>2|2|0" />
        <i3dMapping id="oysterBox04" node="0>2|3" />
        <i3dMapping id="oysterBox_Tension04" node="0>2|3|0" />
        <i3dMapping id="oysterBox05" node="0>2|4" />
        <i3dMapping id="oysterBox_Tension05" node="0>2|4|0" />
        <i3dMapping id="oysterBox06" node="0>2|5" />
        <i3dMapping id="oysterBox_Tension06" node="0>2|5|0" />
        <i3dMapping id="oysterBox07" node="0>2|6" />
        <i3dMapping id="oysterBox_Tension07" node="0>2|6|0" />
        <i3dMapping id="oysterBox08" node="0>2|7" />
        <i3dMapping id="oysterBox_Tension08" node="0>2|7|0" />
        <i3dMapping id="oysterBox09" node="0>2|8" />
        <i3dMapping id="oysterBox_Tension09" node="0>2|8|0" />
        <i3dMapping id="oysterBox10" node="0>2|9" />
        <i3dMapping id="oysterBox_Tension10" node="0>2|9|0" />
        <i3dMapping id="oysterBox11" node="0>2|10" />
        <i3dMapping id="oysterBox_Tension11" node="0>2|10|0" />
        <i3dMapping id="oysterBox12" node="0>2|11" />
        <i3dMapping id="oysterBox_Tension12" node="0>2|11|0" />
        <i3dMapping id="oysterBox13" node="0>2|12" />
        <i3dMapping id="oysterBox_Tension13" node="0>2|12|0" />
        <i3dMapping id="oysterBox14" node="0>2|13" />
        <i3dMapping id="oysterBox_Tension14" node="0>2|13|0" />
        <i3dMapping id="oysterBox15" node="0>2|14" />
        <i3dMapping id="oysterBox_Tension15" node="0>2|14|0" />
        <i3dMapping id="oysterBox16" node="0>2|15" />
        <i3dMapping id="oysterBox_Tension16" node="0>2|15|0" />
        <i3dMapping id="oysterBox17" node="0>2|16" />
        <i3dMapping id="oysterBox_Tension17" node="0>2|16|0" />
        <i3dMapping id="oysterBox18" node="0>2|17" />
        <i3dMapping id="oysterBox_Tension18" node="0>2|17|0" />
        <i3dMapping id="oysterBox19" node="0>2|18" />
        <i3dMapping id="oysterBox_Tension19" node="0>2|18|0" />
        <i3dMapping id="oysterBox20" node="0>2|19" />
        <i3dMapping id="oysterBox_Tension20" node="0>2|19|0" />
        <i3dMapping id="oysterBox21" node="0>2|20" />
        <i3dMapping id="oysterBox_Tension21" node="0>2|20|0" />
        <i3dMapping id="oysterBox22" node="0>2|21" />
        <i3dMapping id="oysterBox_Tension22" node="0>2|21|0" />
        <i3dMapping id="oysterBox23" node="0>2|22" />
        <i3dMapping id="oysterBox_Tension23" node="0>2|22|0" />
        <i3dMapping id="oysterBox24" node="0>2|23" />
        <i3dMapping id="oysterBox_Tension24" node="0>2|23|0" />
    </i3dMappings>
</vehicle>
