<?xml version="1.0" encoding="utf-8" standalone="no" ?>
<vehicle type="pallet" xmlns:xsi="http://www.w3.org/2001/XMLSchema-instance" xsi:noNamespaceSchemaLocation="../../../../shared/xml/schema/vehicle.xsd">
    <annotation>Copyright (C) GIANTS Software GmbH, All Rights Reserved.</annotation>

    <storeData>
        <name>$l10n_storeItem_preservedFoodBeetRootPallet</name>
        <image>$data/objects/pallets/preservedFoodBeetRootPallet/store_preservedFoodBeetRootPallet.png</image>
        <price>1120</price> <!-- doubled, because of doubled capacity -->
        <category>pallets</category>
        <brand>NONE</brand>
        <showInStore>false</showInStore>
        <canBeSold>false</canBeSold>
        <financeCategory>OTHER</financeCategory>
        <vertexBufferMemoryUsage>174080</vertexBufferMemoryUsage>
        <indexBufferMemoryUsage>37888</indexBufferMemoryUsage>
        <textureMemoryUsage>262144</textureMemoryUsage>
        <instanceVertexBufferMemoryUsage>0</instanceVertexBufferMemoryUsage>
        <instanceIndexBufferMemoryUsage>0</instanceIndexBufferMemoryUsage>

        <storeIconRendering>
            <settings centerIcon="true" cameraXRot="-15" cameraYRot="35"/>
        </storeIconRendering>
        <audioMemoryUsage>0</audioMemoryUsage>
    </storeData>

    <base>
        <typeDesc>$l10n_typeDesc_pallet</typeDesc>
        <filename>$data/objects/pallets/preservedFoodBeetRootPallet/preservedFoodBeetRootPallet.i3d</filename>
        <size width="1.3" length="0.9" height="0.75" />
        <canBeReset>false</canBeReset>
        <components maxMass="400">
            <component centerOfMass="0 0.2 0" solverIterationCount="10" mass="60"/>
        </components>
        <showInVehicleMenu>false</showInVehicleMenu>
        <mapHotspot available="false" />
        <input allowed="false"/>
    </base>

    <fillUnit>
        <fillUnitConfigurations>
            <fillUnitConfiguration>
                <fillUnits>
                    <fillUnit unitTextOverride="$l10n_unit_literShort" fillTypes="PRESERVEDBEETROOT" capacity="6000" ignoreFillLimit="true"/>
                </fillUnits>
            </fillUnitConfiguration>
        </fillUnitConfigurations>
    </fillUnit>

    <pallet fillUnitIndex="1" linkNode="beetRootPallet_component1">
        <texture diffuse="$data/objects/pallets/shared/euroPallet/euroPalletNew_diffuse.dds"/>
        <texture diffuse="$data/objects/pallets/shared/euroPallet/euroPalletMiddle_diffuse.dds"/>
        <texture diffuse="$data/objects/pallets/shared/euroPallet/euroPalletOld_diffuse.dds"/>

        <content>
            <object node="beetRoot01_lod" tensionBeltNode="beetRoot_Tension01"/>
            <object node="beetRoot02_lod" tensionBeltNode="beetRoot_Tension02"/>
            <object node="beetRoot03_lod" tensionBeltNode="beetRoot_Tension03"/>
            <object node="beetRoot04_lod" tensionBeltNode="beetRoot_Tension04"/>
            <object node="beetRoot05_lod" tensionBeltNode="beetRoot_Tension05"/>
            <object node="beetRoot06_lod" tensionBeltNode="beetRoot_Tension06"/>
            <object node="beetRoot07_lod" tensionBeltNode="beetRoot_Tension07"/>
            <object node="beetRoot08_lod" tensionBeltNode="beetRoot_Tension08"/>
            <object node="beetRoot09_lod" tensionBeltNode="beetRoot_Tension09"/>
            <object node="beetRoot10_lod" tensionBeltNode="beetRoot_Tension10"/>
            <object node="beetRoot11_lod" tensionBeltNode="beetRoot_Tension11"/>
            <object node="beetRoot12_lod" tensionBeltNode="beetRoot_Tension12"/>
            <object node="beetRoot13_lod" tensionBeltNode="beetRoot_Tension13"/>
            <object node="beetRoot14_lod" tensionBeltNode="beetRoot_Tension14"/>
            <object node="beetRoot15_lod" tensionBeltNode="beetRoot_Tension15"/>
            <object node="beetRoot16_lod" tensionBeltNode="beetRoot_Tension16"/>
        </content>
        <sounds>
            <unload template="palletsFillOil" pitchScale="0.8" />
        </sounds>
    </pallet>

    <dynamicMount triggerNode="dynamicMountTrigger" triggerForceAcceleration="4" additionalMountDistance="0.670" jointTransY="0.106" jointLimitToRotY="true"/>

    <i3dMappings>
        <i3dMapping id="beetRootPallet_component1" node="0>" />
        <i3dMapping id="beetRoot01_lod" node="0>0|0" />
        <i3dMapping id="beetRoot02_lod" node="0>0|1" />
        <i3dMapping id="beetRoot03_lod" node="0>0|2" />
        <i3dMapping id="beetRoot04_lod" node="0>0|3" />
        <i3dMapping id="beetRoot05_lod" node="0>0|4" />
        <i3dMapping id="beetRoot06_lod" node="0>0|5" />
        <i3dMapping id="beetRoot07_lod" node="0>0|6" />
        <i3dMapping id="beetRoot08_lod" node="0>0|7" />
        <i3dMapping id="beetRoot09_lod" node="0>0|8" />
        <i3dMapping id="beetRoot10_lod" node="0>0|9" />
        <i3dMapping id="beetRoot11_lod" node="0>0|10" />
        <i3dMapping id="beetRoot12_lod" node="0>0|11" />
        <i3dMapping id="beetRoot13_lod" node="0>0|12" />
        <i3dMapping id="beetRoot14_lod" node="0>0|13" />
        <i3dMapping id="beetRoot15_lod" node="0>0|14" />
        <i3dMapping id="beetRoot16_lod" node="0>0|15" />
        <i3dMapping id="beetRoot_Tension01" node="0>0|16" />
        <i3dMapping id="beetRoot_Tension02" node="0>0|17" />
        <i3dMapping id="beetRoot_Tension03" node="0>0|18" />
        <i3dMapping id="beetRoot_Tension04" node="0>0|19" />
        <i3dMapping id="beetRoot_Tension05" node="0>0|20" />
        <i3dMapping id="beetRoot_Tension06" node="0>0|21" />
        <i3dMapping id="beetRoot_Tension07" node="0>0|22" />
        <i3dMapping id="beetRoot_Tension08" node="0>0|23" />
        <i3dMapping id="beetRoot_Tension09" node="0>0|24" />
        <i3dMapping id="beetRoot_Tension10" node="0>0|25" />
        <i3dMapping id="beetRoot_Tension11" node="0>0|26" />
        <i3dMapping id="beetRoot_Tension12" node="0>0|27" />
        <i3dMapping id="beetRoot_Tension13" node="0>0|28" />
        <i3dMapping id="beetRoot_Tension14" node="0>0|29" />
        <i3dMapping id="beetRoot_Tension15" node="0>0|30" />
        <i3dMapping id="beetRoot_Tension16" node="0>0|31" />
        <i3dMapping id="dynamicMountTrigger" node="0>1" />
    </i3dMappings>
</vehicle>
