<?xml version="1.0" encoding="utf-8" standalone="no" ?>
<vehicle type="pallet" xmlns:xsi="http://www.w3.org/2001/XMLSchema-instance" xsi:noNamespaceSchemaLocation="../../../../shared/xml/schema/vehicle.xsd">
    <annotation>Copyright (C) GIANTS Software GmbH, All Rights Reserved.</annotation>

    <storeData>
        <name>$l10n_storeItem_raisinBoxPallet</name>
        <image>$data/objects/pallets/raisinBoxPallet/store_raisinBoxPallet.png</image>
        <price>1630</price>
        <category>pallets</category>
        <brand>NONE</brand>
        <showInStore>false</showInStore>
        <canBeSold>false</canBeSold>
        <financeCategory>OTHER</financeCategory>
        <vertexBufferMemoryUsage>5632</vertexBufferMemoryUsage>
        <indexBufferMemoryUsage>1792</indexBufferMemoryUsage>
        <textureMemoryUsage>262144</textureMemoryUsage>
        <instanceVertexBufferMemoryUsage>0</instanceVertexBufferMemoryUsage>
        <instanceIndexBufferMemoryUsage>0</instanceIndexBufferMemoryUsage>

        <storeIconRendering>
            <settings centerIcon="true" cameraXRot="-15" cameraYRot="35"/>
        </storeIconRendering>
        <audioMemoryUsage>0</audioMemoryUsage>
    </storeData>

    <base>
        <typeDesc>$l10n_typeDesc_pallet</typeDesc>
        <filename>$data/objects/pallets/raisinBoxPallet/raisinBoxPallet.i3d</filename>
        <size width="1.3" length="0.9" height="0.8" />
        <canBeReset>false</canBeReset>
        <components maxMass="600">
            <component centerOfMass="0 0.1 0" solverIterationCount="10" mass="60"/>
        </components>
        <showInVehicleMenu>false</showInVehicleMenu>
        <mapHotspot available="false" />
        <input allowed="false"/>
    </base>

    <fillUnit>
        <fillUnitConfigurations>
            <fillUnitConfiguration>
                <fillUnits>
                    <fillUnit unitTextOverride="$l10n_unit_literShort" fillTypes="RAISINS" capacity="3000" ignoreFillLimit="true"/>
                </fillUnits>
            </fillUnitConfiguration>
        </fillUnitConfigurations>
    </fillUnit>

    <pallet fillUnitIndex="1" linkNode="raisinBoxPallet_component1">
        <texture diffuse="$data/objects/pallets/shared/euroPallet/euroPalletNew_diffuse.dds"/>
        <texture diffuse="$data/objects/pallets/shared/euroPallet/euroPalletMiddle_diffuse.dds"/>
        <texture diffuse="$data/objects/pallets/shared/euroPallet/euroPalletOld_diffuse.dds"/>

        <content>
            <object node="raisinBox01" tensionBeltNode="raisinBox_Tension01"/>
            <object node="raisinBox02" tensionBeltNode="raisinBox_Tension02"/>
            <object node="raisinBox03" tensionBeltNode="raisinBox_Tension03"/>
            <object node="raisinBox04" tensionBeltNode="raisinBox_Tension04"/>
            <object node="raisinBox05" tensionBeltNode="raisinBox_Tension05"/>
            <object node="raisinBox06" tensionBeltNode="raisinBox_Tension06"/>
            <object node="raisinBox07" tensionBeltNode="raisinBox_Tension07"/>
            <object node="raisinBox08" tensionBeltNode="raisinBox_Tension08"/>
            <object node="raisinBox09" tensionBeltNode="raisinBox_Tension09"/>
            <object node="raisinBox10" tensionBeltNode="raisinBox_Tension10"/>
            <object node="raisinBox11" tensionBeltNode="raisinBox_Tension11"/>
            <object node="raisinBox12" tensionBeltNode="raisinBox_Tension12"/>
        </content>

        <sounds>
            <unload template="palletsFillPaper" pitchScale="0.9" />
        </sounds>
    </pallet>

    <dynamicMount triggerNode="dynamicMountTrigger" triggerForceAcceleration="4" additionalMountDistance="0.75" jointTransY="0.11" jointLimitToRotY="true"/>

    <i3dMappings>
        <i3dMapping id="raisinBoxPallet_component1" node="0>" />
        <i3dMapping id="dynamicMountTrigger" node="0>0" />
        <i3dMapping id="raisinBox01" node="0>1|0" />
        <i3dMapping id="raisinBox_Tension01" node="0>1|0|0" />
        <i3dMapping id="raisinBox02" node="0>1|1" />
        <i3dMapping id="raisinBox_Tension02" node="0>1|1|0" />
        <i3dMapping id="raisinBox03" node="0>1|2" />
        <i3dMapping id="raisinBox_Tension03" node="0>1|2|0" />
        <i3dMapping id="raisinBox04" node="0>1|3" />
        <i3dMapping id="raisinBox_Tension04" node="0>1|3|0" />
        <i3dMapping id="raisinBox05" node="0>1|4" />
        <i3dMapping id="raisinBox_Tension05" node="0>1|4|0" />
        <i3dMapping id="raisinBox06" node="0>1|5" />
        <i3dMapping id="raisinBox_Tension06" node="0>1|5|0" />
        <i3dMapping id="raisinBox07" node="0>1|6" />
        <i3dMapping id="raisinBox_Tension07" node="0>1|6|0" />
        <i3dMapping id="raisinBox08" node="0>1|7" />
        <i3dMapping id="raisinBox_Tension08" node="0>1|7|0" />
        <i3dMapping id="raisinBox09" node="0>1|8" />
        <i3dMapping id="raisinBox_Tension09" node="0>1|8|0" />
        <i3dMapping id="raisinBox10" node="0>1|9" />
        <i3dMapping id="raisinBox_Tension10" node="0>1|9|0" />
        <i3dMapping id="raisinBox11" node="0>1|10" />
        <i3dMapping id="raisinBox_Tension11" node="0>1|10|0" />
        <i3dMapping id="raisinBox12" node="0>1|11" />
        <i3dMapping id="raisinBox_Tension12" node="0>1|11|0" />
    </i3dMappings>
</vehicle>
