<?xml version="1.0" encoding="utf-8" standalone="no" ?>
<vehicle type="pallet" xmlns:xsi="http://www.w3.org/2001/XMLSchema-instance" xsi:noNamespaceSchemaLocation="../../../../shared/xml/schema/vehicle.xsd">
    <annotation>Copyright (C) GIANTS Software GmbH, All Rights Reserved.</annotation>

    <storeData>
        <name>$l10n_storeItem_riceOilPallet</name>
        <image>$data/objects/pallets/riceOilPallet/store_riceOilPallet.png</image>
        <price>1780</price>
        <category>pallets</category>
        <brand>NONE</brand>
        <showInStore>false</showInStore>
        <canBeSold>false</canBeSold>
        <financeCategory>OTHER</financeCategory>
        <vertexBufferMemoryUsage>89088</vertexBufferMemoryUsage>
        <indexBufferMemoryUsage>22528</indexBufferMemoryUsage>
        <textureMemoryUsage>262144</textureMemoryUsage>
        <instanceVertexBufferMemoryUsage>0</instanceVertexBufferMemoryUsage>
        <instanceIndexBufferMemoryUsage>0</instanceIndexBufferMemoryUsage>

        <storeIconRendering>
            <settings centerIcon="true" cameraXRot="-15" cameraYRot="35"/>
        </storeIconRendering>
        <audioMemoryUsage>0</audioMemoryUsage>
    </storeData>

    <base>
        <typeDesc>$l10n_typeDesc_pallet</typeDesc>
        <filename>$data/objects/pallets/riceOilPallet/riceOilPallet.i3d</filename>
        <size width="1.3" length="0.9" height="0.75" />
        <canBeReset>false</canBeReset>
        <components maxMass="400">
            <component centerOfMass="0 0.1 0" solverIterationCount="10" mass="60"/>
        </components>
        <showInVehicleMenu>false</showInVehicleMenu>
        <mapHotspot available="false" />
        <input allowed="false"/>
    </base>

    <fillUnit>
        <fillUnitConfigurations>
            <fillUnitConfiguration>
                <fillUnits>
                    <fillUnit unitTextOverride="$l10n_unit_literShort" fillTypes="RICE_OIL" capacity="3000" ignoreFillLimit="true"/>
                </fillUnits>
            </fillUnitConfiguration>
        </fillUnitConfigurations>
    </fillUnit>

    <pallet fillUnitIndex="1" linkNode="oliveOilPallet_component1">
        <texture diffuse="$data/objects/pallets/shared/euroPallet/euroPalletNew_diffuse.dds"/>
        <texture diffuse="$data/objects/pallets/shared/euroPallet/euroPalletMiddle_diffuse.dds"/>
        <texture diffuse="$data/objects/pallets/shared/euroPallet/euroPalletOld_diffuse.dds"/>

        <content>
            <object node="riceOil01" tensionBeltNode="riceOil_Tension01"/>
            <object node="riceOil02" tensionBeltNode="riceOil_Tension02"/>
            <object node="riceOil03" tensionBeltNode="riceOil_Tension03"/>
            <object node="riceOil04" tensionBeltNode="riceOil_Tension04"/>
            <object node="riceOil05" tensionBeltNode="riceOil_Tension05"/>
            <object node="riceOil06" tensionBeltNode="riceOil_Tension06"/>
            <object node="riceOil07" tensionBeltNode="riceOil_Tension07"/>
            <object node="riceOil08" tensionBeltNode="riceOil_Tension08"/>
        </content>

        <sounds>
            <unload template="palletsFillBag" pitchScale="0.9" />
        </sounds>
    </pallet>

    <dynamicMount triggerNode="dynamicMountTrigger" triggerForceAcceleration="4" additionalMountDistance="0.75" jointTransY="0.11" jointLimitToRotY="true"/>

    <i3dMappings>
        <i3dMapping id="oliveOilPallet_component1" node="0>" />
        <i3dMapping id="dynamicMountTrigger" node="0>0" />
        <i3dMapping id="riceOil01" node="0>1|0" />
        <i3dMapping id="riceOil_Tension01" node="0>1|0|1" />
        <i3dMapping id="riceOil02" node="0>1|1" />
        <i3dMapping id="riceOil_Tension02" node="0>1|1|0" />
        <i3dMapping id="riceOil03" node="0>1|2" />
        <i3dMapping id="riceOil_Tension03" node="0>1|2|0" />
        <i3dMapping id="riceOil04" node="0>1|3" />
        <i3dMapping id="riceOil_Tension04" node="0>1|3|0" />
        <i3dMapping id="riceOil05" node="0>1|4" />
        <i3dMapping id="riceOil_Tension05" node="0>1|4|0" />
        <i3dMapping id="riceOil06" node="0>1|5" />
        <i3dMapping id="riceOil_Tension06" node="0>1|5|0" />
        <i3dMapping id="riceOil07" node="0>1|6" />
        <i3dMapping id="riceOil_Tension07" node="0>1|6|0" />
        <i3dMapping id="riceOil08" node="0>1|7" />
        <i3dMapping id="riceOil_Tension08" node="0>1|7|0" />
    </i3dMappings>
</vehicle>
