<?xml version="1.0" encoding="utf-8" standalone="no" ?>
<vehicle type="pallet" xmlns:xsi="http://www.w3.org/2001/XMLSchema-instance" xsi:noNamespaceSchemaLocation="../../../../shared/xml/schema/vehicle.xsd">
    <annotation>Copyright (C) GIANTS Software GmbH, All Rights Reserved.</annotation>

    <storeData>
        <name>$l10n_storeItem_riceBagsPallet</name>
        <image>$data/objects/pallets/riceBagsPallet/store_riceBagsPallet.png</image>
        <price>1464</price>
        <category>pallets</category>
        <brand>NONE</brand>
        <showInStore>false</showInStore>
        <canBeSold>false</canBeSold>
        <financeCategory>OTHER</financeCategory>
        <vertexBufferMemoryUsage>35584</vertexBufferMemoryUsage>
        <indexBufferMemoryUsage>12032</indexBufferMemoryUsage>
        <textureMemoryUsage>458752</textureMemoryUsage>
        <instanceVertexBufferMemoryUsage>0</instanceVertexBufferMemoryUsage>
        <instanceIndexBufferMemoryUsage>0</instanceIndexBufferMemoryUsage>

        <storeIconRendering>
            <settings centerIcon="true" cameraXRot="-15" cameraYRot="35"/>
        </storeIconRendering>
        <audioMemoryUsage>0</audioMemoryUsage>
    </storeData>

    <base>
        <typeDesc>$l10n_typeDesc_pallet</typeDesc>
        <filename>$data/objects/pallets/riceBagsPallet/riceBagsPallet.i3d</filename>
        <size width="1.3" length="0.9" height="0.8" />
        <canBeReset>false</canBeReset>
        <components maxMass="400">
            <component centerOfMass="0 0.1 0" solverIterationCount="10" mass="60"/>
        </components>
        <showInVehicleMenu>false</showInVehicleMenu>
        <mapHotspot available="false" />
        <input allowed="false"/>
    </base>

    <fillUnit>
        <fillUnitConfigurations>
            <fillUnitConfiguration>
                <fillUnits>
                    <fillUnit unitTextOverride="$l10n_unit_literShort" fillTypes="RICE_BAGS" capacity="3000" ignoreFillLimit="true"/>
                </fillUnits>
            </fillUnitConfiguration>
        </fillUnitConfigurations>
    </fillUnit>

    <pallet fillUnitIndex="1" linkNode="riceBagsPallet_component1">
        <texture diffuse="$data/objects/pallets/shared/euroPallet/euroPalletNew_diffuse.dds"/>
        <texture diffuse="$data/objects/pallets/shared/euroPallet/euroPalletMiddle_diffuse.dds"/>
        <texture diffuse="$data/objects/pallets/shared/euroPallet/euroPalletOld_diffuse.dds"/>

        <content>
            <object node="riceBags01" tensionBeltNode="riceBags_Tension01"/>
            <object node="riceBags02" tensionBeltNode="riceBags_Tension02"/>
            <object node="riceBags03" tensionBeltNode="riceBags_Tension03"/>
            <object node="riceBags04" tensionBeltNode="riceBags_Tension04"/>
            <object node="riceBags05" tensionBeltNode="riceBags_Tension05"/>
            <object node="riceBags06" tensionBeltNode="riceBags_Tension06"/>
            <object node="riceBags07" tensionBeltNode="riceBags_Tension07"/>
            <object node="riceBags08" tensionBeltNode="riceBags_Tension08"/>
            <object node="riceBags09" tensionBeltNode="riceBags_Tension09"/>
            <object node="riceBags10" tensionBeltNode="riceBags_Tension10"/>
            <object node="riceBags11" tensionBeltNode="riceBags_Tension11"/>
            <object node="riceBags12" tensionBeltNode="riceBags_Tension12"/>
            <object node="riceBags13" tensionBeltNode="riceBags_Tension13"/>
            <object node="riceBags14" tensionBeltNode="riceBags_Tension14"/>
            <object node="riceBags15" tensionBeltNode="riceBags_Tension15"/>
            <object node="riceBags16" tensionBeltNode="riceBags_Tension16"/>
        </content>

        <sounds>
            <unload template="palletsFillBag" pitchScale="0.8" />
        </sounds>
    </pallet>

    <dynamicMount triggerNode="dynamicMountTrigger" triggerForceAcceleration="5" additionalMountDistance="0.8" jointTransY="0.11" jointLimitToRotY="true"/>

    <i3dMappings>
        <i3dMapping id="riceBagsPallet_component1" node="0>" />
        <i3dMapping id="dynamicMountTrigger" node="0>0" />
        <i3dMapping id="dischargeNode" node="0>1" />
        <i3dMapping id="riceBags01" node="0>2|0" />
        <i3dMapping id="riceBags_Tension01" node="0>2|0|1" />
        <i3dMapping id="riceBags02" node="0>2|1" />
        <i3dMapping id="riceBags_Tension02" node="0>2|1|0" />
        <i3dMapping id="riceBags03" node="0>2|2" />
        <i3dMapping id="riceBags_Tension03" node="0>2|2|0" />
        <i3dMapping id="riceBags04" node="0>2|3" />
        <i3dMapping id="riceBags_Tension04" node="0>2|3|0" />
        <i3dMapping id="riceBags05" node="0>2|4" />
        <i3dMapping id="riceBags_Tension05" node="0>2|4|0" />
        <i3dMapping id="riceBags06" node="0>2|5" />
        <i3dMapping id="riceBags_Tension06" node="0>2|5|0" />
        <i3dMapping id="riceBags07" node="0>2|6" />
        <i3dMapping id="riceBags_Tension07" node="0>2|6|0" />
        <i3dMapping id="riceBags08" node="0>2|7" />
        <i3dMapping id="riceBags_Tension08" node="0>2|7|0" />
        <i3dMapping id="riceBags09" node="0>2|8" />
        <i3dMapping id="riceBags_Tension09" node="0>2|8|0" />
        <i3dMapping id="riceBags10" node="0>2|9" />
        <i3dMapping id="riceBags_Tension10" node="0>2|9|0" />
        <i3dMapping id="riceBags11" node="0>2|10" />
        <i3dMapping id="riceBags_Tension11" node="0>2|10|0" />
        <i3dMapping id="riceBags12" node="0>2|11" />
        <i3dMapping id="riceBags_Tension12" node="0>2|11|0" />
        <i3dMapping id="riceBags13" node="0>2|12" />
        <i3dMapping id="riceBags_Tension13" node="0>2|12|0" />
        <i3dMapping id="riceBags14" node="0>2|13" />
        <i3dMapping id="riceBags_Tension14" node="0>2|13|0" />
        <i3dMapping id="riceBags15" node="0>2|14" />
        <i3dMapping id="riceBags_Tension15" node="0>2|14|0" />
        <i3dMapping id="riceBags16" node="0>2|15" />
        <i3dMapping id="riceBags_Tension16" node="0>2|15|0" />
    </i3dMappings>
</vehicle>
