<?xml version="1.0" encoding="utf-8" standalone="no" ?>
<vehicle type="pallet" xmlns:xsi="http://www.w3.org/2001/XMLSchema-instance" xsi:noNamespaceSchemaLocation="../../../../shared/xml/schema/vehicle.xsd">
    <annotation>Copyright (C) GIANTS Software GmbH, All Rights Reserved.</annotation>

    <storeData>
        <name>$l10n_storeItem_riceBoxPallet</name>
        <image>$data/objects/pallets/riceBoxPallet/store_riceBoxPallet.png</image>
        <price>2730</price>
        <category>pallets</category>
        <brand>NONE</brand>
        <showInStore>false</showInStore>
        <canBeSold>false</canBeSold>
        <financeCategory>OTHER</financeCategory>
        <vertexBufferMemoryUsage>22016</vertexBufferMemoryUsage>
        <indexBufferMemoryUsage>8960</indexBufferMemoryUsage>
        <textureMemoryUsage>458752</textureMemoryUsage>
        <instanceVertexBufferMemoryUsage>0</instanceVertexBufferMemoryUsage>
        <instanceIndexBufferMemoryUsage>0</instanceIndexBufferMemoryUsage>

        <storeIconRendering>
            <settings centerIcon="true" cameraXRot="-15" cameraYRot="35"/>
        </storeIconRendering>
        <audioMemoryUsage>0</audioMemoryUsage>
    </storeData>

    <base>
        <typeDesc>$l10n_typeDesc_pallet</typeDesc>
        <filename>$data/objects/pallets/riceBoxPallet/riceBoxPallet.i3d</filename>
        <size width="1.3" length="0.9" height="0.8" />
        <canBeReset>false</canBeReset>
        <components maxMass="400">
            <component centerOfMass="0 0.1 0" solverIterationCount="10" mass="60"/>
        </components>
        <showInVehicleMenu>false</showInVehicleMenu>
        <mapHotspot available="false" />
        <input allowed="false"/>
    </base>

    <fillUnit>
        <fillUnitConfigurations>
            <fillUnitConfiguration>
                <fillUnits>
                    <fillUnit unitTextOverride="$l10n_unit_literShort" fillTypes="RICE_BOXES" capacity="3000" ignoreFillLimit="true"/>
                </fillUnits>
            </fillUnitConfiguration>
        </fillUnitConfigurations>
    </fillUnit>

    <pallet fillUnitIndex="1" linkNode="riceBoxPallet_component1">
        <texture diffuse="$data/objects/pallets/shared/euroPallet/euroPalletNew_diffuse.dds"/>
        <texture diffuse="$data/objects/pallets/shared/euroPallet/euroPalletMiddle_diffuse.dds"/>
        <texture diffuse="$data/objects/pallets/shared/euroPallet/euroPalletOld_diffuse.dds"/>

        <content>
            <object node="riceBox01" tensionBeltNode="riceBox_Tension01"/>
            <object node="riceBox02" tensionBeltNode="riceBox_Tension02"/>
            <object node="riceBox03" tensionBeltNode="riceBox_Tension03"/>
            <object node="riceBox04" tensionBeltNode="riceBox_Tension04"/>
            <object node="riceBox05" tensionBeltNode="riceBox_Tension05"/>
            <object node="riceBox06" tensionBeltNode="riceBox_Tension06"/>
            <object node="riceBox07" tensionBeltNode="riceBox_Tension07"/>
            <object node="riceBox08" tensionBeltNode="riceBox_Tension08"/>
            <object node="riceBox09" tensionBeltNode="riceBox_Tension09"/>
            <object node="riceBox10" tensionBeltNode="riceBox_Tension10"/>
            <object node="riceBox11" tensionBeltNode="riceBox_Tension11"/>
            <object node="riceBox12" tensionBeltNode="riceBox_Tension12"/>
            <object node="riceBox13" tensionBeltNode="riceBox_Tension13"/>
            <object node="riceBox14" tensionBeltNode="riceBox_Tension14"/>
            <object node="riceBox15" tensionBeltNode="riceBox_Tension15"/>
            <object node="riceBox16" tensionBeltNode="riceBox_Tension16"/>
            <object node="riceBox17" tensionBeltNode="riceBox_Tension17"/>
            <object node="riceBox18" tensionBeltNode="riceBox_Tension18"/>
            <object node="riceBox19" tensionBeltNode="riceBox_Tension19"/>
            <object node="riceBox20" tensionBeltNode="riceBox_Tension20"/>
            <object node="riceBox21" tensionBeltNode="riceBox_Tension21"/>
            <object node="riceBox22" tensionBeltNode="riceBox_Tension22"/>
            <object node="riceBox23" tensionBeltNode="riceBox_Tension23"/>
            <object node="riceBox24" tensionBeltNode="riceBox_Tension24"/>
        </content>

        <sounds>
            <unload template="palletsFillPlastic" pitchScale="0.8" />
        </sounds>
    </pallet>

    <dynamicMount triggerNode="dynamicMountTrigger" triggerForceAcceleration="5" additionalMountDistance="0.8" jointTransY="0.11" jointLimitToRotY="true"/>

    <i3dMappings>
        <i3dMapping id="riceBoxPallet_component1" node="0>" />
        <i3dMapping id="dynamicMountTrigger" node="0>0" />
        <i3dMapping id="dischargeNode" node="0>1" />
        <i3dMapping id="riceBox01" node="0>2|0" />
        <i3dMapping id="riceBox_Tension01" node="0>2|0|1" />
        <i3dMapping id="riceBox02" node="0>2|1" />
        <i3dMapping id="riceBox_Tension02" node="0>2|1|0" />
        <i3dMapping id="riceBox03" node="0>2|2" />
        <i3dMapping id="riceBox_Tension03" node="0>2|2|0" />
        <i3dMapping id="riceBox04" node="0>2|3" />
        <i3dMapping id="riceBox_Tension04" node="0>2|3|0" />
        <i3dMapping id="riceBox05" node="0>2|4" />
        <i3dMapping id="riceBox_Tension05" node="0>2|4|0" />
        <i3dMapping id="riceBox06" node="0>2|5" />
        <i3dMapping id="riceBox_Tension06" node="0>2|5|0" />
        <i3dMapping id="riceBox07" node="0>2|6" />
        <i3dMapping id="riceBox_Tension07" node="0>2|6|0" />
        <i3dMapping id="riceBox08" node="0>2|7" />
        <i3dMapping id="riceBox_Tension08" node="0>2|7|0" />
        <i3dMapping id="riceBox09" node="0>2|8" />
        <i3dMapping id="riceBox_Tension09" node="0>2|8|0" />
        <i3dMapping id="riceBox10" node="0>2|9" />
        <i3dMapping id="riceBox_Tension10" node="0>2|9|0" />
        <i3dMapping id="riceBox11" node="0>2|10" />
        <i3dMapping id="riceBox_Tension11" node="0>2|10|0" />
        <i3dMapping id="riceBox12" node="0>2|11" />
        <i3dMapping id="riceBox_Tension12" node="0>2|11|0" />
        <i3dMapping id="riceBox13" node="0>2|12" />
        <i3dMapping id="riceBox_Tension13" node="0>2|12|0" />
        <i3dMapping id="riceBox14" node="0>2|13" />
        <i3dMapping id="riceBox_Tension14" node="0>2|13|0" />
        <i3dMapping id="riceBox15" node="0>2|14" />
        <i3dMapping id="riceBox_Tension15" node="0>2|14|0" />
        <i3dMapping id="riceBox16" node="0>2|15" />
        <i3dMapping id="riceBox_Tension16" node="0>2|15|0" />
        <i3dMapping id="riceBox17" node="0>2|16" />
        <i3dMapping id="riceBox_Tension17" node="0>2|16|0" />
        <i3dMapping id="riceBox18" node="0>2|17" />
        <i3dMapping id="riceBox_Tension18" node="0>2|17|0" />
        <i3dMapping id="riceBox19" node="0>2|18" />
        <i3dMapping id="riceBox_Tension19" node="0>2|18|0" />
        <i3dMapping id="riceBox20" node="0>2|19" />
        <i3dMapping id="riceBox_Tension20" node="0>2|19|0" />
        <i3dMapping id="riceBox21" node="0>2|20" />
        <i3dMapping id="riceBox_Tension21" node="0>2|20|0" />
        <i3dMapping id="riceBox22" node="0>2|21" />
        <i3dMapping id="riceBox_Tension22" node="0>2|21|0" />
        <i3dMapping id="riceBox23" node="0>2|22" />
        <i3dMapping id="riceBox_Tension23" node="0>2|22|0" />
        <i3dMapping id="riceBox24" node="0>2|23" />
        <i3dMapping id="riceBox_Tension24" node="0>2|23|0" />
    </i3dMappings>
</vehicle>
