<?xml version="1.0" encoding="utf-8" standalone="no" ?>
<vehicle type="pallet" xmlns:xsi="http://www.w3.org/2001/XMLSchema-instance" xsi:noNamespaceSchemaLocation="../../../../shared/xml/schema/vehicle.xsd">
    <annotation>Copyright (C) GIANTS Software GmbH, All Rights Reserved.</annotation>

    <parentFile xmlFilename="pallets/soupCansPallet.xml">
        <attributes>
            <set path="vehicle.storeData.name"        value="$l10n_fillType_soupCansCarrots"/>
            <set path="vehicle.storeData.price"       value="1770"/>
            <set path="vehicle.storeData.image"       value="$data/objects/pallets/soupCansPallet/store_soupCansCarrots.png"/>
            <set path="vehicle.storeData.showInStore" value="false"/>

            <set path="vehicle.fillUnit.fillUnitConfigurations.fillUnitConfiguration(0).fillUnits.fillUnit#fillTypes"     value="SOUPCANSCARROTS"/>
            <set path="vehicle.fillUnit.fillUnitConfigurations.fillUnitConfiguration(0).fillUnits.fillUnit#startFillType" value="SOUPCANSCARROTS"/>
         </attributes>
    </parentFile>

    <storeData>
        <name>$l10n_fillType_soupCansCarrots</name>
        <image>$data/objects/pallets/soupCansPallet/store_soupCansCarrots.png</image>
        <brand>NONE</brand>
        <category>pallets</category>
        <vertexBufferMemoryUsage>0</vertexBufferMemoryUsage>
        <indexBufferMemoryUsage>0</indexBufferMemoryUsage>
        <textureMemoryUsage>0</textureMemoryUsage>
        <audioMemoryUsage>0</audioMemoryUsage>
        <instanceVertexBufferMemoryUsage>0</instanceVertexBufferMemoryUsage>
        <instanceIndexBufferMemoryUsage>0</instanceIndexBufferMemoryUsage>
    </storeData>
</vehicle>