<?xml version="1.0" encoding="utf-8" standalone="no" ?>
<vehicle type="pallet" xmlns:xsi="http://www.w3.org/2001/XMLSchema-instance" xsi:noNamespaceSchemaLocation="../../../../shared/xml/schema/vehicle.xsd">
    <annotation>Copyright (C) GIANTS Software GmbH, All Rights Reserved.</annotation>

    <storeData>
        <name>$l10n_storeItem_sugarBoxPallet</name>
        <image>$data/objects/pallets/sugarPallet/store_sugarBoxPallet.png</image>
        <price>500</price>
        <category>pallets</category>
        <brand>NONE</brand>
        <showInStore>false</showInStore>
        <canBeSold>false</canBeSold>
        <financeCategory>OTHER</financeCategory>
        <vertexBufferMemoryUsage>22016</vertexBufferMemoryUsage>
        <indexBufferMemoryUsage>6912</indexBufferMemoryUsage>
        <textureMemoryUsage>262144</textureMemoryUsage>
        <instanceVertexBufferMemoryUsage>0</instanceVertexBufferMemoryUsage>
        <instanceIndexBufferMemoryUsage>0</instanceIndexBufferMemoryUsage>

        <storeIconRendering>
            <settings centerIcon="true" cameraXRot="-15" cameraYRot="35"/>
        </storeIconRendering>
        <audioMemoryUsage>0</audioMemoryUsage>
    </storeData>

    <base>
        <typeDesc>$l10n_typeDesc_pallet</typeDesc>
        <filename>$data/objects/pallets/sugarPallet/sugarBoxPallet.i3d</filename>
        <size width="1.3" length="0.9" height="1.2" />
        <canBeReset>false</canBeReset>
        <components maxMass="400">
            <component centerOfMass="0 0.1 0" solverIterationCount="10" mass="60"/>
        </components>
        <showInVehicleMenu>false</showInVehicleMenu>
        <mapHotspot available="false" />
        <input allowed="false"/>
    </base>

    <fillUnit>
        <fillUnitConfigurations>
            <fillUnitConfiguration>
                <fillUnits>
                    <fillUnit unitTextOverride="$l10n_unit_literShort" fillTypes="SUGAR" capacity="3000" ignoreFillLimit="true"/>
                </fillUnits>
            </fillUnitConfiguration>
        </fillUnitConfigurations>
    </fillUnit>

    <pallet fillUnitIndex="1" linkNode="sugarBoxPallet_component1">
        <texture diffuse="$data/objects/pallets/shared/euroPallet/euroPalletNew_diffuse.dds"/>
        <texture diffuse="$data/objects/pallets/shared/euroPallet/euroPalletMiddle_diffuse.dds"/>
        <texture diffuse="$data/objects/pallets/shared/euroPallet/euroPalletOld_diffuse.dds"/>

        <content>
            <object node="sugarBox1" tensionBeltNode="sugarBox_Tension1"/>
            <object node="sugarBox2" tensionBeltNode="sugarBox_Tension2"/>
            <object node="sugarBox3" tensionBeltNode="sugarBox_Tension3"/>
            <object node="sugarBox4" tensionBeltNode="sugarBox_Tension4"/>
            <object node="sugarBox5" tensionBeltNode="sugarBox_Tension5"/>
            <object node="sugarBox6" tensionBeltNode="sugarBox_Tension6"/>
            <object node="sugarBox7" tensionBeltNode="sugarBox_Tension7"/>
            <object node="sugarBox8" tensionBeltNode="sugarBox_Tension8"/>
            <object node="sugarBox9" tensionBeltNode="sugarBox_Tension9"/>
            <object node="sugarBox10" tensionBeltNode="sugarBox_Tension10"/>
            <object node="sugarBox11" tensionBeltNode="sugarBox_Tension11"/>
            <object node="sugarBox12" tensionBeltNode="sugarBox_Tension12"/>
        </content>

        <sounds>
            <unload template="palletsFillSugar" pitchScale="0.9" />
        </sounds>
    </pallet>

    <dynamicMount triggerNode="dynamicMountTrigger" triggerForceAcceleration="4" additionalMountDistance="1.1" jointTransY="0.11" jointLimitToRotY="true"/>

    <i3dMappings>
        <i3dMapping id="sugarBoxPallet_component1" node="0>" />
        <i3dMapping id="dynamicMountTrigger" node="0>0" />
        <i3dMapping id="dischargeNode" node="0>1" />
        <i3dMapping id="sugarBox1" node="0>2|0" />
        <i3dMapping id="sugarBox_Tension1" node="0>2|0|1" />
        <i3dMapping id="sugarBox2" node="0>2|1" />
        <i3dMapping id="sugarBox_Tension2" node="0>2|1|1" />
        <i3dMapping id="sugarBox3" node="0>2|2" />
        <i3dMapping id="sugarBox_Tension3" node="0>2|2|1" />
        <i3dMapping id="sugarBox4" node="0>2|3" />
        <i3dMapping id="sugarBox_Tension4" node="0>2|3|1" />
        <i3dMapping id="sugarBox5" node="0>2|4" />
        <i3dMapping id="sugarBox_Tension5" node="0>2|4|1" />
        <i3dMapping id="sugarBox6" node="0>2|5" />
        <i3dMapping id="sugarBox_Tension6" node="0>2|5|1" />
        <i3dMapping id="sugarBox7" node="0>2|6" />
        <i3dMapping id="sugarBox_Tension7" node="0>2|6|1" />
        <i3dMapping id="sugarBox8" node="0>2|7" />
        <i3dMapping id="sugarBox_Tension8" node="0>2|7|1" />
        <i3dMapping id="sugarBox9" node="0>2|8" />
        <i3dMapping id="sugarBox_Tension9" node="0>2|8|1" />
        <i3dMapping id="sugarBox10" node="0>2|9" />
        <i3dMapping id="sugarBox_Tension10" node="0>2|9|1" />
        <i3dMapping id="sugarBox11" node="0>2|10" />
        <i3dMapping id="sugarBox_Tension11" node="0>2|10|1" />
        <i3dMapping id="sugarBox12" node="0>2|11" />
        <i3dMapping id="sugarBox_Tension12" node="0>2|11|1" />
    </i3dMappings>
</vehicle>
