<?xml version="1.0" encoding="utf-8" standalone="no" ?>
<vehicle type="pallet" xmlns:xsi="http://www.w3.org/2001/XMLSchema-instance" xsi:noNamespaceSchemaLocation="../../../../shared/xml/schema/vehicle.xsd">
    <annotation>Copyright (C) GIANTS Software GmbH, All Rights Reserved.</annotation>

    <storeData>
        <name>$l10n_fillType_wool</name>
        <image>$data/objects/pallets/woolPallet/store_woolPallet.png</image>
        <price>940</price>
        <category>pallets</category>
        <brand>NONE</brand>
        <showInStore>false</showInStore>
        <canBeSold>false</canBeSold>
        <financeCategory>OTHER</financeCategory>
        <vertexBufferMemoryUsage>41216</vertexBufferMemoryUsage>
        <indexBufferMemoryUsage>18944</indexBufferMemoryUsage>
        <textureMemoryUsage>262144</textureMemoryUsage>
        <instanceVertexBufferMemoryUsage>0</instanceVertexBufferMemoryUsage>
        <instanceIndexBufferMemoryUsage>0</instanceIndexBufferMemoryUsage>

        <storeIconRendering>
            <settings centerIcon="true" cameraXRot="-15" cameraYRot="35"/>
        </storeIconRendering>
        <audioMemoryUsage>0</audioMemoryUsage>
    </storeData>

    <base>
        <typeDesc>$l10n_typeDesc_pallet</typeDesc>
        <filename>$data/objects/pallets/woolPallet/woolPallet.i3d</filename>
        <size width="1.3" length="0.9" height="1.3" />
        <canBeReset>false</canBeReset>
        <components maxMass="400">
            <component centerOfMass="0 0.1 0" solverIterationCount="10" mass="60"/>
        </components>
        <showInVehicleMenu>false</showInVehicleMenu>
        <mapHotspot available="false" />
        <input allowed="false"/>
    </base>

    <fillUnit>
        <fillUnitConfigurations>
            <fillUnitConfiguration>
                <fillUnits removeVehicleIfEmpty="true" removeVehicleDelay="0.35">
                    <fillUnit unitTextOverride="$l10n_unit_literShort" fillTypes="WOOL" capacity="3000" ignoreFillLimit="true"/>
                </fillUnits>
            </fillUnitConfiguration>
        </fillUnitConfigurations>
    </fillUnit>

    <pallet fillUnitIndex="1" linkNode="woolPallet_component1">
        <texture diffuse="$data/objects/pallets/shared/euroPallet/euroPalletNew_diffuse.dds"/>
        <texture diffuse="$data/objects/pallets/shared/euroPallet/euroPalletMiddle_diffuse.dds"/>
        <texture diffuse="$data/objects/pallets/shared/euroPallet/euroPalletOld_diffuse.dds"/>

        <content>
            <object node="woolBag01" tensionBeltNode="woolBag_Tension01"/>
            <object node="woolBag02" tensionBeltNode="woolBag_Tension02"/>
            <object node="woolBag03" tensionBeltNode="woolBag_Tension03"/>
            <object node="woolBag04" tensionBeltNode="woolBag_Tension04"/>
        </content>

        <sounds>
            <unload template="palletsFillBag" pitchScale="0.7" />
        </sounds>
    </pallet>

    <dynamicMount triggerNode="dynamicMountTrigger" triggerForceAcceleration="4" additionalMountDistance="1.2" jointTransY="0.11" jointLimitToRotY="true"/>

    <i3dMappings>
        <i3dMapping id="woolPallet_component1" node="0>" />
        <i3dMapping id="dynamicMountTrigger" node="0>0" />
        <i3dMapping id="dischargeNode" node="0>1" />
        <i3dMapping id="woolBag01" node="0>2|0" />
        <i3dMapping id="woolBag_Tension01" node="0>2|0|0" />
        <i3dMapping id="woolBag02" node="0>2|1" />
        <i3dMapping id="woolBag_Tension02" node="0>2|1|0" />
        <i3dMapping id="woolBag03" node="0>2|2" />
        <i3dMapping id="woolBag_Tension03" node="0>2|2|0" />
        <i3dMapping id="woolBag04" node="0>2|3" />
        <i3dMapping id="woolBag_Tension04" node="0>2|3|0" />
    </i3dMappings>
</vehicle>
