﻿<?xml version="1.0" encoding="utf-8" standalone="no" ?>
<modDesc descVersion="94">
  <title>
    <en>Grow Now</en>
    <de>Jetzt Wachsen</de>
    <fr>Cultivez Maintenant</fr>
    <es>Crecer Ahora</es>
  </title>

  <author>ViperGTS96</author>

  <version>1.0.0.0</version>

  <description>
<en><![CDATA[Press a button to advance your crops growth.
** Some crops take two stages (button presses) per state advance.
*When used growth mode is changed to normal mode.

-Default Button : Backspace]]></en>
<de><![CDATA[Drücken Sie eine Taste, um das Wachstum Ihrer Pflanzen voranzutreiben.
** Einige Kulturen benötigen zwei Stufen (Tastendrücke) pro Statusfortschritt.
*Wenn der Wachstumsmodus verwendet wird, wird in den normalen Modus gewechselt.

-Standard-Taste: Backspace-Taste]]></de>
<fr><![CDATA[Appuyez sur un bouton pour faire avancer la croissance de vos cultures.
** Certaines cultures nécessitent deux étapes (pressions sur le bouton) par avancement d'état.
*Lorsque le mode croissance est utilisé, il passe en mode normal.

-Bouton par défaut : Touche Backspace]]></fr>
<es><![CDATA[Pulsa un botón para avanzar en el crecimiento de tus cultivos.
** Algunos cultivos tardan dos etapas (pulsaciones de botón) por avance de estado.
*Cuando se utiliza el modo de crecimiento se cambia al modo normal.

-Botón por defecto : Retroceso]]></es>
  </description>

  <iconFilename>icon_growNow.dds</iconFilename>

  <multiplayer supported="true"/>

  <extraSourceFiles>
    <sourceFile filename="growNow.lua" />
  </extraSourceFiles>
  <l10n>
    <text name="input_growCrops_Key">
      <en>Grow Crops</en>
      <de>Fortschritt Pflanzenwachstum</de>
      <fr>Avance Croissance des Plantes</fr>
      <es>Progreso Crecimiento de la Planta </es>
    </text>
  </l10n>

  <actions>
    <action name="growCrops_Key" category="VEHICLE ONFOOT" axisType="HALF"/>
  </actions>

  <inputBinding>
    <actionBinding action="growCrops_Key">
      <binding device="KB_MOUSE_DEFAULT" input="KEY_backspace" axisComponent="+" neutralInput="0" index="1"/>
    </actionBinding>
  </inputBinding>
  
</modDesc>