<?xml version="1.0" encoding="UTF-8"?>

<!-- 
	Combine Unloader AI parameters.
	For documentation look up the CpSettingUtil.lua.
-->

<Settings prefixText="CP_siloLoaderJobParameters_">
	<SettingSubTitle title="ai_parameterGroupTitlePosition" prefix="false">
		<Setting classType="CpAIParameterPositionAngle" name="startPosition" positionParameterType="DRIVE_TO"/>
	</SettingSubTitle>
	<SettingSubTitle title="loadPosition">
		<Setting classType="CpAIParameterPositionAngle" name="loadPosition" positionParameterType="LOAD"/>
	</SettingSubTitle>
	<SettingSubTitle title="unloading">
		<Setting classType="AIParameterSettingList" name="unloadAt" isDisabled="isShovelSiloLoadDisabled">
			<Values>
				<Value name="UNLOAD_TRAILER">1</Value>
				<Value name="UNLOAD_TRIGGER">2</Value>
			</Values>
			<Texts>
				<Text>trailer</Text>
				<Text>unloadTrigger</Text>
			</Texts>
		</Setting>
		<Setting classType="CpAIParameterPositionAngle" name="unloadPosition" positionParameterType="UNLOAD"/>
		<Setting classType="CpAIParameterUnloadingStation" name="unloadStation" isDisabled="isUnloadStationDisabled" generateValuesFunction="generateUnloadingStations"></Setting>
	</SettingSubTitle>
</Settings>
