<?xml version="1.0" encoding="UTF-8"?>
<!-- Every image filename needs to start with CP_ as prefix, with will be ignored for the path. -->

<!--

	<page> #title <- Page title in the left menu
		<paragraph> #noSpacing <- no additional spacing between paragraphs
			<title> <- Paragraph title, where the font size is larger
			<text> #alignToImage <- text direct next to the icon, for smaller icon examples can be found in the symbole overview category
			<image> #aspectRatio #size #uvs #displaySize 
				<- aspectRatio image uv height/ uv width (size="1024 1024" uvs="0px 0px 1020px 895px" > aspectRatio = 895/1020 )
				<- size the raw image size which has to be symmetrical and a power of 2.
				<- uvs the image cutout relative to the left top corner: uvs="0px(width offset) 0px(height Offset) 1020px(width) 895px(height)"
				<- displaySize forces the image dimensions to a fixed pixel size.
-->


<helpLines>
	<!--Courseplay category-->
	<category title="$l10n_CP_help_title" subTitle="$l10n_CP_help_subTitle">
		<page title="$l10n_CP_help_page_General_title">
			<paragraph>
				<text text="$l10n_CP_help_page_GeneralBase_text"/>															
			</paragraph>
		</page>
		<page title="$l10n_CP_help_page_extendedJobMenu_title">
			<paragraph>
				<text text="$l10n_CP_help_page_startJobMenuBase_text"/>
				<image filename="img/helpmenu/startjobmenuhelp.dds" size="1024 1024" uvs="0px 0px 1024px 895px" aspectRatio="0.87"/>
			</paragraph>
			<paragraph>
				<text text="$l10n_CP_help_page_startJobMenuFunctions_text"/>
			</paragraph>
			<paragraph>
				<text text="$l10n_CP_help_page_readyJobMenuBase_text"/>
				<image filename="img/helpmenu/readyjobmenuhelp.dds" size="1024 1024" uvs="0px 0px 765px 510px" aspectRatio="0.66"/>
			</paragraph>
			<paragraph>
				<text text="$l10n_CP_help_page_readyJobMenuFunctions_text"/>
			</paragraph>
			<paragraph>
				<text text="$l10n_CP_help_page_JobMenuExtras_text"/>
			</paragraph>
		</page>
		<!--Courseplay Generator Basic-->
		<page title="$l10n_CP_help_page_courseGeneratorBasic_title">
			<paragraph>
				<text text="$l10n_CP_help_page_courseGeneratorBase_text"/>
			</paragraph>
			<paragraph>
				<text text="$l10n_CP_help_page_courseGeneratorBaseFunctions_text"/>
			</paragraph>
		</page>
		<!--Courseplay Generator Headland-->
		<page title="$l10n_CP_help_page_courseGeneratorHeadland_title">
			<paragraph>
				<text text="$l10n_CP_help_page_courseGeneratorHeadland_text"/>
			</paragraph>
			<paragraph>
				<text text="$l10n_CP_help_page_courseGeneratorHeadlandFunctions_text"/>
			</paragraph>
			<paragraph>
				<image filename="img/helpmenu/sharproundcorner.dds" size="1024 1024" uvs="0px 0px 330px 130px" aspectRatio="0.3"/>
			</paragraph>
		</page>
		<!--Courseplay Generator Center-->
		<page title="$l10n_CP_help_page_courseGeneratorCenter_title">
			<paragraph>
				<text text="$l10n_CP_help_page_courseGeneratorCenter_text"/>
			</paragraph>
			<paragraph>
				<text text="$l10n_CP_help_page_courseGeneratorCenterFunctions_text"/>
			</paragraph>
			<paragraph>
				<title text="$l10n_CP_help_page_courseGeneratorCenterExampleUpdown_text"/>
			</paragraph>
			<paragraph>
				<image filename="img/helpmenu/updown.dds" size="1024 1024" uvs="0px 0px 1024px 591px" aspectRatio="0.5"/>
			</paragraph>
			<paragraph>
				<title text="$l10n_CP_help_page_courseGeneratorCenterExampleLands_text"/>
			</paragraph>
			<paragraph>
				<image filename="img/helpmenu/lands.dds" size="1024 1024" uvs="0px 0px 1024px 599px" aspectRatio="0.5"/>
			</paragraph>
			<paragraph>
				<title text="$l10n_CP_help_page_courseGeneratorCenterExampleSpiral_text"/>
			</paragraph>
			<paragraph>
				<image filename="img/helpmenu/spiral.dds" size="1024 1024" uvs="0px 0px 1024px 590px" aspectRatio="0.5"/>
			</paragraph>
			<paragraph>
				<title text="$l10n_CP_help_page_courseGeneratorCenterExampleRacetrack_text"/>
			</paragraph>
			<paragraph>
				<image filename="img/helpmenu/racetrack.dds" size="1024 1024" uvs="0px 0px 1024px 589px" aspectRatio="0.5"/>
			</paragraph>
		</page>
		<!--Courseplay Generator Island-->
		<page title="$l10n_CP_help_page_courseGeneratorIsland_title">
			<paragraph>
				<text text="$l10n_CP_help_page_courseGeneratorIsland_text"/>
			</paragraph>
			<paragraph>
				<text text="$l10n_CP_help_page_courseGeneratorIslandFunctions_text"/>
			</paragraph>
		</page>
		<!--Courseplay Generator Expert-->
		<page title="$l10n_CP_help_page_courseGeneratorExpert_title">
			<paragraph>
				<text text="$l10n_CP_help_page_courseGeneratorExpert_text"/>
			</paragraph>
			<paragraph>
				<image filename="img/helpmenu/baseedge.dds" size="1020 1024" uvs="0px 0px 1020px 545px" aspectRatio="0.5"/>
			</paragraph>
			
		</page>
		<!--Courseplay courseManager-->
        <page title="$l10n_CP_help_page_courseManager_title">
			<paragraph>
                <text text="$l10n_CP_help_page_courseManagerBase_text"/>
				<image filename="img/helpmenu/managerbasehelp.dds" size="1024 1024" uvs="0px 0px 765px 430px" aspectRatio="0.7"/>
            </paragraph>
			<paragraph>
                <text text="$l10n_CP_help_page_courseManagerBaseFunctions_text"/>
            </paragraph>
			<paragraph>
                <text text="$l10n_CP_help_page_courseManagerEdit_text"/>
				<image filename="img/helpmenu/manageredithelp.dds" size="1024 1024" uvs="0px 0px 765px 430px" aspectRatio="0.7"/>
            </paragraph>
			<paragraph>
                <text text="$l10n_CP_help_page_courseManagerEditFunctions_text"/>
            </paragraph>
		</page>
		<!--Courseplay minihud-->
		<page title="$l10n_CP_help_page_minihud_title">
			<paragraph>
				<text text="$l10n_CP_help_page_blank"/>
				<title text="$l10n_CP_help_page_minihud_general_title" />
				<image filename="img/helpmenu/minihudhelp_general.dds" size="1024 1024" uvs="0px 0px 478px 305px" aspectRatio="0.8"/>
            </paragraph>
			<paragraph>
				<text text="$l10n_CP_help_page_minihud_general_text"/>
			</paragraph>
			<paragraph>
				<text text="$l10n_CP_help_page_blank"/>
				<title text="$l10n_CP_help_page_minihud_fieldwork_title" />
				<image filename="img/helpmenu/minihudhelp_fieldwork.dds" size="1024 1024" uvs="0px 0px 478px 305px" aspectRatio="0.8"/>
            </paragraph>
			<paragraph>
				<text text="$l10n_CP_help_page_minihud_fieldwork_text"/>
			</paragraph>
			<paragraph>
				<text text="$l10n_CP_help_page_blank"/>
				<title text="$l10n_CP_help_page_minihud_combineunload_title" />
				<image filename="img/helpmenu/minihudhelp_combineunload.dds" size="1024 1024" uvs="0px 0px 478px 305px" aspectRatio="0.8"/>
            </paragraph>
			<paragraph>
				<text text="$l10n_CP_help_page_minihud_combineunload_text"/>
			</paragraph>
			<paragraph>
				<text text="$l10n_CP_help_page_blank"/>
				<title text="$l10n_CP_help_page_minihud_balecollect_title" />
				<image filename="img/helpmenu/minihudhelp_balecollect.dds" size="1024 1024" uvs="0px 0px 478px 305px" aspectRatio="0.8"/>
            </paragraph>
			<paragraph>
				<text text="$l10n_CP_help_page_minihud_balecollect_text"/>
			</paragraph>
			<paragraph>
				<text text="$l10n_CP_help_page_blank"/>
				<title text="$l10n_CP_help_page_minihud_siloloader_title" />
				<image filename="img/helpmenu/minihudhelp_siloloader.dds" size="1024 1024" uvs="0px 0px 478px 305px" aspectRatio="0.8"/>
            </paragraph>
			<paragraph>
				<text text="$l10n_CP_help_page_minihud_siloloader_text"/>
			</paragraph>
			<paragraph>
				<text text="$l10n_CP_help_page_blank"/>
				<title text="$l10n_CP_help_page_minihud_siloworker_title" />
				<image filename="img/helpmenu/minihudhelp_siloworker.dds" size="1024 1024" uvs="0px 0px 478px 305px" aspectRatio="0.8"/>
            </paragraph>
			<paragraph>
				<text text="$l10n_CP_help_page_minihud_siloworker_text"/>
			</paragraph>
		</page>
		<!--Courseplay customField-->
		<page title="$l10n_CP_help_page_customField_title">
			<paragraph>
				<text text="$l10n_CP_help_page_customFieldRecord_text"/>
				<image filename="img/helpmenu/recordcustomhelp.dds" size="1024 1024" uvs="0px 0px 765px 510px" aspectRatio="0.66"/>
			</paragraph>
			<paragraph>
				<text text="$l10n_CP_help_page_customFieldDone_text"/>
			</paragraph>	
			<paragraph>	
				<text text="$l10n_CP_help_page_customFieldDraw_text"/>
				<image filename="img/helpmenu/customfield.dds" size="1024 1024" uvs="0px 0px 765px 510px" aspectRatio="0.66"/>
            </paragraph>
		</page>
		<!--Courseplay Multitool and Convoy-->
		<page title="$l10n_CP_help_page_multiConvoy_title">
			<paragraph>
				<text text="$l10n_CP_help_page_multitoolBasic_text"/>
			</paragraph>
			<paragraph>
				<text text="$l10n_CP_help_page_multitoolFunction_text"/>
			</paragraph>
			<paragraph>
				<text text="$l10n_CP_help_page_convoyBasic_text"/>
			</paragraph>
			<paragraph>
				<text text="$l10n_CP_help_page_convoyFunction_text"/>
			</paragraph>
		</page>
		<!--Courseplay Bale Wrapper/Collector-->
		<page title="$l10n_CP_help_page_wrapCollect_title">
			<paragraph>
				<text text="$l10n_CP_help_page_wrapCollectBasic_text"/>
			</paragraph>
			<paragraph>
				<text text="$l10n_CP_help_page_wrapBasic_text"/>
			</paragraph>
			<paragraph>
				<text text="$l10n_CP_help_page_wrapFunction_text"/>
			</paragraph>
			<paragraph>
				<text text="$l10n_CP_help_page_collectBasic_text"/>
			</paragraph>
		</page>
		<!--Courseplay symetric lane change-->
		<page title="$l10n_CP_help_page_symetricLaneChange_title">
			<paragraph>
				<text text="$l10n_CP_help_page_symetricLaneChangeBasic_text"/>
			</paragraph>
			<paragraph>
				<text text="$l10n_CP_help_page_blank"/>
				<image filename="img/helpmenu/regularchange.dds" size="1024 1024" uvs="0px 0px 1020px 765px" aspectRatio="0.76"/>
			</paragraph>
			<paragraph>
				<text text="$l10n_CP_help_page_symetricLaneChangeExampleOff_text"/>
			</paragraph>
			<paragraph>
				<text text="$l10n_CP_help_page_blank"/>
				<image filename="img/helpmenu/symetricchange.dds" size="1024 1024" uvs="0px 0px 1020px 765px" aspectRatio="0.76"/>
			</paragraph>
			<paragraph>
				<text text="$l10n_CP_help_page_symetricLaneChangeExampleOn_text"/>
			</paragraph>
		</page>
		<!--Courseplay Info Panel-->
		<page title="$l10n_CP_help_page_infoPanel_title">
			<paragraph>
				<image filename="img/helpmenu/infopanel.dds" size="1024 1024" uvs="0px 0px 480px 130px" aspectRatio="0.27"/>
			</paragraph>
			<paragraph>
				<text text="$l10n_CP_help_page_infoPanelBasic_text"/>
			</paragraph>
			<paragraph>
				<text text="$l10n_CP_help_page_infoPanelMsg_text"/>
			</paragraph>
		</page>
		<!--Courseplay Vine work-->
		<page title="$l10n_CP_help_page_vineWork_title">
			<paragraph>
				<text text="$l10n_CP_help_page_vineWorkConditions_text"/>
			</paragraph>
			<paragraph>
				<text text="$l10n_CP_help_page_vineWorkGenerator_text"/>
				<image filename="img/helpmenu/vineworkgen.dds" size="1024 1024" uvs="0px 0px 765px 510px" aspectRatio="0.66"/>
			</paragraph>
			<paragraph>
				<text text="$l10n_CP_help_page_vineWorkHarvester_text"/>
				<image filename="img/helpmenu/vineworkharvest.dds" size="1024 1024" uvs="0px 0px 765px 510px" aspectRatio="0.66"/>
			</paragraph>
			<paragraph>
				<text text="$l10n_CP_help_page_vineWorkPruner_text"/>
				<image filename="img/helpmenu/vineworkpruner.dds" size="1024 1024" uvs="0px 0px 765px 510px" aspectRatio="0.66"/>
			</paragraph>
			<paragraph>
				<text text="$l10n_CP_help_page_vineWorkSprayer_text"/>
				<image filename="img/helpmenu/vineworkspray.dds" size="1024 1024" uvs="0px 0px 765px 510px" aspectRatio="0.66"/>
			</paragraph>
		</page>
		<!--Courseplay editor-->
		<page title="$l10n_CP_help_page_editor_title">
			<paragraph>
				<text text="$l10n_CP_help_page_editorGeneral_text"/>
			</paragraph>
			<paragraph>
				<text text="$l10n_CP_help_page_editorBasic_text"/>
			</paragraph>
			<paragraph>
				<text text="$l10n_CP_help_page_editorAdvanced_text"/>
			</paragraph>
		</page>
		<!--Courseplay Unloader-->
		<page title="$l10n_CP_help_page_unloader_title">
			<paragraph>
				<text text="$l10n_CP_help_page_unloaderGeneral_text"/>
			</paragraph>
			<paragraph>
				<title text="$l10n_CP_help_page_unloaderTrailer_title" />
				<text text="$l10n_CP_help_page_unloaderTrailer_text"/>
			</paragraph>
			<paragraph>
				<title text="$l10n_CP_help_page_unloaderAuger_title" />
				<text text="$l10n_CP_help_page_unloaderAuger_text"/>
			</paragraph>
			<paragraph>
				<title text="$l10n_CP_help_page_unloaderFieldUnload_title" />
				<text text="$l10n_CP_help_page_unloaderFieldUnload_text"/>
			</paragraph>
		</page>
		<!--Courseplay Bunker Silo Driver-->
		<page title="$l10n_CP_help_page_bunker_title">
			<paragraph>
				<text text="$l10n_CP_help_page_bunkerGeneral_text"/>
			</paragraph>
			<paragraph>
				<text text="$l10n_CP_help_page_bunkerBasic_text"/>
			</paragraph>
		</page>
		<!--Courseplay Silo Loader Driver-->
		<page title="$l10n_CP_help_page_siloLoader_title">
			<paragraph>
				<text text="$l10n_CP_help_page_siloLoaderGeneral_text"/>
			</paragraph>
			<paragraph>
				<text text="$l10n_CP_help_page_siloLoaderBasic_text"/>
			</paragraph>
		</page>
		<!--Courseplay Shovel Loader Driver-->
		<page title="$l10n_CP_help_page_shovelLoader_title">
			<paragraph>
				<text text="$l10n_CP_help_page_shovelLoaderGeneral_text"/>
			</paragraph>
			<paragraph>
				<text text="$l10n_CP_help_page_shovelLoaderBasic_text"/>
			</paragraph>
			<paragraph>
				<text text="$l10n_CP_help_page_shovelLoaderTrigger_text"/>
				<image filename="img/helpmenu/shovelloadertrigger.dds" size="1024 1024" uvs="0px 0px 830px 610px" aspectRatio="0.73"/>
			</paragraph>
			<!--<paragraph>
				<text text="$l10n_CP_help_page_shovelLoaderTpsExtension_text"/>
			</paragraph>-->
			</page>
	</category>
</helpLines>