﻿<?xml version="1.0" encoding="utf-8" standalone="no" ?>
<vehicle type="combineDrivable" xmlns:xsi="http://www.w3.org/2001/XMLSchema-instance" xsi:noNamespaceSchemaLocation="../../../../shared/xml/schema/vehicle.xsd">
    <annotation>Copyright (C) GIANTS Software GmbH, All Rights Reserved.</annotation>

    <storeData>
        <name>FR 780 (Modded)</name>
        <specs>
            <power>775</power>
            <maxSpeed>40</maxSpeed>
            <combination xmlFilename="$data/vehicles/newHolland/fb130/fb130.xml"/>
            <combination xmlFilename="$data/vehicles/kemper/n3003/n3003.xml"/>
            <combination xmlFilename="$data/vehicles/kemper/plus345/plus345.xml"/>
            <combination xmlFilename="$data/vehicles/kemper/plus360/plus360.xml"/>
            <combination xmlFilename="$data/vehicles/kemper/plus375/plus375.xml"/>
            <combination xmlFilename="$data/vehicles/kemper/comfortSupportWheel/comfortSupportWheel.xml"/>
            <combination xmlFilename="$data/objects/pallets/silageAdditive/multiPurchasePallet_silageAdditivePallet.xml"/>
        </specs>
        <functions>
            <function>$l10n_function_combineForage</function>
            <function>$l10n_function_combineNeedsForageCutter</function>
        </functions>
        <storePacks>
            <storePack>STARTER_POPLAR</storePack>
        </storePacks>
        <image>$data/vehicles/newHolland/fr780/store_fr780.png</image>
        <price>495000</price>
        <lifetime>600</lifetime>
        <rotation>0</rotation>
        <brand>NEWHOLLAND</brand>
        <category>forageHarvesters</category>
        <shopTranslationOffset>0 0.05 0</shopTranslationOffset>
        <shopRotationOffset>0.137 0 0</shopRotationOffset>
        <vertexBufferMemoryUsage>2412032</vertexBufferMemoryUsage>
        <indexBufferMemoryUsage>997120</indexBufferMemoryUsage>
        <textureMemoryUsage>1114112</textureMemoryUsage>
        <instanceVertexBufferMemoryUsage>0</instanceVertexBufferMemoryUsage>
        <instanceIndexBufferMemoryUsage>0</instanceIndexBufferMemoryUsage>
        <audioMemoryUsage>439189</audioMemoryUsage>
    </storeData>

    <base>
        <typeDesc>$l10n_typeDesc_harvester</typeDesc>
        <filename>$data/vehicles/newHolland/fr780/fr780.i3d</filename>
        <sounds filename="$data/vehicles/newHolland/fr780/sounds/fr780.xml" volumeFactor="0.73"/>
        <size width="3.3" length="7.4" height="4.05" lengthOffset="-0.37"/>
        <components>
            <component centerOfMass="0 0.85 -1" solverIterationCount="50" mass="5525" />
            <component centerOfMass="0 0 0" solverIterationCount="10" mass="5300" />
            <joint component1="1" component2="2" node="axisComponentJoint" rotLimit="0 0 10" rotLimitSpring="0 0 4000" rotLimitDamping="0 0 75" maxRotDriveForce="0 0 20" rotDriveRotation="0 0 0" rotDriveSpring="0 0 30" rotDriveDamping="0 0 20" breakable="false"/>
        </components>
        <schemaOverlay attacherJointPosition="0 0" name="HARVESTER" />
        <mapHotspot type="HARVESTER" />
    </base>

    <wheels>
        <wheelConfigurations tireCategories="HARVESTER TRACTOR">
            <tireCombination brand="NOKIAN" names="-"/>
            <wheelConfiguration name="$l10n_configuration_valueDefault" price="0" saveId="DEFAULT" numDynamicConfigurations="1">
                <wheels autoRotateBackSpeed="1.5" differentialIndex="1">
                    <wheel dimensions="710_70R42_PT 710_70R42" isLeft="true"  hasTireTracks="true" hasParticles="true" >
                        <physics tipOcclusionAreaGroupId="1" rotSpeed="0" restLoad="1.5" repr="leftFrontWheel"  forcePointRatio="0.3" initialCompression="12" suspTravel="0.12" spring="70" damper="60" yOffset="0.01"/>
                    </wheel>
                    <wheel dimensions="710_70R42_PT 710_70R42" isLeft="false" hasTireTracks="true" hasParticles="true" >
                        <physics tipOcclusionAreaGroupId="1" rotSpeed="0" restLoad="1.5" repr="rightFrontWheel" forcePointRatio="0.3" initialCompression="12" suspTravel="0.12" spring="70" damper="60" yOffset="0.01"/>
                    </wheel>

                    <wheel dimensions="600_70R30_PT 600_70R30" isLeft="true"  hasTireTracks="true" hasParticles="true" >
                        <physics tipOcclusionAreaGroupId="1" rotSpeed="1" restLoad="5.4" repr="leftBackWheelRepr"  driveNode="leftBackWheelDriveNode"  forcePointRatio="0.35" initialCompression="50" suspTravel="0.14" spring="72" damper="60" yOffset="0.06" frictionScale="1.85" />
                        <steering node="steeringBar" nodeMinTransX="-0.14" nodeMaxTransX="0.14" />
                    </wheel>
                    <wheel dimensions="600_70R30_PT 600_70R30" isLeft="false" hasTireTracks="true" hasParticles="true" >
                        <physics tipOcclusionAreaGroupId="1" rotSpeed="1" restLoad="5.4" repr="rightBackWheelRepr" driveNode="rightBackWheelDriveNode" forcePointRatio="0.35" initialCompression="50" suspTravel="0.14" spring="72" damper="60" yOffset="0.06" frictionScale="1.85" />
                    </wheel>
                </wheels>
            </wheelConfiguration>

            <wheelConfiguration name="$l10n_configuration_valueWheelBroad" price="2000" saveId="BROAD" numDynamicConfigurations="1">
                <wheels baseConfig="DEFAULT">
                    <wheel dimensions="800_70R38_PT 800_70R38">
                        <physics xOffset="0.02"/>
                    </wheel>
                    <wheel dimensions="800_70R38_PT 800_70R38">
                        <physics xOffset="0.02"/>
                    </wheel>
                    <wheel dimensions="600_70R30_PT 600_70R30"/>
                    <wheel dimensions="600_70R30_PT 600_70R30"/>
                </wheels>
            </wheelConfiguration>

            <wheelConfiguration name="$l10n_configuration_valueWheelBroad" price="3000" saveId="BROAD_02" numDynamicConfigurations="1">
                <wheels baseConfig="DEFAULT" ackermannSteeringIndex="2">
                    <wheel dimensions="900_60R38">
                        <physics xOffset="0.06"/>
                    </wheel>
                    <wheel dimensions="900_60R38">
                        <physics xOffset="0.06"/>
                    </wheel>
                    <wheel dimensions="710_60R30">
                        <physics xOffset="0.03"/>
                    </wheel>
                    <wheel dimensions="710_60R30">
                        <physics xOffset="0.03"/>
                    </wheel>
                </wheels>
            </wheelConfiguration>
        </wheelConfigurations>

        <ackermannSteeringConfigurations>
            <ackermannSteering rotSpeed="30" rotMax="33" rotCenterWheel1="1" rotCenterWheel2="2" />
            <ackermannSteering rotSpeed="30" rotMax="30" rotCenterWheel1="1" rotCenterWheel2="2" />
        </ackermannSteeringConfigurations>

        <rimMaterial materialTemplateName="NEWHOLLAND_WHITE1" />

        <hubs>
            <hub linkNode="leftFrontWheel"            filename="$data/shared/wheels/hubs/hub_n10_7.xml" isLeft="true"  scale="0.335 0.335 0.335" offset="-0.012"/>
            <hub linkNode="rightFrontWheel"           filename="$data/shared/wheels/hubs/hub_n10_7.xml" isLeft="false" scale="0.335 0.335 0.335" offset="-0.012"/>
            <hub linkNode="leftBackWheelDriveNode"    filename="$data/shared/wheels/hubs/hub_n8_4.xml"  isLeft="true"  scale="0.285 0.285 0.285"/>
            <hub linkNode="rightBackWheelDriveNode"   filename="$data/shared/wheels/hubs/hub_n8_4.xml"  isLeft="false" scale="0.285 0.285 0.285"/>
        </hubs>
    </wheels>

    <enterable>
        <enterReferenceNode node="fr780_main_component1" />
        <exitPoint node="exitPoint" />

        <cameras>
            <camera node="outdoorCamera" rotatable="true" rotateNode="outdoorCameraTarget" limit="true" useWorldXZRotation="true" rotMinX="-1.4" rotMaxX="1" transMin="6" transMax="40" translation="0 0 9.2" rotation="-21 180 0" >
                <raycastNode node="cameraRaycastNode1"/>
                <raycastNode node="cameraRaycastNode2"/>
                <raycastNode node="cameraRaycastNode3"/>
            </camera>
            <camera node="indoorCamera" rotatable="true" limit="true" rotMinX="-1.1" rotMaxX="0.4" transMin="0" transMax="0" useMirror="true" isInside="true" shadowFocusBox="shadowFocusBox" suspensionNodeIndex="1" />
        </cameras>

        <characterNode node="playerSkin" cameraMinDistance="0.5" >
            <target ikChain="rightFoot" targetNode="playerRightFootTarget" />
            <target ikChain="leftFoot"  targetNode="playerLeftFootTarget" />
            <target ikChain="rightArm"  targetNode="playerRightHandTarget" poseId="wideFingers"/>
            <target ikChain="leftArm"   targetNode="playerLeftHandTarget" />
        </characterNode>

        <mirrors>
            <mirror node="mirrorRightDecal" prio="2" />
            <mirror node="mirrorRight1Decal" prio="1" />
            <mirror node="mirrorLeftDecal" prio="2" />
            <mirror node="mirrorLeft1Decal" prio="1" />
        </mirrors>

        <enterAnimation name="enterAnimation"/>
    </enterable>

    <drivable>

        <steeringWheel node="steeringWheel" indoorRotation="540" outdoorRotation="25" />

        <dashboards>
            <dashboard displayType="NUMBER"  valueType="cruiseControl" numbers="numbersCruiseSpeed01" precision="2" groups="MOTOR_ACTIVE"/>
            <dashboard displayType="NUMBER"  valueType="cruiseControl" numbers="numbersCruiseSpeed02" precision="2" groups="MOTOR_ACTIVE"/>
        </dashboards>
    </drivable>

    <powerTakeOffs>
        <output attacherJointIndices="1" outputNode="ptoOutputLeft" ptoName="LEFT_PTO"/>
    </powerTakeOffs>

    <connectionHoses>
        <target attacherJointIndices="1" type="hydraulicIn" node="hydraulicSocket01" socket="hydraulic01"/>
        <target attacherJointIndices="1" type="hydraulicOut" node="hydraulicSocket02" socket="hydraulic02"/>
        <target attacherJointIndices="1" type="hydraulicIn" node="hydraulicSocket03" socket="hydraulic01"/>
        <target attacherJointIndices="1" type="hydraulicOut" node="hydraulicSocket04" socket="hydraulic01"/>
    </connectionHoses>

    <lights>
        <sharedLight linkNode="workingLightOval_05_03" lightTypes="4" filename="$data/shared/assets/lights/lizard/workingLight07.xml"/>
        <sharedLight linkNode="workingLightOval_05_01" lightTypes="4" filename="$data/shared/assets/lights/lizard/workingLight07.xml"/>
        <sharedLight linkNode="workingLightOval_05_02" lightTypes="1" filename="$data/shared/assets/lights/lizard/workingLight07.xml"/>
        <sharedLight linkNode="workingLightOval_05_04" lightTypes="1" filename="$data/shared/assets/lights/lizard/workingLight07.xml"/>
        <sharedLight linkNode="yellowRound_01_01" lightTypes="1" filename="$data/shared/assets/reflectors/lizard/yellowRound_01.xml"/>
        <sharedLight linkNode="yellowRound_01_02" lightTypes="1" filename="$data/shared/assets/reflectors/lizard/yellowRound_01.xml"/>
        <sharedLight linkNode="yellowRound_01_03" lightTypes="1" filename="$data/shared/assets/reflectors/lizard/yellowRound_01.xml"/>

        <states>
            <state lightTypes="0" />
            <state lightTypes="0 1" />
            <state lightTypes="0 1 2" />
            <state lightTypes="0 1 2 4" />
        </states>

        <realLights>
            <low>
                <light node="frontLightLow"        lightTypes="0" excludedLightTypes="2 3" />
                <light node="workLightBackLow"     lightTypes="2"/>
                <light node="workLightFrontLow"    lightTypes="1"/>
                <light node="highBeamLow"          lightTypes="3" />
                <light node="workLightBackLowPipe" lightTypes="4" />
            </low>
            <high>
                <light node="frontLightHigh"         lightTypes="0" excludedLightTypes="2 3" />
                <light node="workLightSideLeftHigh"  lightTypes="1"/>
                <light node="workLightSideRightHigh"  lightTypes="1"/>
                <light node="workLightFrontHigh"     lightTypes="2"/>
                <light node="highBeamHigh"           lightTypes="3"/>
                <light node="workLightBackHigh1Pipe" lightTypes="4" />
                <light node="backLightsHigh1"        lightTypes="0"/>
                <light node="licensePlateLightHigh"  lightTypes="0"/>
                <brakeLight node="backLightsHigh1" />
                <turnLightLeft node="turnLightLeftFront" />
                <turnLightRight node="turnLightRightFront" />
                <reverseLight node="reverseLight" />
                <interiorLight node="interiorScreenLight"/>
            </high>
        </realLights>

        <staticLightCompounds>
            <staticLightCompound>
                <node node="fr780Lights_static" intensity="5"/>
                <node node="fr780LightsGlass_static" intensity="1"/>
            </staticLightCompound>
        </staticLightCompounds>

       <beaconLights>
           <beaconLight node="beaconLight01" speed="0.015" filename="$data/shared/assets/beaconLights/lizard/beaconLight01.xml" />
           <beaconLight node="beaconLight02" speed="0.015" filename="$data/shared/assets/beaconLights/lizard/beaconLight01.xml" />
       </beaconLights>

        <dashboards>
            <dashboard displayType="EMITTER" valueType="lightState" node="joystickDecal"        baseColor="GREY" emitColor="GREY"    intensity="0.5" lightTypes="0 3" groups="MOTOR_ACTIVE"/>
            <dashboard displayType="EMITTER" valueType="lightState" node="seatDecal"            baseColor="GREY" emitColor="GREY"    intensity="0.5" lightTypes="0 3" groups="MOTOR_ACTIVE"/>
            <dashboard displayType="EMITTER" valueType="lightState" node="cabinDecal"           baseColor="GREY" emitColor="GREY"    intensity="0.5" lightTypes="0 3" groups="MOTOR_ACTIVE"/>
            <dashboard displayType="EMITTER" valueType="lightState" node="steeringBase02Decals" baseColor="GREY" emitColor="GREY"    intensity="0.5" lightTypes="0 3" groups="MOTOR_ACTIVE"/>
            <dashboard displayType="EMITTER" valueType="turnLightLeft" node="turnlightDecalLeft"  baseColor="GREY" emitColor="GREEN"    intensity="1" groups="MOTOR_ACTIVE"/>
            <dashboard displayType="EMITTER" valueType="turnLightRight" node="turnlightDecalRight"  baseColor="GREY" emitColor="GREEN"    intensity="1" groups="MOTOR_ACTIVE"/>
            <dashboard displayType="EMITTER" valueType="turnLightHazard" node="iconHazards01_decals" groups="MOTOR_ACTIVE"/>
            <dashboard displayType="EMITTER" valueType="beaconLight" node="beaconLight_decal" intensity="0.2" groups="MOTOR_ACTIVE"/>
            <dashboard displayType="EMITTER" valueType="lightState" node="worklightBackDecal" lightTypes="1" intensity="0.1" groups="MOTOR_ACTIVE"/>
            <dashboard displayType="EMITTER" valueType="lightState" node="worklightFrontDecal" lightTypes="2" intensity="0.1" groups="MOTOR_ACTIVE"/>
        </dashboards>
    </lights>

    <attacherJoints>
        <attacherJoint jointType="cutterHarvester" node="attacherJointFront" jointPositionOffset="0 0 -1.01" lowerTransLimit="0 0 0" lowerRotLimit="0 0 25" dynamicLowerRotLimit="true" lockDownRotLimit="true" moveTime="2.5" comboTime="0">
            <distanceToGround lower="1.19" upper="1.73" />
            <rotationNode node="attacherJointFrontRot" lowerRotation="3 0 0" upperRotation="-29 0 0" />
            <bottomArm rotationNode="feederHouse" referenceNode="attacherJointFront" startRotation="-20 0 0" />
            <schema position="1 0" rotation="0" invertX="true" />
            <attachSound template="headerAttach01" linkNode="attacherJointFront"/>
        </attacherJoint>
        <attacherJoint node="trailerAttacherJointBack" jointType="trailer" allowsJointLimitMovement="false" allowsLowering="false" lowerRotLimit="25 55 50" lowerTransLimit="0 0 0" canTurnOnImplement="false" comboTime="1" >
            <schema position="1 0" rotation="0" invertX="false" />
            <attachSound template="attach01" linkNode="trailerAttacherJointBack"/>
        </attacherJoint>
        <attacherJoint node="trailerAttacherJointBack" jointType="trailerLow" allowsJointLimitMovement="false" allowsLowering="false" lowerRotLimit="25 55 50" lowerTransLimit="0 0 0" canTurnOnImplement="false" comboTime="1" >
            <schema position="1 0" rotation="0" invertX="false" />
            <attachSound template="attach01" linkNode="trailerAttacherJointBack"/>
        </attacherJoint>
    </attacherJoints>

    <licensePlates>
        <licensePlate node="licensePlateFront" position="FRONT" preferedType="SQUARISH" placementArea="0.2 0.2 0.2 0.2"/>
        <licensePlate node="licensePlateBack" position="BACK" preferedType="ELONGATED" placementArea="0.06 0.3 0.06 0.3"/>
    </licensePlates>

    <fillUnit>
        <fillUnitConfigurations>
            <fillUnitConfiguration>
                <fillUnits>
                    <fillUnit unitTextOverride="$l10n_unit_literShort" showOnHud="false" showOnInfoHud="false" fillTypeCategories="forageHarvester"/>
                    <fillUnit unitTextOverride="$l10n_unit_literShort" showOnHud="false" showInShop="false" fillTypes="diesel" capacity="12000">
                        <exactFillRootNode node="exactFillRootNodeFuel" />
                    </fillUnit>
                    <fillUnit unitTextOverride="$l10n_unit_literShort" showOnHud="false" showInShop="false" showOnInfoHud="false" fillTypes="def" capacity="1200" />
                    <fillUnit unitTextOverride="$l10n_unit_literShort" fillTypes="SILAGE_ADDITIVE" capacity="20" uiPrecision="2">
                        <exactFillRootNode node="exactFillRootNodeAdditives" />
                    </fillUnit>
                </fillUnits>
            </fillUnitConfiguration>
        </fillUnitConfigurations>
    </fillUnit>

    <motorized>
        <consumerConfigurations>
            <consumerConfiguration>
                <consumer fillUnitIndex="2" usage="387" fillType="diesel" />  <!-- usage is per hour at max load and max rpm -->
                <consumer fillUnitIndex="3" usage="31" fillType="def" />      <!-- usage is per hour at max load and max rpm -->
            </consumerConfiguration>
        </consumerConfigurations>

        <differentialConfigurations>
            <differentialConfiguration>
                <differentials>
                    <differential torqueRatio="0.5" maxSpeedRatio="1.7" wheelIndex1="1" wheelIndex2="2" /> <!-- back left-right -->
                    <differential torqueRatio="0.5" maxSpeedRatio="1.5" wheelIndex1="3" wheelIndex2="4" /> <!-- front left-right -->
                    <differential torqueRatio="0.5" maxSpeedRatio="1.3" differentialIndex1="1" differentialIndex2="2" /> <!-- front-back -->
                </differentials>
            </differentialConfiguration>
        </differentialConfigurations>

        <motorConfigurations>
            <motorConfiguration name="FR 780" hp="775" price="0">
                <motor torqueScale="3.271" minRpm="850" maxRpm="2200" maxForwardSpeed="43" maxBackwardSpeed="20" brakeForce="11" lowBrakeForceScale="0.1" accelerationLimit="1.8" dampingRateScale="2">
                    <torque normRpm="0.45" torque="0.8"/>
                    <torque normRpm="0.5" torque="0.87"/>
                    <torque normRpm="0.59" torque="0.9"/>
                    <torque normRpm="0.72" torque="1"/>
                    <torque normRpm="0.86" torque="0.88"/>
                    <torque normRpm="1" torque="0.72"/>
                </motor>
                <transmission minForwardGearRatio="14.5" maxForwardGearRatio="320" minBackwardGearRatio="35.8" maxBackwardGearRatio="320" name="$l10n_info_transmission_cvt"/>
            </motorConfiguration>
        </motorConfigurations>

        <exhaustEffects>
            <exhaustEffect node="exhaustParticle" filename="$data/effects/exhaust/exhaust.i3d" minRpmColor="0.9 0.9 0.9 0.1" maxRpmColor="0.9 0.9 0.9 0.4" minRpmScale="0.05" maxRpmScale="0.5" />
        </exhaustEffects>

        <motorStartDuration>3500</motorStartDuration>

        <dashboards>
            <dashboard displayType="NUMBER" valueType="speed" numbers="numbersCurrentSpeed" precision="2" groups="MOTOR_ACTIVE"/>
            <dashboard displayType="ROT"    valueType="speedDir" node="joystick" minRot="-15 0 0" maxRot="15 0 0" groups="MOTOR_ACTIVE"/>
            <dashboard displayType="MULTI_STATE" valueType="ignitionState" node="ignitionKey" doInterpolation="true" groups="MOTOR_ACTIVE">
                <state value="0" rotation="0 0 0"/>
                <state value="1" rotation="0 -60 0"/>
                <state value="2" rotation="0 -30 0"/>
            </dashboard>
        </dashboards>
    </motorized>

    <pipe toggleableDischargeToGround="true">
        <unloadingTriggers>
            <unloadingTrigger node="trailerTrigger" />
        </unloadingTriggers>
        <pipeNodes>
            <pipeNode node="pipeBase" rotationSpeeds="0 35 0" autoAimYRotation="true" autoAimInvertZ="true" minRotationLimits="0 -100 0" maxRotationLimits="0 100 0" foldPriority="1">
                <state rotation="0 0 0" />
                <state rotation="0 0 0"/>
                <moveSound template="hydraulicOpen05" fadeIn="0.1" fadeOut="0.1" pitchScale="1.6" volumeScale="2.1" linkNode="pipeBase"/>
            </pipeNode>
            <pipeNode node="pipeRot" rotationSpeeds="12.5 0 0">
                <state rotation="0 0 0"/>
                <state rotation="35 0 0"/>
                <moveSound template="hydraulicOpen02" pitchScale="1.4" volumeScale="2" fadeIn="0.1" fadeOut="0.1" linkNode="pipeRot"/>
            </pipeNode>
            <pipeNode node="pipeEndRot01" rotationSpeeds="25 0 0" autoAimXRotation="true" subPipeNode="pipeEndRot02" subPipeNodeRatio="0.5" minRotationLimits="-70 0 0" maxRotationLimits="0 0 0" bendingRegulation="0.15">
                <state rotation="-45 0 0"/>
                <state rotation="-30 0 0"/>
                <moveSound template="hydraulicClose01" pitchScale="1.4" fadeIn="0.1" fadeOut="0.1" linkNode="pipeEndRot01"/>
            </pipeNode>
            <pipeNode node="pipeEndRot02" rotationSpeeds="80 0 0" autoAimXRotation="true" minRotationLimits="-70 0 0" maxRotationLimits="0 0 0" bendingRegulation="0.15">
                <state rotation="-45 0 0"/>
                <state rotation="-30 0 0"/>
                <bendingRegulationNode node="pipeRaycastNode" axis="1" direction="1"/>
                <moveSound template="hydraulicClose03" pitchScale="1.4" fadeIn="0.1" fadeOut="0.1" linkNode="pipeEndRot02"/>
            </pipeNode>
        </pipeNodes>
        <states num="2" unloading="2" autoAiming="2" turnOnAllowed="2"/>
    </pipe>

    <dischargeable>
        <dischargeNode node="pipeRaycastNode" emptySpeed="2000" fillUnitIndex="1" maxDistance="20" stopDischargeOnEmpty="false" effectTurnOffThreshold="0.5">
            <info width="0.4" length="0.4" useRaycastHitPosition="true"/>

            <effects>
                <effectNode                          effectNode="pipeEffect1"  delay="0"    materialType="unloading" fadeScale="0"/>
                <effectNode                          effectNode="pipeEffect2"  delay="0.1"  materialType="unloading" fadeScale="0"/>
                <effectNode effectClass="PipeEffect" effectNode="pipeEffect3"  delay="0.12" materialType="pipe"      maxBending="0.15" shapeScaleSpread="1.03 0.96 1 0"/>
            </effects>
            <dischargeSound template="dischargeForageHarvester" volumeScale="1.4" linkNode="attacherJointFront"/>
        </dischargeNode>
    </dischargeable>

    <combine allowThreshingDuringRain="true" fillUnitIndex="1">
        <additives fillUnitIndex="4" usage="0.0000275" fillTypes="CHAFF GRASS_WINDROW" />
        <buffer loadingDelay="1.0" unloadingDelay="3.0"/>

        <animationNodes>
            <animationNode node="rotationPart01" rotSpeed="-900" rotAxis="1" turnOnFadeTime="4" turnOffFadeTime="8" />
            <animationNode node="rotationPart02" rotSpeed="900"  rotAxis="1" turnOnFadeTime="4" turnOffFadeTime="8" />
        </animationNodes>

        <automaticTilt>
            <automaticTiltNode node="headerTilt" minAngle="-5" maxAngle="5" />
            <automaticTiltNode node="headerTiltJoint" minAngle="-5" maxAngle="5" updateAttacherJoint="true"/>
        </automaticTilt>
    </combine>

    <animations>
        <animation name="enterAnimation" isKeyframe="true">
            <part node="steeringBase02" startTime="0" duration="1" startRot="-35 0 0" endRot="-35 0 0"/>
        </animation>
        <animation name="wiperAnimation" isKeyframe="true">
            <part node="wiperArm1"  startTime="0.0" endTime="0.3" startRot="0 0 0" endRot="-3 0 -35" />
            <part node="wiperArm1"  startTime="0.3" endTime="0.6" startRot="-3 0 -35" endRot="8 0 -70" />

            <sound template="wiper1" startTime="0" endTime="0.6" direction="1"   volumeScale="1.0" pitchScale="0.7" fadeOut="0.1" linkNode="wiperArm1"/>
            <sound template="wiper2" startTime="0" endTime="0.6" direction="-1"  volumeScale="1.0" pitchScale="0.7" fadeOut="0.1" linkNode="wiperArm1"/>
        </animation>
    </animations>

    <wipers>
        <wiper animName="wiperAnimation" >
            <state animSpeed="0.75" animPause="2.0" />
            <state animSpeed="0.75" animPause="0.0" />
            <state animSpeed="1.10" animPause="0.0" />
        </wiper>
    </wipers>

    <cylindered>
        <movingTools>
            <movingTool node="pipeRot" playSound="true">
                <dependentPart node="pipeRotHydraulic" />
            </movingTool>

            <movingTool node="pipeEndRot01">
                <dependentPart node="pipeEndRot01Hydraulic" />
                <dependentPart node="pipeEndRot02Bar" />
                <dependentPart node="pipeEndRot02Spring" />
            </movingTool>

            <movingTool node="pipeEndRot02">
                <dependentPart node="pipeEndRot02Bar" />
                <dependentPart node="pipeEndRot02Spring" />
            </movingTool>

            <movingTool node="feederHouse">
                <dependentPart node="upperBelt" />
                <dependentPart node="lowerBelt" />
            </movingTool>

            <movingTool node="wiperArm1">
                <dependentPart node="wiper" />
                <dependentPart node="wiperArm2" />
            </movingTool>
        </movingTools>

        <movingParts>
            <movingPart node="rightSteeringArm" referencePoint="rightSteeringArmRef" referenceFrame="rightSteeringArmRef" scaleZ="true" isActiveDirty="true" maxUpdateDistance="30"/>
            <movingPart node="leftSteeringArm" referencePoint="leftSteeringArmRef" referenceFrame="leftSteeringArmRef" scaleZ="true" isActiveDirty="true" maxUpdateDistance="30"/>

            <movingPart node="pipeRotHydraulic" referencePoint="pipeRotHydraulicRef" referenceFrame="pipeRotHydraulicRef">
                <translatingPart node="pipeRotHydraulicPunch" />
            </movingPart>

            <movingPart node="pipeEndRot01Hydraulic" referencePoint="pipeEndRot01HydraulicRef" referenceFrame="pipeEndRot01HydraulicRef">
                <translatingPart node="pipeEndRot01HydraulicPunch" />
            </movingPart>

            <movingPart node="pipeEndRot02Bar" referencePoint="pipeEndRot02BarRef"  referenceFrame="pipeEndRot02BarRef" scaleZ="true"/>
            <movingPart node="pipeEndRot02Spring" referencePoint="pipeEndRot02SpringRef"  referenceFrame="pipeEndRot02SpringRef" scaleZ="true"/>

            <movingPart node="upperBelt" referencePoint="upperBeltRef"  referenceFrame="upperBeltRef" scaleZ="true"/>
            <movingPart node="lowerBelt" referencePoint="lowerBeltRef"  referenceFrame="lowerBeltRef" scaleZ="true"/>

            <movingPart node="wiperArm2" referencePoint="wiperArm2Ref"  referenceFrame="wiperArm2Ref" />
            <movingPart node="wiper" referenceFrame="fr780_main_component1" />
        </movingParts>
        <sounds>
            <hydraulic template="hydraulicOpen02" volumeScale="3" pitchScale="0.8" linkNode="pipeRot" fadeIn="0.1" fadeOut="0.1"/>
        </sounds>
    </cylindered>

    <suspensions>
        <suspension node="seat"              weight="150" minTranslation="-0.05 -0.15 0.0" maxTranslation="0.05 0.15 0.0" suspensionParametersX="20 4" suspensionParametersY="5 1" suspensionParametersZ="20 4" />
        <suspension useCharacterTorso="true" weight="90"  minRotation="0 -5 -5" maxRotation="0 5 5" suspensionParametersY="7 1" suspensionParametersZ="7 1" />
    </suspensions>

    <dashboard>
        <groups>
            <group name="MOTOR_STARTING" electronicsStarting="true"/>
            <group name="MOTOR_ACTIVE" electronicsStarting="true" electronicsRunning="true"/>
        </groups>
        <default>
            <dashboard displayType="VISIBILITY" node="decalsNonAlphaBlending"  groups="MOTOR_ACTIVE" />
            <dashboard displayType="VISIBILITY" node="indoorHuds"  groups="MOTOR_ACTIVE" />
        </default>
    </dashboard>

    <ai>
        <agent frontWheelNodes="leftBackWheelRepr rightBackWheelRepr"/>
        <collisionTrigger useSize="true"/>
    </ai>

    <foliageBending>
        <bendingNode wheelIndices="1 2" minZ="0.15" maxZ="2.35" yOffset="0.6" />
        <bendingNode wheelIndices="3 4" minZ="-3.2" maxZ="0.15" yOffset="0.6" />
        <bendingNode minX="-1.2" maxX="1.2" minZ="-3.6" maxZ="-3.2" yOffset="0.6" />
        <bendingNode minX="-1" maxX="0.8" minZ="2.35" maxZ="3" yOffset="0.6" />
    </foliageBending>

    <wearable wearDuration="480" workMultiplier="5" fieldMultiplier="2"/>
    <washable dirtDuration="90" washDuration="1" workMultiplier="4" fieldMultiplier="2"/>

    <i3dMappings>
        <i3dMapping id="fr780_main_component1" node="0>" />
        <i3dMapping id="fr780_vis" node="0>0" />
        <i3dMapping id="leftFrontWheel" node="0>0|0|0" />
        <i3dMapping id="rightFrontWheel" node="0>0|0|1" />
        <i3dMapping id="axisComponentJoint" node="0>0|0|2" />
        <i3dMapping id="outdoorCameraTarget" node="0>0|1|0" />
        <i3dMapping id="outdoorCamera" node="0>0|1|0|0" />
        <i3dMapping id="indoorCamera" node="0>0|1|1" />
        <i3dMapping id="cameraRaycastNode1" node="0>0|1|2" />
        <i3dMapping id="cameraRaycastNode2" node="0>0|1|3" />
        <i3dMapping id="cameraRaycastNode3" node="0>0|1|4" />
        <i3dMapping id="shadowFocusBox" node="0>0|1|5" />
        <i3dMapping id="workingLightOval_05_02" node="0>0|2|0|0" />
        <i3dMapping id="workingLightOval_05_04" node="0>0|2|0|1" />
        <i3dMapping id="yellowRound_01_01" node="0>0|2|0|2" />
        <i3dMapping id="yellowRound_01_02" node="0>0|2|0|3" />
        <i3dMapping id="yellowRound_01_03" node="0>0|2|0|4" />
        <i3dMapping id="fr780Lights_static" node="0>0|2|1|0" />
        <i3dMapping id="fr780LightsGlass_static" node="0>0|2|1|1" />
        <i3dMapping id="frontLightLow" node="0>0|2|2|0" />
        <i3dMapping id="highBeamLow" node="0>0|2|2|1" />
        <i3dMapping id="frontLightHigh" node="0>0|2|2|2" />
        <i3dMapping id="highBeamHigh" node="0>0|2|2|3" />
        <i3dMapping id="licensePlateLightHigh" node="0>0|2|2|4" />
        <i3dMapping id="workLightFrontLow" node="0>0|2|3|0" />
        <i3dMapping id="workLightBackLow" node="0>0|2|3|1" />
        <i3dMapping id="workLightFrontHigh" node="0>0|2|3|2" />
        <i3dMapping id="workLightSideLeftHigh" node="0>0|2|3|3" />
        <i3dMapping id="workLightSideRightHigh" node="0>0|2|3|4" />
        <i3dMapping id="backLightsHigh1" node="0>0|2|4|0" />
        <i3dMapping id="turnLightLeftFront" node="0>0|2|5|0" />
        <i3dMapping id="turnLightRightFront" node="0>0|2|5|1" />
        <i3dMapping id="reverseLight" node="0>0|2|6|0" />
        <i3dMapping id="beaconLight01" node="0>0|2|7|0" />
        <i3dMapping id="beaconLight02" node="0>0|2|7|1" />
        <i3dMapping id="exitPoint" node="0>0|3" />
        <i3dMapping id="steeringBase01" node="0>0|4" />
        <i3dMapping id="steeringBase02" node="0>0|4|0" />
        <i3dMapping id="steeringWheel" node="0>0|4|0|0" />
        <i3dMapping id="playerLeftHandTarget" node="0>0|4|0|0|0" />
        <i3dMapping id="turnlightDecalLeft" node="0>0|4|0|1" />
        <i3dMapping id="turnlightDecalRight" node="0>0|4|0|2" />
        <i3dMapping id="steeringBase02Decals" node="0>0|4|0|3" />
        <i3dMapping id="attacherJointFrontRot" node="0>0|5|0|0" />
        <i3dMapping id="headerTiltJoint" node="0>0|5|0|0|0|0" />
        <i3dMapping id="attacherJointFront" node="0>0|5|0|0|0|0|0|0" />
        <i3dMapping id="feederHouse" node="0>0|5|0|1" />
        <i3dMapping id="headerTilt" node="0>0|5|0|1|0|0" />
        <i3dMapping id="rotationParts" node="0>0|5|0|1|1" />
        <i3dMapping id="rotationPart01" node="0>0|5|0|1|1|0" />
        <i3dMapping id="rotationPart02" node="0>0|5|0|1|1|1" />
        <i3dMapping id="lowerBelt" node="0>0|5|0|1|2" />
        <i3dMapping id="upperBelt" node="0>0|5|0|1|3" />
        <i3dMapping id="ptoOutputLeft" node="0>0|5|0|1|4" />
        <i3dMapping id="lowerBeltRef" node="0>0|5|0|2" />
        <i3dMapping id="upperBeltRef" node="0>0|5|0|3" />
        <i3dMapping id="trailerAttacherJointBack" node="0>0|5|1|0" />
        <i3dMapping id="hydraulicSocket02" node="0>0|5|2|0" />
        <i3dMapping id="hydraulicSocket01" node="0>0|5|2|1" />
        <i3dMapping id="hydraulicSocket03" node="0>0|5|2|2" />
        <i3dMapping id="hydraulicSocket04" node="0>0|5|2|3" />
        <i3dMapping id="seat" node="0>0|6|0" />
        <i3dMapping id="playerSkin" node="0>0|6|0|0" />
        <i3dMapping id="indoorHuds" node="0>0|6|0|1" />
        <i3dMapping id="numbersCurrentSpeed" node="0>0|6|0|1|0" />
        <i3dMapping id="numbersCruiseSpeed01" node="0>0|6|0|1|1" />
        <i3dMapping id="numbersCruiseSpeed02" node="0>0|6|0|1|2" />
        <i3dMapping id="joystick" node="0>0|6|0|2" />
        <i3dMapping id="playerRightHandTarget" node="0>0|6|0|2|0" />
        <i3dMapping id="joystickDecal" node="0>0|6|0|2|1" />
        <i3dMapping id="decalsNonAlphaBlending" node="0>0|6|0|4" />
        <i3dMapping id="seatDecal" node="0>0|6|0|6" />
        <i3dMapping id="interiorScreenLight" node="0>0|6|0|7" />
        <i3dMapping id="ignitionKey" node="0>0|6|1" />
        <i3dMapping id="playerRightFootTarget" node="0>0|6|2" />
        <i3dMapping id="playerLeftFootTarget" node="0>0|6|3" />
        <i3dMapping id="wiperArm2Ref" node="0>0|6|4|0" />
        <i3dMapping id="wiperArm1" node="0>0|6|4|1|0" />
        <i3dMapping id="wiper" node="0>0|6|4|1|0|0" />
        <i3dMapping id="wiperArm2" node="0>0|6|4|1|0|0|0" />
        <i3dMapping id="trailerTrigger" node="0>0|7|0" />
        <i3dMapping id="exhaustParticle" node="0>0|8|0" />
        <i3dMapping id="movingParts" node="0>0|9" />
        <i3dMapping id="pipeBase" node="0>0|9|0" />
        <i3dMapping id="pipeRot" node="0>0|9|0|0" />
        <i3dMapping id="pipeEndRot01" node="0>0|9|0|0|0|0" />
        <i3dMapping id="pipeEndRot02" node="0>0|9|0|0|0|0|0" />
        <i3dMapping id="pipeRaycastNode" node="0>0|9|0|0|0|0|0|0" />
        <i3dMapping id="pipeEffect3" node="0>0|9|0|0|0|0|0|1" />
        <i3dMapping id="pipeEndRot02BarRef" node="0>0|9|0|0|0|0|0|2" />
        <i3dMapping id="pipeEndRot02SpringRef" node="0>0|9|0|0|0|0|0|3" />
        <i3dMapping id="pipeEffect2" node="0>0|9|0|0|0|0|1" />
        <i3dMapping id="pipeEndRot01HydraulicRef" node="0>0|9|0|0|0|0|2" />
        <i3dMapping id="pipeEndRot01Hydraulic" node="0>0|9|0|0|1" />
        <i3dMapping id="pipeEndRot01HydraulicPunch" node="0>0|9|0|0|1|0" />
        <i3dMapping id="pipeEndRot02Bar" node="0>0|9|0|0|2" />
        <i3dMapping id="pipeEndRot02Spring" node="0>0|9|0|0|3" />
        <i3dMapping id="pipeEffect1" node="0>0|9|0|0|4" />
        <i3dMapping id="pipeRotHydraulicRef" node="0>0|9|0|0|5" />
        <i3dMapping id="workLightBackLowPipe" node="0>0|9|0|0|6" />
        <i3dMapping id="workLightBackHigh1Pipe" node="0>0|9|0|0|7" />
        <i3dMapping id="workingLightOval_05_03" node="0>0|9|0|0|11" />
        <i3dMapping id="workingLightOval_05_01" node="0>0|9|0|0|12" />
        <i3dMapping id="pipeRotHydraulic" node="0>0|9|0|1" />
        <i3dMapping id="pipeRotHydraulicPunch" node="0>0|9|0|1|0" />
        <i3dMapping id="cabinDecal" node="0>0|10|0" />
        <i3dMapping id="iconHazards01_decals" node="0>0|10|1" />
        <i3dMapping id="beaconLight_decal" node="0>0|10|2" />
        <i3dMapping id="worklightFrontDecal" node="0>0|10|3" />
        <i3dMapping id="worklightBackDecal" node="0>0|10|4" />
        <i3dMapping id="mirrorLeftDecal" node="0>0|11|0" />
        <i3dMapping id="mirrorRightDecal" node="0>0|11|1" />
        <i3dMapping id="mirrorRight1Decal" node="0>0|11|2" />
        <i3dMapping id="mirrorLeft1Decal" node="0>0|11|3" />
        <i3dMapping id="exactFillRootNodeAdditives" node="0>0|12|0" />
        <i3dMapping id="exactFillRootNodeFuel" node="0>0|12|1" />
        <i3dMapping id="licensePlateFront" node="0>0|13|0" />
        <i3dMapping id="licensePlateBack" node="0>0|13|1" />
        <i3dMapping id="interior" node="0>0|14|0" />
        <i3dMapping id="leftBackWheelRepr" node="1>0|0|0|0" />
        <i3dMapping id="leftBackWheelDriveNode" node="1>0|0|0|0|0|0" />
        <i3dMapping id="leftSteeringArm" node="1>0|0|0|0|1" />
        <i3dMapping id="rightBackWheelRepr" node="1>0|0|1|0" />
        <i3dMapping id="rightBackWheelDriveNode" node="1>0|0|1|0|0|0" />
        <i3dMapping id="rightSteeringArm" node="1>0|0|1|0|1" />
        <i3dMapping id="steeringBar" node="1>0|0|2" />
        <i3dMapping id="leftSteeringArmRef" node="1>0|0|2|0" />
        <i3dMapping id="rightSteeringArmRef" node="1>0|0|2|1" />
    </i3dMappings>
</vehicle>
