﻿<?xml version="1.0" encoding="utf-8" standalone="no" ?>
<vehicle type="riceHarvester" xmlns:xsi="http://www.w3.org/2001/XMLSchema-instance" xsi:noNamespaceSchemaLocation="../../../../shared/xml/schema/vehicle.xsd">
    <annotation>Copyright (C) GIANTS Software GmbH, All Rights Reserved.</annotation>

    <storeData>
        <name>HJ6130 (Modded)</name>
        <specs>
            <power>130</power>
            <maxSpeed>12</maxSpeed>
        </specs>
        <functions>
            <function>$l10n_function_combine</function>
        </functions>
        <storePacks>
            <storePack>STARTER_RICE</storePack>
        </storePacks>
        <image>$data/vehicles/iseki/hj6130/store_hj6130.png</image>
        <price>95000</price>
        <lifetime>600</lifetime>
        <rotation>0</rotation>
        <brand>ISEKI</brand>
        <category>riceHarvesters</category>
        <shopFoldingState>1</shopFoldingState>
        <shopLoadingDelay initial="0.3"/>
        <shopTranslationOffset>0 0 0</shopTranslationOffset>
        <shopRotationOffset>-0.031 0 0</shopRotationOffset>
        <vertexBufferMemoryUsage>4868864</vertexBufferMemoryUsage>
        <indexBufferMemoryUsage>1945344</indexBufferMemoryUsage>
        <textureMemoryUsage>2949120</textureMemoryUsage>
        <instanceVertexBufferMemoryUsage>0</instanceVertexBufferMemoryUsage>
        <instanceIndexBufferMemoryUsage>0</instanceIndexBufferMemoryUsage>
        <audioMemoryUsage>415360</audioMemoryUsage>
    </storeData>

    <base>
        <typeDesc>$l10n_typeDesc_combine</typeDesc>
        <filename>$data/vehicles/iseki/hj6130/hj6130.i3d</filename>
        <sounds filename="$data/vehicles/iseki/hj6130/sounds/hj6130.xml" volumeFactor="0.6"/>
        <size width="2.3" length="5.1" height="2.75" lengthOffset="0.17"/>
        <speedLimit value="8"/>
        <components>
            <component centerOfMass="0 0.5 -0.17" solverIterationCount="10" mass="4355"/>
            <component solverIterationCount="10" mass="500"/>
            <joint component1="1" component2="2" node="componentJointHeader" rotLimit="0 0 0" transLimit="0 0 0"/>
        </components>
        <schemaOverlay attacherJointPosition="0 0" name="HARVESTER"/>
        <mapHotspot type="HARVESTER"/>
    </base>

    <wheels>
        <wheelConfigurations>
            <wheelConfiguration>
                <wheels autoRotateBackSpeed="5" speedDependentRotateBack="false">
                    <wheel>
                        <physics tipOcclusionAreaGroupId="1" rotSpeed="1" restLoad="0.9" radius="0.316" width="0.45" repr="wheelFrontLeft"   forcePointRatio="0.25" initialCompression="25" suspTravel="0.10" spring="35" damper="25" frictionScale="2" supportsWheelSink="false"/>
                    </wheel>
                    <wheel>
                        <physics tipOcclusionAreaGroupId="1" rotSpeed="1" restLoad="0.9" radius="0.316" width="0.45" repr="wheelFrontRight"  forcePointRatio="0.25" initialCompression="25" suspTravel="0.10" spring="35" damper="25" frictionScale="2" supportsWheelSink="false"/>
                    </wheel>
                    <wheel>
                        <physics tipOcclusionAreaGroupId="1" rotSpeed="0" restLoad="0.9" radius="0.316" width="0.45" repr="wheelMiddleLeft"  forcePointRatio="0.25" initialCompression="25" suspTravel="0.10" spring="35" damper="25" frictionScale="2" supportsWheelSink="false"/>
                    </wheel>
                    <wheel>
                        <physics tipOcclusionAreaGroupId="1" rotSpeed="0" restLoad="0.9" radius="0.316" width="0.45" repr="wheelMiddleRight" forcePointRatio="0.25" initialCompression="25" suspTravel="0.10" spring="35" damper="25" frictionScale="2" supportsWheelSink="false"/>
                    </wheel>
                    <wheel hasTireTracks="true" hasParticles="true" >
                        <physics tipOcclusionAreaGroupId="1" rotSpeed="1" restLoad="0.9" radius="0.316" width="0.45" repr="wheelBackLeft"    forcePointRatio="0.25" initialCompression="25" suspTravel="0.10" spring="35" damper="25" frictionScale="2" supportsWheelSink="false"/>
                        <tire tireTrackAtlasIndex="5"/>
                    </wheel>
                    <wheel hasTireTracks="true" hasParticles="true" >
                        <physics tipOcclusionAreaGroupId="1" rotSpeed="1" restLoad="0.9" radius="0.316" width="0.45" repr="wheelBackRight"   forcePointRatio="0.25" initialCompression="25" suspTravel="0.10" spring="35" damper="25" frictionScale="2" supportsWheelSink="false"/>
                        <tire tireTrackAtlasIndex="5"/>
                    </wheel>
                </wheels>
                <crawlers>
                    <crawler filename="$data/shared/crawlers/iseki/hj6130Crawler/hj6130Crawler.xml" linkWheelNodes="wheelBackLeft wheelFrontLeft" wheelNodes="wheelMiddleLeft" isLeft="true"/>
                    <crawler filename="$data/shared/crawlers/iseki/hj6130Crawler/hj6130Crawler.xml" linkWheelNodes="wheelBackRight wheelFrontRight" wheelNodes="wheelMiddleRight" isLeft="false"/>
                </crawlers>
            </wheelConfiguration>
        </wheelConfigurations>

        <ackermannSteeringConfigurations>
            <ackermannSteering rotSpeed="70" rotMax="60" rotCenter="0 0" />
        </ackermannSteeringConfigurations>
    </wheels>

    <powerConsumer ptoRpm="470" neededMaxPtoPower="10"/>

    <lights>
        <states>
            <state lightTypes="0"/>
            <state lightTypes="0 1"/>
            <state lightTypes="0 1 2"/>
            <state lightTypes="0 1 2 4"/>
        </states>

        <realLights>
            <low>
                <light node="frontLightLow" lightTypes="0" excludedLightTypes="2 3"/>
                <light node="workLightBackLow" lightTypes="1"/>
                <light node="workLightFrontLow" lightTypes="2"/>
                <light node="workLightPipeLow" lightTypes="4"/>
                <light node="highBeamLow" lightTypes="3"/>
            </low>
            <high>
                <light node="frontLightHigh" lightTypes="0" excludedLightTypes="2 3"/>
                <light node="backLightsHigh" lightTypes="0"/>
                <light node="workLightBackHigh" lightTypes="1"/>
                <light node="workLightFrontHigh" lightTypes="2"/>
                <light node="workLightPipeHigh" lightTypes="4"/>
                <light node="highBeamHigh" lightTypes="3"/>
                <brakeLight node="backLightsHigh"/>
                <turnLightLeft node="turnLightLeftFront"/>
                <turnLightRight node="turnLightRightFront"/>
                <interiorLight node="interiorScreenLight"/>
                <reverseLight node="reverseLightHigh"/>
            </high>
        </realLights>

        <staticLightCompounds>
            <staticLightCompound>
                <node node="frontLightHeader_static" intensity="5"/>
                <node node="frontLightHeaderGlass_static" intensity="1"/>
                <node node="frontLight_static" intensity="5"/>
                <node node="frontLightGlass_static" intensity="1"/>
                <node node="pipeLight_static" intensity="5"/>
                <node node="pipeLightGlass_static" intensity="1"/>
            </staticLightCompound>
        </staticLightCompounds>

        <dashboards>
            <dashboard displayType="EMITTER" valueType="turnLightLeft" node="turnLightLeftIcon_decal" emitColor="GREEN" intensity="0.3"/>
            <dashboard displayType="EMITTER" valueType="turnLightRight" node="turnLightRightIcon_decal" emitColor="GREEN" intensity="0.3"/>
        </dashboards>
    </lights>

    <licensePlates>
        <licensePlate node="licensePlateBack"  position="BACK"  preferedType="SQUARISH" placementArea="0.15 0.3 0.06 0.3"/>
    </licensePlates>

    <enterable isTabbable="true" >
        <enterReferenceNode node="hj6130_main_component1" />
        <exitPoint node="exitPoint" />

        <cameras>
            <camera node="outdoorCamera" rotatable="true" rotateNode="outdoorCameraTarget" limit="true" useWorldXZRotation="true" rotMinX="-1.4" rotMaxX="1" transMin="3.6" transMax="40" translation="0 0 4.9" rotation="-20 180 0" >
                <raycastNode node="cameraRaycastNode1"/>
                <raycastNode node="cameraRaycastNode2"/>
                <raycastNode node="cameraRaycastNode3"/>
            </camera>
            <camera node="indoorCamera" rotation="-30 180 0" rotatable="true" limit="true" rotMinX="-1.1" rotMaxX="0.4" transMin="0" transMax="0" useMirror="true" isInside="true" shadowFocusBox="shadowFocusBox" positionSmoothingParameter="0.45"/>
        </cameras>

        <mirrors>
            <mirror node="mirrorDecal01" prio="1" />
            <mirror node="mirrorDecal02" prio="1" />
        </mirrors>

        <characterNode node="playerSkin" cameraMinDistance="0.5" >
            <target ikChain="rightFoot" targetNode="playerRightFootTarget" />
            <target ikChain="leftFoot"  targetNode="playerLeftFootTarget" />
            <target ikChain="rightArm"  targetNode="playerRightHandTarget" poseId="narrowFingers"/>
            <target ikChain="leftArm"   targetNode="playerLeftHandTarget" poseId="narrowFingers"/>
        </characterNode>
    </enterable>

    <motorized>
        <consumerConfigurations>
            <consumerConfiguration>
                <consumer fillUnitIndex="2" usage="52" fillType="diesel" />  <!-- usage is per hour at max load and max rpm -->
                <consumer fillUnitIndex="3" usage="4.8" fillType="def" />  <!-- usage is per hour at max load and max rpm -->
            </consumerConfiguration>
        </consumerConfigurations>

        <differentialConfigurations>
            <differentialConfiguration>
                <differentials>
                    <differential torqueRatio="0.5" maxSpeedRatio="1.9" wheelIndex1="1" wheelIndex2="2"/> <!-- front left-right -->
                    <differential torqueRatio="0.5" maxSpeedRatio="3.3" wheelIndex1="3" wheelIndex2="4"/> <!-- middle left-right -->
                    <differential torqueRatio="0.5" maxSpeedRatio="2.0" wheelIndex1="5" wheelIndex2="6"/> <!-- back left-right -->
                    <differential torqueRatio="0.5" maxSpeedRatio="1.4" differentialIndex1="1" differentialIndex2="2" />
                    <differential torqueRatio="0.5" maxSpeedRatio="1.2" differentialIndex1="3" differentialIndex2="4" />
                </differentials>
            </differentialConfiguration>
        </differentialConfigurations>

        <motorConfigurations>
            <motorConfiguration name="HJ6130" hp="130">
                <motor torqueScale="0.548" minRpm="850" maxRpm="2200" maxForwardSpeed="12" maxBackwardSpeed="12" brakeForce="2" lowBrakeForceScale="0.1" dampingRateScale="0.6">
                    <torque normRpm="0.45" torque="0.9"/>
                    <torque normRpm="0.5" torque="0.97"/>
                    <torque normRpm="0.59" torque="1"/>
                    <torque normRpm="0.72" torque="1"/>
                    <torque normRpm="0.86" torque="0.88"/>
                    <torque normRpm="1" torque="0.72"/>
                </motor>
                <transmission minForwardGearRatio="69" maxForwardGearRatio="320" minBackwardGearRatio="69" maxBackwardGearRatio="320" name="$l10n_info_transmission_cvt"/>
            </motorConfiguration>
        </motorConfigurations>

        <exhaustEffects>
            <exhaustEffect node="exhaustParticle" filename="$data/effects/exhaust/exhaust.i3d" minRpmColor="0.9 0.9 0.9 0.1" maxRpmColor="0.9 0.9 0.9 0.4" minRpmScale="0.05" maxRpmScale="0.5" />
        </exhaustEffects>

        <brakeCompressor capacity="2000" fillSpeed="250" />
        <motorStartDuration>2800</motorStartDuration>

        <dashboards>
            <dashboard displayType="ANIMATION" valueType="speedDir" animName="joystickMovement" groups="MOTOR_ACTIVE"/>
            <dashboard displayType="MULTI_STATE" valueType="ignitionState" node="keyIgnition" doInterpolation="true" groups="MOTOR_ACTIVE">
                <state value="0" rotation="0 0 0"/>
                <state value="1" rotation="0 0 -130"/>
                <state value="2" rotation="0 0 -90"/>
            </dashboard>
            <dashboard displayType="TEXT" valueType="speed" node="numbersSpeed" textColor="1 1 1 1" textSize="0.007" textMask="00.0" font="GENERIC" groups="MOTOR_ACTIVE"/>
            <dashboard displayType="SLIDER" valueType="load" node="motorLoadSlider_decal" groups="MOTOR_ACTIVE"/>
            <dashboard displayType="SLIDER" valueType="motorTemperature" node="tempSlider_decal" groups="MOTOR_ACTIVE"/>
            <dashboard displayType="ANIMATION" valueType="rpm" animName="rpmNeedle" minValueAnim="0" maxValueAnim="3000" groups="MOTOR_ACTIVE"/>
        </dashboards>
    </motorized>

    <drivable>
        <idleTurning allowed="true" updateSteeringWheel="true" direction="1" maxSpeed="2" lockDirection="false">
            <wheel node="wheelFrontLeft" steeringAngle="-45"/>
            <wheel node="wheelBackLeft" steeringAngle="45"/>
            <wheel node="wheelFrontRight" steeringAngle="45" inverted="true"/>
            <wheel node="wheelBackRight" steeringAngle="-45" inverted="true"/>
        </idleTurning>

        <dashboards>
            <dashboard displayType="ROT" valueType="steeringAngle" node="joystick01" minRot="0 0 15" maxRot="0 0 -15" doInterpolation="true" groups="MOTOR_ACTIVE"/>
        </dashboards>
    </drivable>

    <fillUnit>
        <fillUnitConfigurations>
            <fillUnitConfiguration>
                <fillUnits>
                    <fillUnit unitTextOverride="$l10n_unit_literShort" fillTypes="rice" capacity="20000" foldMinLimit="1" foldMaxLimit="1"/>
                    <fillUnit unitTextOverride="$l10n_unit_literShort" showOnHud="false" showInShop="false" fillTypes="diesel" capacity="105">
                        <exactFillRootNode node="exactFillRootNodeFuel" />
                        <dashboard displayType="SLIDER" valueType="fillLevel" node="fuelSlider_decal" groups="MOTOR_ACTIVE"/>
                    </fillUnit>
                    <fillUnit unitTextOverride="$l10n_unit_literShort" showOnHud="false" showInShop="false" fillTypes="def" capacity="10">
                        <dashboard displayType="SLIDER" valueType="fillLevel" node="defSlider_decal" groups="MOTOR_ACTIVE"/>
                    </fillUnit>
                </fillUnits>
            </fillUnitConfiguration>
        </fillUnitConfigurations>
    </fillUnit>

    <foldable>
        <foldingConfigurations>
            <foldingConfiguration>
                <foldingParts startMoveDirection="1" foldMiddleAnimTime="1">
                    <foldingPart animationName="folding" speedScale="1" />
                </foldingParts>
            </foldingConfiguration>
        </foldingConfigurations>
    </foldable>

    <animations>
        <animation name="foldPipe" soundVolumeFactor="1.4">
            <part node="pipeRot2" startTime="0" endTime="1.0" startRot="0 0 0" endRot="0 0 20" />
            <part node="pipeRot2" startTime="1.5" endTime="3.5" startRot="0 0 20" endRot="0 0 20" />
            <part node="pipeRot1" startTime="0.5" endTime="3.5" startRot="0 0 0" endRot="0 -120 0" />

            <sound template="hingeImp"      startTime="0.01" direction="-1" volumeScale="1.2" pitchScale="0.6" linkNode="pipeRot2"/>
            <sound template="vibratingImp"  startTime="3.49" direction="1"  volumeScale="1.8" pitchScale="1.2" linkNode="pipeRot2"/>
            <sound template="cylinderPunch" startTime="3.49" direction="1"  volumeScale="0.8" pitchScale="2.5" linkNode="pipeRot2"/>
        </animation>

        <animation name="joystickMovement" isKeyframe="true">
            <part node="joystick02" startTime="0.00" endTime="0.49" startTrans="0 0 0" endTrans="0 0 0.085"/>
            <part node="joystick02" startTime="0.49" endTime="0.51" startTrans="0 0 0.085" endTrans="-0.015 0 0.085"/>
            <part node="joystick02" startTime="0.51" endTime="1.00" startTrans="0 0 0.085" endTrans="-0.015 0 0.166"/>
        </animation>
        <animation name="rpmNeedle" isKeyframe="true">
            <part node="rpmNeedle_decal" startTime="0" endTime="1" startRot="0 0 23.9829" endRot="0 0 6.630"/>
            <part node="rpmNeedle_decal" startTime="1" endTime="3" startRot="0 0 6.630" endRot="0 0 -156.724"/>
        </animation>

        <animation name="wiperFrontAnimation" isKeyframe="true">
            <part node="wiper" startTime="0.0" endTime="0.5" startRot="0 0 0" endRot="0 0 -80" />
            <part node="wiper" startTime="0.5" endTime="1.0" startRot="0 0 -80" endRot="0 0 -0" />

            <sound template="wiper1" startTime="0" endTime="1" direction="1"   volumeScale="1" pitchScale="0.7" fadeOut="0.1" linkNode="wiper"/>
            <sound template="wiper2" startTime="0" endTime="1" direction="-1"  volumeScale="1" pitchScale="0.7" fadeOut="0.1" linkNode="wiper"/>
        </animation>
        <animation name="folding" soundVolumeFactor="2.2">
            <part node="componentJointHeader" startTime="0" endTime="1" startRot="0 0 0" endRot="-12 0 0"/>
            <part componentJointIndex="1" startTime="0" endTime="1" startRotMinLimit="-10 0 0" startRotMaxLimit="2 0 0" endRotLimit="0 0 0"/>
            <part node="sideProtectorHydraulic" startTime="0" endTime="1" startTrans="0.62 -0.644 0.679" endTrans="0.48 -0.644 0.679"/>
            <part node="sideProtectorArm02Ref" startTime="0" endTime="1" startTrans="1.013 0.519 -0.85" endTrans="1.013 0.519 -0.78"/>

            <sound template="hydraulicOpen02" startTime="0.01" endTime="0.99" volumeScale="2"   pitchScale="1.3" fadeIn="0.1" fadeOut="0.1" linkNode="header"/>
            <sound template="vibratingImp"    startTime="0.01" direction="-1" volumeScale="1.5" pitchScale="1"   linkNode="header"/>
            <sound template="metalImpHigh03"  startTime="0.01" direction="-1" volumeScale="0.3" pitchScale="1"   linkNode="header"/>
            <sound template="hingeImp"        startTime="0.8"  direction="1"  volumeScale="0.7" pitchScale="0.8" linkNode="header"/>
            <sound template="vibratingImp"    startTime="0.9"  direction="1"  volumeScale="1.5" pitchScale="0.8" linkNode="header"/>
        </animation>

        <animation name="pipeRot1HoseAnimation" isKeyframe="true">
            <part node="pipeRot1AnimJoint" startTime="0" endTime="1" startRot="0 0 0" endRot="-86.361 25.137 -69.842" startTrans="0.008 0.450 -0.228" endTrans="-0.186 0.450 -0.054" />
        </animation>
        <animation name="dischargeNodeAnimation" isKeyframe="true">
            <part node="dischargeNode" startTime="0" endTime="1" startRot="0 0 0" endRot="32 0 0"/>
        </animation>
    </animations>

    <cylindered>
        <movingTools>
            <movingTool node="pipeRot1" playSound="true" freezingPipeStates="1">
                <controls axis="AXIS_PIPE" invertAxis="false" mouseSpeedFactor="0.3" iconName="PIPE_ROTATE_X" />
                <rotation rotSpeed="20" rotAcceleration="200" rotMax="-80" rotMin="-180" startRot="-120" rotationAxis="2"/>
                <dependentAnimation name="pipeRot1HoseAnimation" rotationAxis="2" minValue="0" maxValue="-180"/>
            </movingTool>
            <movingTool node="pipeRot2" playSound="true" freezingPipeStates="1">
                <controls axis="AXIS_DOOR" invertAxis="false" mouseSpeedFactor="0.3" iconName="PIPE_END_ROTATE"/>
                <rotation rotSpeed="10" rotAcceleration="200" rotMax="35" rotMin="0" rotationAxis="3"/>
                <dependentPart node="pipeRot2Hydraulic" />
                <dependentAnimation name="dischargeNodeAnimation" rotationAxis="3" minValue="0" maxValue="35"/>
            </movingTool>

            <movingTool node="componentJointHeader">
                <componentJoint index="1"/>
            </movingTool>

            <movingTool node="sideProtectorHydraulic">
                <dependentPart node="sideProtector" />
                <dependentPart node="sideProtectorHydraulicScalePart" />
            </movingTool>
        </movingTools>

        <movingParts>
            <movingPart node="header" referencePoint="headerRef" referenceFrame="hj6130_main_component1" isActiveDirty="true" maxUpdateDistance="150">
                <dependentPart node="headerHydraulic" maxUpdateDistance="50"/>
            </movingPart>
            <movingPart node="headerHydraulic" referencePoint="headerHydraulicRef" referenceFrame="headerHydraulicRef">
                <translatingPart node="headerHydraulicPunch"/>
            </movingPart>
            <movingPart node="pipeRot2Hydraulic" referencePoint="pipeRot2HydraulicRef" referenceFrame="pipeRot2HydraulicRef">
                <translatingPart node="pipeRot2HydraulicPunch"/>
            </movingPart>

            <movingPart node="sideProtector" localReferencePoint="sideProtectorArm01" referencePoint="sideProtectorArm01Ref" referenceFrame="sideProtectorRefFrame">
                <dependentPart node="sideProtectorArm01" />
                <dependentPart node="sideProtectorArm02" />
            </movingPart>
            <movingPart node="sideProtectorArm01" referencePoint="sideProtectorArm01Ref" referenceFrame="sideProtectorArm01Ref"/>
            <movingPart node="sideProtectorArm02" referencePoint="sideProtectorArm02Ref" referenceFrame="sideProtectorArm02Ref" isActiveDirty="true" maxUpdateDistance="75"/>

            <movingPart node="sideProtectorHydraulicScalePart" referencePoint="sideProtectorHydraulicScalePartRef" referenceFrame="sideProtectorHydraulicScalePartRef" scaleZ="true"/>
        </movingParts>

        <sounds>
            <actionSound template="hydraulicClose01" volumeScale="8"   pitchScale="0.7" linkNode="pipeRot1" actionNames="TOOL_MOVE_POS TOOL_MOVE_NEG"                     nodes="pipeRot1" fadeIn="0.1" fadeOut="0.1"/>
            <actionSound template="hydraulicOpen05"  volumeScale="4"   pitchScale="1.7" linkNode="pipeRot2" actionNames="TOOL_MOVE_POS TOOL_MOVE_NEG"                     nodes="pipeRot2" fadeIn="0.1" fadeOut="0.1"/>
            <actionSound template="vibratingImp"     volumeScale="1"   pitchScale="2.2" linkNode="pipeRot1" actionNames="TOOL_MOVE_END_NEG_LIMIT TOOL_MOVE_END_POS_LIMIT" nodes="pipeRot1"/>
            <actionSound template="cylinderPunch"    volumeScale="1.5" pitchScale="2.2" linkNode="pipeRot1" actionNames="TOOL_MOVE_END_NEG_LIMIT TOOL_MOVE_END_POS_LIMIT" nodes="pipeRot1"/>
            <actionSound template="vibratingImp"     volumeScale="0.7" pitchScale="1.8" linkNode="pipeRot2" actionNames="TOOL_MOVE_END_NEG_LIMIT TOOL_MOVE_END_POS_LIMIT" nodes="pipeRot2"/>
            <actionSound template="cylinderPunch"    volumeScale="1.1" pitchScale="2.1" linkNode="pipeRot2" actionNames="TOOL_MOVE_END_NEG_LIMIT TOOL_MOVE_END_POS_LIMIT" nodes="pipeRot2"/>
            <actionSound template="metalImpHigh01"   volumeScale="0.7" pitchScale="1.8" linkNode="pipeRot2" actionNames="TOOL_MOVE_END_NEG_LIMIT TOOL_MOVE_END_POS_LIMIT" nodes="pipeRot2"/>
        </sounds>
    </cylindered>

    <wipers>
        <wiper animName="wiperFrontAnimation" >
            <state animSpeed="0.5" animPause="2.0" />
            <state animSpeed="0.75" animPause="0.0" />
            <state animSpeed="1.0" animPause="0.0" />
        </wiper>
    </wipers>

    <turnOnVehicle turnOffIfNotAllowed="true">
        <sounds>
            <work template="harvesterChopper" volumeScale="2" pitchScale="1.6" linkNodeOffset="-0.5 0 2"/>
            <work template="strawblowerWork" volumeScale="3" pitchScale="0.6" linkNodeOffset="-0.5 0 0" fadeIn="0.5" fadeOut="0.5"/>
            <work template="carrotHarvesterBeltInside01" volumeScale="3" pitchScale="0.8" linkNodeOffset="-0.5 0 0" fadeIn="0.5" fadeOut="0.5"/>
        </sounds>
    </turnOnVehicle>

    <groundReferenceNodes>
        <groundReferenceNode node="groundReferenceNode" threshold="0.25"/>
    </groundReferenceNodes>

    <workAreas>
        <workArea type="cutter" functionName="processCutterArea">
            <area startNode="workAreaStart" widthNode="workAreaWidth" heightNode="workAreaHeight"/>
            <groundReferenceNode index="1"/>
            <testAreas autoGenerate="true" zOffset="0.5" xOffset="0" length="0.6" numAreas="6" areaWidthScale="0.25"/>
        </workArea>
        <workArea type="combineChopper" functionName="processCombineChopperArea" requiresGroundContact="false" disableBackwards="false">
            <area startNode="workAreaChopperStart" widthNode="workAreaChopperWidth" heightNode="workAreaChopperHeight" />
        </workArea>
    </workAreas>

    <combine fillUnitIndex="1" allowThreshingDuringRain="false">
        <chopper available="true" workAreaIndex="2"/>
        <swath available="false"/>
        <processing toggleTime="3" />
        <folding direction="-1"/>

        <chopperEffect>
            <effectNode effectClass="TypedMotionPathEffect" effectType="STRAW_CHOPPER" materialType="CHOPPER" linkNode="chopperCenterEffectNode">
                <motionPathEffect textureFilename="$data/vehicles/iseki/hj6130/chopperCenterEffectArray.dds" numRows="16" rowLength="18" minFade="0.04" shapeScale="0.2" maxShapeScale="2.4" />
                <!-- Note: numRows * rowLength == 24 * 12 == 16 * 18 == 288 -->
            </effectNode>

            <effectNode effectClass="ParticleEffect" effectNode="chopperSmokeEmitter" particleType="SMOKE" materialType="smokeParticle" useFruitColor="true"/>
        </chopperEffect>

        <animationNodes>
            <animationNode node="threshingDrum" rotSpeed="-2000" rotAxis="1" turnOnFadeTime="2" turnOffFadeTime="2" />
            <animationNode node="rotatingPartFeeder" rotSpeed="-2000" rotAxis="1" turnOnFadeTime="2" turnOffFadeTime="2" />
            <animationNode node="driveBelt" rotSpeed="-100" rotAxis="1" turnOnFadeTime="2" turnOffFadeTime="2" shaderComponentScale="0 1 0 0" shaderParameterName="offsetUV" />
            <animationNode node="mainCropChains" rotSpeed="-300" rotAxis="1" turnOnFadeTime="2" turnOffFadeTime="2" shaderComponentScale="0 1 0 0" shaderParameterName="offsetUV" />
            <animationNode node="headerCropChains" rotSpeed="300" rotAxis="1" turnOnFadeTime="2" turnOffFadeTime="2" shaderComponentScale="0 1 0 0" shaderParameterName="offsetUV" />
            <animationNode node="headerBlades" rotSpeed="-100" rotAxis="1" turnOnFadeTime="2" turnOffFadeTime="2" shaderComponentScale="0 1 0 0" shaderParameterName="offsetUV" />
            <animationNode node="headerChains" rotSpeed="-100" rotAxis="1" turnOnFadeTime="2" turnOffFadeTime="2" shaderComponentScale="0 1 0 0" shaderParameterName="offsetUV" />
        </animationNodes>
    </combine>

    <cutter fruitTypes="rice" allowCuttingWhileRaised="false">
        <effect>
            <effectNode effectClass="CutterMotionPathEffect" effectType="CUTTER" linkNode="cutterEffectLinkNode">
                <motionPathEffect textureFilename="$data/vehicles/iseki/hj6130/riceArray.dds" numRows="6" rowLength="44" visibilityZ="3.25 -50"/>
            </effectNode>
        </effect>
        <sounds>
            <cut template="cropCutting" pitchScale="0.5" volumeScale="2.3" linkNodeOffset="-0.5 0 2"/>
        </sounds>

        <animationNodes>
            <animationNode class="ScrollingAnimation" node="chainMotionPath1"  shaderParameterName="scrollPos" shaderParameterComponent="1" scrollLength="1" scrollSpeed="-0.4" turnOnFadeTime="2" turnOffFadeTime="2" />
            <animationNode class="ScrollingAnimation" node="chainMotionPath2"  shaderParameterName="scrollPos" shaderParameterComponent="1" scrollLength="1" scrollSpeed="-0.4" turnOnFadeTime="2" turnOffFadeTime="2" />
            <animationNode class="ScrollingAnimation" node="chainMotionPath3"  shaderParameterName="scrollPos" shaderParameterComponent="1" scrollLength="1" scrollSpeed="-0.4" turnOnFadeTime="2" turnOffFadeTime="2" />
            <animationNode class="ScrollingAnimation" node="chainMotionPath4"  shaderParameterName="scrollPos" shaderParameterComponent="1" scrollLength="1" scrollSpeed="-0.4" turnOnFadeTime="2" turnOffFadeTime="2" />
            <animationNode class="ScrollingAnimation" node="chainMotionPath5"  shaderParameterName="scrollPos" shaderParameterComponent="1" scrollLength="1" scrollSpeed="-0.4" turnOnFadeTime="2" turnOffFadeTime="2" />
            <animationNode class="ScrollingAnimation" node="chainMotionPath6"  shaderParameterName="scrollPos" shaderParameterComponent="1" scrollLength="1" scrollSpeed="-0.4" turnOnFadeTime="2" turnOffFadeTime="2" />
            <animationNode class="ScrollingAnimation" node="chainMotionPath7"  shaderParameterName="scrollPos" shaderParameterComponent="1" scrollLength="1" scrollSpeed="-0.5" turnOnFadeTime="2" turnOffFadeTime="2" />
            <animationNode class="ScrollingAnimation" node="chainMotionPath8"  shaderParameterName="scrollPos" shaderParameterComponent="1" scrollLength="1" scrollSpeed="-0.5" turnOnFadeTime="2" turnOffFadeTime="2" />
            <animationNode class="ScrollingAnimation" node="chainMotionPath9"  shaderParameterName="scrollPos" shaderParameterComponent="1" scrollLength="1" scrollSpeed="-0.5" turnOnFadeTime="2" turnOffFadeTime="2" />
            <animationNode class="ScrollingAnimation" node="chainMotionPath10"  shaderParameterName="scrollPos" shaderParameterComponent="1" scrollLength="1" scrollSpeed="0.5" turnOnFadeTime="2" turnOffFadeTime="2" />
            <animationNode node="headerDrum01" rotSpeed="250"  rotAxis="3" turnOnFadeTime="2" turnOffFadeTime="2" />
            <animationNode node="headerDrum02" rotSpeed="-250"  rotAxis="3" turnOnFadeTime="2" turnOffFadeTime="2" />
            <animationNode node="headerDrum03" rotSpeed="250"  rotAxis="3" turnOnFadeTime="2" turnOffFadeTime="2" />
            <animationNode node="headerDrum04" rotSpeed="250"  rotAxis="3" turnOnFadeTime="2" turnOffFadeTime="2" />
            <animationNode node="headerDrum05" rotSpeed="-250"  rotAxis="3" turnOnFadeTime="2" turnOffFadeTime="2" />
            <animationNode node="headerDrum06" rotSpeed="-250"  rotAxis="3" turnOnFadeTime="2" turnOffFadeTime="2" />
        </animationNodes>
    </cutter>

    <pipe>
        <pipeConfigurations>
            <pipeConfiguration name="$l10n_configuration_valueShortPipe" foldMinState="0" foldMaxState="1" foldMinLimit="0" foldMaxLimit="1" dischargeNodeIndex="1">
                <states num="2" unloading="2" />
                <animation name="foldPipe" speedScale="1" />

                <unloadingTriggers>
                    <unloadingTrigger node="trailerTrigger" />
                </unloadingTriggers>
            </pipeConfiguration>
        </pipeConfigurations>

        <animationNodes>
            <animationNode node="pipeAuger01" rotSpeed="500" rotAxis="3" turnOnFadeTime="1" turnOffFadeTime="1" />
        </animationNodes>
    </pipe>

    <dischargeable>
        <dischargeNode node="dischargeNode" emptySpeed="1142" fillUnitIndex="1" maxDistance="8">
            <raycast yOffset="1" />
            <info width="0.4" length="0.4" useRaycastHitPosition="true"/>

            <effects>
                <effectNode effectClass="PipeEffect" effectNode="pipeEffect" materialType="pipe" delay="0" maxBending="0.8" extraDistance="0.05"/>
            </effects>
        </dischargeNode>
    </dischargeable>

    <suspensions>
        <suspension useCharacterTorso="true" weight="90" minRotation="0 -5 -5" maxRotation="0 5 5" suspensionParametersY="7 1" suspensionParametersZ="7 1" />
    </suspensions>

    <dashboard>
        <groups>
            <group name="MOTOR_STARTING" electronicsStarting="true"/>
            <group name="MOTOR_ACTIVE" electronicsStarting="true" electronicsRunning="true"/>
        </groups>

        <default>
            <dashboard displayType="EMITTER" node="monitorDisplay01Decal" idleValue="-1" intensity="0.3" hideInactiveChildren="true" groups="MOTOR_ACTIVE" />
            <dashboard displayType="EMITTER" node="cameraDisplay" idleValue="-1" intensity="0.3" hideInactiveChildren="true" groups="MOTOR_ACTIVE" />
        </default>
    </dashboard>

    <ai>
        <agent frontWheelNodes="wheelFrontLeft wheelFrontRight"/>
        <collisionTrigger useSize="true"/>
        <areaMarkers leftNode="aiMarkerLeft" rightNode="aiMarkerRight" backNode="aiMarkerBack"/>
    </ai>

    <foliageBending>
        <bendingNode minX="-0.9" maxX="0.9" minZ="-1.2" maxZ="1.4" yOffset="0.3"/>
        <bendingNode minX="-0.9" maxX="0.9" minZ="-1.9" maxZ="-1.2" yOffset="0.4"/>
        <bendingNode minX="-0.9" maxX="0.9" minZ="-2.3" maxZ="-1.9" yOffset="0.5"/>
        <bendingNode minX="-0.98" maxX="1.15" minZ="-1.2" maxZ="-0.3" yOffset="0.1" node="groundReferenceNode"/>
    </foliageBending>

    <wearable wearDuration="480" workMultiplier="5" fieldMultiplier="2"/>
    <washable dirtDuration="90" washDuration="1" workMultiplier="4" fieldMultiplier="2"/>

    <i3dMappings>
        <i3dMapping id="hj6130_main_component1" node="0>" />
        <i3dMapping id="wheelFrontLeft" node="0>0|0|0" />
        <i3dMapping id="wheelMiddleLeft" node="0>0|0|1" />
        <i3dMapping id="wheelBackLeft" node="0>0|0|2" />
        <i3dMapping id="wheelFrontRight" node="0>0|0|3" />
        <i3dMapping id="wheelMiddleRight" node="0>0|0|4" />
        <i3dMapping id="wheelBackRight" node="0>0|0|5" />
        <i3dMapping id="outdoorCameraTarget" node="0>0|1|0" />
        <i3dMapping id="outdoorCamera" node="0>0|1|0|0" />
        <i3dMapping id="indoorCamera" node="0>0|1|1" />
        <i3dMapping id="cameraRaycastNode1" node="0>0|1|2" />
        <i3dMapping id="cameraRaycastNode2" node="0>0|1|3" />
        <i3dMapping id="cameraRaycastNode3" node="0>0|1|4" />
        <i3dMapping id="shadowFocusBox" node="0>0|1|5" />
        <i3dMapping id="exitPoint" node="0>0|2" />
        <i3dMapping id="frontLight_static" node="0>0|3|0|0" />
        <i3dMapping id="frontLightGlass_static" node="0>0|3|0|1" />
        <i3dMapping id="interiorScreenLight" node="0>0|3|2" />
        <i3dMapping id="workLightFrontLow" node="0>0|3|3|0" />
        <i3dMapping id="workLightFrontHigh" node="0>0|3|3|1" />
        <i3dMapping id="workLightBackLow" node="0>0|3|3|2" />
        <i3dMapping id="workLightBackHigh" node="0>0|3|3|3" />
        <i3dMapping id="reverseLightHigh" node="0>0|3|3|4" />
        <i3dMapping id="backLightsHigh" node="0>0|3|4|0" />
        <i3dMapping id="turnLightLeftFront" node="0>0|3|5|0" />
        <i3dMapping id="turnLightRightFront" node="0>0|3|5|1" />
        <i3dMapping id="workAreaStart" node="0>0|4|0" />
        <i3dMapping id="workAreaHeight" node="0>0|4|1" />
        <i3dMapping id="workAreaWidth" node="0>0|4|2" />
        <i3dMapping id="workAreaChopperStart" node="0>0|4|3" />
        <i3dMapping id="workAreaChopperWidth" node="0>0|4|4" />
        <i3dMapping id="workAreaChopperHeight" node="0>0|4|5" />
        <i3dMapping id="playerSkin" node="0>0|5|0|0" />
        <i3dMapping id="playerRightFootTarget" node="0>0|5|0|1" />
        <i3dMapping id="playerLeftFootTarget" node="0>0|5|0|2" />
        <i3dMapping id="wiper" node="0>0|5|1|0" />
        <i3dMapping id="monitorDisplay01Decal" node="0>0|5|2|0" />
        <i3dMapping id="motorLoadSlider_decal" node="0>0|5|2|0|0" />
        <i3dMapping id="tempSlider_decal" node="0>0|5|2|0|1" />
        <i3dMapping id="fuelSlider_decal" node="0>0|5|2|0|2" />
        <i3dMapping id="defSlider_decal" node="0>0|5|2|0|3" />
        <i3dMapping id="rpmNeedle_decal" node="0>0|5|2|0|4" />
        <i3dMapping id="turnLightLeftIcon_decal" node="0>0|5|2|0|6" />
        <i3dMapping id="turnLightRightIcon_decal" node="0>0|5|2|0|7" />
        <i3dMapping id="numbersSpeed" node="0>0|5|2|0|8" />
        <i3dMapping id="joystick01" node="0>0|5|2|1|0" />
        <i3dMapping id="playerRightHandTarget" node="0>0|5|2|1|0|2" />
        <i3dMapping id="joystick02" node="0>0|5|2|1|1|0" />
        <i3dMapping id="playerLeftHandTarget" node="0>0|5|2|1|1|0|0" />
        <i3dMapping id="keyIgnition" node="0>0|5|2|2|0" />
        <i3dMapping id="cameraDisplay" node="0>0|5|2|3" />
        <i3dMapping id="mirrorDecal01" node="0>0|5|3|0" />
        <i3dMapping id="mirrorDecal02" node="0>0|5|3|1" />
        <i3dMapping id="header" node="0>0|6|0" />
        <i3dMapping id="sideProtectorRefFrame" node="0>0|6|0|0" />
        <i3dMapping id="sideProtector" node="0>0|6|0|0|0" />
        <i3dMapping id="sideProtectorArm01" node="0>0|6|0|0|0|0" />
        <i3dMapping id="sideProtectorArm02" node="0>0|6|0|0|0|1" />
        <i3dMapping id="sideProtectorHydraulic" node="0>0|6|0|1" />
        <i3dMapping id="sideProtectorHydraulicScalePart" node="0>0|6|0|1|0" />
        <i3dMapping id="sideProtectorArm01Ref" node="0>0|6|0|1|1" />
        <i3dMapping id="sideProtectorHydraulicScalePartRef" node="0>0|6|0|2" />
        <i3dMapping id="chainMotionPathWIP" node="0>0|6|0|4|0" />
        <i3dMapping id="chainMotionPath1" node="0>0|6|0|4|0|0" />
        <i3dMapping id="chainMotionPath2" node="0>0|6|0|4|0|1" />
        <i3dMapping id="chainMotionPath3" node="0>0|6|0|4|0|2" />
        <i3dMapping id="chainMotionPath4" node="0>0|6|0|4|0|3" />
        <i3dMapping id="chainMotionPath5" node="0>0|6|0|4|0|4" />
        <i3dMapping id="chainMotionPath6" node="0>0|6|0|4|0|5" />
        <i3dMapping id="chainMotionPath7" node="0>0|6|0|4|0|6" />
        <i3dMapping id="chainMotionPath8" node="0>0|6|0|4|0|7" />
        <i3dMapping id="chainMotionPath9" node="0>0|6|0|4|0|8" />
        <i3dMapping id="chainMotionPath10" node="0>0|6|0|4|0|9" />
        <i3dMapping id="headerChains" node="0>0|6|0|4|1" />
        <i3dMapping id="headerBlades" node="0>0|6|0|4|2" />
        <i3dMapping id="headerCropChains" node="0>0|6|0|4|3" />
        <i3dMapping id="headerDrum01" node="0>0|6|0|4|6|0" />
        <i3dMapping id="headerDrum02" node="0>0|6|0|4|7|0" />
        <i3dMapping id="headerDrum03" node="0>0|6|0|4|8|0" />
        <i3dMapping id="headerDrum04" node="0>0|6|0|4|9|0" />
        <i3dMapping id="headerDrum05" node="0>0|6|0|4|10|0" />
        <i3dMapping id="headerDrum06" node="0>0|6|0|4|11|0" />
        <i3dMapping id="headerHydraulicRef" node="0>0|6|0|5" />
        <i3dMapping id="frontLightHeader_static" node="0>0|6|0|6|0|0" />
        <i3dMapping id="frontLightHeaderGlass_static" node="0>0|6|0|6|0|1" />
        <i3dMapping id="frontLightLow" node="0>0|6|0|6|1|0" />
        <i3dMapping id="highBeamLow" node="0>0|6|0|6|1|1" />
        <i3dMapping id="frontLightHigh" node="0>0|6|0|6|1|2" />
        <i3dMapping id="highBeamHigh" node="0>0|6|0|6|1|3" />
        <i3dMapping id="headerHydraulic" node="0>0|6|1" />
        <i3dMapping id="headerHydraulicPunch" node="0>0|6|1|0" />
        <i3dMapping id="sideProtectorArm02Ref" node="0>0|6|2" />
        <i3dMapping id="pipeRot1" node="0>0|6|3|0" />
        <i3dMapping id="pipeRot2" node="0>0|6|3|0|0|0" />
        <i3dMapping id="pipeRot3" node="0>0|6|3|0|0|0|0" />
        <i3dMapping id="pipeEffect" node="0>0|6|3|0|0|0|0|0" />
        <i3dMapping id="dischargeNode" node="0>0|6|3|0|0|0|0|1|0" />
        <i3dMapping id="pipeLight_static" node="0>0|6|3|0|0|0|1|0" />
        <i3dMapping id="pipeLightGlass_static" node="0>0|6|3|0|0|0|1|1" />
        <i3dMapping id="workLightPipeLow" node="0>0|6|3|0|0|0|1|2" />
        <i3dMapping id="workLightPipeHigh" node="0>0|6|3|0|0|0|1|3" />
        <i3dMapping id="camera_02" node="0>0|6|3|0|0|0|2" />
        <i3dMapping id="pipeRot2HydraulicRef" node="0>0|6|3|0|0|0|4" />
        <i3dMapping id="pipeAuger01" node="0>0|6|3|0|0|0|5|0" />
        <i3dMapping id="pipeRot2Hydraulic" node="0>0|6|3|0|2" />
        <i3dMapping id="pipeRot2HydraulicPunch" node="0>0|6|3|0|2|0" />
        <i3dMapping id="pipeRot1AnimJoint" node="0>0|6|3|0|4" />
        <i3dMapping id="threshingDrum" node="0>0|6|4" />
        <i3dMapping id="rotatingPartFeeder" node="0>0|6|5" />
        <i3dMapping id="mainCropChains" node="0>0|6|6" />
        <i3dMapping id="driveBelt" node="0>0|6|7" />
        <i3dMapping id="componentJointHeader" node="0>0|7" />
        <i3dMapping id="exhaustParticle" node="0>0|8" />
        <i3dMapping id="exactFillRootNodeFuel" node="0>0|9|0" />
        <i3dMapping id="trailerTrigger" node="0>0|9|1" />
        <i3dMapping id="licensePlateBack" node="0>0|10|0" />
        <i3dMapping id="aiMarkerLeft" node="0>0|11|0" />
        <i3dMapping id="aiMarkerRight" node="0>0|11|1" />
        <i3dMapping id="aiMarkerBack" node="0>0|11|2" />
        <i3dMapping id="camera_01" node="0>0|12|4" />
        <i3dMapping id="cutterSmokeEmitter" node="0>0|13|0|0" />
        <i3dMapping id="chopperSmokeEmitter" node="0>0|13|0|1" />
        <i3dMapping id="cutterEffectLinkNode" node="0>0|13|1" />
        <i3dMapping id="chopperCenterEffectNode" node="0>0|13|2" />
        <i3dMapping id="headerRef" node="1>0" />
        <i3dMapping id="groundReferenceNode" node="1>1" />
    </i3dMappings>
</vehicle>
