<?xml version="1.0" encoding="UTF-8"?>

<!-- 
	Combine Unloader AI parameters.
	For documentation look up the CpSettingUtil.lua.
-->

<Settings prefixText="CP_combineUnloaderJobParameters_">
	<SettingSubTitle title="ai_parameterGroupTitlePosition" prefix="false">
		<Setting classType="CpAIParameterPositionAngle" name="startPosition" positionParameterType="DRIVE_TO"/>
	</SettingSubTitle>
	<SettingSubTitle title="CP_fieldWorkJobParameters_fieldPosition_title" prefix="false">
		<Setting classType="CpAIParameterPosition" name="fieldPosition" positionParameterType="FIELD_OR_SILO"/>
	</SettingSubTitle>
	<SettingSubTitle title="unloadTarget">
		<Setting classType="AIParameterSettingList" name="unloadTarget">
			<Values>
				<Value name="UNLOAD_COMBINE">1</Value>
				<Value name="UNLOAD_SILO_LOADER">2</Value>
			</Values>
			<Texts>
				<Text>combine</Text>
				<Text>siloLoader</Text>
			</Texts>
		</Setting>
	</SettingSubTitle>
	<SettingSubTitle title="giantsUnloader">
		<!-- Is the giants ai unloader wanted for unloading? -->
		<Setting classType="AIParameterBooleanSetting" name="useGiantsUnload" defaultBool="false" isDisabled ="isGiantsUnloadDisabled"/>
		<Setting classType="CpAIParameterUnloadingStation" name="unloadingStation" isVisible ="isUnloadStationSelectorVisible" generateValuesFunction="generateUnloadingStations"/>
	</SettingSubTitle>
	<SettingSubTitle title="fieldUnload">
		<!-- Is unloading onto the field allowed? -->
		<Setting classType="AIParameterBooleanSetting" name="useFieldUnload" defaultBool="false" isDisabled ="isFieldUnloadDisabled"/>
		<Setting classType="CpAIParameterPositionAngle" name="fieldUnloadPosition" positionParameterType="UNLOAD" isDisabled ="isFieldUnloadPositionSelectorDisabled"/>
		<Setting classType="AIParameterSettingList" name="unloadingTipSide" isDisabled ="isFieldUnloadTipSideDisabled" generateValuesFunction="generateTipSides"/>
	</SettingSubTitle>
</Settings>
