<?xml version="1.0" encoding="utf-8" standalone="no"?>
<vehicle type="tractor" xmlns:xsi="http://www.w3.org/2001/XMLSchema-instance" xsi:noNamespaceSchemaLocation="../../../../shared/xml/schema/vehicle.xsd">
    <annotation>Copyright (C) GIANTS Software GmbH, All Rights Reserved.</annotation>

    <parentFile xmlFilename="$data/vehicles/masseyFerguson/beta7360AL4/beta7360AL4.xml">
        <attributes>
            <!-- Store data -->
            <set path="vehicle.storeData.name" value="5275 C SL (Modded)"/>
            <set path="vehicle.storeData.brand" value="FENDT"/>
            <set path="vehicle.storeData.image" value="$data/vehicles/fendt/series5275csl/store_series5275csl.png"/>
            <set path="vehicle.storeData.specs.combination(0)#xmlFilename" value="$data/vehicles/fendt/freeFlow25FT/freeFlow25FT.xml"/>

            <!-- Configs -->
            <set path="vehicle.designConfigurations.designConfiguration(0)#isSelectable" value="false"/>
            <set path="vehicle.designConfigurations.designConfiguration(1)#isSelectable" value="true"/>

            <set path="vehicle.motorized.motorConfigurations.motorConfiguration(0)#isSelectable" value="false"/>
            <set path="vehicle.motorized.motorConfigurations.motorConfiguration(1)#isSelectable" value="true"/>
         </attributes>
    </parentFile>

    <!-- ONLY FOR ICON GENERATION -->
    <storeData>
        <name>5275 C SL (Modded)</name>
        <image>$data/vehicles/fendt/series5275csl/store_series5275csl.png</image>
        <brand>FENDT</brand>
        <category>harvesters</category>
        <vertexBufferMemoryUsage>0</vertexBufferMemoryUsage>
        <indexBufferMemoryUsage>0</indexBufferMemoryUsage>
        <textureMemoryUsage>0</textureMemoryUsage>
        <audioMemoryUsage>0</audioMemoryUsage>
        <instanceVertexBufferMemoryUsage>0</instanceVertexBufferMemoryUsage>
        <instanceIndexBufferMemoryUsage>0</instanceIndexBufferMemoryUsage>
    </storeData>
</vehicle>