﻿<?xml version="1.0" encoding="utf-8" standalone="no" ?>
<vehicle type="vineHarvester" xmlns:xsi="http://www.w3.org/2001/XMLSchema-instance" xsi:noNamespaceSchemaLocation="../../../../shared/xml/schema/vehicle.xsd">
    <annotation>Copyright (C) GIANTS Software GmbH, All Rights Reserved.</annotation>

    <storeData>
        <name>Grapeliner Series 7000 (Modded)</name>
        <specs>
            <power>175</power>
            <maxSpeed>25</maxSpeed>
        </specs>
        <functions>
            <function>$l10n_function_combine</function>
        </functions>
        <image>$data/vehicles/ero/grapeliner7000/store_grapeliner7000.png</image>
        <price>239500</price>
        <lifetime>600</lifetime>
        <rotation>0</rotation>
        <brand>ERO</brand>
        <category>grapeHarvesters</category>
        <shopTranslationOffset>0 0.144 0</shopTranslationOffset>
        <shopRotationOffset>1.157 0 0</shopRotationOffset>
        <shopHeight>4.5</shopHeight>
        <vertexBufferMemoryUsage>3406592</vertexBufferMemoryUsage>
        <indexBufferMemoryUsage>1212416</indexBufferMemoryUsage>
        <textureMemoryUsage>2293760</textureMemoryUsage>
        <instanceVertexBufferMemoryUsage>0</instanceVertexBufferMemoryUsage>
        <instanceIndexBufferMemoryUsage>0</instanceIndexBufferMemoryUsage>
        <audioMemoryUsage>753027</audioMemoryUsage>
    </storeData>

    <base>
        <typeDesc>$l10n_typeDesc_harvester</typeDesc>
        <filename>$data/vehicles/ero/grapeliner7000/grapeliner7000.i3d</filename>
        <sounds filename="$data/vehicles/ero/grapeliner7000/sounds/grapeliner7000.xml" volumeFactor="0.70"/>
        <size width="2.75" length="4.6" height="4.1" lengthOffset="0.2"/>
        <speedLimit value="8"/>
        <components>
            <component centerOfMass="0 0.55 -0.1" solverIterationCount="10" mass="8470"/>
        </components>
        <schemaOverlay attacherJointPosition="0 0" name="HARVESTER"/>
        <mapHotspot type="HARVESTER"/>
    </base>

    <powerConsumer ptoRpm="400" neededMaxPtoPower="30"/>

    <wheels>
        <wheelConfigurations tireCategories="TRACTOR">
            <wheelConfiguration name="$l10n_configuration_valueDefault" price="0" saveId="DEFAULT" numDynamicConfigurations="1">
                <wheels autoRotateBackSpeed="2.9">
                    <wheel dimensions="440_65R24" isLeft="true" hasTireTracks="true" hasParticles="true">
                        <physics rotSpeed="1" restLoad="2.0" repr="wheelFrontLeftRepr"  driveNode="wheelFrontLeft"  forcePointRatio="0.3" initialCompression="30" suspTravel="0.1" spring="62" damper="40" transRatio="1"/>
                    </wheel>
                    <wheel dimensions="440_65R24" isLeft="false" hasTireTracks="true" hasParticles="true">
                        <physics rotSpeed="1" restLoad="2.0" repr="wheelFrontRightRepr" driveNode="wheelFrontRight" forcePointRatio="0.3" initialCompression="30" suspTravel="0.1" spring="62" damper="40" transRatio="1"/>
                    </wheel>
                    <wheel dimensions="540_65R24" isLeft="true" hasTireTracks="true" hasParticles="true">
                        <physics rotSpeed="0" restLoad="2.8" repr="wheelBackLeft"  useReprDirection="true" forcePointRatio="0.3" initialCompression="30" suspTravel="0.095" spring="90" damper="40" yOffset="0.035"/>
                    </wheel>
                    <wheel dimensions="540_65R24" isLeft="false" hasTireTracks="true" hasParticles="true">
                        <physics rotSpeed="0" restLoad="2.8" repr="wheelBackRight" useReprDirection="true" forcePointRatio="0.3" initialCompression="30" suspTravel="0.095" spring="90" damper="40" yOffset="0.035"/>
                    </wheel>
                </wheels>
                <objectChange node="hubFrontLeft"  translationActive="0.016 0 0"/>
                <objectChange node="hubFrontRight" translationActive="-0.016 0 0"/>
                <objectChange node="hubBackLeft"   translationActive="0.025 0 0"/>
                <objectChange node="hubBackRight"  translationActive="-0.025 0 0"/>
            </wheelConfiguration>
        </wheelConfigurations>

        <ackermannSteeringConfigurations>
            <ackermannSteering rotSpeed="35" rotMax="60" rotCenterWheel1="3" rotCenterWheel2="4"/>
        </ackermannSteeringConfigurations>
    </wheels>

    <lights>
        <sharedLight linkNode="hellaWorkingLightSquare_01_01" filename="$data/shared/assets/lights/hella/hellaWorkingLight05.xml">
            <rotationNode name="rotationNode1" rotation="-50 0 0" />
        </sharedLight>
        <sharedLight linkNode="hellaWorkingLightSquare_01_02" filename="$data/shared/assets/lights/hella/hellaWorkingLight05.xml">
            <rotationNode name="rotationNode1" rotation="-50 0 0" />
        </sharedLight>
        <sharedLight linkNode="hellaWorkingLightSquare_01_03" filename="$data/shared/assets/lights/hella/hellaWorkingLight05.xml">
            <rotationNode name="rotationNode1" rotation="-50 0 0" />
        </sharedLight>
        <sharedLight linkNode="hellaWorkingLightSquare_01_04" filename="$data/shared/assets/lights/hella/hellaWorkingLight05.xml">
            <rotationNode name="rotationNode1" rotation="-30 0 0" />
        </sharedLight>
        <sharedLight linkNode="hellaWorkingLightSquare_01_05" filename="$data/shared/assets/lights/hella/hellaWorkingLight05.xml" />
        <sharedLight linkNode="hellaWorkingLightSquare_01_06" filename="$data/shared/assets/lights/hella/hellaWorkingLight05.xml">
            <rotationNode name="rotationNode1" rotation="25 0 0" />
        </sharedLight>

        <sharedLight linkNode="plateNumberLight02_01" filename="$data/shared/assets/lights/lizard/plateNumberLight02.xml" />
        <sharedLight linkNode="plateNumberLight02_02" filename="$data/shared/assets/lights/lizard/plateNumberLight02.xml" />

        <states>
            <state lightTypes="0" />
            <state lightTypes="0 1" />
            <state lightTypes="0 1 2" />
        </states>

        <realLights>
            <low>
                <light node="frontLightLow"     lightTypes="0" excludedLightTypes="2 3" />
                <light node="workLightBackLow"  lightTypes="1"/>
                <light node="workLightFrontLow" lightTypes="2"/>
                <light node="highBeamLow"       lightTypes="3" />
            </low>
            <high>
                <light node="frontLightHigh"        lightTypes="0" excludedLightTypes="2 3" />
                <light node="backLightsHigh"        lightTypes="0"/>
                <light node="licensePlateLightHigh" lightTypes="0"/>
                <light node="workLightBackHigh"     lightTypes="1"/>
                <light node="workLightFrontHigh"    lightTypes="2"/>
                <light node="highBeamHigh"          lightTypes="3"/>
                <brakeLight     node="backLightsHigh" />
                <turnLightLeft  node="turnLightLeftFront" />
                <turnLightRight node="turnLightRightFront" />
            </high>
        </realLights>

        <staticLightCompounds>
            <staticLightCompound>
                <node node="grapeliner7000Lights01_static" intensity="5"/>
                <node node="grapeliner7000Lights01Glass_static" intensity="1"/>
                <node node="grapeliner7000Lights02_static" intensity="5"/>
                <node node="grapeliner7000Lights02Glass_static" intensity="1"/>
            </staticLightCompound>
        </staticLightCompounds>

        <beaconLights>
           <beaconLight node="beaconLight08" filename="$data/shared/assets/beaconLights/lizard/beaconLight08.xml" />
        </beaconLights>

        <dashboards>
            <dashboard displayType="EMITTER" valueType="lightState" node="interiorGlow_decals" lightTypes="0" intensity="0.15" groups="MOTOR_ACTIVE"/>
            <dashboard displayType="EMITTER" valueType="lightState" node="joystickGlow_decals" lightTypes="0" intensity="0.3" groups="MOTOR_ACTIVE"/>
            <dashboard displayType="EMITTER" valueType="lightState" node="needleLeveling"      lightTypes="0" intensity="0.2" groups="MOTOR_ACTIVE"/>
            <dashboard displayType="EMITTER" valueType="lightState" node="highbeam_decals"     lightTypes="3" intensity="0.2" groups="MOTOR_ACTIVE"/>
            <dashboard displayType="ROT"     valueType="lightState" node="leverHighbeam"       lightTypes="3" minRot="0 0 0" maxRot="15 0 0" doInterpolation="true" />

            <dashboard displayType="ROT"     valueType="turnLight" node="leverTurnlight" minRot="0 20 0" maxRot="0 -20 0" doInterpolation="true" />
            <dashboard displayType="EMITTER" valueType="turnLightAny" node="turnlight_decals" intensity="0.2" doInterpolation="true" />

            <dashboard displayType="EMITTER" valueType="turnLightHazard" node="hazards_decals" intensity="0.2"/>
        </dashboards>
    </lights>

    <licensePlates>
        <licensePlate node="licensePlateFront" position="FRONT" preferedType="SQUARISH"  placementArea="0.1 0.18 0.2 0.18"/>
        <licensePlate node="licensePlateBack"  position="BACK"  preferedType="ELONGATED" placementArea="0.08 0.27 0.1 0.27"/>
    </licensePlates>

    <configurationSets title="$l10n_configuration_fillUnit" isYesNoOption="true">
        <!-- Small Tank -->
        <configurationSet name="%s %s" params="2200|$l10n_unit_literShort" isDefault="true">
            <configuration name="fillUnit"       index="1"/>
            <configuration name="fillVolume"     index="1"/>
            <configuration name="dischargeable"  index="1"/>
            <configuration name="trailer"        index="1"/>
        </configurationSet>
        <!-- Large Tank -->
        <configurationSet name="%s %s" params="3000|$l10n_unit_literShort">
            <configuration name="fillUnit"       index="2"/>
            <configuration name="fillVolume"     index="2"/>
            <configuration name="dischargeable"  index="2"/>
            <configuration name="trailer"        index="2"/>
        </configurationSet>
    </configurationSets>

    <enterable isTabbable="true" >
        <enterReferenceNode node="grapeliner7000_main_component1" />
        <exitPoint node="exitPoint" />

        <cameras>
            <camera node="outdoorCamera" rotatable="true" rotateNode="outdoorCameraTarget" limit="true" useWorldXZRotation="true" rotMinX="-1.4" rotMaxX="1" transMin="4.5" transMax="40" translation="0 0 6.5" rotation="-28 180 0">
                <raycastNode node="cameraRaycastNode1"/>
                <raycastNode node="cameraRaycastNode2"/>
                <raycastNode node="cameraRaycastNode3"/>
            </camera>
            <camera node="indoorCamera" rotatable="true" limit="true" rotMinX="-1.1" rotMaxX="0.4" transMin="0" transMax="0" useMirror="true" isInside="true" shadowFocusBox="shadowFocusBox" suspensionNodeIndex="1"/>
        </cameras>

        <mirrors>
            <mirror node="mirrorLeft01"  prio="1" />
            <mirror node="mirrorLeft02"  prio="1" />
            <mirror node="mirrorRight01" prio="2" />
            <mirror node="mirrorRight02" prio="2" />
        </mirrors>

        <characterNode node="playerSkin" cameraMinDistance="0.5">
            <target ikChain="leftArm"   targetNode="playerLeftHandTarget" />
            <target ikChain="rightArm"  targetNode="playerRightHandTarget" />
            <target ikChain="leftFoot"  targetNode="playerLeftFootTarget" />
            <target ikChain="rightFoot" targetNode="playerRightFootTarget" />
        </characterNode>

        <dashboards>
            <dashboard displayType="TEXT" valueType="time" node="numbersTime" textColor="0 0 0 0" textMask="00:00" textSize="0.005" textAlignment="CENTER" font="GENERIC" groups="MOTOR_ACTIVE"/>
            <dashboard displayType="TEXT" valueType="operatingTime" node="numbersOperatingTime" textColor="0 0 0 0" textSize="0.004" textMask="00000.0" font="GENERIC" groups="MOTOR_ACTIVE"/>
        </dashboards>
    </enterable>

    <motorized>
        <consumerConfigurations>
            <consumerConfiguration>
                <consumer fillUnitIndex="2" usage="70" fillType="diesel"/> <!-- usage is per hour at max load and max rpm -->
                <consumer fillUnitIndex="3" usage="4"  fillType="def"/>    <!-- usage is per hour at max load and max rpm -->
            </consumerConfiguration>
            <consumerConfiguration>
                <consumer fillUnitIndex="2" usage="81"  fillType="diesel"/> <!-- usage is per hour at max load and max rpm -->
                <consumer fillUnitIndex="3" usage="4.7" fillType="def"/>    <!-- usage is per hour at max load and max rpm -->
            </consumerConfiguration>
        </consumerConfigurations>

        <differentialConfigurations>
            <differentialConfiguration>
                <differentials>
                    <differential torqueRatio="0.5" maxSpeedRatio="1.50" wheelIndex1="1" wheelIndex2="2"/>
                    <differential torqueRatio="0.5" maxSpeedRatio="2.60" wheelIndex1="3" wheelIndex2="4"/>
                    <differential torqueRatio="0.5" maxSpeedRatio="1.75" differentialIndex1="1" differentialIndex2="2"/>
                </differentials>
            </differentialConfiguration>
        </differentialConfigurations>

        <motorConfigurations>
            <motorConfiguration name="Model 7175 XV 25 Km/h" hp="175" price="0" consumerConfigurationIndex="1">
                <motor torqueScale="0.74" minRpm="850" maxRpm="2200" maxForwardSpeed="25" maxBackwardSpeed="15" brakeForce="5.5" lowBrakeForceScale="0.1" dampingRateScale="0.7">
                    <torque normRpm="0.45" torque="0.9"/>
                    <torque normRpm="0.50" torque="0.97"/>
                    <torque normRpm="0.59" torque="1"/>
                    <torque normRpm="0.72" torque="1"/>
                    <torque normRpm="0.86" torque="0.88"/>
                    <torque normRpm="1.00" torque="0.72"/>
                </motor>
                <transmission minForwardGearRatio="32.7" maxForwardGearRatio="330" minBackwardGearRatio="47.5" maxBackwardGearRatio="330" name="$l10n_info_transmission_cvt"/>
                <objectChange node="engineConfig7175_decals" visibilityActive="true" visibilityInactive="false"/>
                <objectChange node="display25kmh_decals"     visibilityActive="true" visibilityInactive="false"/>
            </motorConfiguration>

            <motorConfiguration name="Model 7175 XV 40 Km/h" hp="175" price="13000" consumerConfigurationIndex="1" maxSpeed="40">
                <motor torqueScale="0.74" maxForwardSpeed="40" dampingRateScale="0.65"/>
                <transmission minForwardGearRatio="20.5" maxForwardGearRatio="330" minBackwardGearRatio="47.5" maxBackwardGearRatio="330" name="$l10n_info_transmission_cvt"/>
                <objectChange node="engineConfig7175_decals" visibilityActive="true" visibilityInactive="false"/>
                <objectChange node="display40kmh_decals"     visibilityActive="true" visibilityInactive="false"/>
            </motorConfiguration>

            <motorConfiguration name="Model 7200 XV 25 Km/h" hp="204" price="17000" consumerConfigurationIndex="2">
                <motor torqueScale="0.863" maxForwardSpeed="25" dampingRateScale="0.9"/>
                <transmission minForwardGearRatio="32.7" maxForwardGearRatio="330" minBackwardGearRatio="47.5" maxBackwardGearRatio="330" name="$l10n_info_transmission_cvt"/>
                <objectChange node="engineConfig7200_decals" visibilityActive="true" visibilityInactive="false"/>
                <objectChange node="display25kmh_decals"     visibilityActive="true" visibilityInactive="false"/>
            </motorConfiguration>

            <motorConfiguration name="Model 7200 XV 40 Km/h" hp="204" price="30000" consumerConfigurationIndex="2" maxSpeed="40">
                <motor torqueScale="0.863" maxForwardSpeed="40" dampingRateScale="0.8"/>
                <transmission minForwardGearRatio="20.5" maxForwardGearRatio="330" minBackwardGearRatio="47.5" maxBackwardGearRatio="330" name="$l10n_info_transmission_cvt"/>
                <objectChange node="engineConfig7200_decals" visibilityActive="true" visibilityInactive="false"/>
                <objectChange node="display40kmh_decals"     visibilityActive="true" visibilityInactive="false"/>
            </motorConfiguration>
        </motorConfigurations>

        <exhaustEffects>
            <exhaustEffect node="exhaustParticle" filename="$data/effects/exhaust/exhaust.i3d" minRpmColor="0.9 0.9 0.9 0.1" maxRpmColor="0.9 0.9 0.9 0.4" minRpmScale="0.05" maxRpmScale="0.5" />
        </exhaustEffects>

        <animationNodes>
            <animationNode node="engineFan" rotSpeed="700" rotAxis="3" turnOnFadeTime="2" turnOffFadeTime="4" />
        </animationNodes>

        <brakeCompressor capacity="2000" fillSpeed="250" />
        <motorStartDuration>3800</motorStartDuration>

        <dashboards>
            <dashboard displayType="ROT"    valueType="speedDir" node="joystickDriving" minRot="0 -20 0" maxRot="0 20 0" groups="MOTOR_ACTIVE"/>
            <dashboard displayType="TEXT"   valueType="speed" node="numbersSpeed01" textColor="0 0 0 0" textMask="00.0" textSize="0.005" font="GENERIC" groups="MOTOR_ACTIVE"/>
            <dashboard displayType="TEXT"   valueType="rpm"   node="numbersRPM01"   textColor="0 0 0 0" textMask="0000" textSize="0.004" font="GENERIC" textAlignment="LEFT" groups="MOTOR_ACTIVE"/>
            <dashboard displayType="TEXT"   valueType="rpm"   node="numbersRPM02"   textColor="0 0 0 0" textMask="0000" textSize="0.005" font="GENERIC" groups="MOTOR_ACTIVE"/>
            <dashboard displayType="TEXT"   valueType="rpm"   node="numbersRPM03"   textColor="0 0 0 0" textMask="0000" textSize="0.004" font="GENERIC" textAlignment="LEFT" groups="MOTOR_ACTIVE"/>
            <dashboard displayType="ROT"    valueType="speed" node="needleSpeed_decals" minRot="0 0 0" maxRot="-180 0 0" doInterpolation="true" interpolationSpeed="2" groups="MOTOR_ACTIVE"/>
            <dashboard displayType="SLIDER" valueType="motorTemperature"  node="sliderTemperature_decals" minValueSlider="25" maxValueSlider="120" groups="MOTOR_ACTIVE"/>
            <dashboard displayType="MULTI_STATE" valueType="ignitionState" node="keyIgnition" doInterpolation="true" groups="MOTOR_ACTIVE">
                <state value="0" rotation="0 0 0"/>
                <state value="1" rotation="0 0 -90"/>
                <state value="2" rotation="0 0 -45"/>
            </dashboard>
        </dashboards>
    </motorized>

    <drivable>
        <steeringWheel node="steeringWheel" indoorRotation="540" outdoorRotation="25"/>
    </drivable>

    <fillUnit>
        <fillUnitConfigurations>
            <!-- Small Tank -->
            <fillUnitConfiguration price="0" isDefault="true">
                <fillUnits allowFoldingThreshold="1">
                    <fillUnit unitTextOverride="$l10n_unit_literShort" fillTypes="GRAPE" capacity="22000"/>
                    <fillUnit unitTextOverride="$l10n_unit_literShort" showOnHud="false" showInShop="false" fillTypes="diesel" capacity="340">
                        <exactFillRootNode node="exactFillRootNodeFuel" />
                        <dashboard displayType="SLIDER" valueType="fillLevel" node="sliderFuel_decals" groups="MOTOR_ACTIVE" />
                    </fillUnit>
                    <fillUnit unitTextOverride="$l10n_unit_literShort" showOnHud="false" showInShop="false" showOnInfoHud="false" fillTypes="def" capacity="20">
                        <dashboard displayType="SLIDER" valueType="fillLevel" node="sliderDEF_decals" groups="MOTOR_ACTIVE"/>
                    </fillUnit>
                </fillUnits>
                <objectChange node="tipRightSmall"          visibilityActive="true" visibilityInactive="false"/>
                <objectChange node="tipRightSmallHydraulic" visibilityActive="true" visibilityInactive="false"/>
                <objectChange node="hoses02"                visibilityActive="true" visibilityInactive="false"/>
                <objectChange node="hoses04"                visibilityActive="true" visibilityInactive="false"/>
                <objectChange node="hoses05"                visibilityActive="true" visibilityInactive="false"/>
                <objectChange node="tipRightSmallCol"       compoundChildActive="true" compoundChildInactive="false"/>
            </fillUnitConfiguration>
            <!-- Large Tank -->
            <fillUnitConfiguration price="3000">
                <fillUnits allowFoldingThreshold="1">
                    <fillUnit unitTextOverride="$l10n_unit_literShort" fillTypes="GRAPE" capacity="30000"/>
                    <fillUnit unitTextOverride="$l10n_unit_literShort" showOnHud="false" showInShop="false" fillTypes="diesel" capacity="340">
                        <exactFillRootNode node="exactFillRootNodeFuel" />
                        <dashboard displayType="SLIDER" valueType="fillLevel" node="sliderFuel_decals" groups="MOTOR_ACTIVE" />
                    </fillUnit>
                    <fillUnit unitTextOverride="$l10n_unit_literShort" showOnHud="false" showInShop="false" showOnInfoHud="false" fillTypes="def" capacity="20">
                        <dashboard displayType="SLIDER" valueType="fillLevel" node="sliderDEF_decals" groups="MOTOR_ACTIVE"/>
                    </fillUnit>
                </fillUnits>
                <objectChange node="tipRightLarge"          visibilityActive="true" visibilityInactive="false"/>
                <objectChange node="tipRightLargeHydraulic" visibilityActive="true" visibilityInactive="false"/>
                <objectChange node="hoses06"                visibilityActive="true" visibilityInactive="false"/>
                <objectChange node="hoses07"                visibilityActive="true" visibilityInactive="false"/>
                <objectChange node="hoses08"                visibilityActive="true" visibilityInactive="false"/>
                <objectChange node="tipRightLargeCol"       compoundChildActive="true" compoundChildInactive="false"/>
            </fillUnitConfiguration>
        </fillUnitConfigurations>
    </fillUnit>

    <fillVolume>
        <fillVolumeConfigurations>
            <!-- Small Tank -->
            <fillVolumeConfiguration>
                <volumes>
                    <volume node="fillVolumeSmall" maxDelta="1" maxAllowedHeapAngle="50" fillUnitIndex="1"/>
                </volumes>
            </fillVolumeConfiguration>
            <!-- Large Tank -->
            <fillVolumeConfiguration>
                <volumes>
                    <volume node="fillVolumeLarge" maxDelta="1" maxAllowedHeapAngle="50" fillUnitIndex="1"/>
                </volumes>
            </fillVolumeConfiguration>
        </fillVolumeConfigurations>

        <unloadInfos>
            <!-- Small Tank -->
            <unloadInfo>
                <node node="unloadInfoSmall" width="0.4" length="2.0" />
            </unloadInfo>
            <!-- Large Tank -->
            <unloadInfo>
                <node node="unloadInfoLarge" width="0.4" length="2.0" />
            </unloadInfo>
        </unloadInfos>

        <loadInfos>
            <!-- Small Tank -->
            <loadInfo>
                <node node="loadInfoSmall" width="0.4" length="0.4" />
            </loadInfo>
            <!-- Large Tank -->
            <loadInfo>
                <node node="loadInfoLarge" width="0.4" length="0.4" />
            </loadInfo>
        </loadInfos>
    </fillVolume>

    <foldable>
        <foldingConfigurations>
            <foldingConfiguration>
                <foldingParts startMoveDirection="0" turnOnFoldMinLimit="1" turnOnFoldDirection="1">
                    <foldingPart animationName="folding" speedScale="1" />
                </foldingParts>
            </foldingConfiguration>
        </foldingConfigurations>
    </foldable>

    <slopeCompensation>
        <compensationNode wheel1="1" wheel2="2" maxAngle="14" speed="3.5" animationName="slopeCompensationFront" foldAngleScale="0" invertFoldAngleScale="true"/>
        <compensationNode wheel1="3" wheel2="4" maxAngle="17" speed="3.5" animationName="slopeCompensationBack"  foldAngleScale="0" invertFoldAngleScale="true"/>
        <compensationNode wheel1="1" wheel2="2" maxAngle="-15" speed="3.5" animationName="slopeCompensationDrum"  foldAngleScale="0" invertFoldAngleScale="true"/>
    </slopeCompensation>

    <animations>
        <animation name="slopeCompensationFront" resetOnStart="false" startAnimTime="0.5">
            <part node="wheelFrontRightReprRot" requiredAnimation="folding" requiredAnimationRange="1 1" startTime="0" endTime="0.5" startTrans="0 0 0" endTrans="0 -0.5 0"/>
            <part node="wheelFrontLeftReprRot"  requiredAnimation="folding" requiredAnimationRange="1 1" startTime="0.5" endTime="1" startTrans="0 -0.5 0" endTrans="0 0 0" />
        </animation>
        <animation name="slopeCompensationBack" resetOnStart="false" startAnimTime="0.5">
            <part node="wheelBackRightPart" requiredAnimation="folding" requiredAnimationRange="1 1" startTime="0" endTime="0.5" startTrans="0 0 0" endTrans="0 -0.6 0"/>
            <part node="wheelBackLeftPart"  requiredAnimation="folding" requiredAnimationRange="1 1" startTime="0.5" endTime="1" startTrans="0 -0.6 0" endTrans="0 0 0" />
        </animation>
        <animation name="slopeCompensationDrum" resetOnStart="false">
            <part node="drumHousing" requiredAnimation="folding" requiredAnimationRange="1 1" startTime="0" endTime="1" startRot="0 0 0" endRot="0 0 10"/>
        </animation>

        <animation name="folding">
            <part node="wheelFrontLeftReprRot"  startTime="0" endTime="3" startTrans="0 -0.15 0" endTrans="0 -0.5 0" tangentType="spline"/>
            <part node="wheelFrontRightReprRot" startTime="0" endTime="3" startTrans="0 -0.15 0" endTrans="0 -0.5 0" tangentType="spline"/>
            <part node="wheelBackLeftPart"      startTime="0" endTime="3" startTrans="0 -0.25 0" endTrans="0 -0.6 0" tangentType="spline"/>
            <part node="wheelBackRightPart"     startTime="0" endTime="3" startTrans="0 -0.25 0" endTrans="0 -0.6 0" tangentType="spline"/>
            <part node="numbersFolded_decals"   startTime="0" endTime="3" startVisibility="true" endVisibility="false"/>
            <part node="numbersUnfolded_decals" startTime="0" endTime="3" startVisibility="false" endVisibility="true"/>

            <sound template="hydraulicOpen02"     startTime="0.01"     endTime="2.99" direction="1"     volumeScale="3.3"  pitchScale="1.0" fadeIn="0.1" linkNode="wheelBackRightPart"/>
            <sound template="hydraulicOpen03"     startTime="0.01"     endTime="2.99" direction="1"     volumeScale="1.5"  pitchScale="0.4" fadeIn="0.1" linkNode="wheelBackLeftPart"/>
            <sound template="hydraulicClose02"    startTime="0.01"     endTime="2.99" direction="-1"     volumeScale="2.3"  pitchScale="1.3" fadeIn="0.1" linkNode="wheelBackRightPart"/>
            <sound template="hydraulicClose01"    startTime="0.01"     endTime="2.99" direction="-1"     volumeScale="0.5"  pitchScale="0.7" fadeIn="0.1" linkNode="wheelBackLeftPart"/>
        </animation>

        <!-- Tank small -->
        <animation name="tipRightSmall" soundVolumeFactor="1.5">
            <part node="tipRightSmall"     startTime="0" endTime="2" startRot="0 0 0" endRot="0 0 55" />
            <part node="tipRightSmallPart" startTime="2" endTime="6" startRot="0 0 0" endRot="0 0 70" />

            <part node="resinJoint"   startTime="0.8" endTime="1.5" startTrans="-1.188 2.689 -0.847" endTrans="-1.523 2.939 -0.847" direction="1" />
            <part node="resinJoint"   startTime="1.7" endTime="2.0" startTrans="-1.523 2.939 -0.847" endTrans="-1.188 2.689 -0.847" direction="1" />
            <part node="resinJoint"   startTime="3.9" endTime="4.3" startTrans="-1.188 2.689 -0.847" endTrans="-0.945 2.826 -0.847" />

            <part node="resinJoint"   startTime="0.3" endTime="0.7" startTrans="-1.188 2.689 -0.847" endTrans="-0.898 2.907 -0.847" direction="-1" />
            <part node="resinJoint"   startTime="1.0" endTime="1.6" startTrans="-0.898 2.907 -0.847" endTrans="-1.188 2.689 -0.847" direction="-1" />

            <sound template="hydraulicOpen02"  startTime="1.99" endTime="5.99" direction="0" volumeScale="1.5" pitchScale="1.40" fadeIn="0.1" linkNode="tipRightSmall"/>
            <sound template="hydraulicClose01" startTime="0.01" endTime="1.99" direction="0" volumeScale="2.3" pitchScale="0.7" fadeIn="0.1" linkNode="tipRightSmallPart"/>
            <sound template="hydraulicOpen05"  startTime="0.01" endTime="5.99" direction="0" volumeScale="1.6" pitchScale="1.25" fadeIn="0.1" linkNode="tipRightSmall"/>
            <sound template="clackVar6"           startTime="5.99" direction="1"  volumeScale="3.2"  pitchScale="0.65" linkNode="tipRightSmallPart"/>
            <sound template="cylinderPunch"       startTime="5.99" direction="1"  volumeScale="0.45" pitchScale="0.65" linkNode="tipRightSmallPart"/>
            <sound template="cylinderPunch"       startTime="0.01" direction="-1" volumeScale="0.7"  pitchScale="1.2"  linkNode="tipRightSmallPart"/>
            <sound template="metalClose"          startTime="0.01" direction="-1" volumeScale="2.6"  pitchScale="0.65" linkNode="tipRightSmall"/>
            <sound template="clackVar6"           startTime="0.01" direction="-1" volumeScale="2.7"  pitchScale="0.5"  linkNode="tipRightSmall"/>
            <sound template="clackVar6"           startTime="1.99" direction="-1" volumeScale="2.5"  pitchScale="0.45" linkNode="tipRightSmall"/>
            <sound template="clackVar4"           startTime="1.99" direction="1"  volumeScale="4.7"  pitchScale="0.45" linkNode="tipRightSmall"/>
        </animation>

        <!-- Tank large -->
        <animation name="tipRightLarge" soundVolumeFactor="1.5">
            <part node="tipRightLarge"     startTime="0" endTime="2" startRot="0 0 0" endRot="0 0 50" />
            <part node="tipRightLargePart" startTime="2" endTime="6" startRot="0 0 0" endRot="0 0 80" />

            <part node="resinJoint"   startTime="0.8" endTime="1.5" startTrans="-1.188 2.689 -0.847" endTrans="-1.523 2.939 -0.847" direction="1" />
            <part node="resinJoint"   startTime="1.8" endTime="2.1" startTrans="-1.523 2.939 -0.847" endTrans="-1.188 2.689 -0.847" direction="1" />
            <part node="resinJoint"   startTime="3.5" endTime="3.9" startTrans="-1.188 2.689 -0.847" endTrans="-0.999 2.809 -0.847" />
            <part node="resinJoint"   startTime="3.9" endTime="5.1" startTrans="-0.999 2.809 -0.847" endTrans="-1.078 2.754 -0.847" />
            <part node="resinJoint"   startTime="5.1" endTime="5.4" startTrans="-1.078 2.754 -0.847" endTrans="-1.188 2.689 -0.847" />

            <part node="resinJoint"   startTime="0.4" endTime="0.8" startTrans="-1.188 2.689 -0.847" endTrans="-0.925 2.957 -0.847" direction="-1" />
            <part node="resinJoint"   startTime="1.0" endTime="1.8" startTrans="-0.925 2.957 -0.847" endTrans="-1.188 2.689 -0.847" direction="-1" />

            <sound template="hydraulicOpen01"     startTime="1.99" endTime="5.99" direction="0" volumeScale="1.8" pitchScale="0.80" fadeIn="0.1" linkNode="tipRightLarge"/>
            <sound template="hydraulicSoftOpen01" startTime="0.01" endTime="1.99" direction="0" volumeScale="2.0" pitchScale="0.30" fadeIn="0.1" linkNode="tipRightLargePart"/>
            <sound template="hydraulicSoftOpen02"  startTime="0.01" endTime="5.99" direction="0" volumeScale="1.1" pitchScale="0.65" fadeIn="0.1" linkNode="tipRightLarge"/>
            <sound template="clackVar6"           startTime="5.99" direction="1"  volumeScale="3.2"  pitchScale="0.65" linkNode="tipRightLargePart"/>
            <sound template="cylinderPunch"       startTime="5.99" direction="1"  volumeScale="0.45" pitchScale="0.65" linkNode="tipRightLargePart"/>
            <sound template="cylinderPunch"       startTime="0.01" direction="-1" volumeScale="0.7"  pitchScale="1.2"  linkNode="tipRightLargePart"/>
            <sound template="metalClose"          startTime="0.01" direction="-1" volumeScale="2.6"  pitchScale="0.65" linkNode="tipRightLarge"/>
            <sound template="clackVar6"           startTime="0.01" direction="-1" volumeScale="2.7"  pitchScale="0.5"  linkNode="tipRightLarge"/>
            <sound template="clackVar6"           startTime="1.99" direction="-1" volumeScale="2.5"  pitchScale="0.45" linkNode="tipRightLarge"/>
            <sound template="clackVar4"           startTime="1.99" direction="1"  volumeScale="4.7"  pitchScale="0.45" linkNode="tipRightLarge"/>
        </animation>

        <animation name="wiperFront" isKeyframe="true">
            <part node="wiperFront01" startTime="0.0" endTime="0.5" startRot="0 0 0"     endRot="1 0 -35" />
            <part node="wiperFront01" startTime="0.5" endTime="1.0" startRot="1 0 -35"   endRot="0 0 -70" />
            <part node="wiperFront02" startTime="0.0" endTime="0.5" startRot="0 0 0"     endRot="0.2 0 -35" />
            <part node="wiperFront02" startTime="0.5" endTime="1.0" startRot="0.2 0 -35" endRot="-1.2 0 -70" />
            <part node="wiperBlade"   startTime="0.0" endTime="0.5" startRot="0 0 0"     endRot="2.5 0 35" />
            <part node="wiperBlade"   startTime="0.5" endTime="1.0" startRot="2.5 0 35"  endRot="12 0 72" />

            <sound template="wiper1" startTime="0" endTime="1" direction="1"  volumeScale="1.3" pitchScale="0.8" fadeOut="0.1" linkNode="wiperFront01"/>
            <sound template="wiper2" startTime="0" endTime="1" direction="-1" volumeScale="1.3" pitchScale="0.8" fadeOut="0.1" linkNode="wiperFront01"/>
        </animation>

        <animation name="turnedAnimation">
            <part node="numbersDisplayOff_decals" startTime="0.0" endTime="1.0" startVisibility="true" endVisibility="false"/>
            <part node="numbersDisplayOn_decals"  startTime="0.0" endTime="1.0" startVisibility="false" endVisibility="true"/>
            <part node="needleRPM_decals"         startTime="0.0" endTime="1.0" startRot="0 0 0" endRot="-125 0 0" />
        </animation>

        <animation name="turnedOnAnimation" looping="true" isKeyframe="true">
            <part node="shakingPartLeft"  startTime="0.0" endTime="0.5" startRot="0 0 0" endRot="0 -4 0" />
            <part node="shakingPartLeft"  startTime="0.5" endTime="1.0" startRot="0 -4 0" endRot="0 0 0" />
            <part node="shakingPartRight" startTime="0.0" endTime="0.5" startRot="0 0 0" endRot="0 4 0" />
            <part node="shakingPartRight" startTime="0.5" endTime="1.0" startRot="0 4 0" endRot="0 0 0" />
        </animation>
    </animations>

    <cylindered>
        <movingTools>
            <movingTool node="wheelFrontLeftReprRot"  wheelIndices="1"/>
            <movingTool node="wheelFrontRightReprRot" wheelIndices="2"/>
            <movingTool node="wheelBackLeftPart"      wheelIndices="3"/>
            <movingTool node="wheelBackRightPart"     wheelIndices="4"/>

            <movingTool node="drumHousing">
                <dependentPart node="drumHousingHydraulic" />
            </movingTool>

            <movingTool node="tipRightSmall">
                <dependentPart node="tipRightSmallHydraulic" />
            </movingTool>

            <movingTool node="tipRightSmallPart">
                <dependentPart node="tipRightSmallPartHydraulic" />
            </movingTool>

            <movingTool node="tipRightLarge">
                <dependentPart node="tipRightLargeHydraulic" />
            </movingTool>

            <movingTool node="tipRightLargePart">
                <dependentPart node="tipRightLargePartHydraulic" />
            </movingTool>
        </movingTools>

        <movingParts>
            <movingPart node="wheelFrontLeftReprPart02"  referenceFrame="wheelFrontLeftRepr"  doDirectionAlignment="false" doRotationAlignment="true" rotMultiplier="1" isActiveDirty="true" maxUpdateDistance="100">
                <dependentPart node="wheelFrontRightReprPart02" />
                <dependentPart node="steeringBarCenter" />
            </movingPart>
            <movingPart node="wheelFrontRightReprPart02" referenceFrame="wheelFrontRightRepr" doDirectionAlignment="false" doRotationAlignment="true" rotMultiplier="1" />

            <movingPart node="steeringBarCenter" referencePoint="steeringBarLeftRef" localReferencePoint="steeringBarLeft" referenceFrame="steeringBarCenterRefFrame" limitedAxis="1">
                <dependentPart node="steeringBarLeft" />
                <dependentPart node="steeringBarRight" />
                <dependentPart node="steeringHydraulicLeft" />
                <dependentPart node="steeringHydraulicRight" />
            </movingPart>

            <movingPart node="steeringBarLeft"  referencePoint="steeringBarLeftRef"  referenceFrame="steeringBarLeftRef" />
            <movingPart node="steeringBarRight" referencePoint="steeringBarRightRef" referenceFrame="steeringBarRightRef" scaleZ="true" />

            <movingPart node="steeringHydraulicLeft" referencePoint="steeringHydraulicLeftRef" referenceFrame="steeringHydraulicLeftRef">
                <translatingPart node="steeringHydraulicLeftPunch" />
            </movingPart>
            <movingPart node="steeringHydraulicRight" referencePoint="steeringHydraulicRightRef" referenceFrame="steeringHydraulicRightRef">
                <translatingPart node="steeringHydraulicRightPunch" />
            </movingPart>

            <movingPart node="drumHousingHydraulic" referencePoint="drumHousingHydraulicRef" referenceFrame="drumHousingHydraulicRef">
                <translatingPart node="drumHousingHydraulicPunch" />
            </movingPart>

            <movingPart node="tipRightSmallHydraulic" referencePoint="tipRightSmallHydraulicRef" referenceFrame="tipRightSmallHydraulicRef">
                <translatingPart node="tipRightSmallHydraulicPunch" />
            </movingPart>
            <movingPart node="tipRightSmallPartHydraulic" referencePoint="tipRightSmallPartHydraulicRef" referenceFrame="tipRightSmallPartHydraulicRef">
                <translatingPart node="tipRightSmallPartHydraulicPunch" />
            </movingPart>

            <movingPart node="tipRightLargeHydraulic" referencePoint="tipRightLargeHydraulicRef" referenceFrame="tipRightLargeHydraulicRef">
                <translatingPart node="tipRightLargeHydraulicPunch" />
            </movingPart>
            <movingPart node="tipRightLargePartHydraulic" referencePoint="tipRightLargePartHydraulicRef" referenceFrame="tipRightLargePartHydraulicRef">
                <translatingPart node="tipRightLargePartHydraulicPunch" />
            </movingPart>
        </movingParts>
    </cylindered>

    <wipers>
        <wiper animName="wiperFront">
            <state animSpeed="1.0" animPause="2.0" />
            <state animSpeed="1.0" animPause="0.0" />
            <state animSpeed="2.0" animPause="0.0" />
        </wiper>
    </wipers>

    <turnOnVehicle turnOffIfNotAllowed="true">
        <turnedAnimation name="turnedAnimation"/>
        <turnedOnAnimation name="turnedOnAnimation" speedScale="8"/>
    </turnOnVehicle>

    <combine fillUnitIndex="1" allowThreshingDuringRain="true" fillTimeThreshold="2">
        <swath available="false"/>
        <chopper available="false"/>
        <processing toggleTime="0" />
        <folding fillLevelThresholdPct="1"/>

        <fillEffect>
            <effectNode effectClass="TypedMotionPathEffect" effectType="GRAPE_FRUITS_LEAVES" linkNode="effectGrapeFruitsLeaves">
                <motionPathEffect textureFilename="$data/vehicles/ero/grapeliner7000/fruitsLeavesArray.dds" numRows="2" rowLength="48" speedScale="0.117"/>
            </effectNode>
            <effectNode effectClass="TypedMotionPathEffect" effectType="GRAPE_FRUITS_CLEAN" linkNode="effectGrapeFruitsClean">
                <motionPathEffect textureFilename="$data/vehicles/ero/grapeliner7000/fruitsCleanArray.dds" numRows="4" rowLength="12" delay="0.25" speedScale="1.0"/>
            </effectNode>
            <effectNode effectClass="TypedMotionPathEffect" effectType="GRAPE_FRUITS_HARVESTED" linkNode="effectGrapeFruitsHarvested">
                <motionPathEffect textureFilename="$data/vehicles/ero/grapeliner7000/fruitsHarvestedArray.dds" numRows="4" rowLength="48" delay="7.6"/>
            </effectNode>
            <effectNode effectClass="TypedMotionPathEffect" effectType="GRAPE_THRESHING" linkNode="effectGrapeThreshing01">
                <motionPathEffect textureFilename="$data/vehicles/ero/grapeliner7000/threshingArray01.dds" numRows="10" rowLength="36" delay="7.6"/>
            </effectNode>
            <effectNode effectClass="TypedMotionPathEffect" effectType="GRAPE_THRESHING" linkNode="effectGrapeThreshing02">
                <motionPathEffect textureFilename="$data/vehicles/ero/grapeliner7000/threshingArray02.dds" numRows="10" rowLength="36" delay="0.25" speedScale="0.65"/>
            </effectNode>
        </fillEffect>

        <animationNodes>
            <animationNode node="drum01"        rotSpeed="-300" rotAxis="1" turnOnFadeTime="2" turnOffFadeTime="3" />
            <animationNode node="drum02"        rotSpeed="-300" rotAxis="1" turnOnFadeTime="2" turnOffFadeTime="3" />
            <animationNode node="auger01"       rotSpeed="-500" rotAxis="3" turnOnFadeTime="2" turnOffFadeTime="3" />
            <animationNode node="auger02"       rotSpeed="-500" rotAxis="3" turnOnFadeTime="2" turnOffFadeTime="3" />
            <animationNode node="auger03"       rotSpeed="-500" rotAxis="3" turnOnFadeTime="2" turnOffFadeTime="3" />
            <animationNode node="roll01"        rotSpeed="300"  rotAxis="1" turnOnFadeTime="3" turnOffFadeTime="3" />
            <animationNode node="roll02"        rotSpeed="300"  rotAxis="1" turnOnFadeTime="3" turnOffFadeTime="3" />
            <animationNode node="roll03"        rotSpeed="-300" rotAxis="1" turnOnFadeTime="3" turnOffFadeTime="3" />
            <animationNode node="roll04"        rotSpeed="-300" rotAxis="1" turnOnFadeTime="3" turnOffFadeTime="3" />
            <animationNode node="roll05"        rotSpeed="300"  rotAxis="1" turnOnFadeTime="3" turnOffFadeTime="3" />
            <animationNode node="roll06"        rotSpeed="-300" rotAxis="1" turnOnFadeTime="3" turnOffFadeTime="3" />
            <animationNode node="roll07"        rotSpeed="300"  rotAxis="1" turnOnFadeTime="3" turnOffFadeTime="3" />
            <animationNode node="roll08"        rotSpeed="300"  rotAxis="1" turnOnFadeTime="3" turnOffFadeTime="3" />
            <animationNode node="roll09"        rotSpeed="-500" rotAxis="3" turnOnFadeTime="3" turnOffFadeTime="3" />
            <animationNode node="beltRightMesh" scrollSpeed="-0.075" class="ScrollingAnimation" shaderParameterName="scrollPos" turnOnFadeTime="3" turnOffFadeTime="3" />
        </animationNodes>
    </combine>

    <vineDetector>
        <raycast node="harvestRaycastNode" maxDistance="1.6" />
    </vineDetector>

    <vineCutter fruitType="GRAPE" />

    <trailer>
        <trailerConfigurations>
            <!-- Small Tank -->
            <trailerConfiguration>
                <trailer>
                    <tipSide name="$l10n_info_tipSideRight" dischargeNodeIndex="1">
                        <animation name="tipRightSmall" speedScale="0.7" closeSpeedScale="1" startTipTime="0.85" />
                    </tipSide>
                </trailer>
            </trailerConfiguration>
            <!-- Large Tank -->
            <trailerConfiguration>
                <trailer>
                    <tipSide name="$l10n_info_tipSideRight" dischargeNodeIndex="1">
                        <animation name="tipRightLarge" speedScale="0.7" closeSpeedScale="1" startTipTime="0.85" />
                    </tipSide>
                </trailer>
            </trailerConfiguration>
        </trailerConfigurations>
    </trailer>

    <dischargeable>
        <dischargeableConfigurations>
            <!-- Small Tank -->
            <dischargeableConfiguration requiresTipOcclusionArea="false">
                <dischargeNode node="dischargeNodeSmall" emptySpeed="1295" fillUnitIndex="1" maxDistance="8" canDischargeToGround="true">
                    <info width="2" length="0.2" useRaycastHitPosition="true"/>

                    <effects>
                        <effectNode effectNode="emitterShapeGrapeUnloadingSmall" effectClass="ParticleEffect" materialType="unloadingParticle" extraDistance="1" />
                    </effects>
                </dischargeNode>
            </dischargeableConfiguration>
            <!-- Large Tank -->
            <dischargeableConfiguration requiresTipOcclusionArea="false">
                <dischargeNode node="dischargeNodeLarge" emptySpeed="1400" fillUnitIndex="1" maxDistance="8" canDischargeToGround="true">
                    <info width="2" length="0.2" useRaycastHitPosition="true"/>

                    <effects>
                        <effectNode effectNode="emitterShapeGrapeUnloadingLarge" effectClass="ParticleEffect" materialType="unloadingParticle" extraDistance="1" />
                    </effects>
                </dischargeNode>
            </dischargeableConfiguration>
        </dischargeableConfigurations>
    </dischargeable>

    <suspensions>
        <suspension node="seat"              weight="150" minTranslation="-0.05 -0.05 0.0" maxTranslation="0.05 0.05 0.0" suspensionParametersX="20 4" suspensionParametersY="5 1" suspensionParametersZ="20 4" startTranslationOffset="0 -0.04 0" />
        <suspension useCharacterTorso="true" weight="90" minRotation="0 -5 -5" maxRotation="0 5 5" suspensionParametersY="7 1" suspensionParametersZ="7 1" />
    </suspensions>

    <dashboard>
        <groups>
            <group name="MOTOR_STARTING" electronicsStarting="true"/>
            <group name="MOTOR_ACTIVE" electronicsStarting="true" electronicsRunning="true"/>
        </groups>

        <default>
            <dashboard displayType="EMITTER" node="engineStart_decals"       idleValue="0"  intensity="0.2" groups="MOTOR_STARTING" />
            <dashboard displayType="EMITTER" node="display_decals"           idleValue="-1" intensity="0.2" groups="MOTOR_ACTIVE" />
            <dashboard displayType="EMITTER" node="display25kmh_decals"      idleValue="-1" intensity="0.2" groups="MOTOR_ACTIVE" />
            <dashboard displayType="EMITTER" node="display40kmh_decals"      idleValue="-1" intensity="0.2" groups="MOTOR_ACTIVE" />
            <dashboard displayType="EMITTER" node="numbersFolded_decals"     idleValue="-1" intensity="0.2" groups="MOTOR_ACTIVE" />
            <dashboard displayType="EMITTER" node="numbersUnfolded_decals"   idleValue="-1" intensity="0.2" groups="MOTOR_ACTIVE" />
            <dashboard displayType="EMITTER" node="numbersDisplayOff_decals" idleValue="-1" intensity="0.2" groups="MOTOR_ACTIVE" />
            <dashboard displayType="EMITTER" node="numbersDisplayOn_decals"  idleValue="-1" intensity="0.2" groups="MOTOR_ACTIVE" />
            <dashboard displayType="EMITTER" node="needleRPM_decals"         idleValue="-1" intensity="0.2" groups="MOTOR_ACTIVE" />
            <dashboard displayType="EMITTER" node="needleSpeed_decals"       idleValue="-1" intensity="0.2" groups="MOTOR_ACTIVE" />
        </default>
    </dashboard>

    <ai>
        <agent frontWheelNodes="wheelFrontLeft wheelFrontRight"/>
        <collisionTrigger node="aiCollisionNode" width="3.3" height="4.4"/>
        <isVineyardTool value="true" betweenRows="false"/>
    </ai>

    <foliageBending>
        <bendingNode wheelIndices="1 2" minZ="-0.7" maxZ="2.5" yOffset="0.3"/>
        <bendingNode wheelIndices="3 4" minZ="-2.15" maxZ="-0.7" yOffset="0.3"/>
    </foliageBending>

    <wearable wearDuration="480" workMultiplier="5" fieldMultiplier="2"/>
    <washable dirtDuration="90" washDuration="1" workMultiplier="4" fieldMultiplier="2"/>

    <i3dMappings>
        <i3dMapping id="grapeliner7000_main_component1" node="0>" />
        <i3dMapping id="grapeliner7000_vis" node="0>0" />
        <i3dMapping id="wheelFrontLeftReprRot" node="0>0|0|0|0" />
        <i3dMapping id="wheelFrontLeftRepr" node="0>0|0|0|0|0" />
        <i3dMapping id="wheelFrontLeftReprPart01" node="0>0|0|0|0|0|0" />
        <i3dMapping id="wheelFrontLeft" node="0>0|0|0|0|0|0|0|0" />
        <i3dMapping id="hubFrontLeft" node="0>0|0|0|0|0|0|0|0|0" />
        <i3dMapping id="wheelFrontRightReprRot" node="0>0|0|1|0" />
        <i3dMapping id="wheelFrontRightRepr" node="0>0|0|1|0|0" />
        <i3dMapping id="wheelFrontRightReprPart01" node="0>0|0|1|0|0|0" />
        <i3dMapping id="wheelFrontRight" node="0>0|0|1|0|0|0|0|0" />
        <i3dMapping id="hubFrontRight" node="0>0|0|1|0|0|0|0|0|0" />
        <i3dMapping id="wheelBackLeftPart" node="0>0|0|2|0" />
        <i3dMapping id="wheelBackLeft" node="0>0|0|2|0|0" />
        <i3dMapping id="hubBackLeft" node="0>0|0|2|0|0|0" />
        <i3dMapping id="wheelBackRightPart" node="0>0|0|3|0" />
        <i3dMapping id="wheelBackRight" node="0>0|0|3|0|0" />
        <i3dMapping id="hubBackRight" node="0>0|0|3|0|0|0" />
        <i3dMapping id="outdoorCameraTarget" node="0>0|1|0" />
        <i3dMapping id="outdoorCamera" node="0>0|1|0|0" />
        <i3dMapping id="indoorCamera" node="0>0|1|1" />
        <i3dMapping id="cameraRaycastNode1" node="0>0|1|2" />
        <i3dMapping id="cameraRaycastNode2" node="0>0|1|3" />
        <i3dMapping id="cameraRaycastNode3" node="0>0|1|4" />
        <i3dMapping id="shadowFocusBox" node="0>0|1|5" />
        <i3dMapping id="hellaWorkingLightSquare_01_01" node="0>0|2|0|0" />
        <i3dMapping id="hellaWorkingLightSquare_01_02" node="0>0|2|0|1" />
        <i3dMapping id="hellaWorkingLightSquare_01_03" node="0>0|2|0|2" />
        <i3dMapping id="hellaWorkingLightSquare_01_04" node="0>0|2|0|3" />
        <i3dMapping id="plateNumberLight02_01" node="0>0|2|0|4" />
        <i3dMapping id="plateNumberLight02_02" node="0>0|2|0|5" />
        <i3dMapping id="beaconLight08" node="0>0|2|0|6" />
        <i3dMapping id="redRectangle_01_01" node="0>0|2|0|7" />
        <i3dMapping id="redRectangle_01_02" node="0>0|2|0|8" />
        <i3dMapping id="redRectangle_01_03" node="0>0|2|0|9" />
        <i3dMapping id="redRectangle_01_04" node="0>0|2|0|10" />
        <i3dMapping id="staticLights" node="0>0|2|1" />
        <i3dMapping id="grapeliner7000Lights01_static" node="0>0|2|1|0" />
        <i3dMapping id="grapeliner7000Lights01Glass_static" node="0>0|2|1|1" />
        <i3dMapping id="grapeliner7000Lights02_static" node="0>0|2|1|2" />
        <i3dMapping id="grapeliner7000Lights02Glass_static" node="0>0|2|1|3" />
        <i3dMapping id="grapeliner7000LightsInterior_static" node="0>0|2|1|4" />
        <i3dMapping id="grapeliner7000LightsGlassInterior_static" node="0>0|2|1|5" />
        <i3dMapping id="frontLightLow" node="0>0|2|2|0" />
        <i3dMapping id="highBeamLow" node="0>0|2|2|1" />
        <i3dMapping id="frontLightHigh" node="0>0|2|2|2" />
        <i3dMapping id="highBeamHigh" node="0>0|2|2|3" />
        <i3dMapping id="licensePlateLightHigh" node="0>0|2|2|4" />
        <i3dMapping id="workLightFrontLow" node="0>0|2|3|0" />
        <i3dMapping id="workLightBackLow" node="0>0|2|3|1" />
        <i3dMapping id="workLightFrontHigh" node="0>0|2|3|2" />
        <i3dMapping id="workLightBackHigh" node="0>0|2|3|3" />
        <i3dMapping id="backLightsHigh" node="0>0|2|4|0" />
        <i3dMapping id="turnLightLeftFront" node="0>0|2|5|0" />
        <i3dMapping id="turnLightRightFront" node="0>0|2|5|1" />
        <i3dMapping id="exitPoint" node="0>0|3" />
        <i3dMapping id="cabin" node="0>0|4" />
        <i3dMapping id="steeringWheel" node="0>0|4|0|0" />
        <i3dMapping id="playerLeftHandTarget" node="0>0|4|0|0|0" />
        <i3dMapping id="seat" node="0>0|4|1" />
        <i3dMapping id="playerSkin" node="0>0|4|1|0" />
        <i3dMapping id="joystickDriving" node="0>0|4|1|1|0" />
        <i3dMapping id="playerRightHandTarget" node="0>0|4|1|1|0|0" />
        <i3dMapping id="joystickGlow_decals" node="0>0|4|1|1|0|1" />
        <i3dMapping id="keyIgnition" node="0>0|4|2|0|0" />
        <i3dMapping id="leverHighbeam" node="0>0|4|2|1|0" />
        <i3dMapping id="leverTurnlight" node="0>0|4|2|1|0|0" />
        <i3dMapping id="needleLeveling" node="0>0|4|2|2|0" />
        <i3dMapping id="needleRPM_decals" node="0>0|4|2|3|0" />
        <i3dMapping id="needleSpeed_decals" node="0>0|4|2|4|0" />
        <i3dMapping id="numbersRPM01" node="0>0|4|2|5" />
        <i3dMapping id="numbersRPM02" node="0>0|4|2|6" />
        <i3dMapping id="numbersRPM03" node="0>0|4|2|7" />
        <i3dMapping id="numbersTime" node="0>0|4|2|8" />
        <i3dMapping id="numbersSpeed01" node="0>0|4|2|9" />
        <i3dMapping id="numbersOperatingTime" node="0>0|4|2|10" />
        <i3dMapping id="display_decals" node="0>0|4|2|11" />
        <i3dMapping id="display25kmh_decals" node="0>0|4|2|12" />
        <i3dMapping id="display40kmh_decals" node="0>0|4|2|13" />
        <i3dMapping id="numbersDisplayOff_decals" node="0>0|4|2|14" />
        <i3dMapping id="numbersDisplayOn_decals" node="0>0|4|2|15" />
        <i3dMapping id="numbersFolded_decals" node="0>0|4|2|16" />
        <i3dMapping id="numbersUnfolded_decals" node="0>0|4|2|17" />
        <i3dMapping id="interiorGlow_decals" node="0>0|4|2|18" />
        <i3dMapping id="engineStart_decals" node="0>0|4|2|19" />
        <i3dMapping id="highbeam_decals" node="0>0|4|2|20" />
        <i3dMapping id="turnlight_decals" node="0>0|4|2|21" />
        <i3dMapping id="hazards_decals" node="0>0|4|2|22" />
        <i3dMapping id="sliderFuel_decals" node="0>0|4|2|23" />
        <i3dMapping id="sliderDEF_decals" node="0>0|4|2|24" />
        <i3dMapping id="sliderTemperature_decals" node="0>0|4|2|25" />
        <i3dMapping id="playerLeftFootTarget" node="0>0|4|3|0" />
        <i3dMapping id="playerRightFootTarget" node="0>0|4|3|1" />
        <i3dMapping id="wiperFront01" node="0>0|4|4|0|0" />
        <i3dMapping id="wiperBlade" node="0>0|4|4|0|0|0|0" />
        <i3dMapping id="wiperFront02" node="0>0|4|4|1|0" />
        <i3dMapping id="mirrorLeft01" node="0>0|4|5|0" />
        <i3dMapping id="mirrorLeft02" node="0>0|4|5|1" />
        <i3dMapping id="mirrorRight01" node="0>0|4|5|2" />
        <i3dMapping id="mirrorRight02" node="0>0|4|5|3" />
        <i3dMapping id="aiCollisionNode" node="0>0|5|0" />
        <i3dMapping id="exhaustParticle" node="0>0|6|0" />
        <i3dMapping id="effectGrapeThreshing01" node="0>0|6|1" />
        <i3dMapping id="effectGrapeThreshing02" node="0>0|6|2" />
        <i3dMapping id="effectGrapeFruitsLeaves" node="0>0|6|3" />
        <i3dMapping id="emitterShapeGrapesHarvested" node="0>0|6|4" />
        <i3dMapping id="effectGrapeFruitsClean" node="0>0|6|5" />
        <i3dMapping id="effectGrapeFruitsHarvested" node="0>0|6|6" />
        <i3dMapping id="harvestRaycastNode" node="0>0|7|0" />
        <i3dMapping id="dischargeNodeSmall" node="0>0|7|1" />
        <i3dMapping id="dischargeNodeLarge" node="0>0|7|2" />
        <i3dMapping id="tipRightSmall" node="0>0|8|0" />
        <i3dMapping id="tipRightSmallPart" node="0>0|8|0|0" />
        <i3dMapping id="fillVolumeSmall" node="0>0|8|0|0|0|0" />
        <i3dMapping id="emitterShapeGrapeUnloadingSmall" node="0>0|8|0|0|0|1" />
        <i3dMapping id="loadInfoSmall" node="0>0|8|0|0|0|2" />
        <i3dMapping id="unloadInfoSmall" node="0>0|8|0|0|0|3" />
        <i3dMapping id="auger02" node="0>0|8|0|0|1|0" />
        <i3dMapping id="tipRightSmallPartHydraulicRef" node="0>0|8|0|0|2" />
        <i3dMapping id="tipRightSmallCol" node="0>0|8|0|0|6" />
        <i3dMapping id="tipRightSmallPartHydraulic" node="0>0|8|0|1" />
        <i3dMapping id="tipRightSmallPartHydraulicPunch" node="0>0|8|0|1|0" />
        <i3dMapping id="tipRightSmallHydraulicRef" node="0>0|8|0|2" />
        <i3dMapping id="tipRightSmallHydraulic" node="0>0|8|1" />
        <i3dMapping id="tipRightSmallHydraulicPunch" node="0>0|8|1|0" />
        <i3dMapping id="tipRightLarge" node="0>0|8|2" />
        <i3dMapping id="tipRightLargePart" node="0>0|8|2|0" />
        <i3dMapping id="fillVolumeLarge" node="0>0|8|2|0|0|0" />
        <i3dMapping id="emitterShapeGrapeUnloadingLarge" node="0>0|8|2|0|0|1" />
        <i3dMapping id="loadInfoLarge" node="0>0|8|2|0|0|2" />
        <i3dMapping id="unloadInfoLarge" node="0>0|8|2|0|0|3" />
        <i3dMapping id="auger03" node="0>0|8|2|0|1|0" />
        <i3dMapping id="tipRightLargePartHydraulicRef" node="0>0|8|2|0|2" />
        <i3dMapping id="hellaWorkingLightSquare_01_06" node="0>0|8|2|0|3" />
        <i3dMapping id="tipRightLargeCol" node="0>0|8|2|0|6" />
        <i3dMapping id="tipRightLargePartHydraulic" node="0>0|8|2|1" />
        <i3dMapping id="tipRightLargePartHydraulicPunch" node="0>0|8|2|1|0" />
        <i3dMapping id="tipRightLargeHydraulicRef" node="0>0|8|2|2" />
        <i3dMapping id="tipRightLargeHydraulic" node="0>0|8|3" />
        <i3dMapping id="tipRightLargeHydraulicPunch" node="0>0|8|3|0" />
        <i3dMapping id="wheelFrontLeftReprPart02" node="0>0|8|4" />
        <i3dMapping id="steeringBarLeftRef" node="0>0|8|4|0" />
        <i3dMapping id="wheelFrontRightReprPart02" node="0>0|8|5" />
        <i3dMapping id="steeringBarRightRef" node="0>0|8|5|0" />
        <i3dMapping id="steeringBarCenterRefFrame" node="0>0|8|6" />
        <i3dMapping id="steeringBarCenter" node="0>0|8|6|0" />
        <i3dMapping id="steeringBarLeft" node="0>0|8|6|0|0" />
        <i3dMapping id="steeringBarRight" node="0>0|8|6|0|1" />
        <i3dMapping id="steeringHydraulicLeftRef" node="0>0|8|6|0|2" />
        <i3dMapping id="steeringHydraulicRightRef" node="0>0|8|6|0|3" />
        <i3dMapping id="steeringHydraulicLeft" node="0>0|8|7" />
        <i3dMapping id="steeringHydraulicLeftPunch" node="0>0|8|7|0" />
        <i3dMapping id="steeringHydraulicRight" node="0>0|8|8" />
        <i3dMapping id="steeringHydraulicRightPunch" node="0>0|8|8|0" />
        <i3dMapping id="drumHousing" node="0>0|8|9" />
        <i3dMapping id="hellaWorkingLightSquare_01_05" node="0>0|8|9|0|0" />
        <i3dMapping id="drumHousingHydraulicRef" node="0>0|8|9|1" />
        <i3dMapping id="drum01" node="0>0|8|9|2" />
        <i3dMapping id="drum02" node="0>0|8|9|3" />
        <i3dMapping id="drumHousingHydraulic" node="0>0|8|10" />
        <i3dMapping id="drumHousingHydraulicPunch" node="0>0|8|10|0" />
        <i3dMapping id="auger01" node="0>0|8|11|0" />
        <i3dMapping id="shakingPartLeft" node="0>0|8|12" />
        <i3dMapping id="shakingPartRight" node="0>0|8|13" />
        <i3dMapping id="beltRightMesh" node="0>0|8|14" />
        <i3dMapping id="beltUVScroll" node="0>0|8|15" />
        <i3dMapping id="engineFan" node="0>0|8|16" />
        <i3dMapping id="roll01" node="0>0|8|17" />
        <i3dMapping id="roll02" node="0>0|8|18" />
        <i3dMapping id="roll03" node="0>0|8|19" />
        <i3dMapping id="roll04" node="0>0|8|20" />
        <i3dMapping id="roll05" node="0>0|8|21" />
        <i3dMapping id="roll06" node="0>0|8|22" />
        <i3dMapping id="roll07" node="0>0|8|23" />
        <i3dMapping id="roll08" node="0>0|8|24" />
        <i3dMapping id="roll09" node="0>0|8|25" />
        <i3dMapping id="engineConfig7175_decals" node="0>0|9|0" />
        <i3dMapping id="engineConfig7200_decals" node="0>0|9|1" />
        <i3dMapping id="licensePlateFront" node="0>0|10|0" />
        <i3dMapping id="licensePlateBack" node="0>0|10|1" />
        <i3dMapping id="exactFillRootNodeFuel" node="0>0|11" />
        <i3dMapping id="grapeliner7000_part" node="0>0|12|0" />
        <i3dMapping id="engineGrid01" node="0>0|12|1" />
        <i3dMapping id="engineGrid02" node="0>0|12|2" />
        <i3dMapping id="resinJoint" node="0>0|14" />
        <i3dMapping id="hoses02" node="0>1|1" />
        <i3dMapping id="hoses04" node="0>1|3" />
        <i3dMapping id="hoses05" node="0>1|6" />
        <i3dMapping id="hoses06" node="0>1|7" />
        <i3dMapping id="hoses07" node="0>1|8" />
        <i3dMapping id="hoses08" node="0>1|9" />
    </i3dMappings>
</vehicle>
