﻿<?xml version="1.0" encoding="utf-8" standalone="no" ?>
<modDesc descVersion="92">
    <author>StaticMdz</author>
    <version>1.0.0.0</version>
    <iconFilename>icon.dds</iconFilename>

    <title>
        <en>More Harvester Capacity</en>
    </title>
    <description>
        <en>More Harvester Capacity [MHC]</en>
    </description>
    <multiplayer supported="true"/>
    <storeItems>
        <storeItem xmlFilename="var/Combine/MasseyFerguson/mf8570.xml"/>
        <storeItem xmlFilename="var/Combine/Claas/evion450.xml"/>
        <storeItem xmlFilename="var/Combine/MasseyFerguson/beta7360AL4.xml"/>
        <storeItem xmlFilename="var/Combine/CaseIH/axialFlow150.xml"/>
        <storeItem xmlFilename="var/Combine/JohnDeere/seriesS7.xml"/>
        <storeItem xmlFilename="var/Combine/JohnDeere/seriesX9.xml"/>
        <storeItem xmlFilename="var/Combine/Claas/lexion8900.xml"/>
        <storeItem xmlFilename="var/Combine/NewHolland/cr11.xml"/>
		
		<storeItem xmlFilename="var/Forage/Fendt/katana.xml"/>
		<storeItem xmlFilename="var/Forage/JohnDeere/series9000.xml"/>		
		<storeItem xmlFilename="var/Forage/NewHolland/fr780.xml"/>		
		<storeItem xmlFilename="var/Forage/Claas/jaguar990TT.xml"/>	
		<storeItem xmlFilename="var/Forage/Krone/bigX1180.xml"/>
		
		<storeItem xmlFilename="var/Rootcrop/Beet/Agrifac/lightOptitraxx.xml"/>
		<storeItem xmlFilename="var/Rootcrop/Beet/Holmer/terraDosT540.xml"/>
		<storeItem xmlFilename="var/Rootcrop/Beet/Ropa/tiger6S.xml"/>	
		<storeItem xmlFilename="var/Rootcrop/Potato/Grimme/ventor4150.xml"/>	
		
		<storeItem xmlFilename="var/Vegetable/Spinach/Oxbo/mkb4TR.xml"/>
		<storeItem xmlFilename="var/Vegetable/GreenBean/Oxbo/bp2140e.xml"/>
		<storeItem xmlFilename="var/Vegetable/Pea/Oxbo/epd540E.xml"/>
		
		<storeItem xmlFilename="var/Special/Rice/Iseki/hj6130.xml"/>
		<storeItem xmlFilename="var/Special/Cotton/CaseIH/moduleExpress635.xml"/>
		<storeItem xmlFilename="var/Special/Cotton/JohnDeere/cp690.xml"/>	

		<storeItem xmlFilename="var/GrapeOlive/Olive/Gregoire/gl86.xml"/>
		<storeItem xmlFilename="var/GrapeOlive/Olive/NewHolland/braud9090X.xml"/>
		<storeItem xmlFilename="var/GrapeOlive/Grape/Ero/grapeliner7000.xml"/>		
		<storeItem xmlFilename="var/GrapeOlive/Grape/NewHolland/braud9070L.xml"/>
		
    </storeItems>

</modDesc>
